Generation,Match_ID,Deck1_Name,Deck2_Name,Winner,Deck1_Wins,Deck2_Wins,Duration_Seconds,Worker_ID,Forge_Output_File,Error_Message,Timestamp
0,Gen0_Match3_1752193758,Gen0_Deck3,Gen0_Deck0,Gen0_Deck3,1,0,24.07457995414734,1446655,Gen0_Match3_1752193758.txt,,2025-07-11T00:29:42.107534
0,Gen0_Match1_1752193758,Gen0_Deck0,Gen0_Deck1,Gen0_Deck0,1,0,39.33136439323425,1446654,Gen0_Match1_1752193758.txt,,2025-07-11T00:29:57.361439
0,Gen0_Match4_1752193758,Gen0_Deck0,Gen0_Deck4,Gen0_Deck0,1,0,25.478765726089478,1446655,Gen0_Match4_1752193758.txt,,2025-07-11T00:30:07.587139
0,Gen0_Match5_1752193758,Gen0_Deck5,Gen0_Deck0,Gen0_Deck0,0,1,23.188563346862793,1446654,Gen0_Match5_1752193758.txt,,2025-07-11T00:30:20.550799
0,Gen0_Match2_1752193758,Gen0_Deck0,Gen0_Deck2,Gen0_Deck2,0,1,64.13374829292297,1446656,Gen0_Match2_1752193758.txt,,2025-07-11T00:30:22.166768
0,Gen0_Match6_1752193758,Gen0_Deck6,Gen0_Deck0,Gen0_Deck0,0,1,22.968140363693237,1446655,Gen0_Match6_1752193758.txt,,2025-07-11T00:30:30.555843
0,Gen0_Match7_1752193758,Gen0_Deck7,Gen0_Deck0,Gen0_Deck0,0,1,27.73245859146118,1446654,Gen0_Match7_1752193758.txt,,2025-07-11T00:30:48.283794
0,Gen0_Match9_1752193758,Gen0_Deck9,Gen0_Deck0,Gen0_Deck0,0,1,27.05229902267456,1446655,Gen0_Match9_1752193758.txt,,2025-07-11T00:30:57.608613
0,Gen0_Match8_1752193758,Gen0_Deck0,Gen0_Deck8,Gen0_Deck0,1,0,35.947932720184326,1446656,Gen0_Match8_1752193758.txt,,2025-07-11T00:30:58.115375
0,Gen0_Match10_1752193758,Gen0_Deck10,Gen0_Deck0,Gen0_Deck10,1,0,27.662254095077515,1446654,Gen0_Match10_1752193758.txt,,2025-07-11T00:31:15.946559
0,Gen0_Match12_1752193758,Gen0_Deck0,Gen0_Deck12,Gen0_Deck0,1,0,28.280630350112915,1446656,Gen0_Match12_1752193758.txt,,2025-07-11T00:31:26.396470
0,Gen0_Match11_1752193758,Gen0_Deck0,Gen0_Deck11,Gen0_Deck0,1,0,29.37552499771118,1446655,Gen0_Match11_1752193758.txt,,2025-07-11T00:31:26.984666
0,Gen0_Match13_1752193758,Gen0_Deck13,Gen0_Deck0,Gen0_Deck0,0,1,35.02355122566223,1446654,Gen0_Match13_1752193758.txt,,2025-07-11T00:31:50.970631
0,Gen0_Match14_1752193758,Gen0_Deck0,Gen0_Deck14,Gen0_Deck0,1,0,36.33161544799805,1446656,Gen0_Match14_1752193758.txt,,2025-07-11T00:32:02.728583
0,Gen0_Match16_1752193758,Gen0_Deck1,Gen0_Deck3,Gen0_Deck3,0,1,30.038848638534546,1446654,Gen0_Match16_1752193758.txt,,2025-07-11T00:32:21.010120
0,Gen0_Match17_1752193758,Gen0_Deck1,Gen0_Deck4,Gen0_Deck4,0,1,20.95433259010315,1446656,Gen0_Match17_1752193758.txt,,2025-07-11T00:32:23.683368
0,Gen0_Match18_1752193758,Gen0_Deck5,Gen0_Deck1,Gen0_Deck5,1,0,18.902005910873413,1446654,Gen0_Match18_1752193758.txt,,2025-07-11T00:32:39.912593
0,Gen0_Match19_1752193758,Gen0_Deck6,Gen0_Deck1,Gen0_Deck6,1,0,21.908615350723267,1446656,Gen0_Match19_1752193758.txt,,2025-07-11T00:32:45.592452
0,Gen0_Match15_1752193758,Gen0_Deck2,Gen0_Deck1,Gen0_Deck1,0,1,94.4632158279419,1446655,Gen0_Match15_1752193758.txt,,2025-07-11T00:33:01.448628
0,Gen0_Match20_1752193758,Gen0_Deck1,Gen0_Deck7,Gen0_Deck7,0,1,26.81937003135681,1446654,Gen0_Match20_1752193758.txt,,2025-07-11T00:33:06.732581
0,Gen0_Match21_1752193758,Gen0_Deck8,Gen0_Deck1,Gen0_Deck8,1,0,29.519482135772705,1446656,Gen0_Match21_1752193758.txt,,2025-07-11T00:33:15.112489
0,Gen0_Match22_1752193758,Gen0_Deck9,Gen0_Deck1,Gen0_Deck1,0,1,25.43385148048401,1446655,Gen0_Match22_1752193758.txt,,2025-07-11T00:33:26.883039
0,Gen0_Match24_1752193758,Gen0_Deck1,Gen0_Deck11,Gen0_Deck1,1,0,25.49163818359375,1446656,Gen0_Match24_1752193758.txt,,2025-07-11T00:33:40.604632
0,Gen0_Match25_1752193758,Gen0_Deck12,Gen0_Deck1,Gen0_Deck12,1,0,24.844980001449585,1446655,Gen0_Match25_1752193758.txt,,2025-07-11T00:33:51.728521
0,Gen0_Match23_1752193758,Gen0_Deck1,Gen0_Deck10,Gen0_Deck1,1,0,48.02376389503479,1446654,Gen0_Match23_1752193758.txt,,2025-07-11T00:33:54.756903
0,Gen0_Match26_1752193758,Gen0_Deck13,Gen0_Deck1,Gen0_Deck1,0,1,32.329320430755615,1446656,Gen0_Match26_1752193758.txt,,2025-07-11T00:34:12.934562
0,Gen0_Match27_1752193758,Gen0_Deck1,Gen0_Deck14,Gen0_Deck1,1,0,27.86742663383484,1446655,Gen0_Match27_1752193758.txt,,2025-07-11T00:34:19.596548
0,Gen0_Match28_1752193758,Gen0_Deck3,Gen0_Deck2,Gen0_Deck2,0,1,37.22352051734924,1446654,Gen0_Match28_1752193758.txt,,2025-07-11T00:34:31.980926
0,Gen0_Match30_1752193758,Gen0_Deck2,Gen0_Deck5,Gen0_Deck2,1,0,29.31957507133484,1446655,Gen0_Match30_1752193758.txt,,2025-07-11T00:34:48.916607
0,Gen0_Match29_1752193758,Gen0_Deck4,Gen0_Deck2,Gen0_Deck4,1,0,38.40443778038025,1446656,Gen0_Match29_1752193758.txt,,2025-07-11T00:34:51.339547
0,Gen0_Match31_1752193758,Gen0_Deck6,Gen0_Deck2,Gen0_Deck6,1,0,29.94870615005493,1446654,Gen0_Match31_1752193758.txt,,2025-07-11T00:35:01.930342
0,Gen0_Match33_1752193758,Gen0_Deck2,Gen0_Deck8,Gen0_Deck2,1,0,31.710281372070312,1446656,Gen0_Match33_1752193758.txt,,2025-07-11T00:35:23.050428
0,Gen0_Match32_1752193758,Gen0_Deck7,Gen0_Deck2,Gen0_Deck7,1,0,36.18229103088379,1446655,Gen0_Match32_1752193758.txt,,2025-07-11T00:35:25.099441
0,Gen0_Match34_1752193758,Gen0_Deck2,Gen0_Deck9,Gen0_Deck9,0,1,35.92138862609863,1446654,Gen0_Match34_1752193758.txt,,2025-07-11T00:35:37.852362
0,Gen0_Match35_1752193758,Gen0_Deck10,Gen0_Deck2,Gen0_Deck2,0,1,26.943016529083252,1446656,Gen0_Match35_1752193758.txt,,2025-07-11T00:35:49.993868
0,Gen0_Match36_1752193758,Gen0_Deck11,Gen0_Deck2,Gen0_Deck2,0,1,36.801657915115356,1446655,Gen0_Match36_1752193758.txt,,2025-07-11T00:36:01.901553
0,Gen0_Match37_1752193758,Gen0_Deck2,Gen0_Deck12,Gen0_Deck2,1,0,30.45955729484558,1446654,Gen0_Match37_1752193758.txt,,2025-07-11T00:36:08.312412
0,Gen0_Match38_1752193758,Gen0_Deck13,Gen0_Deck2,Gen0_Deck2,0,1,32.93385195732117,1446656,Gen0_Match38_1752193758.txt,,2025-07-11T00:36:22.928233
0,Gen0_Match39_1752193758,Gen0_Deck14,Gen0_Deck2,Gen0_Deck2,0,1,29.13321590423584,1446655,Gen0_Match39_1752193758.txt,,2025-07-11T00:36:31.035241
0,Gen0_Match40_1752193758,Gen0_Deck3,Gen0_Deck4,Gen0_Deck4,0,1,27.195507287979126,1446654,Gen0_Match40_1752193758.txt,,2025-07-11T00:36:35.508415
0,Gen0_Match42_1752193758,Gen0_Deck3,Gen0_Deck6,Gen0_Deck6,0,1,25.4888653755188,1446655,Gen0_Match42_1752193758.txt,,2025-07-11T00:36:56.524542
0,Gen0_Match43_1752193758,Gen0_Deck3,Gen0_Deck7,Gen0_Deck3,1,0,28.334552764892578,1446654,Gen0_Match43_1752193758.txt,,2025-07-11T00:37:03.843536
0,Gen0_Match41_1752193758,Gen0_Deck5,Gen0_Deck3,Gen0_Deck5,1,0,40.94410514831543,1446656,Gen0_Match41_1752193758.txt,,2025-07-11T00:37:03.872835
0,Gen0_Match44_1752193758,Gen0_Deck8,Gen0_Deck3,Gen0_Deck8,1,0,24.219200372695923,1446655,Gen0_Match44_1752193758.txt,,2025-07-11T00:37:20.744166
0,Gen0_Match45_1752193758,Gen0_Deck9,Gen0_Deck3,Gen0_Deck3,0,1,22.712807416915894,1446654,Gen0_Match45_1752193758.txt,,2025-07-11T00:37:26.556824
0,Gen0_Match46_1752193758,Gen0_Deck3,Gen0_Deck10,Gen0_Deck10,0,1,36.70026206970215,1446656,Gen0_Match46_1752193758.txt,,2025-07-11T00:37:40.573620
0,Gen0_Match48_1752193758,Gen0_Deck12,Gen0_Deck3,Gen0_Deck12,1,0,24.067069053649902,1446654,Gen0_Match48_1752193758.txt,,2025-07-11T00:37:50.624357
0,Gen0_Match47_1752193758,Gen0_Deck3,Gen0_Deck11,Gen0_Deck3,1,0,43.810946464538574,1446655,Gen0_Match47_1752193758.txt,,2025-07-11T00:38:04.555589
0,Gen0_Match49_1752193758,Gen0_Deck3,Gen0_Deck13,Gen0_Deck13,0,1,29.650421857833862,1446656,Gen0_Match49_1752193758.txt,,2025-07-11T00:38:10.224504
0,Gen0_Match51_1752193758,Gen0_Deck4,Gen0_Deck5,Gen0_Deck4,1,0,30.829662084579468,1446655,Gen0_Match51_1752193758.txt,,2025-07-11T00:38:35.385782
0,Gen0_Match52_1752193758,Gen0_Deck6,Gen0_Deck4,Gen0_Deck4,0,1,25.37916398048401,1446656,Gen0_Match52_1752193758.txt,,2025-07-11T00:38:35.604157
0,Gen0_Match50_1752193758,Gen0_Deck3,Gen0_Deck14,Gen0_Deck3,1,0,62.30246114730835,1446654,Gen0_Match50_1752193758.txt,,2025-07-11T00:38:52.927405
0,Gen0_Match53_1752193758,Gen0_Deck7,Gen0_Deck4,Gen0_Deck4,0,1,23.63459062576294,1446655,Gen0_Match53_1752193758.txt,,2025-07-11T00:38:59.020887
0,Gen0_Match54_1752193758,Gen0_Deck4,Gen0_Deck8,Gen0_Deck4,1,0,34.9217324256897,1446656,Gen0_Match54_1752193758.txt,,2025-07-11T00:39:10.526474
0,Gen0_Match55_1752193758,Gen0_Deck4,Gen0_Deck9,Gen0_Deck4,1,0,28.297154903411865,1446654,Gen0_Match55_1752193758.txt,,2025-07-11T00:39:21.225046
0,Gen0_Match56_1752193758,Gen0_Deck10,Gen0_Deck4,Gen0_Deck10,1,0,39.4801926612854,1446655,Gen0_Match56_1752193758.txt,,2025-07-11T00:39:38.501756
0,Gen0_Match58_1752193758,Gen0_Deck4,Gen0_Deck12,Gen0_Deck4,1,0,23.255261421203613,1446654,Gen0_Match58_1752193758.txt,,2025-07-11T00:39:44.480807
0,Gen0_Match57_1752193758,Gen0_Deck4,Gen0_Deck11,Gen0_Deck4,1,0,49.66966104507446,1446656,Gen0_Match57_1752193758.txt,,2025-07-11T00:40:00.196661
0,Gen0_Match60_1752193758,Gen0_Deck14,Gen0_Deck4,Gen0_Deck14,1,0,28.41562032699585,1446654,Gen0_Match60_1752193758.txt,,2025-07-11T00:40:12.896932
0,Gen0_Match59_1752193758,Gen0_Deck13,Gen0_Deck4,Gen0_Deck4,0,1,44.798341512680054,1446655,Gen0_Match59_1752193758.txt,,2025-07-11T00:40:23.300639
0,Gen0_Match61_1752193758,Gen0_Deck5,Gen0_Deck6,Gen0_Deck5,1,0,25.38551115989685,1446656,Gen0_Match61_1752193758.txt,,2025-07-11T00:40:25.582637
0,Gen0_Match62_1752193758,Gen0_Deck7,Gen0_Deck5,Gen0_Deck7,1,0,31.78036856651306,1446654,Gen0_Match62_1752193758.txt,,2025-07-11T00:40:44.677826
0,Gen0_Match64_1752193758,Gen0_Deck5,Gen0_Deck9,Gen0_Deck5,1,0,25.46518850326538,1446656,Gen0_Match64_1752193758.txt,,2025-07-11T00:40:51.048332
0,Gen0_Match63_1752193758,Gen0_Deck5,Gen0_Deck8,Gen0_Deck5,1,0,30.055171966552734,1446655,Gen0_Match63_1752193758.txt,,2025-07-11T00:40:53.356277
0,Gen0_Match67_1752193758,Gen0_Deck5,Gen0_Deck12,Gen0_Deck12,0,1,28.617074012756348,1446655,Gen0_Match67_1752193758.txt,,2025-07-11T00:41:21.973815
0,Gen0_Match66_1752193758,Gen0_Deck11,Gen0_Deck5,Gen0_Deck5,0,1,31.666495323181152,1446656,Gen0_Match66_1752193758.txt,,2025-07-11T00:41:22.715303
0,Gen0_Match65_1752193758,Gen0_Deck10,Gen0_Deck5,Gen0_Deck10,1,0,53.08325791358948,1446654,Gen0_Match65_1752193758.txt,,2025-07-11T00:41:37.761638
0,Gen0_Match68_1752193758,Gen0_Deck13,Gen0_Deck5,Gen0_Deck13,1,0,26.161840677261353,1446655,Gen0_Match68_1752193758.txt,,2025-07-11T00:41:48.136087
0,Gen0_Match69_1752193758,Gen0_Deck14,Gen0_Deck5,Gen0_Deck5,0,1,25.72075128555298,1446656,Gen0_Match69_1752193758.txt,,2025-07-11T00:41:48.436569
0,Gen0_Match70_1752193758,Gen0_Deck6,Gen0_Deck7,Gen0_Deck6,1,0,22.343867540359497,1446654,Gen0_Match70_1752193758.txt,,2025-07-11T00:42:00.105966
0,Gen0_Match72_1752193758,Gen0_Deck9,Gen0_Deck6,Gen0_Deck6,0,1,25.327370643615723,1446656,Gen0_Match72_1752193758.txt,,2025-07-11T00:42:13.764391
0,Gen0_Match73_1752193758,Gen0_Deck6,Gen0_Deck10,Gen0_Deck6,1,0,29.626472234725952,1446654,Gen0_Match73_1752193758.txt,,2025-07-11T00:42:29.732930
0,Gen0_Match71_1752193758,Gen0_Deck8,Gen0_Deck6,Gen0_Deck6,0,1,41.608176469802856,1446655,Gen0_Match71_1752193758.txt,,2025-07-11T00:42:29.744704
0,Gen0_Match74_1752193758,Gen0_Deck6,Gen0_Deck11,Gen0_Deck6,1,0,24.138256788253784,1446656,Gen0_Match74_1752193758.txt,,2025-07-11T00:42:37.903322
0,Gen0_Match76_1752193758,Gen0_Deck13,Gen0_Deck6,Gen0_Deck6,0,1,21.47382402420044,1446655,Gen0_Match76_1752193758.txt,,2025-07-11T00:42:51.218955
0,Gen0_Match75_1752193758,Gen0_Deck12,Gen0_Deck6,Gen0_Deck12,1,0,32.404717206954956,1446654,Gen0_Match75_1752193758.txt,,2025-07-11T00:43:02.138103
0,Gen0_Match77_1752193758,Gen0_Deck6,Gen0_Deck14,Gen0_Deck14,0,1,30.13383722305298,1446656,Gen0_Match77_1752193758.txt,,2025-07-11T00:43:08.037635
0,Gen0_Match78_1752193758,Gen0_Deck7,Gen0_Deck8,Gen0_Deck7,1,0,32.88165092468262,1446655,Gen0_Match78_1752193758.txt,,2025-07-11T00:43:24.101133
0,Gen0_Match80_1752193758,Gen0_Deck10,Gen0_Deck7,Gen0_Deck10,1,0,23.942298650741577,1446656,Gen0_Match80_1752193758.txt,,2025-07-11T00:43:31.980358
0,Gen0_Match79_1752193758,Gen0_Deck7,Gen0_Deck9,Gen0_Deck9,0,1,30.744209051132202,1446654,Gen0_Match79_1752193758.txt,,2025-07-11T00:43:32.882807
0,Gen0_Match83_1752193758,Gen0_Deck13,Gen0_Deck7,Gen0_Deck7,0,1,34.864200830459595,1446654,Gen0_Match83_1752193758.txt,,2025-07-11T00:44:07.747610
0,Gen0_Match82_1752193758,Gen0_Deck7,Gen0_Deck12,Gen0_Deck12,0,1,35.87964940071106,1446656,Gen0_Match82_1752193758.txt,,2025-07-11T00:44:07.860471
0,Gen0_Match84_1752193758,Gen0_Deck14,Gen0_Deck7,Gen0_Deck14,1,0,26.140165328979492,1446654,Gen0_Match84_1752193758.txt,,2025-07-11T00:44:33.888258
0,Gen0_Match85_1752193758,Gen0_Deck9,Gen0_Deck8,Gen0_Deck9,1,0,30.544179916381836,1446656,Gen0_Match85_1752193758.txt,,2025-07-11T00:44:38.405201
0,Gen0_Match86_1752193758,Gen0_Deck8,Gen0_Deck10,Gen0_Deck10,0,1,25.074464559555054,1446654,Gen0_Match86_1752193758.txt,,2025-07-11T00:44:58.963240
0,Gen0_Match87_1752193758,Gen0_Deck8,Gen0_Deck11,Gen0_Deck11,0,1,21.679595470428467,1446656,Gen0_Match87_1752193758.txt,,2025-07-11T00:45:00.085221
0,Gen0_Match89_1752193758,Gen0_Deck8,Gen0_Deck13,Gen0_Deck8,1,0,22.808951377868652,1446656,Gen0_Match89_1752193758.txt,,2025-07-11T00:45:22.894577
0,Gen0_Match88_1752193758,Gen0_Deck12,Gen0_Deck8,Gen0_Deck12,1,0,26.60478925704956,1446654,Gen0_Match88_1752193758.txt,,2025-07-11T00:45:25.568508
0,Gen0_Match81_1752193758,Gen0_Deck11,Gen0_Deck7,Gen0_Deck11,1,0,133.3630964756012,1446655,Gen0_Match81_1752193758.txt,,2025-07-11T00:45:37.464957
0,Gen0_Match90_1752193758,Gen0_Deck8,Gen0_Deck14,Gen0_Deck8,1,0,20.237367391586304,1446656,Gen0_Match90_1752193758.txt,,2025-07-11T00:45:43.132427
0,Gen0_Match91_1752193758,Gen0_Deck10,Gen0_Deck9,Gen0_Deck10,1,0,27.047680139541626,1446654,Gen0_Match91_1752193758.txt,,2025-07-11T00:45:52.616757
0,Gen0_Match92_1752193758,Gen0_Deck9,Gen0_Deck11,Gen0_Deck11,0,1,34.50268578529358,1446655,Gen0_Match92_1752193758.txt,,2025-07-11T00:46:11.968101
0,Gen0_Match93_1752193758,Gen0_Deck9,Gen0_Deck12,Gen0_Deck12,0,1,29.723049879074097,1446656,Gen0_Match93_1752193758.txt,,2025-07-11T00:46:12.856116
0,Gen0_Match94_1752193758,Gen0_Deck13,Gen0_Deck9,Gen0_Deck13,1,0,24.611100673675537,1446654,Gen0_Match94_1752193758.txt,,2025-07-11T00:46:17.228290
0,Gen0_Match95_1752193758,Gen0_Deck14,Gen0_Deck9,Gen0_Deck14,1,0,25.035173892974854,1446655,Gen0_Match95_1752193758.txt,,2025-07-11T00:46:37.003683
0,Gen0_Match98_1752193758,Gen0_Deck13,Gen0_Deck10,Gen0_Deck10,0,1,24.183364629745483,1446655,Gen0_Match98_1752193758.txt,,2025-07-11T00:47:01.187539
0,Gen0_Match96_1752193758,Gen0_Deck10,Gen0_Deck11,Gen0_Deck10,1,0,49.42253756523132,1446656,Gen0_Match96_1752193758.txt,,2025-07-11T00:47:02.279215
0,Gen0_Match100_1752193758,Gen0_Deck11,Gen0_Deck12,Gen0_Deck11,1,0,21.166916847229004,1446656,Gen0_Match100_1752193758.txt,,2025-07-11T00:47:23.446584
0,Gen0_Match97_1752193758,Gen0_Deck10,Gen0_Deck12,Gen0_Deck12,0,1,69.71305561065674,1446654,Gen0_Match97_1752193758.txt,,2025-07-11T00:47:26.942097
0,Gen0_Match99_1752193758,Gen0_Deck14,Gen0_Deck10,Gen0_Deck14,1,0,26.685455560684204,1446655,Gen0_Match99_1752193758.txt,,2025-07-11T00:47:27.873551
0,Gen0_Match101_1752193758,Gen0_Deck13,Gen0_Deck11,Gen0_Deck11,0,1,27.410836219787598,1446656,Gen0_Match101_1752193758.txt,,2025-07-11T00:47:50.857828
0,Gen0_Match103_1752193758,Gen0_Deck13,Gen0_Deck12,Gen0_Deck13,1,0,23.503631114959717,1446655,Gen0_Match103_1752193758.txt,,2025-07-11T00:47:51.377579
0,Gen0_Match102_1752193758,Gen0_Deck14,Gen0_Deck11,Gen0_Deck14,1,0,28.986223220825195,1446654,Gen0_Match102_1752193758.txt,,2025-07-11T00:47:55.928745
0,Gen0_Match105_1752193758,Gen0_Deck13,Gen0_Deck14,Gen0_Deck14,0,1,23.529186487197876,1446655,Gen0_Match105_1752193758.txt,,2025-07-11T00:48:14.907316
0,Gen0_Match104_1752193758,Gen0_Deck14,Gen0_Deck12,Gen0_Deck14,1,0,25.47928786277771,1446656,Gen0_Match104_1752193758.txt,,2025-07-11T00:48:16.337664
1,Gen1_Match3_1752194896,Gen1_Deck0,Gen1_Deck3,Gen1_Deck3,0,1,25.175711631774902,1490367,Gen1_Match3_1752194896.txt,,2025-07-11T00:48:41.564752
1,Gen1_Match2_1752194896,Gen1_Deck2,Gen1_Deck0,Gen1_Deck0,0,1,25.66802716255188,1490366,Gen1_Match2_1752194896.txt,,2025-07-11T00:48:42.055595
1,Gen1_Match1_1752194896,Gen1_Deck1,Gen1_Deck0,Gen1_Deck0,0,1,52.48066258430481,1490365,Gen1_Match1_1752194896.txt,,2025-07-11T00:49:08.868148
1,Gen1_Match5_1752194896,Gen1_Deck5,Gen1_Deck0,Gen1_Deck0,0,1,34.11178159713745,1490366,Gen1_Match5_1752194896.txt,,2025-07-11T00:49:16.168183
1,Gen1_Match4_1752194896,Gen1_Deck4,Gen1_Deck0,Gen1_Deck0,0,1,40.30656552314758,1490367,Gen1_Match4_1752194896.txt,,2025-07-11T00:49:21.872142
1,Gen1_Match6_1752194896,Gen1_Deck0,Gen1_Deck6,Gen1_Deck0,1,0,37.50605034828186,1490365,Gen1_Match6_1752194896.txt,,2025-07-11T00:49:46.374909
1,Gen1_Match7_1752194896,Gen1_Deck0,Gen1_Deck7,Gen1_Deck0,1,0,34.619584798812866,1490366,Gen1_Match7_1752194896.txt,,2025-07-11T00:49:50.788384
1,Gen1_Match8_1752194896,Gen1_Deck8,Gen1_Deck0,Gen1_Deck0,0,1,30.759697198867798,1490367,Gen1_Match8_1752194896.txt,,2025-07-11T00:49:52.632389
1,Gen1_Match9_1752194896,Gen1_Deck9,Gen1_Deck0,Gen1_Deck0,0,1,34.505187034606934,1490365,Gen1_Match9_1752194896.txt,,2025-07-11T00:50:20.880848
1,Gen1_Match12_1752194896,Gen1_Deck12,Gen1_Deck0,Gen1_Deck0,0,1,22.288717031478882,1490365,Gen1_Match12_1752194896.txt,,2025-07-11T00:50:43.170026
1,Gen1_Match11_1752194896,Gen1_Deck11,Gen1_Deck0,Gen1_Deck0,0,1,51.09069108963013,1490367,Gen1_Match11_1752194896.txt,,2025-07-11T00:50:43.723687
1,Gen1_Match10_1752194896,Gen1_Deck0,Gen1_Deck10,Gen1_Deck10,0,1,60.147539377212524,1490366,Gen1_Match10_1752194896.txt,,2025-07-11T00:50:50.936425
1,Gen1_Match14_1752194896,Gen1_Deck0,Gen1_Deck14,Gen1_Deck0,1,0,29.93170166015625,1490367,Gen1_Match14_1752194896.txt,,2025-07-11T00:51:13.655842
1,Gen1_Match15_1752194896,Gen1_Deck1,Gen1_Deck2,Gen1_Deck1,1,0,23.886171102523804,1490366,Gen1_Match15_1752194896.txt,,2025-07-11T00:51:14.823064
1,Gen1_Match16_1752194896,Gen1_Deck1,Gen1_Deck3,Gen1_Deck3,0,1,23.981759071350098,1490367,Gen1_Match16_1752194896.txt,,2025-07-11T00:51:37.638171
1,Gen1_Match17_1752194896,Gen1_Deck1,Gen1_Deck4,Gen1_Deck1,1,0,30.34488010406494,1490366,Gen1_Match17_1752194896.txt,,2025-07-11T00:51:45.168591
1,Gen1_Match18_1752194896,Gen1_Deck5,Gen1_Deck1,Gen1_Deck1,0,1,25.426487922668457,1490367,Gen1_Match18_1752194896.txt,,2025-07-11T00:52:03.065110
1,Gen1_Match13_1752194896,Gen1_Deck0,Gen1_Deck13,Gen1_Deck13,0,1,93.33409905433655,1490365,Gen1_Match13_1752194896.txt,,2025-07-11T00:52:16.504728
1,Gen1_Match20_1752194896,Gen1_Deck1,Gen1_Deck7,Gen1_Deck1,1,0,19.30684542655945,1490367,Gen1_Match20_1752194896.txt,,2025-07-11T00:52:22.372404
1,Gen1_Match19_1752194896,Gen1_Deck1,Gen1_Deck6,Gen1_Deck6,0,1,49.223870277404785,1490366,Gen1_Match19_1752194896.txt,,2025-07-11T00:52:34.393156
1,Gen1_Match21_1752194896,Gen1_Deck8,Gen1_Deck1,Gen1_Deck8,1,0,31.507251739501953,1490365,Gen1_Match21_1752194896.txt,,2025-07-11T00:52:48.012647
1,Gen1_Match22_1752194896,Gen1_Deck1,Gen1_Deck9,Gen1_Deck1,1,0,41.33959889411926,1490367,Gen1_Match22_1752194896.txt,,2025-07-11T00:53:03.712605
1,Gen1_Match23_1752194896,Gen1_Deck1,Gen1_Deck10,Gen1_Deck1,1,0,36.7948637008667,1490366,Gen1_Match23_1752194896.txt,,2025-07-11T00:53:11.188663
1,Gen1_Match25_1752194896,Gen1_Deck12,Gen1_Deck1,Gen1_Deck1,0,1,22.309844732284546,1490367,Gen1_Match25_1752194896.txt,,2025-07-11T00:53:26.022905
1,Gen1_Match24_1752194896,Gen1_Deck1,Gen1_Deck11,Gen1_Deck1,1,0,44.86725664138794,1490365,Gen1_Match24_1752194896.txt,,2025-07-11T00:53:32.880430
1,Gen1_Match26_1752194896,Gen1_Deck1,Gen1_Deck13,Gen1_Deck1,1,0,42.261587142944336,1490366,Gen1_Match26_1752194896.txt,,2025-07-11T00:53:53.450793
1,Gen1_Match28_1752194896,Gen1_Deck2,Gen1_Deck3,Gen1_Deck2,1,0,24.05179500579834,1490365,Gen1_Match28_1752194896.txt,,2025-07-11T00:53:56.932705
1,Gen1_Match27_1752194896,Gen1_Deck14,Gen1_Deck1,Gen1_Deck14,1,0,36.04900360107422,1490367,Gen1_Match27_1752194896.txt,,2025-07-11T00:54:02.072384
1,Gen1_Match29_1752194896,Gen1_Deck2,Gen1_Deck4,Gen1_Deck2,1,0,21.848479509353638,1490366,Gen1_Match29_1752194896.txt,,2025-07-11T00:54:15.299743
1,Gen1_Match30_1752194896,Gen1_Deck5,Gen1_Deck2,Gen1_Deck2,0,1,30.384706497192383,1490365,Gen1_Match30_1752194896.txt,,2025-07-11T00:54:27.317955
1,Gen1_Match33_1752194896,Gen1_Deck8,Gen1_Deck2,Gen1_Deck2,0,1,19.000926733016968,1490365,Gen1_Match33_1752194896.txt,,2025-07-11T00:54:46.319319
1,Gen1_Match31_1752194896,Gen1_Deck2,Gen1_Deck6,Gen1_Deck2,1,0,57.53567910194397,1490367,Gen1_Match31_1752194896.txt,,2025-07-11T00:54:59.608558
1,Gen1_Match32_1752194896,Gen1_Deck2,Gen1_Deck7,Gen1_Deck7,0,1,51.802263259887695,1490366,Gen1_Match32_1752194896.txt,,2025-07-11T00:55:07.102560
1,Gen1_Match35_1752194896,Gen1_Deck2,Gen1_Deck10,Gen1_Deck2,1,0,33.071260929107666,1490367,Gen1_Match35_1752194896.txt,,2025-07-11T00:55:32.680290
1,Gen1_Match34_1752194896,Gen1_Deck9,Gen1_Deck2,Gen1_Deck9,1,0,51.46875596046448,1490365,Gen1_Match34_1752194896.txt,,2025-07-11T00:55:37.788661
1,Gen1_Match36_1752194896,Gen1_Deck2,Gen1_Deck11,Gen1_Deck2,1,0,31.42067551612854,1490366,Gen1_Match36_1752194896.txt,,2025-07-11T00:55:38.523683
1,Gen1_Match37_1752194896,Gen1_Deck12,Gen1_Deck2,Gen1_Deck2,0,1,27.592250108718872,1490367,Gen1_Match37_1752194896.txt,,2025-07-11T00:56:00.273003
1,Gen1_Match39_1752194896,Gen1_Deck2,Gen1_Deck14,Gen1_Deck2,1,0,35.598328590393066,1490366,Gen1_Match39_1752194896.txt,,2025-07-11T00:56:14.122577
1,Gen1_Match38_1752194896,Gen1_Deck2,Gen1_Deck13,Gen1_Deck2,1,0,37.282212018966675,1490365,Gen1_Match38_1752194896.txt,,2025-07-11T00:56:15.071372
1,Gen1_Match40_1752194896,Gen1_Deck3,Gen1_Deck4,Gen1_Deck4,0,1,32.654703855514526,1490367,Gen1_Match40_1752194896.txt,,2025-07-11T00:56:32.928222
1,Gen1_Match41_1752194896,Gen1_Deck5,Gen1_Deck3,Gen1_Deck5,1,0,26.900542974472046,1490366,Gen1_Match41_1752194896.txt,,2025-07-11T00:56:41.023580
1,Gen1_Match42_1752194896,Gen1_Deck3,Gen1_Deck6,Gen1_Deck6,0,1,30.21035146713257,1490365,Gen1_Match42_1752194896.txt,,2025-07-11T00:56:45.282340
1,Gen1_Match43_1752194896,Gen1_Deck3,Gen1_Deck7,Gen1_Deck7,0,1,25.324216842651367,1490367,Gen1_Match43_1752194896.txt,,2025-07-11T00:56:58.252993
1,Gen1_Match45_1752194896,Gen1_Deck9,Gen1_Deck3,Gen1_Deck9,1,0,25.240495443344116,1490365,Gen1_Match45_1752194896.txt,,2025-07-11T00:57:10.523257
1,Gen1_Match44_1752194896,Gen1_Deck8,Gen1_Deck3,Gen1_Deck3,0,1,35.19412422180176,1490366,Gen1_Match44_1752194896.txt,,2025-07-11T00:57:16.218213
1,Gen1_Match46_1752194896,Gen1_Deck3,Gen1_Deck10,Gen1_Deck3,1,0,32.592840909957886,1490367,Gen1_Match46_1752194896.txt,,2025-07-11T00:57:30.846325
1,Gen1_Match48_1752194896,Gen1_Deck12,Gen1_Deck3,Gen1_Deck3,0,1,23.51415205001831,1490366,Gen1_Match48_1752194896.txt,,2025-07-11T00:57:39.732816
1,Gen1_Match47_1752194896,Gen1_Deck3,Gen1_Deck11,Gen1_Deck3,1,0,42.05684018135071,1490365,Gen1_Match47_1752194896.txt,,2025-07-11T00:57:52.580738
1,Gen1_Match49_1752194896,Gen1_Deck3,Gen1_Deck13,Gen1_Deck13,0,1,32.87358236312866,1490367,Gen1_Match49_1752194896.txt,,2025-07-11T00:58:03.720375
1,Gen1_Match50_1752194896,Gen1_Deck3,Gen1_Deck14,Gen1_Deck14,0,1,37.83066153526306,1490366,Gen1_Match50_1752194896.txt,,2025-07-11T00:58:17.564016
1,Gen1_Match52_1752194896,Gen1_Deck6,Gen1_Deck4,Gen1_Deck6,1,0,25.498783826828003,1490367,Gen1_Match52_1752194896.txt,,2025-07-11T00:58:29.219685
1,Gen1_Match51_1752194896,Gen1_Deck5,Gen1_Deck4,Gen1_Deck4,0,1,42.24789381027222,1490365,Gen1_Match51_1752194896.txt,,2025-07-11T00:58:34.829170
1,Gen1_Match54_1752194896,Gen1_Deck4,Gen1_Deck8,Gen1_Deck4,1,0,23.32585835456848,1490367,Gen1_Match54_1752194896.txt,,2025-07-11T00:58:52.546023
1,Gen1_Match55_1752194896,Gen1_Deck9,Gen1_Deck4,Gen1_Deck4,0,1,26.638642072677612,1490365,Gen1_Match55_1752194896.txt,,2025-07-11T00:59:01.468268
1,Gen1_Match53_1752194896,Gen1_Deck4,Gen1_Deck7,Gen1_Deck7,0,1,44.37636470794678,1490366,Gen1_Match53_1752194896.txt,,2025-07-11T00:59:01.940985
1,Gen1_Match56_1752194896,Gen1_Deck10,Gen1_Deck4,Gen1_Deck10,1,0,28.8440158367157,1490367,Gen1_Match56_1752194896.txt,,2025-07-11T00:59:21.390522
1,Gen1_Match57_1752194896,Gen1_Deck4,Gen1_Deck11,Gen1_Deck4,1,0,28.355579137802124,1490365,Gen1_Match57_1752194896.txt,,2025-07-11T00:59:29.824281
1,Gen1_Match58_1752194896,Gen1_Deck12,Gen1_Deck4,Gen1_Deck4,0,1,43.42298460006714,1490366,Gen1_Match58_1752194896.txt,,2025-07-11T00:59:45.364494
1,Gen1_Match60_1752194896,Gen1_Deck14,Gen1_Deck4,Gen1_Deck4,0,1,26.119225025177002,1490365,Gen1_Match60_1752194896.txt,,2025-07-11T00:59:55.944126
1,Gen1_Match61_1752194896,Gen1_Deck6,Gen1_Deck5,Gen1_Deck5,0,1,31.747645378112793,1490366,Gen1_Match61_1752194896.txt,,2025-07-11T01:00:17.112626
1,Gen1_Match62_1752194896,Gen1_Deck5,Gen1_Deck7,Gen1_Deck5,1,0,28.11912703514099,1490365,Gen1_Match62_1752194896.txt,,2025-07-11T01:00:24.064028
1,Gen1_Match63_1752194896,Gen1_Deck8,Gen1_Deck5,Gen1_Deck5,0,1,37.84576606750488,1490366,Gen1_Match63_1752194896.txt,,2025-07-11T01:00:54.959187
1,Gen1_Match59_1752194896,Gen1_Deck13,Gen1_Deck4,Gen1_Deck4,0,1,101.83590531349182,1490367,Gen1_Match59_1752194896.txt,,2025-07-11T01:01:03.227603
1,Gen1_Match65_1752194896,Gen1_Deck5,Gen1_Deck10,Gen1_Deck10,0,1,22.537031650543213,1490366,Gen1_Match65_1752194896.txt,,2025-07-11T01:01:17.496756
1,Gen1_Match66_1752194896,Gen1_Deck5,Gen1_Deck11,Gen1_Deck11,0,1,24.284313440322876,1490367,Gen1_Match66_1752194896.txt,,2025-07-11T01:01:27.512557
1,Gen1_Match64_1752194896,Gen1_Deck9,Gen1_Deck5,Gen1_Deck9,1,0,66.31700587272644,1490365,Gen1_Match64_1752194896.txt,,2025-07-11T01:01:30.381670
1,Gen1_Match67_1752194896,Gen1_Deck12,Gen1_Deck5,Gen1_Deck5,0,1,21.627326488494873,1490366,Gen1_Match67_1752194896.txt,,2025-07-11T01:01:39.124510
1,Gen1_Match69_1752194896,Gen1_Deck5,Gen1_Deck14,Gen1_Deck5,1,0,35.150115966796875,1490365,Gen1_Match69_1752194896.txt,,2025-07-11T01:02:05.532237
1,Gen1_Match68_1752194896,Gen1_Deck13,Gen1_Deck5,Gen1_Deck5,0,1,46.496208906173706,1490367,Gen1_Match68_1752194896.txt,,2025-07-11T01:02:14.009280
1,Gen1_Match70_1752194896,Gen1_Deck7,Gen1_Deck6,Gen1_Deck6,0,1,39.577714920043945,1490366,Gen1_Match70_1752194896.txt,,2025-07-11T01:02:18.702931
1,Gen1_Match71_1752194896,Gen1_Deck8,Gen1_Deck6,Gen1_Deck8,1,0,27.504169702529907,1490365,Gen1_Match71_1752194896.txt,,2025-07-11T01:02:33.037005
1,Gen1_Match72_1752194896,Gen1_Deck6,Gen1_Deck9,Gen1_Deck9,0,1,45.175859689712524,1490367,Gen1_Match72_1752194896.txt,,2025-07-11T01:02:59.185835
1,Gen1_Match74_1752194896,Gen1_Deck11,Gen1_Deck6,Gen1_Deck6,0,1,42.603004455566406,1490365,Gen1_Match74_1752194896.txt,,2025-07-11T01:03:15.640626
1,Gen1_Match75_1752194896,Gen1_Deck12,Gen1_Deck6,Gen1_Deck6,0,1,23.378228664398193,1490367,Gen1_Match75_1752194896.txt,,2025-07-11T01:03:22.564545
1,Gen1_Match76_1752194896,Gen1_Deck6,Gen1_Deck13,Gen1_Deck13,0,1,25.98380732536316,1490365,Gen1_Match76_1752194896.txt,,2025-07-11T01:03:41.624910
1,Gen1_Match77_1752194896,Gen1_Deck14,Gen1_Deck6,Gen1_Deck6,0,1,20.7313973903656,1490367,Gen1_Match77_1752194896.txt,,2025-07-11T01:03:43.296425
1,Gen1_Match73_1752194896,Gen1_Deck6,Gen1_Deck10,Gen1_Deck6,1,0,96.0387020111084,1490366,Gen1_Match73_1752194896.txt,,2025-07-11T01:03:54.742423
1,Gen1_Match79_1752194896,Gen1_Deck9,Gen1_Deck7,Gen1_Deck9,1,0,26.898298025131226,1490367,Gen1_Match79_1752194896.txt,,2025-07-11T01:04:10.195243
1,Gen1_Match78_1752194896,Gen1_Deck8,Gen1_Deck7,Gen1_Deck7,0,1,29.591059923171997,1490365,Gen1_Match78_1752194896.txt,,2025-07-11T01:04:11.216537
1,Gen1_Match82_1752194896,Gen1_Deck12,Gen1_Deck7,Gen1_Deck7,0,1,23.75520420074463,1490365,Gen1_Match82_1752194896.txt,,2025-07-11T01:04:34.972253
1,Gen1_Match81_1752194896,Gen1_Deck7,Gen1_Deck11,Gen1_Deck7,1,0,25.988860845565796,1490367,Gen1_Match81_1752194896.txt,,2025-07-11T01:04:36.184643
1,Gen1_Match83_1752194896,Gen1_Deck7,Gen1_Deck13,Gen1_Deck7,1,0,20.93558382987976,1490365,Gen1_Match83_1752194896.txt,,2025-07-11T01:04:55.908296
1,Gen1_Match84_1752194896,Gen1_Deck7,Gen1_Deck14,Gen1_Deck7,1,0,25.152737379074097,1490367,Gen1_Match84_1752194896.txt,,2025-07-11T01:05:01.338046
1,Gen1_Match80_1752194896,Gen1_Deck7,Gen1_Deck10,Gen1_Deck7,1,0,76.72026753425598,1490366,Gen1_Match80_1752194896.txt,,2025-07-11T01:05:11.463450
1,Gen1_Match85_1752194896,Gen1_Deck9,Gen1_Deck8,Gen1_Deck9,1,0,26.061741828918457,1490365,Gen1_Match85_1752194896.txt,,2025-07-11T01:05:21.970489
1,Gen1_Match86_1752194896,Gen1_Deck8,Gen1_Deck10,Gen1_Deck10,0,1,31.302510023117065,1490367,Gen1_Match86_1752194896.txt,,2025-07-11T01:05:32.641136
1,Gen1_Match88_1752194896,Gen1_Deck12,Gen1_Deck8,Gen1_Deck8,0,1,23.813393115997314,1490365,Gen1_Match88_1752194896.txt,,2025-07-11T01:05:45.784347
1,Gen1_Match87_1752194896,Gen1_Deck8,Gen1_Deck11,Gen1_Deck11,0,1,34.6827609539032,1490366,Gen1_Match87_1752194896.txt,,2025-07-11T01:05:46.146756
1,Gen1_Match89_1752194896,Gen1_Deck8,Gen1_Deck13,Gen1_Deck13,0,1,34.79244565963745,1490367,Gen1_Match89_1752194896.txt,,2025-07-11T01:06:07.434086
1,Gen1_Match90_1752194896,Gen1_Deck8,Gen1_Deck14,Gen1_Deck14,0,1,28.893720626831055,1490365,Gen1_Match90_1752194896.txt,,2025-07-11T01:06:14.678512
1,Gen1_Match91_1752194896,Gen1_Deck9,Gen1_Deck10,Gen1_Deck9,1,0,29.139570236206055,1490366,Gen1_Match91_1752194896.txt,,2025-07-11T01:06:15.286939
1,Gen1_Match94_1752194896,Gen1_Deck9,Gen1_Deck13,Gen1_Deck9,1,0,22.93081259727478,1490366,Gen1_Match94_1752194896.txt,,2025-07-11T01:06:38.218205
1,Gen1_Match93_1752194896,Gen1_Deck12,Gen1_Deck9,Gen1_Deck9,0,1,23.916770935058594,1490365,Gen1_Match93_1752194896.txt,,2025-07-11T01:06:38.595718
1,Gen1_Match92_1752194896,Gen1_Deck9,Gen1_Deck11,Gen1_Deck11,0,1,45.34135103225708,1490367,Gen1_Match92_1752194896.txt,,2025-07-11T01:06:52.776040
1,Gen1_Match95_1752194896,Gen1_Deck9,Gen1_Deck14,Gen1_Deck9,1,0,23.928317308425903,1490366,Gen1_Match95_1752194896.txt,,2025-07-11T01:07:02.147018
1,Gen1_Match97_1752194896,Gen1_Deck12,Gen1_Deck10,Gen1_Deck10,0,1,24.63597536087036,1490367,Gen1_Match97_1752194896.txt,,2025-07-11T01:07:17.412469
1,Gen1_Match96_1752194896,Gen1_Deck10,Gen1_Deck11,Gen1_Deck10,1,0,49.939173460006714,1490365,Gen1_Match96_1752194896.txt,,2025-07-11T01:07:28.535408
1,Gen1_Match99_1752194896,Gen1_Deck10,Gen1_Deck14,Gen1_Deck10,1,0,26.98108458518982,1490367,Gen1_Match99_1752194896.txt,,2025-07-11T01:07:44.394068
1,Gen1_Match100_1752194896,Gen1_Deck11,Gen1_Deck12,Gen1_Deck11,1,0,24.844586610794067,1490365,Gen1_Match100_1752194896.txt,,2025-07-11T01:07:53.380449
1,Gen1_Match102_1752194896,Gen1_Deck14,Gen1_Deck11,Gen1_Deck11,0,1,18.77995467185974,1490365,Gen1_Match102_1752194896.txt,,2025-07-11T01:08:12.160861
1,Gen1_Match101_1752194896,Gen1_Deck13,Gen1_Deck11,Gen1_Deck13,1,0,29.933993101119995,1490367,Gen1_Match101_1752194896.txt,,2025-07-11T01:08:14.328521
1,Gen1_Match103_1752194896,Gen1_Deck12,Gen1_Deck13,Gen1_Deck12,1,0,24.227084159851074,1490365,Gen1_Match103_1752194896.txt,,2025-07-11T01:08:36.388410
1,Gen1_Match104_1752194896,Gen1_Deck12,Gen1_Deck14,Gen1_Deck14,0,1,34.16755557060242,1490367,Gen1_Match104_1752194896.txt,,2025-07-11T01:08:48.496569
1,Gen1_Match98_1752194896,Gen1_Deck13,Gen1_Deck10,Gen1_Deck10,0,1,112.40096855163574,1490366,Gen1_Match98_1752194896.txt,,2025-07-11T01:08:54.548580
1,Gen1_Match105_1752194896,Gen1_Deck13,Gen1_Deck14,Gen1_Deck13,1,0,21.716477155685425,1490365,Gen1_Match105_1752194896.txt,,2025-07-11T01:08:58.105540
2,Gen2_Match1_1752196138,Gen2_Deck0,Gen2_Deck1,Gen2_Deck0,1,0,30.06752872467041,1538231,Gen2_Match1_1752196138.txt,,2025-07-11T01:09:28.216743
2,Gen2_Match3_1752196138,Gen2_Deck3,Gen2_Deck0,Gen2_Deck3,1,0,31.86873173713684,1538233,Gen2_Match3_1752196138.txt,,2025-07-11T01:09:30.020144
2,Gen2_Match2_1752196138,Gen2_Deck0,Gen2_Deck2,Gen2_Deck2,0,1,32.14299440383911,1538232,Gen2_Match2_1752196138.txt,,2025-07-11T01:09:30.293811
2,Gen2_Match5_1752196138,Gen2_Deck0,Gen2_Deck5,Gen2_Deck5,0,1,24.779587745666504,1538233,Gen2_Match5_1752196138.txt,,2025-07-11T01:09:54.800446
2,Gen2_Match7_1752196138,Gen2_Deck7,Gen2_Deck0,Gen2_Deck0,0,1,22.288594007492065,1538233,Gen2_Match7_1752196138.txt,,2025-07-11T01:10:17.089481
2,Gen2_Match6_1752196138,Gen2_Deck0,Gen2_Deck6,Gen2_Deck6,0,1,50.73779010772705,1538232,Gen2_Match6_1752196138.txt,,2025-07-11T01:10:21.032312
2,Gen2_Match4_1752196138,Gen2_Deck4,Gen2_Deck0,Gen2_Deck4,1,0,59.51064085960388,1538231,Gen2_Match4_1752196138.txt,,2025-07-11T01:10:27.728181
2,Gen2_Match9_1752196138,Gen2_Deck0,Gen2_Deck9,Gen2_Deck9,0,1,41.351773738861084,1538232,Gen2_Match9_1752196138.txt,,2025-07-11T01:11:02.384684
2,Gen2_Match10_1752196138,Gen2_Deck0,Gen2_Deck10,Gen2_Deck0,1,0,34.91830563545227,1538231,Gen2_Match10_1752196138.txt,,2025-07-11T01:11:02.647098
2,Gen2_Match11_1752196138,Gen2_Deck11,Gen2_Deck0,Gen2_Deck0,0,1,25.838083505630493,1538232,Gen2_Match11_1752196138.txt,,2025-07-11T01:11:28.223361
2,Gen2_Match12_1752196138,Gen2_Deck0,Gen2_Deck12,Gen2_Deck0,1,0,26.62078332901001,1538231,Gen2_Match12_1752196138.txt,,2025-07-11T01:11:29.268429
2,Gen2_Match8_1752196138,Gen2_Deck0,Gen2_Deck8,Gen2_Deck0,1,0,91.64632058143616,1538233,Gen2_Match8_1752196138.txt,,2025-07-11T01:11:48.736339
2,Gen2_Match13_1752196138,Gen2_Deck13,Gen2_Deck0,Gen2_Deck13,1,0,29.55832028388977,1538232,Gen2_Match13_1752196138.txt,,2025-07-11T01:11:57.782176
2,Gen2_Match15_1752196138,Gen2_Deck1,Gen2_Deck2,Gen2_Deck1,1,0,23.93598198890686,1538233,Gen2_Match15_1752196138.txt,,2025-07-11T01:12:12.672772
2,Gen2_Match14_1752196138,Gen2_Deck14,Gen2_Deck0,Gen2_Deck14,1,0,71.48807382583618,1538231,Gen2_Match14_1752196138.txt,,2025-07-11T01:12:40.757294
2,Gen2_Match17_1752196138,Gen2_Deck4,Gen2_Deck1,Gen2_Deck4,1,0,28.286156177520752,1538233,Gen2_Match17_1752196138.txt,,2025-07-11T01:12:40.959473
2,Gen2_Match16_1752196138,Gen2_Deck3,Gen2_Deck1,Gen2_Deck1,0,1,48.45580840110779,1538232,Gen2_Match16_1752196138.txt,,2025-07-11T01:12:46.238670
2,Gen2_Match19_1752196138,Gen2_Deck1,Gen2_Deck6,Gen2_Deck6,0,1,20.941560745239258,1538233,Gen2_Match19_1752196138.txt,,2025-07-11T01:13:01.901462
2,Gen2_Match20_1752196138,Gen2_Deck7,Gen2_Deck1,Gen2_Deck1,0,1,24.241575002670288,1538232,Gen2_Match20_1752196138.txt,,2025-07-11T01:13:10.481019
2,Gen2_Match18_1752196138,Gen2_Deck1,Gen2_Deck5,Gen2_Deck1,1,0,32.79824709892273,1538231,Gen2_Match18_1752196138.txt,,2025-07-11T01:13:13.556124
2,Gen2_Match21_1752196138,Gen2_Deck1,Gen2_Deck8,Gen2_Deck1,1,0,24.928739070892334,1538233,Gen2_Match21_1752196138.txt,,2025-07-11T01:13:26.830631
2,Gen2_Match22_1752196138,Gen2_Deck1,Gen2_Deck9,Gen2_Deck9,0,1,33.79387450218201,1538232,Gen2_Match22_1752196138.txt,,2025-07-11T01:13:44.275335
2,Gen2_Match23_1752196138,Gen2_Deck10,Gen2_Deck1,Gen2_Deck1,0,1,38.99572682380676,1538231,Gen2_Match23_1752196138.txt,,2025-07-11T01:13:52.552416
2,Gen2_Match24_1752196138,Gen2_Deck11,Gen2_Deck1,Gen2_Deck1,0,1,27.54945683479309,1538233,Gen2_Match24_1752196138.txt,,2025-07-11T01:13:54.380647
2,Gen2_Match25_1752196138,Gen2_Deck1,Gen2_Deck12,Gen2_Deck1,1,0,25.23431944847107,1538232,Gen2_Match25_1752196138.txt,,2025-07-11T01:14:09.510089
2,Gen2_Match27_1752196138,Gen2_Deck14,Gen2_Deck1,Gen2_Deck14,1,0,25.944823265075684,1538233,Gen2_Match27_1752196138.txt,,2025-07-11T01:14:20.325885
2,Gen2_Match26_1752196138,Gen2_Deck1,Gen2_Deck13,Gen2_Deck1,1,0,29.29871392250061,1538231,Gen2_Match26_1752196138.txt,,2025-07-11T01:14:21.851614
2,Gen2_Match28_1752196138,Gen2_Deck2,Gen2_Deck3,Gen2_Deck3,0,1,35.17882490158081,1538232,Gen2_Match28_1752196138.txt,,2025-07-11T01:14:44.689415
2,Gen2_Match30_1752196138,Gen2_Deck5,Gen2_Deck2,Gen2_Deck5,1,0,37.82034635543823,1538231,Gen2_Match30_1752196138.txt,,2025-07-11T01:14:59.672430
2,Gen2_Match29_1752196138,Gen2_Deck2,Gen2_Deck4,Gen2_Deck4,0,1,40.4562771320343,1538233,Gen2_Match29_1752196138.txt,,2025-07-11T01:15:00.782744
2,Gen2_Match31_1752196138,Gen2_Deck2,Gen2_Deck6,Gen2_Deck6,0,1,26.434452056884766,1538232,Gen2_Match31_1752196138.txt,,2025-07-11T01:15:11.124286
2,Gen2_Match34_1752196138,Gen2_Deck9,Gen2_Deck2,Gen2_Deck9,1,0,24.16091537475586,1538232,Gen2_Match34_1752196138.txt,,2025-07-11T01:15:35.285601
2,Gen2_Match32_1752196138,Gen2_Deck2,Gen2_Deck7,Gen2_Deck2,1,0,36.28113675117493,1538231,Gen2_Match32_1752196138.txt,,2025-07-11T01:15:35.954050
2,Gen2_Match33_1752196138,Gen2_Deck8,Gen2_Deck2,Gen2_Deck8,1,0,35.20727252960205,1538233,Gen2_Match33_1752196138.txt,,2025-07-11T01:15:35.990600
2,Gen2_Match35_1752196138,Gen2_Deck2,Gen2_Deck10,Gen2_Deck2,1,0,28.350303411483765,1538232,Gen2_Match35_1752196138.txt,,2025-07-11T01:16:03.636352
2,Gen2_Match37_1752196138,Gen2_Deck12,Gen2_Deck2,Gen2_Deck2,0,1,42.98769211769104,1538233,Gen2_Match37_1752196138.txt,,2025-07-11T01:16:18.978834
2,Gen2_Match38_1752196138,Gen2_Deck2,Gen2_Deck13,Gen2_Deck13,0,1,27.138161659240723,1538232,Gen2_Match38_1752196138.txt,,2025-07-11T01:16:30.774957
2,Gen2_Match36_1752196138,Gen2_Deck2,Gen2_Deck11,Gen2_Deck2,1,0,61.2837815284729,1538231,Gen2_Match36_1752196138.txt,,2025-07-11T01:16:37.238531
2,Gen2_Match39_1752196138,Gen2_Deck2,Gen2_Deck14,Gen2_Deck2,1,0,28.482412576675415,1538233,Gen2_Match39_1752196138.txt,,2025-07-11T01:16:47.461773
2,Gen2_Match41_1752196138,Gen2_Deck3,Gen2_Deck5,Gen2_Deck5,0,1,29.934224843978882,1538231,Gen2_Match41_1752196138.txt,,2025-07-11T01:17:07.173195
2,Gen2_Match40_1752196138,Gen2_Deck4,Gen2_Deck3,Gen2_Deck3,0,1,41.821089029312134,1538232,Gen2_Match40_1752196138.txt,,2025-07-11T01:17:12.596501
2,Gen2_Match42_1752196138,Gen2_Deck6,Gen2_Deck3,Gen2_Deck3,0,1,37.438037633895874,1538233,Gen2_Match42_1752196138.txt,,2025-07-11T01:17:24.900302
2,Gen2_Match43_1752196138,Gen2_Deck7,Gen2_Deck3,Gen2_Deck3,0,1,31.544901609420776,1538231,Gen2_Match43_1752196138.txt,,2025-07-11T01:17:38.718536
2,Gen2_Match44_1752196138,Gen2_Deck3,Gen2_Deck8,Gen2_Deck8,0,1,49.777414321899414,1538232,Gen2_Match44_1752196138.txt,,2025-07-11T01:18:02.374411
2,Gen2_Match47_1752196138,Gen2_Deck11,Gen2_Deck3,Gen2_Deck3,0,1,25.117502689361572,1538232,Gen2_Match47_1752196138.txt,,2025-07-11T01:18:27.492339
2,Gen2_Match46_1752196138,Gen2_Deck10,Gen2_Deck3,Gen2_Deck3,0,1,63.30429196357727,1538231,Gen2_Match46_1752196138.txt,,2025-07-11T01:18:42.023305
2,Gen2_Match49_1752196138,Gen2_Deck13,Gen2_Deck3,Gen2_Deck3,0,1,25.50714683532715,1538231,Gen2_Match49_1752196138.txt,,2025-07-11T01:19:07.530900
2,Gen2_Match48_1752196138,Gen2_Deck3,Gen2_Deck12,Gen2_Deck3,1,0,54.68373250961304,1538232,Gen2_Match48_1752196138.txt,,2025-07-11T01:19:22.176684
2,Gen2_Match50_1752196138,Gen2_Deck14,Gen2_Deck3,Gen2_Deck14,1,0,19.28888249397278,1538231,Gen2_Match50_1752196138.txt,,2025-07-11T01:19:26.820184
2,Gen2_Match45_1752196138,Gen2_Deck3,Gen2_Deck9,Gen2_Deck3,1,0,133.78404450416565,1538233,Gen2_Match45_1752196138.txt,,2025-07-11T01:19:38.684841
2,Gen2_Match51_1752196138,Gen2_Deck5,Gen2_Deck4,Gen2_Deck4,0,1,28.213722229003906,1538232,Gen2_Match51_1752196138.txt,,2025-07-11T01:19:50.390921
2,Gen2_Match53_1752196138,Gen2_Deck4,Gen2_Deck7,Gen2_Deck4,1,0,21.46301031112671,1538233,Gen2_Match53_1752196138.txt,,2025-07-11T01:20:00.148240
2,Gen2_Match52_1752196138,Gen2_Deck4,Gen2_Deck6,Gen2_Deck4,1,0,39.35173153877258,1538231,Gen2_Match52_1752196138.txt,,2025-07-11T01:20:06.172364
2,Gen2_Match54_1752196138,Gen2_Deck8,Gen2_Deck4,Gen2_Deck4,0,1,37.942779302597046,1538232,Gen2_Match54_1752196138.txt,,2025-07-11T01:20:28.334137
2,Gen2_Match57_1752196138,Gen2_Deck11,Gen2_Deck4,Gen2_Deck4,0,1,19.801753520965576,1538232,Gen2_Match57_1752196138.txt,,2025-07-11T01:20:48.136299
2,Gen2_Match56_1752196138,Gen2_Deck4,Gen2_Deck10,Gen2_Deck10,0,1,61.43427753448486,1538231,Gen2_Match56_1752196138.txt,,2025-07-11T01:21:07.607156
2,Gen2_Match59_1752196138,Gen2_Deck4,Gen2_Deck13,Gen2_Deck4,1,0,17.91175675392151,1538231,Gen2_Match59_1752196138.txt,,2025-07-11T01:21:25.519357
2,Gen2_Match58_1752196138,Gen2_Deck12,Gen2_Deck4,Gen2_Deck4,0,1,41.23559927940369,1538232,Gen2_Match58_1752196138.txt,,2025-07-11T01:21:29.372387
2,Gen2_Match61_1752196138,Gen2_Deck5,Gen2_Deck6,Gen2_Deck6,0,1,20.103476762771606,1538232,Gen2_Match61_1752196138.txt,,2025-07-11T01:21:49.476297
2,Gen2_Match55_1752196138,Gen2_Deck9,Gen2_Deck4,Gen2_Deck9,1,0,116.03165197372437,1538233,Gen2_Match55_1752196138.txt,,2025-07-11T01:21:56.180394
2,Gen2_Match60_1752196138,Gen2_Deck4,Gen2_Deck14,Gen2_Deck4,1,0,35.512731313705444,1538231,Gen2_Match60_1752196138.txt,,2025-07-11T01:22:01.032537
2,Gen2_Match62_1752196138,Gen2_Deck5,Gen2_Deck7,Gen2_Deck5,1,0,23.96610379219055,1538232,Gen2_Match62_1752196138.txt,,2025-07-11T01:22:13.442832
2,Gen2_Match63_1752196138,Gen2_Deck8,Gen2_Deck5,Gen2_Deck8,1,0,42.486671447753906,1538233,Gen2_Match63_1752196138.txt,,2025-07-11T01:22:38.667545
2,Gen2_Match64_1752196138,Gen2_Deck5,Gen2_Deck9,Gen2_Deck9,0,1,38.352478981018066,1538231,Gen2_Match64_1752196138.txt,,2025-07-11T01:22:39.385500
2,Gen2_Match65_1752196138,Gen2_Deck10,Gen2_Deck5,Gen2_Deck5,0,1,30.108060121536255,1538232,Gen2_Match65_1752196138.txt,,2025-07-11T01:22:43.551305
2,Gen2_Match67_1752196138,Gen2_Deck12,Gen2_Deck5,Gen2_Deck5,0,1,33.13040351867676,1538231,Gen2_Match67_1752196138.txt,,2025-07-11T01:23:12.516355
2,Gen2_Match68_1752196138,Gen2_Deck5,Gen2_Deck13,Gen2_Deck5,1,0,29.67702889442444,1538232,Gen2_Match68_1752196138.txt,,2025-07-11T01:23:13.228824
2,Gen2_Match66_1752196138,Gen2_Deck11,Gen2_Deck5,Gen2_Deck11,1,0,36.46825361251831,1538233,Gen2_Match66_1752196138.txt,,2025-07-11T01:23:15.136226
2,Gen2_Match69_1752196138,Gen2_Deck14,Gen2_Deck5,Gen2_Deck5,0,1,38.319488763809204,1538231,Gen2_Match69_1752196138.txt,,2025-07-11T01:23:50.836339
2,Gen2_Match70_1752196138,Gen2_Deck7,Gen2_Deck6,Gen2_Deck7,1,0,40.92420029640198,1538232,Gen2_Match70_1752196138.txt,,2025-07-11T01:23:54.153492
2,Gen2_Match71_1752196138,Gen2_Deck6,Gen2_Deck8,Gen2_Deck8,0,1,51.723653078079224,1538233,Gen2_Match71_1752196138.txt,,2025-07-11T01:24:06.860366
2,Gen2_Match72_1752196138,Gen2_Deck6,Gen2_Deck9,Gen2_Deck6,1,0,58.520585775375366,1538231,Gen2_Match72_1752196138.txt,,2025-07-11T01:24:49.357505
2,Gen2_Match74_1752196138,Gen2_Deck11,Gen2_Deck6,Gen2_Deck11,1,0,45.515465259552,1538233,Gen2_Match74_1752196138.txt,,2025-07-11T01:24:52.376288
2,Gen2_Match73_1752196138,Gen2_Deck10,Gen2_Deck6,Gen2_Deck10,1,0,69.55393242835999,1538232,Gen2_Match73_1752196138.txt,,2025-07-11T01:25:03.708148
2,Gen2_Match77_1752196138,Gen2_Deck14,Gen2_Deck6,Gen2_Deck6,0,1,30.606913566589355,1538232,Gen2_Match77_1752196138.txt,,2025-07-11T01:25:34.315779
2,Gen2_Match78_1752196138,Gen2_Deck8,Gen2_Deck7,Gen2_Deck7,0,1,26.019131898880005,1538232,Gen2_Match78_1752196138.txt,,2025-07-11T01:26:00.335616
2,Gen2_Match76_1752196138,Gen2_Deck6,Gen2_Deck13,Gen2_Deck13,0,1,88.573068857193,1538233,Gen2_Match76_1752196138.txt,,2025-07-11T01:26:20.950012
2,Gen2_Match79_1752196138,Gen2_Deck9,Gen2_Deck7,Gen2_Deck9,1,0,21.833205699920654,1538232,Gen2_Match79_1752196138.txt,,2025-07-11T01:26:22.169331
2,Gen2_Match80_1752196138,Gen2_Deck7,Gen2_Deck10,Gen2_Deck10,0,1,21.87587261199951,1538233,Gen2_Match80_1752196138.txt,,2025-07-11T01:26:42.826366
2,Gen2_Match81_1752196138,Gen2_Deck7,Gen2_Deck11,Gen2_Deck11,0,1,25.8865704536438,1538232,Gen2_Match81_1752196138.txt,,2025-07-11T01:26:48.056388
2,Gen2_Match75_1752196138,Gen2_Deck6,Gen2_Deck12,Gen2_Deck6,1,0,132.65994453430176,1538231,Gen2_Match75_1752196138.txt,,2025-07-11T01:27:02.018229
2,Gen2_Match82_1752196138,Gen2_Deck12,Gen2_Deck7,Gen2_Deck7,0,1,25.38947629928589,1538233,Gen2_Match82_1752196138.txt,,2025-07-11T01:27:08.216343
2,Gen2_Match83_1752196138,Gen2_Deck7,Gen2_Deck13,Gen2_Deck13,0,1,20.987459182739258,1538232,Gen2_Match83_1752196138.txt,,2025-07-11T01:27:09.044404
2,Gen2_Match84_1752196138,Gen2_Deck7,Gen2_Deck14,Gen2_Deck7,1,0,33.385701417922974,1538231,Gen2_Match84_1752196138.txt,,2025-07-11T01:27:35.404404
2,Gen2_Match86_1752196138,Gen2_Deck10,Gen2_Deck8,Gen2_Deck8,0,1,34.72412300109863,1538232,Gen2_Match86_1752196138.txt,,2025-07-11T01:27:43.769037
2,Gen2_Match85_1752196138,Gen2_Deck8,Gen2_Deck9,Gen2_Deck8,1,0,35.63461184501648,1538233,Gen2_Match85_1752196138.txt,,2025-07-11T01:27:43.851448
2,Gen2_Match89_1752196138,Gen2_Deck13,Gen2_Deck8,Gen2_Deck8,0,1,38.76412558555603,1538233,Gen2_Match89_1752196138.txt,,2025-07-11T01:28:22.616213
2,Gen2_Match90_1752196138,Gen2_Deck14,Gen2_Deck8,Gen2_Deck8,0,1,18.360815048217773,1538233,Gen2_Match90_1752196138.txt,,2025-07-11T01:28:40.977493
2,Gen2_Match87_1752196138,Gen2_Deck11,Gen2_Deck8,Gen2_Deck8,0,1,73.18343305587769,1538231,Gen2_Match87_1752196138.txt,,2025-07-11T01:28:48.588364
2,Gen2_Match88_1752196138,Gen2_Deck8,Gen2_Deck12,Gen2_Deck8,1,0,71.41976618766785,1538232,Gen2_Match88_1752196138.txt,,2025-07-11T01:28:55.189328
2,Gen2_Match92_1752196138,Gen2_Deck11,Gen2_Deck9,Gen2_Deck9,0,1,44.96916222572327,1538231,Gen2_Match92_1752196138.txt,,2025-07-11T01:29:33.558098
2,Gen2_Match93_1752196138,Gen2_Deck12,Gen2_Deck9,Gen2_Deck9,0,1,44.29048705101013,1538232,Gen2_Match93_1752196138.txt,,2025-07-11T01:29:39.480296
2,Gen2_Match94_1752196138,Gen2_Deck9,Gen2_Deck13,Gen2_Deck9,1,0,23.887219667434692,1538231,Gen2_Match94_1752196138.txt,,2025-07-11T01:29:57.445776
2,Gen2_Match95_1752196138,Gen2_Deck9,Gen2_Deck14,Gen2_Deck9,1,0,25.472723960876465,1538232,Gen2_Match95_1752196138.txt,,2025-07-11T01:30:04.953465
2,Gen2_Match91_1752196138,Gen2_Deck9,Gen2_Deck10,Gen2_Deck10,0,1,102.22657084465027,1538233,Gen2_Match91_1752196138.txt,,2025-07-11T01:30:23.204660
2,Gen2_Match97_1752196138,Gen2_Deck12,Gen2_Deck10,Gen2_Deck12,1,0,27.992403030395508,1538232,Gen2_Match97_1752196138.txt,,2025-07-11T01:30:32.946534
2,Gen2_Match96_1752196138,Gen2_Deck11,Gen2_Deck10,Gen2_Deck11,1,0,37.792014837265015,1538231,Gen2_Match96_1752196138.txt,,2025-07-11T01:30:35.238283
2,Gen2_Match98_1752196138,Gen2_Deck10,Gen2_Deck13,Gen2_Deck10,1,0,28.672940015792847,1538233,Gen2_Match98_1752196138.txt,,2025-07-11T01:30:51.878041
2,Gen2_Match99_1752196138,Gen2_Deck14,Gen2_Deck10,Gen2_Deck14,1,0,35.29335069656372,1538232,Gen2_Match99_1752196138.txt,,2025-07-11T01:31:08.240573
2,Gen2_Match100_1752196138,Gen2_Deck12,Gen2_Deck11,Gen2_Deck11,0,1,35.307618141174316,1538231,Gen2_Match100_1752196138.txt,,2025-07-11T01:31:10.546365
2,Gen2_Match101_1752196138,Gen2_Deck11,Gen2_Deck13,Gen2_Deck11,1,0,22.815030097961426,1538233,Gen2_Match101_1752196138.txt,,2025-07-11T01:31:14.693474
2,Gen2_Match102_1752196138,Gen2_Deck11,Gen2_Deck14,Gen2_Deck11,1,0,23.64746069908142,1538232,Gen2_Match102_1752196138.txt,,2025-07-11T01:31:31.888443
2,Gen2_Match103_1752196138,Gen2_Deck12,Gen2_Deck13,Gen2_Deck12,1,0,22.227108478546143,1538231,Gen2_Match103_1752196138.txt,,2025-07-11T01:31:32.774002
2,Gen2_Match104_1752196138,Gen2_Deck12,Gen2_Deck14,Gen2_Deck14,0,1,29.739377975463867,1538233,Gen2_Match104_1752196138.txt,,2025-07-11T01:31:44.433323
2,Gen2_Match105_1752196138,Gen2_Deck14,Gen2_Deck13,Gen2_Deck13,0,1,17.134551286697388,1538232,Gen2_Match105_1752196138.txt,,2025-07-11T01:31:49.023528
3,Gen3_Match1_1752197509,Gen3_Deck0,Gen3_Deck1,Gen3_Deck0,1,0,34.79742193222046,1585653,Gen3_Match1_1752197509.txt,,2025-07-11T01:32:23.856677
3,Gen3_Match3_1752197509,Gen3_Deck3,Gen3_Deck0,Gen3_Deck0,0,1,36.03984618186951,1585655,Gen3_Match3_1752197509.txt,,2025-07-11T01:32:25.101297
3,Gen3_Match2_1752197509,Gen3_Deck0,Gen3_Deck2,Gen3_Deck2,0,1,76.66011714935303,1585654,Gen3_Match2_1752197509.txt,,2025-07-11T01:33:05.720136
3,Gen3_Match4_1752197509,Gen3_Deck0,Gen3_Deck4,Gen3_Deck4,0,1,67.89905142784119,1585653,Gen3_Match4_1752197509.txt,,2025-07-11T01:33:31.756753
3,Gen3_Match5_1752197509,Gen3_Deck0,Gen3_Deck5,Gen3_Deck5,0,1,79.09234976768494,1585655,Gen3_Match5_1752197509.txt,,2025-07-11T01:33:44.194710
3,Gen3_Match7_1752197509,Gen3_Deck7,Gen3_Deck0,Gen3_Deck7,1,0,31.17734980583191,1585653,Gen3_Match7_1752197509.txt,,2025-07-11T01:34:02.934662
3,Gen3_Match8_1752197509,Gen3_Deck0,Gen3_Deck8,Gen3_Deck0,1,0,26.265093088150024,1585655,Gen3_Match8_1752197509.txt,,2025-07-11T01:34:10.460352
3,Gen3_Match9_1752197509,Gen3_Deck0,Gen3_Deck9,Gen3_Deck0,1,0,25.20443630218506,1585653,Gen3_Match9_1752197509.txt,,2025-07-11T01:34:28.139579
3,Gen3_Match11_1752197509,Gen3_Deck0,Gen3_Deck11,Gen3_Deck0,1,0,21.15626072883606,1585653,Gen3_Match11_1752197509.txt,,2025-07-11T01:34:49.296303
3,Gen3_Match6_1752197509,Gen3_Deck6,Gen3_Deck0,Gen3_Deck6,1,0,130.0050127506256,1585654,Gen3_Match6_1752197509.txt,,2025-07-11T01:35:15.726006
3,Gen3_Match12_1752197509,Gen3_Deck0,Gen3_Deck12,Gen3_Deck0,1,0,27.63615083694458,1585653,Gen3_Match12_1752197509.txt,,2025-07-11T01:35:16.932959
3,Gen3_Match10_1752197509,Gen3_Deck10,Gen3_Deck0,Gen3_Deck0,0,1,68.30827760696411,1585655,Gen3_Match10_1752197509.txt,,2025-07-11T01:35:18.769276
3,Gen3_Match14_1752197509,Gen3_Deck14,Gen3_Deck0,Gen3_Deck0,0,1,29.034229278564453,1585653,Gen3_Match14_1752197509.txt,,2025-07-11T01:35:45.967724
3,Gen3_Match15_1752197509,Gen3_Deck2,Gen3_Deck1,Gen3_Deck2,1,0,28.252310752868652,1585655,Gen3_Match15_1752197509.txt,,2025-07-11T01:35:47.022066
3,Gen3_Match13_1752197509,Gen3_Deck13,Gen3_Deck0,Gen3_Deck0,0,1,33.82177805900574,1585654,Gen3_Match13_1752197509.txt,,2025-07-11T01:35:49.548326
3,Gen3_Match17_1752197509,Gen3_Deck1,Gen3_Deck4,Gen3_Deck4,0,1,32.22021722793579,1585655,Gen3_Match17_1752197509.txt,,2025-07-11T01:36:19.242860
3,Gen3_Match18_1752197509,Gen3_Deck5,Gen3_Deck1,Gen3_Deck5,1,0,36.24521064758301,1585654,Gen3_Match18_1752197509.txt,,2025-07-11T01:36:25.794232
3,Gen3_Match19_1752197509,Gen3_Deck6,Gen3_Deck1,Gen3_Deck6,1,0,21.384477138519287,1585655,Gen3_Match19_1752197509.txt,,2025-07-11T01:36:40.627805
3,Gen3_Match16_1752197509,Gen3_Deck3,Gen3_Deck1,Gen3_Deck3,1,0,73.42597007751465,1585653,Gen3_Match16_1752197509.txt,,2025-07-11T01:36:59.394261
3,Gen3_Match21_1752197509,Gen3_Deck1,Gen3_Deck8,Gen3_Deck1,1,0,28.276246547698975,1585655,Gen3_Match21_1752197509.txt,,2025-07-11T01:37:08.945657
3,Gen3_Match22_1752197509,Gen3_Deck9,Gen3_Deck1,Gen3_Deck1,0,1,31.623727083206177,1585653,Gen3_Match22_1752197509.txt,,2025-07-11T01:37:31.018500
3,Gen3_Match23_1752197509,Gen3_Deck1,Gen3_Deck10,Gen3_Deck1,1,0,22.515517950057983,1585655,Gen3_Match23_1752197509.txt,,2025-07-11T01:37:31.461647
3,Gen3_Match25_1752197509,Gen3_Deck12,Gen3_Deck1,Gen3_Deck12,1,0,23.326415538787842,1585655,Gen3_Match25_1752197509.txt,,2025-07-11T01:37:54.788511
3,Gen3_Match24_1752197509,Gen3_Deck1,Gen3_Deck11,Gen3_Deck1,1,0,24.280983924865723,1585653,Gen3_Match24_1752197509.txt,,2025-07-11T01:37:55.300074
3,Gen3_Match27_1752197509,Gen3_Deck1,Gen3_Deck14,Gen3_Deck1,1,0,20.887025356292725,1585653,Gen3_Match27_1752197509.txt,,2025-07-11T01:38:16.187548
3,Gen3_Match26_1752197509,Gen3_Deck13,Gen3_Deck1,Gen3_Deck1,0,1,38.39464282989502,1585655,Gen3_Match26_1752197509.txt,,2025-07-11T01:38:33.183818
3,Gen3_Match20_1752197509,Gen3_Deck1,Gen3_Deck7,Gen3_Deck1,1,0,131.46992135047913,1585654,Gen3_Match20_1752197509.txt,,2025-07-11T01:38:37.264976
3,Gen3_Match28_1752197509,Gen3_Deck3,Gen3_Deck2,Gen3_Deck3,1,0,34.84433341026306,1585653,Gen3_Match28_1752197509.txt,,2025-07-11T01:38:51.032351
3,Gen3_Match29_1752197509,Gen3_Deck4,Gen3_Deck2,Gen3_Deck2,0,1,32.64826822280884,1585655,Gen3_Match29_1752197509.txt,,2025-07-11T01:39:05.832519
3,Gen3_Match32_1752197509,Gen3_Deck7,Gen3_Deck2,Gen3_Deck7,1,0,27.853582620620728,1585655,Gen3_Match32_1752197509.txt,,2025-07-11T01:39:33.686587
3,Gen3_Match30_1752197509,Gen3_Deck2,Gen3_Deck5,Gen3_Deck2,1,0,66.96498227119446,1585654,Gen3_Match30_1752197509.txt,,2025-07-11T01:39:44.230714
3,Gen3_Match34_1752197509,Gen3_Deck2,Gen3_Deck9,Gen3_Deck2,1,0,24.897038459777832,1585654,Gen3_Match34_1752197509.txt,,2025-07-11T01:40:09.128320
3,Gen3_Match33_1752197509,Gen3_Deck2,Gen3_Deck8,Gen3_Deck2,1,0,51.41082954406738,1585655,Gen3_Match33_1752197509.txt,,2025-07-11T01:40:25.098026
3,Gen3_Match35_1752197509,Gen3_Deck10,Gen3_Deck2,Gen3_Deck2,0,1,36.8477578163147,1585654,Gen3_Match35_1752197509.txt,,2025-07-11T01:40:45.976587
3,Gen3_Match31_1752197509,Gen3_Deck6,Gen3_Deck2,Gen3_Deck6,1,0,132.9099042415619,1585653,Gen3_Match31_1752197509.txt,,2025-07-11T01:41:03.942845
3,Gen3_Match36_1752197509,Gen3_Deck11,Gen3_Deck2,Gen3_Deck2,0,1,40.50350308418274,1585655,Gen3_Match36_1752197509.txt,,2025-07-11T01:41:05.602150
3,Gen3_Match37_1752197509,Gen3_Deck2,Gen3_Deck12,Gen3_Deck2,1,0,31.756911993026733,1585654,Gen3_Match37_1752197509.txt,,2025-07-11T01:41:17.734001
3,Gen3_Match39_1752197509,Gen3_Deck14,Gen3_Deck2,Gen3_Deck2,0,1,24.9568452835083,1585655,Gen3_Match39_1752197509.txt,,2025-07-11T01:41:30.559452
3,Gen3_Match38_1752197509,Gen3_Deck13,Gen3_Deck2,Gen3_Deck2,0,1,38.08953070640564,1585653,Gen3_Match38_1752197509.txt,,2025-07-11T01:41:42.033147
3,Gen3_Match40_1752197509,Gen3_Deck4,Gen3_Deck3,Gen3_Deck3,0,1,40.837867975234985,1585654,Gen3_Match40_1752197509.txt,,2025-07-11T01:41:58.572341
3,Gen3_Match41_1752197509,Gen3_Deck3,Gen3_Deck5,Gen3_Deck5,0,1,48.500043869018555,1585655,Gen3_Match41_1752197509.txt,,2025-07-11T01:42:19.059993
3,Gen3_Match43_1752197509,Gen3_Deck7,Gen3_Deck3,Gen3_Deck3,0,1,25.955763578414917,1585654,Gen3_Match43_1752197509.txt,,2025-07-11T01:42:24.528567
3,Gen3_Match44_1752197509,Gen3_Deck3,Gen3_Deck8,Gen3_Deck3,1,0,21.561384201049805,1585655,Gen3_Match44_1752197509.txt,,2025-07-11T01:42:40.621816
3,Gen3_Match45_1752197509,Gen3_Deck3,Gen3_Deck9,Gen3_Deck3,1,0,24.911553621292114,1585654,Gen3_Match45_1752197509.txt,,2025-07-11T01:42:49.440632
3,Gen3_Match47_1752197509,Gen3_Deck11,Gen3_Deck3,Gen3_Deck3,0,1,28.535377025604248,1585654,Gen3_Match47_1752197509.txt,,2025-07-11T01:43:17.976487
3,Gen3_Match48_1752197509,Gen3_Deck3,Gen3_Deck12,Gen3_Deck12,0,1,17.927282094955444,1585654,Gen3_Match48_1752197509.txt,,2025-07-11T01:43:35.904188
3,Gen3_Match46_1752197509,Gen3_Deck10,Gen3_Deck3,Gen3_Deck3,0,1,56.89166498184204,1585655,Gen3_Match46_1752197509.txt,,2025-07-11T01:43:37.513949
3,Gen3_Match42_1752197509,Gen3_Deck6,Gen3_Deck3,Gen3_Deck6,1,0,132.96091437339783,1585653,Gen3_Match42_1752197509.txt,,2025-07-11T01:43:54.994735
3,Gen3_Match49_1752197509,Gen3_Deck13,Gen3_Deck3,Gen3_Deck13,1,0,22.097039937973022,1585654,Gen3_Match49_1752197509.txt,,2025-07-11T01:43:58.001669
3,Gen3_Match50_1752197509,Gen3_Deck14,Gen3_Deck3,Gen3_Deck3,0,1,32.74608778953552,1585655,Gen3_Match50_1752197509.txt,,2025-07-11T01:44:10.260573
3,Gen3_Match52_1752197509,Gen3_Deck4,Gen3_Deck6,Gen3_Deck4,1,0,27.23826813697815,1585654,Gen3_Match52_1752197509.txt,,2025-07-11T01:44:25.240358
3,Gen3_Match51_1752197509,Gen3_Deck4,Gen3_Deck5,Gen3_Deck5,0,1,57.70085024833679,1585653,Gen3_Match51_1752197509.txt,,2025-07-11T01:44:52.696203
3,Gen3_Match53_1752197509,Gen3_Deck7,Gen3_Deck4,Gen3_Deck7,1,0,58.022584199905396,1585655,Gen3_Match53_1752197509.txt,,2025-07-11T01:45:08.283850
3,Gen3_Match54_1752197509,Gen3_Deck4,Gen3_Deck8,Gen3_Deck8,0,1,48.55043292045593,1585654,Gen3_Match54_1752197509.txt,,2025-07-11T01:45:13.791253
3,Gen3_Match55_1752197509,Gen3_Deck4,Gen3_Deck9,Gen3_Deck9,0,1,30.501099586486816,1585653,Gen3_Match55_1752197509.txt,,2025-07-11T01:45:23.197778
3,Gen3_Match56_1752197509,Gen3_Deck10,Gen3_Deck4,Gen3_Deck4,0,1,32.93609833717346,1585655,Gen3_Match56_1752197509.txt,,2025-07-11T01:45:41.220439
3,Gen3_Match58_1752197509,Gen3_Deck4,Gen3_Deck12,Gen3_Deck12,0,1,29.343247652053833,1585653,Gen3_Match58_1752197509.txt,,2025-07-11T01:45:52.541565
3,Gen3_Match57_1752197509,Gen3_Deck4,Gen3_Deck11,Gen3_Deck4,1,0,41.61344814300537,1585654,Gen3_Match57_1752197509.txt,,2025-07-11T01:45:55.405199
3,Gen3_Match61_1752197509,Gen3_Deck5,Gen3_Deck6,Gen3_Deck6,0,1,31.610429525375366,1585654,Gen3_Match61_1752197509.txt,,2025-07-11T01:46:27.016219
3,Gen3_Match60_1752197509,Gen3_Deck14,Gen3_Deck4,Gen3_Deck4,0,1,44.87627816200256,1585653,Gen3_Match60_1752197509.txt,,2025-07-11T01:46:37.418539
3,Gen3_Match59_1752197509,Gen3_Deck13,Gen3_Deck4,Gen3_Deck4,0,1,63.9138286113739,1585655,Gen3_Match59_1752197509.txt,,2025-07-11T01:46:45.134801
3,Gen3_Match62_1752197509,Gen3_Deck7,Gen3_Deck5,Gen3_Deck5,0,1,24.82443904876709,1585654,Gen3_Match62_1752197509.txt,,2025-07-11T01:46:51.841167
3,Gen3_Match63_1752197509,Gen3_Deck5,Gen3_Deck8,Gen3_Deck5,1,0,34.12540912628174,1585653,Gen3_Match63_1752197509.txt,,2025-07-11T01:47:11.544482
3,Gen3_Match66_1752197509,Gen3_Deck11,Gen3_Deck5,Gen3_Deck5,0,1,33.299543619155884,1585653,Gen3_Match66_1752197509.txt,,2025-07-11T01:47:44.844803
3,Gen3_Match64_1752197509,Gen3_Deck5,Gen3_Deck9,Gen3_Deck9,0,1,70.2025797367096,1585655,Gen3_Match64_1752197509.txt,,2025-07-11T01:47:55.338017
3,Gen3_Match67_1752197509,Gen3_Deck5,Gen3_Deck12,Gen3_Deck12,0,1,33.29380011558533,1585653,Gen3_Match67_1752197509.txt,,2025-07-11T01:48:18.139137
3,Gen3_Match65_1752197509,Gen3_Deck10,Gen3_Deck5,Gen3_Deck10,1,0,91.90614056587219,1585654,Gen3_Match65_1752197509.txt,,2025-07-11T01:48:23.748129
3,Gen3_Match68_1752197509,Gen3_Deck5,Gen3_Deck13,Gen3_Deck5,1,0,39.17965316772461,1585655,Gen3_Match68_1752197509.txt,,2025-07-11T01:48:34.518201
3,Gen3_Match69_1752197509,Gen3_Deck14,Gen3_Deck5,Gen3_Deck5,0,1,32.198116302490234,1585653,Gen3_Match69_1752197509.txt,,2025-07-11T01:48:50.337750
3,Gen3_Match70_1752197509,Gen3_Deck6,Gen3_Deck7,Gen3_Deck6,1,0,41.07637333869934,1585654,Gen3_Match70_1752197509.txt,,2025-07-11T01:49:04.825117
3,Gen3_Match71_1752197509,Gen3_Deck6,Gen3_Deck8,Gen3_Deck8,0,1,59.944785833358765,1585655,Gen3_Match71_1752197509.txt,,2025-07-11T01:49:34.463503
3,Gen3_Match72_1752197509,Gen3_Deck9,Gen3_Deck6,Gen3_Deck6,0,1,47.006410121917725,1585653,Gen3_Match72_1752197509.txt,,2025-07-11T01:49:37.344729
3,Gen3_Match73_1752197509,Gen3_Deck6,Gen3_Deck10,Gen3_Deck10,0,1,37.71403932571411,1585654,Gen3_Match73_1752197509.txt,,2025-07-11T01:49:42.539656
3,Gen3_Match74_1752197509,Gen3_Deck6,Gen3_Deck11,Gen3_Deck6,1,0,25.884618520736694,1585655,Gen3_Match74_1752197509.txt,,2025-07-11T01:50:00.348590
3,Gen3_Match75_1752197509,Gen3_Deck12,Gen3_Deck6,Gen3_Deck12,1,0,26.4316623210907,1585653,Gen3_Match75_1752197509.txt,,2025-07-11T01:50:03.776864
3,Gen3_Match76_1752197509,Gen3_Deck13,Gen3_Deck6,Gen3_Deck6,0,1,27.76396417617798,1585654,Gen3_Match76_1752197509.txt,,2025-07-11T01:50:10.304102
3,Gen3_Match77_1752197509,Gen3_Deck6,Gen3_Deck14,Gen3_Deck14,0,1,32.21538782119751,1585655,Gen3_Match77_1752197509.txt,,2025-07-11T01:50:32.564529
3,Gen3_Match78_1752197509,Gen3_Deck7,Gen3_Deck8,Gen3_Deck8,0,1,35.49510598182678,1585653,Gen3_Match78_1752197509.txt,,2025-07-11T01:50:39.272574
3,Gen3_Match79_1752197509,Gen3_Deck7,Gen3_Deck9,Gen3_Deck9,0,1,42.87467384338379,1585654,Gen3_Match79_1752197509.txt,,2025-07-11T01:50:53.179399
3,Gen3_Match80_1752197509,Gen3_Deck10,Gen3_Deck7,Gen3_Deck10,1,0,28.096022844314575,1585655,Gen3_Match80_1752197509.txt,,2025-07-11T01:51:00.661011
3,Gen3_Match82_1752197509,Gen3_Deck7,Gen3_Deck12,Gen3_Deck12,0,1,36.06284546852112,1585654,Gen3_Match82_1752197509.txt,,2025-07-11T01:51:29.242859
3,Gen3_Match83_1752197509,Gen3_Deck13,Gen3_Deck7,Gen3_Deck7,0,1,30.18756127357483,1585655,Gen3_Match83_1752197509.txt,,2025-07-11T01:51:30.849128
3,Gen3_Match81_1752197509,Gen3_Deck11,Gen3_Deck7,Gen3_Deck11,1,0,75.23947286605835,1585653,Gen3_Match81_1752197509.txt,,2025-07-11T01:51:54.512746
3,Gen3_Match85_1752197509,Gen3_Deck8,Gen3_Deck9,Gen3_Deck8,1,0,25.57960534095764,1585655,Gen3_Match85_1752197509.txt,,2025-07-11T01:51:56.429225
3,Gen3_Match84_1752197509,Gen3_Deck14,Gen3_Deck7,Gen3_Deck14,1,0,42.88172721862793,1585654,Gen3_Match84_1752197509.txt,,2025-07-11T01:52:12.125051
3,Gen3_Match87_1752197509,Gen3_Deck8,Gen3_Deck11,Gen3_Deck8,1,0,31.53083848953247,1585655,Gen3_Match87_1752197509.txt,,2025-07-11T01:52:27.960638
3,Gen3_Match86_1752197509,Gen3_Deck10,Gen3_Deck8,Gen3_Deck10,1,0,41.941689014434814,1585653,Gen3_Match86_1752197509.txt,,2025-07-11T01:52:36.455043
3,Gen3_Match88_1752197509,Gen3_Deck8,Gen3_Deck12,Gen3_Deck12,0,1,35.59083795547485,1585654,Gen3_Match88_1752197509.txt,,2025-07-11T01:52:47.716395
3,Gen3_Match89_1752197509,Gen3_Deck13,Gen3_Deck8,Gen3_Deck8,0,1,33.303330421447754,1585655,Gen3_Match89_1752197509.txt,,2025-07-11T01:53:01.264488
3,Gen3_Match90_1752197509,Gen3_Deck14,Gen3_Deck8,Gen3_Deck8,0,1,31.873802661895752,1585653,Gen3_Match90_1752197509.txt,,2025-07-11T01:53:08.329379
3,Gen3_Match91_1752197509,Gen3_Deck10,Gen3_Deck9,Gen3_Deck10,1,0,36.287065505981445,1585654,Gen3_Match91_1752197509.txt,,2025-07-11T01:53:24.003930
3,Gen3_Match93_1752197509,Gen3_Deck9,Gen3_Deck12,Gen3_Deck9,1,0,33.56602883338928,1585653,Gen3_Match93_1752197509.txt,,2025-07-11T01:53:41.895994
3,Gen3_Match92_1752197509,Gen3_Deck9,Gen3_Deck11,Gen3_Deck9,1,0,41.58740973472595,1585655,Gen3_Match92_1752197509.txt,,2025-07-11T01:53:42.852389
3,Gen3_Match94_1752197509,Gen3_Deck13,Gen3_Deck9,Gen3_Deck9,0,1,36.3255078792572,1585654,Gen3_Match94_1752197509.txt,,2025-07-11T01:54:00.329920
3,Gen3_Match96_1752197509,Gen3_Deck11,Gen3_Deck10,Gen3_Deck10,0,1,34.41947793960571,1585655,Gen3_Match96_1752197509.txt,,2025-07-11T01:54:17.272329
3,Gen3_Match97_1752197509,Gen3_Deck10,Gen3_Deck12,Gen3_Deck12,0,1,26.565963983535767,1585654,Gen3_Match97_1752197509.txt,,2025-07-11T01:54:26.896367
3,Gen3_Match95_1752197509,Gen3_Deck14,Gen3_Deck9,Gen3_Deck9,0,1,58.47206258773804,1585653,Gen3_Match95_1752197509.txt,,2025-07-11T01:54:40.368557
3,Gen3_Match99_1752197509,Gen3_Deck14,Gen3_Deck10,Gen3_Deck10,0,1,28.275532245635986,1585654,Gen3_Match99_1752197509.txt,,2025-07-11T01:54:55.172450
3,Gen3_Match100_1752197509,Gen3_Deck12,Gen3_Deck11,Gen3_Deck12,1,0,24.239539623260498,1585653,Gen3_Match100_1752197509.txt,,2025-07-11T01:55:04.608546
3,Gen3_Match98_1752197509,Gen3_Deck10,Gen3_Deck13,Gen3_Deck10,1,0,57.54552960395813,1585655,Gen3_Match98_1752197509.txt,,2025-07-11T01:55:14.818405
3,Gen3_Match102_1752197509,Gen3_Deck14,Gen3_Deck11,Gen3_Deck11,0,1,28.987406969070435,1585653,Gen3_Match102_1752197509.txt,,2025-07-11T01:55:33.596424
3,Gen3_Match103_1752197509,Gen3_Deck13,Gen3_Deck12,Gen3_Deck12,0,1,34.2512423992157,1585655,Gen3_Match103_1752197509.txt,,2025-07-11T01:55:49.070185
3,Gen3_Match101_1752197509,Gen3_Deck11,Gen3_Deck13,Gen3_Deck11,1,0,54.755454540252686,1585654,Gen3_Match101_1752197509.txt,,2025-07-11T01:55:49.928451
3,Gen3_Match104_1752197509,Gen3_Deck14,Gen3_Deck12,Gen3_Deck12,0,1,31.601322650909424,1585653,Gen3_Match104_1752197509.txt,,2025-07-11T01:56:05.198290
3,Gen3_Match105_1752197509,Gen3_Deck13,Gen3_Deck14,Gen3_Deck13,1,0,24.177309036254883,1585655,Gen3_Match105_1752197509.txt,,2025-07-11T01:56:13.248060
4,Gen4_Match1_1752198973,Gen4_Deck1,Gen4_Deck0,Gen4_Deck0,0,1,27.265942573547363,1636827,Gen4_Match1_1752198973.txt,,2025-07-11T01:56:40.547843
4,Gen4_Match3_1752198973,Gen4_Deck0,Gen4_Deck3,Gen4_Deck0,1,0,32.732916593551636,1636829,Gen4_Match3_1752198973.txt,,2025-07-11T01:56:46.016862
4,Gen4_Match2_1752198973,Gen4_Deck2,Gen4_Deck0,Gen4_Deck2,1,0,58.37605667114258,1636828,Gen4_Match2_1752198973.txt,,2025-07-11T01:57:11.658385
4,Gen4_Match5_1752198973,Gen4_Deck5,Gen4_Deck0,Gen4_Deck5,1,0,25.67336654663086,1636829,Gen4_Match5_1752198973.txt,,2025-07-11T01:57:11.691021
4,Gen4_Match4_1752198973,Gen4_Deck4,Gen4_Deck0,Gen4_Deck0,0,1,41.88260531425476,1636827,Gen4_Match4_1752198973.txt,,2025-07-11T01:57:22.431421
4,Gen4_Match6_1752198973,Gen4_Deck0,Gen4_Deck6,Gen4_Deck6,0,1,26.464592456817627,1636828,Gen4_Match6_1752198973.txt,,2025-07-11T01:57:38.123736
4,Gen4_Match7_1752198973,Gen4_Deck0,Gen4_Deck7,Gen4_Deck0,1,0,34.668357133865356,1636829,Gen4_Match7_1752198973.txt,,2025-07-11T01:57:46.360051
4,Gen4_Match8_1752198973,Gen4_Deck8,Gen4_Deck0,Gen4_Deck8,1,0,55.44473123550415,1636827,Gen4_Match8_1752198973.txt,,2025-07-11T01:58:17.876805
4,Gen4_Match9_1752198973,Gen4_Deck9,Gen4_Deck0,Gen4_Deck0,0,1,46.40022850036621,1636828,Gen4_Match9_1752198973.txt,,2025-07-11T01:58:24.524491
4,Gen4_Match10_1752198973,Gen4_Deck0,Gen4_Deck10,Gen4_Deck10,0,1,67.06544208526611,1636829,Gen4_Match10_1752198973.txt,,2025-07-11T01:58:53.426079
4,Gen4_Match12_1752198973,Gen4_Deck12,Gen4_Deck0,Gen4_Deck0,0,1,41.48848533630371,1636828,Gen4_Match12_1752198973.txt,,2025-07-11T01:59:06.013486
4,Gen4_Match11_1752198973,Gen4_Deck11,Gen4_Deck0,Gen4_Deck11,1,0,63.9528021812439,1636827,Gen4_Match11_1752198973.txt,,2025-07-11T01:59:21.830195
4,Gen4_Match14_1752198973,Gen4_Deck0,Gen4_Deck14,Gen4_Deck0,1,0,26.562933683395386,1636828,Gen4_Match14_1752198973.txt,,2025-07-11T01:59:32.576860
4,Gen4_Match15_1752198973,Gen4_Deck2,Gen4_Deck1,Gen4_Deck2,1,0,23.31003499031067,1636827,Gen4_Match15_1752198973.txt,,2025-07-11T01:59:45.140728
4,Gen4_Match16_1752198973,Gen4_Deck1,Gen4_Deck3,Gen4_Deck3,0,1,28.219772577285767,1636828,Gen4_Match16_1752198973.txt,,2025-07-11T02:00:00.797091
4,Gen4_Match17_1752198973,Gen4_Deck1,Gen4_Deck4,Gen4_Deck4,0,1,25.247674465179443,1636827,Gen4_Match17_1752198973.txt,,2025-07-11T02:00:10.388895
4,Gen4_Match13_1752198973,Gen4_Deck0,Gen4_Deck13,Gen4_Deck0,1,0,94.62597298622131,1636829,Gen4_Match13_1752198973.txt,,2025-07-11T02:00:28.052644
4,Gen4_Match19_1752198973,Gen4_Deck6,Gen4_Deck1,Gen4_Deck6,1,0,27.8139967918396,1636827,Gen4_Match19_1752198973.txt,,2025-07-11T02:00:38.203372
4,Gen4_Match20_1752198973,Gen4_Deck1,Gen4_Deck7,Gen4_Deck1,1,0,25.63937020301819,1636829,Gen4_Match20_1752198973.txt,,2025-07-11T02:00:53.692466
4,Gen4_Match21_1752198973,Gen4_Deck8,Gen4_Deck1,Gen4_Deck8,1,0,42.94012451171875,1636827,Gen4_Match21_1752198973.txt,,2025-07-11T02:01:21.144211
4,Gen4_Match23_1752198973,Gen4_Deck1,Gen4_Deck10,Gen4_Deck1,1,0,21.326523303985596,1636827,Gen4_Match23_1752198973.txt,,2025-07-11T02:01:42.471237
4,Gen4_Match22_1752198973,Gen4_Deck9,Gen4_Deck1,Gen4_Deck9,1,0,54.51081609725952,1636829,Gen4_Match22_1752198973.txt,,2025-07-11T02:01:48.203868
4,Gen4_Match25_1752198973,Gen4_Deck12,Gen4_Deck1,Gen4_Deck12,1,0,19.207869291305542,1636829,Gen4_Match25_1752198973.txt,,2025-07-11T02:02:07.412545
4,Gen4_Match18_1752198973,Gen4_Deck5,Gen4_Deck1,Gen4_Deck5,1,0,130.59959173202515,1636828,Gen4_Match18_1752198973.txt,,2025-07-11T02:02:11.397332
4,Gen4_Match24_1752198973,Gen4_Deck1,Gen4_Deck11,Gen4_Deck1,1,0,44.991111516952515,1636827,Gen4_Match24_1752198973.txt,,2025-07-11T02:02:27.462948
4,Gen4_Match26_1752198973,Gen4_Deck13,Gen4_Deck1,Gen4_Deck13,1,0,27.29116129875183,1636829,Gen4_Match26_1752198973.txt,,2025-07-11T02:02:34.704278
4,Gen4_Match27_1752198973,Gen4_Deck1,Gen4_Deck14,Gen4_Deck1,1,0,28.33071208000183,1636828,Gen4_Match27_1752198973.txt,,2025-07-11T02:02:39.728603
4,Gen4_Match28_1752198973,Gen4_Deck3,Gen4_Deck2,Gen4_Deck3,1,0,32.50109314918518,1636827,Gen4_Match28_1752198973.txt,,2025-07-11T02:02:59.964547
4,Gen4_Match29_1752198973,Gen4_Deck2,Gen4_Deck4,Gen4_Deck2,1,0,31.23679232597351,1636829,Gen4_Match29_1752198973.txt,,2025-07-11T02:03:05.941626
4,Gen4_Match31_1752198973,Gen4_Deck6,Gen4_Deck2,Gen4_Deck6,1,0,25.645256519317627,1636827,Gen4_Match31_1752198973.txt,,2025-07-11T02:03:25.610277
4,Gen4_Match32_1752198973,Gen4_Deck7,Gen4_Deck2,Gen4_Deck2,0,1,32.069568395614624,1636829,Gen4_Match32_1752198973.txt,,2025-07-11T02:03:38.011737
4,Gen4_Match30_1752198973,Gen4_Deck5,Gen4_Deck2,Gen4_Deck2,0,1,63.635080099105835,1636828,Gen4_Match30_1752198973.txt,,2025-07-11T02:03:43.364300
4,Gen4_Match33_1752198973,Gen4_Deck2,Gen4_Deck8,Gen4_Deck8,0,1,31.696403741836548,1636827,Gen4_Match33_1752198973.txt,,2025-07-11T02:03:57.307181
4,Gen4_Match34_1752198973,Gen4_Deck9,Gen4_Deck2,Gen4_Deck9,1,0,27.156250476837158,1636829,Gen4_Match34_1752198973.txt,,2025-07-11T02:04:05.168501
4,Gen4_Match35_1752198973,Gen4_Deck10,Gen4_Deck2,Gen4_Deck2,0,1,41.67905044555664,1636828,Gen4_Match35_1752198973.txt,,2025-07-11T02:04:25.043850
4,Gen4_Match36_1752198973,Gen4_Deck11,Gen4_Deck2,Gen4_Deck11,1,0,28.94856905937195,1636827,Gen4_Match36_1752198973.txt,,2025-07-11T02:04:26.256200
4,Gen4_Match37_1752198973,Gen4_Deck2,Gen4_Deck12,Gen4_Deck12,0,1,47.1654589176178,1636829,Gen4_Match37_1752198973.txt,,2025-07-11T02:04:52.334475
4,Gen4_Match39_1752198973,Gen4_Deck14,Gen4_Deck2,Gen4_Deck2,0,1,39.63263511657715,1636827,Gen4_Match39_1752198973.txt,,2025-07-11T02:05:05.889317
4,Gen4_Match38_1752198973,Gen4_Deck13,Gen4_Deck2,Gen4_Deck13,1,0,47.54425644874573,1636828,Gen4_Match38_1752198973.txt,,2025-07-11T02:05:12.588615
4,Gen4_Match40_1752198973,Gen4_Deck3,Gen4_Deck4,Gen4_Deck3,1,0,26.63871455192566,1636829,Gen4_Match40_1752198973.txt,,2025-07-11T02:05:18.973746
4,Gen4_Match41_1752198973,Gen4_Deck5,Gen4_Deck3,Gen4_Deck5,1,0,28.21019458770752,1636827,Gen4_Match41_1752198973.txt,,2025-07-11T02:05:34.099911
4,Gen4_Match42_1752198973,Gen4_Deck3,Gen4_Deck6,Gen4_Deck3,1,0,28.223214864730835,1636828,Gen4_Match42_1752198973.txt,,2025-07-11T02:05:40.812265
4,Gen4_Match43_1752198973,Gen4_Deck3,Gen4_Deck7,Gen4_Deck3,1,0,28.570309162139893,1636829,Gen4_Match43_1752198973.txt,,2025-07-11T02:05:47.544531
4,Gen4_Match44_1752198973,Gen4_Deck8,Gen4_Deck3,Gen4_Deck8,1,0,34.17227029800415,1636827,Gen4_Match44_1752198973.txt,,2025-07-11T02:06:08.272634
4,Gen4_Match46_1752198973,Gen4_Deck3,Gen4_Deck10,Gen4_Deck10,0,1,33.40589118003845,1636829,Gen4_Match46_1752198973.txt,,2025-07-11T02:06:20.950936
4,Gen4_Match45_1752198973,Gen4_Deck9,Gen4_Deck3,Gen4_Deck9,1,0,65.2187340259552,1636828,Gen4_Match45_1752198973.txt,,2025-07-11T02:06:46.031520
4,Gen4_Match48_1752198973,Gen4_Deck12,Gen4_Deck3,Gen4_Deck12,1,0,35.825432777404785,1636829,Gen4_Match48_1752198973.txt,,2025-07-11T02:06:56.776934
4,Gen4_Match49_1752198973,Gen4_Deck3,Gen4_Deck13,Gen4_Deck13,0,1,36.76469564437866,1636828,Gen4_Match49_1752198973.txt,,2025-07-11T02:07:22.796694
4,Gen4_Match47_1752198973,Gen4_Deck3,Gen4_Deck11,Gen4_Deck3,1,0,79.28655576705933,1636827,Gen4_Match47_1752198973.txt,,2025-07-11T02:07:27.559801
4,Gen4_Match50_1752198973,Gen4_Deck3,Gen4_Deck14,Gen4_Deck14,0,1,41.6911039352417,1636829,Gen4_Match50_1752198973.txt,,2025-07-11T02:07:38.468643
4,Gen4_Match52_1752198973,Gen4_Deck6,Gen4_Deck4,Gen4_Deck6,1,0,29.40621256828308,1636827,Gen4_Match52_1752198973.txt,,2025-07-11T02:07:56.966568
4,Gen4_Match53_1752198973,Gen4_Deck7,Gen4_Deck4,Gen4_Deck4,0,1,36.21528124809265,1636829,Gen4_Match53_1752198973.txt,,2025-07-11T02:08:14.684432
4,Gen4_Match51_1752198973,Gen4_Deck4,Gen4_Deck5,Gen4_Deck5,0,1,54.46227741241455,1636828,Gen4_Match51_1752198973.txt,,2025-07-11T02:08:17.259484
4,Gen4_Match55_1752198973,Gen4_Deck4,Gen4_Deck9,Gen4_Deck9,0,1,35.04353165626526,1636829,Gen4_Match55_1752198973.txt,,2025-07-11T02:08:49.728562
4,Gen4_Match54_1752198973,Gen4_Deck4,Gen4_Deck8,Gen4_Deck4,1,0,74.13342571258545,1636827,Gen4_Match54_1752198973.txt,,2025-07-11T02:09:11.100500
4,Gen4_Match58_1752198973,Gen4_Deck4,Gen4_Deck12,Gen4_Deck12,0,1,20.27838659286499,1636827,Gen4_Match58_1752198973.txt,,2025-07-11T02:09:31.379330
4,Gen4_Match56_1752198973,Gen4_Deck10,Gen4_Deck4,Gen4_Deck4,0,1,110.93976640701294,1636828,Gen4_Match56_1752198973.txt,,2025-07-11T02:10:08.200064
4,Gen4_Match59_1752198973,Gen4_Deck13,Gen4_Deck4,Gen4_Deck4,0,1,38.1407835483551,1636827,Gen4_Match59_1752198973.txt,,2025-07-11T02:10:09.520848
4,Gen4_Match57_1752198973,Gen4_Deck4,Gen4_Deck11,Gen4_Deck4,1,0,87.91647171974182,1636829,Gen4_Match57_1752198973.txt,,2025-07-11T02:10:17.645891
4,Gen4_Match60_1752198973,Gen4_Deck14,Gen4_Deck4,Gen4_Deck14,1,0,26.581228017807007,1636828,Gen4_Match60_1752198973.txt,,2025-07-11T02:10:34.781694
4,Gen4_Match62_1752198973,Gen4_Deck5,Gen4_Deck7,Gen4_Deck5,1,0,28.516128063201904,1636829,Gen4_Match62_1752198973.txt,,2025-07-11T02:10:46.162499
4,Gen4_Match61_1752198973,Gen4_Deck6,Gen4_Deck5,Gen4_Deck5,0,1,67.76212286949158,1636827,Gen4_Match61_1752198973.txt,,2025-07-11T02:11:17.283503
4,Gen4_Match64_1752198973,Gen4_Deck9,Gen4_Deck5,Gen4_Deck9,1,0,49.424493074417114,1636829,Gen4_Match64_1752198973.txt,,2025-07-11T02:11:35.587517
4,Gen4_Match65_1752198973,Gen4_Deck5,Gen4_Deck10,Gen4_Deck10,0,1,35.428380727767944,1636827,Gen4_Match65_1752198973.txt,,2025-07-11T02:11:52.712344
4,Gen4_Match66_1752198973,Gen4_Deck5,Gen4_Deck11,Gen4_Deck11,0,1,27.287474632263184,1636829,Gen4_Match66_1752198973.txt,,2025-07-11T02:12:02.875672
4,Gen4_Match67_1752198973,Gen4_Deck12,Gen4_Deck5,Gen4_Deck12,1,0,26.95545506477356,1636827,Gen4_Match67_1752198973.txt,,2025-07-11T02:12:19.668218
4,Gen4_Match63_1752198973,Gen4_Deck8,Gen4_Deck5,Gen4_Deck8,1,0,109.2746217250824,1636828,Gen4_Match63_1752198973.txt,,2025-07-11T02:12:24.056891
4,Gen4_Match68_1752198973,Gen4_Deck13,Gen4_Deck5,Gen4_Deck13,1,0,24.65641498565674,1636829,Gen4_Match68_1752198973.txt,,2025-07-11T02:12:27.532683
4,Gen4_Match71_1752198973,Gen4_Deck8,Gen4_Deck6,Gen4_Deck6,0,1,23.72323751449585,1636829,Gen4_Match71_1752198973.txt,,2025-07-11T02:12:51.256344
4,Gen4_Match70_1752198973,Gen4_Deck6,Gen4_Deck7,Gen4_Deck6,1,0,29.95908284187317,1636828,Gen4_Match70_1752198973.txt,,2025-07-11T02:12:54.016448
4,Gen4_Match69_1752198973,Gen4_Deck5,Gen4_Deck14,Gen4_Deck14,0,1,35.353323221206665,1636827,Gen4_Match69_1752198973.txt,,2025-07-11T02:12:55.022004
4,Gen4_Match74_1752198973,Gen4_Deck6,Gen4_Deck11,Gen4_Deck6,1,0,24.502038717269897,1636827,Gen4_Match74_1752198973.txt,,2025-07-11T02:13:19.524489
4,Gen4_Match72_1752198973,Gen4_Deck9,Gen4_Deck6,Gen4_Deck9,1,0,38.6570930480957,1636829,Gen4_Match72_1752198973.txt,,2025-07-11T02:13:29.913899
4,Gen4_Match75_1752198973,Gen4_Deck12,Gen4_Deck6,Gen4_Deck12,1,0,28.404202461242676,1636827,Gen4_Match75_1752198973.txt,,2025-07-11T02:13:47.929162
4,Gen4_Match76_1752198973,Gen4_Deck13,Gen4_Deck6,Gen4_Deck13,1,0,31.34600305557251,1636829,Gen4_Match76_1752198973.txt,,2025-07-11T02:14:01.260369
4,Gen4_Match77_1752198973,Gen4_Deck6,Gen4_Deck14,Gen4_Deck14,0,1,39.09074258804321,1636827,Gen4_Match77_1752198973.txt,,2025-07-11T02:14:27.020400
4,Gen4_Match78_1752198973,Gen4_Deck7,Gen4_Deck8,Gen4_Deck7,1,0,35.58896613121033,1636829,Gen4_Match78_1752198973.txt,,2025-07-11T02:14:36.849845
4,Gen4_Match73_1752198973,Gen4_Deck6,Gen4_Deck10,Gen4_Deck6,1,0,134.0446355342865,1636828,Gen4_Match73_1752198973.txt,,2025-07-11T02:15:08.061924
4,Gen4_Match79_1752198973,Gen4_Deck9,Gen4_Deck7,Gen4_Deck9,1,0,41.78817677497864,1636827,Gen4_Match79_1752198973.txt,,2025-07-11T02:15:08.809060
4,Gen4_Match80_1752198973,Gen4_Deck7,Gen4_Deck10,Gen4_Deck10,0,1,41.83858036994934,1636829,Gen4_Match80_1752198973.txt,,2025-07-11T02:15:18.688986
4,Gen4_Match82_1752198973,Gen4_Deck7,Gen4_Deck12,Gen4_Deck12,0,1,27.1318039894104,1636827,Gen4_Match82_1752198973.txt,,2025-07-11T02:15:35.941293
4,Gen4_Match83_1752198973,Gen4_Deck13,Gen4_Deck7,Gen4_Deck13,1,0,33.449713706970215,1636829,Gen4_Match83_1752198973.txt,,2025-07-11T02:15:52.139157
4,Gen4_Match81_1752198973,Gen4_Deck7,Gen4_Deck11,Gen4_Deck11,0,1,47.34195351600647,1636828,Gen4_Match81_1752198973.txt,,2025-07-11T02:15:55.404481
4,Gen4_Match84_1752198973,Gen4_Deck7,Gen4_Deck14,Gen4_Deck14,0,1,35.78518867492676,1636827,Gen4_Match84_1752198973.txt,,2025-07-11T02:16:11.726992
4,Gen4_Match85_1752198973,Gen4_Deck9,Gen4_Deck8,Gen4_Deck9,1,0,30.515880346298218,1636829,Gen4_Match85_1752198973.txt,,2025-07-11T02:16:22.655499
4,Gen4_Match87_1752198973,Gen4_Deck8,Gen4_Deck11,Gen4_Deck11,0,1,35.48891305923462,1636827,Gen4_Match87_1752198973.txt,,2025-07-11T02:16:47.216379
4,Gen4_Match88_1752198973,Gen4_Deck12,Gen4_Deck8,Gen4_Deck8,0,1,29.072339057922363,1636829,Gen4_Match88_1752198973.txt,,2025-07-11T02:16:51.728296
4,Gen4_Match86_1752198973,Gen4_Deck8,Gen4_Deck10,Gen4_Deck10,0,1,74.70997667312622,1636828,Gen4_Match86_1752198973.txt,,2025-07-11T02:17:10.115026
4,Gen4_Match90_1752198973,Gen4_Deck8,Gen4_Deck14,Gen4_Deck14,0,1,37.55957055091858,1636829,Gen4_Match90_1752198973.txt,,2025-07-11T02:17:29.288368
4,Gen4_Match89_1752198973,Gen4_Deck8,Gen4_Deck13,Gen4_Deck8,1,0,47.67768621444702,1636827,Gen4_Match89_1752198973.txt,,2025-07-11T02:17:34.894618
4,Gen4_Match93_1752198973,Gen4_Deck9,Gen4_Deck12,Gen4_Deck9,1,0,54.0183367729187,1636827,Gen4_Match93_1752198973.txt,,2025-07-11T02:18:28.913505
4,Gen4_Match92_1752198973,Gen4_Deck9,Gen4_Deck11,Gen4_Deck9,1,0,67.83148145675659,1636829,Gen4_Match92_1752198973.txt,,2025-07-11T02:18:37.120381
4,Gen4_Match94_1752198973,Gen4_Deck13,Gen4_Deck9,Gen4_Deck9,0,1,23.834402799606323,1636827,Gen4_Match94_1752198973.txt,,2025-07-11T02:18:52.748416
4,Gen4_Match91_1752198973,Gen4_Deck10,Gen4_Deck9,Gen4_Deck10,1,0,104.97643709182739,1636828,Gen4_Match91_1752198973.txt,,2025-07-11T02:18:55.092082
4,Gen4_Match95_1752198973,Gen4_Deck14,Gen4_Deck9,Gen4_Deck9,0,1,75.27877497673035,1636829,Gen4_Match95_1752198973.txt,,2025-07-11T02:19:52.399665
4,Gen4_Match98_1752198973,Gen4_Deck13,Gen4_Deck10,Gen4_Deck13,1,0,16.27049469947815,1636829,Gen4_Match98_1752198973.txt,,2025-07-11T02:20:08.670626
4,Gen4_Match99_1752198973,Gen4_Deck10,Gen4_Deck14,Gen4_Deck10,1,0,33.32844257354736,1636829,Gen4_Match99_1752198973.txt,,2025-07-11T02:20:41.999594
4,Gen4_Match96_1752198973,Gen4_Deck10,Gen4_Deck11,Gen4_Deck10,1,0,134.18768000602722,1636827,Gen4_Match96_1752198973.txt,,2025-07-11T02:21:06.936662
4,Gen4_Match97_1752198973,Gen4_Deck12,Gen4_Deck10,Gen4_Deck12,1,0,133.34401941299438,1636828,Gen4_Match97_1752198973.txt,,2025-07-11T02:21:08.436743
4,Gen4_Match100_1752198973,Gen4_Deck11,Gen4_Deck12,Gen4_Deck12,0,1,27.938367128372192,1636829,Gen4_Match100_1752198973.txt,,2025-07-11T02:21:09.938461
4,Gen4_Match102_1752198973,Gen4_Deck14,Gen4_Deck11,Gen4_Deck11,0,1,26.199312210083008,1636828,Gen4_Match102_1752198973.txt,,2025-07-11T02:21:34.636528
4,Gen4_Match103_1752198973,Gen4_Deck13,Gen4_Deck12,Gen4_Deck13,1,0,50.82572913169861,1636829,Gen4_Match103_1752198973.txt,,2025-07-11T02:22:00.764708
4,Gen4_Match105_1752198973,Gen4_Deck13,Gen4_Deck14,Gen4_Deck14,0,1,23.20463490486145,1636829,Gen4_Match105_1752198973.txt,,2025-07-11T02:22:23.970062
4,Gen4_Match104_1752198973,Gen4_Deck12,Gen4_Deck14,Gen4_Deck14,0,1,52.855774879455566,1636828,Gen4_Match104_1752198973.txt,,2025-07-11T02:22:27.492843
4,Gen4_Match101_1752198973,Gen4_Deck13,Gen4_Deck11,Gen4_Deck13,1,0,134.2510678768158,1636827,Gen4_Match101_1752198973.txt,,2025-07-11T02:23:21.188715
5,Gen5_Match2_1752200601,Gen5_Deck2,Gen5_Deck0,Gen5_Deck0,0,1,28.261109352111816,1689216,Gen5_Match2_1752200601.txt,,2025-07-11T02:23:49.487700
5,Gen5_Match1_1752200601,Gen5_Deck1,Gen5_Deck0,Gen5_Deck1,1,0,52.38754630088806,1689213,Gen5_Match1_1752200601.txt,,2025-07-11T02:24:13.612788
5,Gen5_Match5_1752200601,Gen5_Deck5,Gen5_Deck0,Gen5_Deck5,1,0,19.57815408706665,1689213,Gen5_Match5_1752200601.txt,,2025-07-11T02:24:33.191688
5,Gen5_Match3_1752200601,Gen5_Deck0,Gen5_Deck3,Gen5_Deck0,1,0,92.26843881607056,1689215,Gen5_Match3_1752200601.txt,,2025-07-11T02:24:53.497066
5,Gen5_Match6_1752200601,Gen5_Deck0,Gen5_Deck6,Gen5_Deck0,1,0,45.17382836341858,1689213,Gen5_Match6_1752200601.txt,,2025-07-11T02:25:18.366159
5,Gen5_Match7_1752200601,Gen5_Deck0,Gen5_Deck7,Gen5_Deck7,0,1,42.70026206970215,1689215,Gen5_Match7_1752200601.txt,,2025-07-11T02:25:36.198057
5,Gen5_Match8_1752200601,Gen5_Deck8,Gen5_Deck0,Gen5_Deck8,1,0,29.9345281124115,1689213,Gen5_Match8_1752200601.txt,,2025-07-11T02:25:48.301213
5,Gen5_Match4_1752200601,Gen5_Deck4,Gen5_Deck0,Gen5_Deck0,0,1,123.731196641922,1689216,Gen5_Match4_1752200601.txt,,2025-07-11T02:25:53.219928
5,Gen5_Match9_1752200601,Gen5_Deck9,Gen5_Deck0,Gen5_Deck9,1,0,75.1221239566803,1689215,Gen5_Match9_1752200601.txt,,2025-07-11T02:26:51.321299
5,Gen5_Match12_1752200601,Gen5_Deck12,Gen5_Deck0,Gen5_Deck12,1,0,21.82138180732727,1689215,Gen5_Match12_1752200601.txt,,2025-07-11T02:27:13.143278
5,Gen5_Match13_1752200601,Gen5_Deck0,Gen5_Deck13,Gen5_Deck0,1,0,36.846832275390625,1689215,Gen5_Match13_1752200601.txt,,2025-07-11T02:27:49.990773
5,Gen5_Match10_1752200601,Gen5_Deck0,Gen5_Deck10,Gen5_Deck0,1,0,134.0050253868103,1689213,Gen5_Match10_1752200601.txt,,2025-07-11T02:28:02.306859
5,Gen5_Match11_1752200601,Gen5_Deck11,Gen5_Deck0,Gen5_Deck11,1,0,132.62037301063538,1689216,Gen5_Match11_1752200601.txt,,2025-07-11T02:28:05.840985
5,Gen5_Match14_1752200601,Gen5_Deck0,Gen5_Deck14,Gen5_Deck0,1,0,24.549236536026,1689215,Gen5_Match14_1752200601.txt,,2025-07-11T02:28:14.540519
5,Gen5_Match16_1752200601,Gen5_Deck3,Gen5_Deck1,Gen5_Deck1,0,1,33.24835753440857,1689216,Gen5_Match16_1752200601.txt,,2025-07-11T02:28:39.089826
5,Gen5_Match15_1752200601,Gen5_Deck1,Gen5_Deck2,Gen5_Deck1,1,0,37.64921712875366,1689213,Gen5_Match15_1752200601.txt,,2025-07-11T02:28:39.956566
5,Gen5_Match17_1752200601,Gen5_Deck4,Gen5_Deck1,Gen5_Deck1,0,1,48.3475706577301,1689215,Gen5_Match17_1752200601.txt,,2025-07-11T02:29:02.888632
5,Gen5_Match18_1752200601,Gen5_Deck1,Gen5_Deck5,Gen5_Deck1,1,0,25.396841526031494,1689216,Gen5_Match18_1752200601.txt,,2025-07-11T02:29:04.487159
5,Gen5_Match19_1752200601,Gen5_Deck1,Gen5_Deck6,Gen5_Deck6,0,1,25.385406017303467,1689213,Gen5_Match19_1752200601.txt,,2025-07-11T02:29:05.342476
5,Gen5_Match21_1752200601,Gen5_Deck1,Gen5_Deck8,Gen5_Deck1,1,0,28.96043872833252,1689216,Gen5_Match21_1752200601.txt,,2025-07-11T02:29:33.448074
5,Gen5_Match20_1752200601,Gen5_Deck7,Gen5_Deck1,Gen5_Deck7,1,0,43.91043019294739,1689215,Gen5_Match20_1752200601.txt,,2025-07-11T02:29:46.799567
5,Gen5_Match22_1752200601,Gen5_Deck1,Gen5_Deck9,Gen5_Deck9,0,1,41.64155197143555,1689213,Gen5_Match22_1752200601.txt,,2025-07-11T02:29:46.984562
5,Gen5_Match23_1752200601,Gen5_Deck10,Gen5_Deck1,Gen5_Deck10,1,0,24.587174892425537,1689216,Gen5_Match23_1752200601.txt,,2025-07-11T02:29:58.035708
5,Gen5_Match24_1752200601,Gen5_Deck11,Gen5_Deck1,Gen5_Deck11,1,0,27.74031138420105,1689215,Gen5_Match24_1752200601.txt,,2025-07-11T02:30:14.540340
5,Gen5_Match25_1752200601,Gen5_Deck1,Gen5_Deck12,Gen5_Deck1,1,0,30.992961168289185,1689213,Gen5_Match25_1752200601.txt,,2025-07-11T02:30:17.978032
5,Gen5_Match26_1752200601,Gen5_Deck1,Gen5_Deck13,Gen5_Deck1,1,0,26.408394813537598,1689216,Gen5_Match26_1752200601.txt,,2025-07-11T02:30:24.444614
5,Gen5_Match27_1752200601,Gen5_Deck14,Gen5_Deck1,Gen5_Deck1,0,1,43.449206590652466,1689215,Gen5_Match27_1752200601.txt,,2025-07-11T02:30:57.990110
5,Gen5_Match29_1752200601,Gen5_Deck2,Gen5_Deck4,Gen5_Deck4,0,1,40.87029147148132,1689216,Gen5_Match29_1752200601.txt,,2025-07-11T02:31:05.315429
5,Gen5_Match28_1752200601,Gen5_Deck2,Gen5_Deck3,Gen5_Deck2,1,0,62.66600203514099,1689213,Gen5_Match28_1752200601.txt,,2025-07-11T02:31:20.644690
5,Gen5_Match32_1752200601,Gen5_Deck2,Gen5_Deck7,Gen5_Deck7,0,1,25.481139183044434,1689213,Gen5_Match32_1752200601.txt,,2025-07-11T02:31:46.126287
5,Gen5_Match30_1752200601,Gen5_Deck5,Gen5_Deck2,Gen5_Deck5,1,0,62.232123613357544,1689215,Gen5_Match30_1752200601.txt,,2025-07-11T02:32:00.222846
5,Gen5_Match33_1752200601,Gen5_Deck8,Gen5_Deck2,Gen5_Deck2,0,1,31.625771284103394,1689213,Gen5_Match33_1752200601.txt,,2025-07-11T02:32:17.752545
5,Gen5_Match34_1752200601,Gen5_Deck9,Gen5_Deck2,Gen5_Deck9,1,0,50.142847299575806,1689215,Gen5_Match34_1752200601.txt,,2025-07-11T02:32:50.366272
5,Gen5_Match35_1752200601,Gen5_Deck2,Gen5_Deck10,Gen5_Deck2,1,0,41.59385967254639,1689213,Gen5_Match35_1752200601.txt,,2025-07-11T02:32:59.347037
5,Gen5_Match36_1752200601,Gen5_Deck2,Gen5_Deck11,Gen5_Deck11,0,1,18.577171087265015,1689215,Gen5_Match36_1752200601.txt,,2025-07-11T02:33:08.943924
5,Gen5_Match31_1752200601,Gen5_Deck2,Gen5_Deck6,Gen5_Deck2,1,0,131.8246729373932,1689216,Gen5_Match31_1752200601.txt,,2025-07-11T02:33:17.140731
5,Gen5_Match37_1752200601,Gen5_Deck12,Gen5_Deck2,Gen5_Deck2,0,1,22.72484803199768,1689213,Gen5_Match37_1752200601.txt,,2025-07-11T02:33:22.072320
5,Gen5_Match38_1752200601,Gen5_Deck2,Gen5_Deck13,Gen5_Deck13,0,1,38.88375473022461,1689215,Gen5_Match38_1752200601.txt,,2025-07-11T02:33:47.828163
5,Gen5_Match39_1752200601,Gen5_Deck2,Gen5_Deck14,Gen5_Deck2,1,0,36.70666813850403,1689216,Gen5_Match39_1752200601.txt,,2025-07-11T02:33:53.847936
5,Gen5_Match41_1752200601,Gen5_Deck3,Gen5_Deck5,Gen5_Deck5,0,1,27.131741285324097,1689215,Gen5_Match41_1752200601.txt,,2025-07-11T02:34:14.960393
5,Gen5_Match42_1752200601,Gen5_Deck6,Gen5_Deck3,Gen5_Deck3,0,1,25.49606680870056,1689216,Gen5_Match42_1752200601.txt,,2025-07-11T02:34:19.344483
5,Gen5_Match40_1752200601,Gen5_Deck4,Gen5_Deck3,Gen5_Deck4,1,0,60.662447690963745,1689213,Gen5_Match40_1752200601.txt,,2025-07-11T02:34:22.735443
5,Gen5_Match45_1752200601,Gen5_Deck3,Gen5_Deck9,Gen5_Deck9,0,1,36.867270946502686,1689213,Gen5_Match45_1752200601.txt,,2025-07-11T02:34:59.603181
5,Gen5_Match44_1752200601,Gen5_Deck8,Gen5_Deck3,Gen5_Deck8,1,0,45.92067289352417,1689216,Gen5_Match44_1752200601.txt,,2025-07-11T02:35:05.265693
5,Gen5_Match43_1752200601,Gen5_Deck3,Gen5_Deck7,Gen5_Deck7,0,1,61.15517568588257,1689215,Gen5_Match43_1752200601.txt,,2025-07-11T02:35:16.116077
5,Gen5_Match46_1752200601,Gen5_Deck10,Gen5_Deck3,Gen5_Deck3,0,1,22.436861276626587,1689213,Gen5_Match46_1752200601.txt,,2025-07-11T02:35:22.040459
5,Gen5_Match47_1752200601,Gen5_Deck11,Gen5_Deck3,Gen5_Deck3,0,1,28.490431308746338,1689216,Gen5_Match47_1752200601.txt,,2025-07-11T02:35:33.756592
5,Gen5_Match48_1752200601,Gen5_Deck12,Gen5_Deck3,Gen5_Deck3,0,1,27.16873812675476,1689215,Gen5_Match48_1752200601.txt,,2025-07-11T02:35:43.285239
5,Gen5_Match49_1752200601,Gen5_Deck3,Gen5_Deck13,Gen5_Deck3,1,0,37.7612738609314,1689213,Gen5_Match49_1752200601.txt,,2025-07-11T02:35:59.802205
5,Gen5_Match50_1752200601,Gen5_Deck14,Gen5_Deck3,Gen5_Deck14,1,0,26.732552528381348,1689216,Gen5_Match50_1752200601.txt,,2025-07-11T02:36:00.489576
5,Gen5_Match51_1752200601,Gen5_Deck5,Gen5_Deck4,Gen5_Deck4,0,1,39.61000609397888,1689215,Gen5_Match51_1752200601.txt,,2025-07-11T02:36:22.895765
5,Gen5_Match53_1752200601,Gen5_Deck4,Gen5_Deck7,Gen5_Deck7,0,1,32.762369871139526,1689216,Gen5_Match53_1752200601.txt,,2025-07-11T02:36:33.252398
5,Gen5_Match54_1752200601,Gen5_Deck8,Gen5_Deck4,Gen5_Deck8,1,0,41.6281259059906,1689215,Gen5_Match54_1752200601.txt,,2025-07-11T02:37:04.524416
5,Gen5_Match56_1752200601,Gen5_Deck4,Gen5_Deck10,Gen5_Deck4,1,0,23.11630082130432,1689215,Gen5_Match56_1752200601.txt,,2025-07-11T02:37:27.641197
5,Gen5_Match55_1752200601,Gen5_Deck9,Gen5_Deck4,Gen5_Deck9,1,0,66.43950510025024,1689216,Gen5_Match55_1752200601.txt,,2025-07-11T02:37:39.692439
5,Gen5_Match58_1752200601,Gen5_Deck12,Gen5_Deck4,Gen5_Deck4,0,1,25.54739999771118,1689216,Gen5_Match58_1752200601.txt,,2025-07-11T02:38:05.240338
5,Gen5_Match52_1752200601,Gen5_Deck4,Gen5_Deck6,Gen5_Deck4,1,0,133.0155749320984,1689213,Gen5_Match52_1752200601.txt,,2025-07-11T02:38:12.818320
5,Gen5_Match59_1752200601,Gen5_Deck4,Gen5_Deck13,Gen5_Deck13,0,1,22.411529064178467,1689216,Gen5_Match59_1752200601.txt,,2025-07-11T02:38:27.652354
5,Gen5_Match60_1752200601,Gen5_Deck4,Gen5_Deck14,Gen5_Deck4,1,0,33.67085289955139,1689213,Gen5_Match60_1752200601.txt,,2025-07-11T02:38:46.489665
5,Gen5_Match61_1752200601,Gen5_Deck6,Gen5_Deck5,Gen5_Deck5,0,1,25.66006565093994,1689216,Gen5_Match61_1752200601.txt,,2025-07-11T02:38:53.312874
5,Gen5_Match63_1752200601,Gen5_Deck8,Gen5_Deck5,Gen5_Deck8,1,0,22.24297547340393,1689216,Gen5_Match63_1752200601.txt,,2025-07-11T02:39:15.556334
5,Gen5_Match57_1752200601,Gen5_Deck11,Gen5_Deck4,Gen5_Deck11,1,0,129.75874853134155,1689215,Gen5_Match57_1752200601.txt,,2025-07-11T02:39:37.400518
5,Gen5_Match64_1752200601,Gen5_Deck9,Gen5_Deck5,Gen5_Deck9,1,0,26.79968762397766,1689216,Gen5_Match64_1752200601.txt,,2025-07-11T02:39:42.356511
5,Gen5_Match65_1752200601,Gen5_Deck5,Gen5_Deck10,Gen5_Deck5,1,0,22.282979011535645,1689215,Gen5_Match65_1752200601.txt,,2025-07-11T02:39:59.683959
5,Gen5_Match66_1752200601,Gen5_Deck5,Gen5_Deck11,Gen5_Deck5,1,0,28.70468544960022,1689216,Gen5_Match66_1752200601.txt,,2025-07-11T02:40:11.061687
5,Gen5_Match62_1752200601,Gen5_Deck5,Gen5_Deck7,Gen5_Deck7,0,1,106.16549873352051,1689213,Gen5_Match62_1752200601.txt,,2025-07-11T02:40:32.655752
5,Gen5_Match67_1752200601,Gen5_Deck12,Gen5_Deck5,Gen5_Deck5,0,1,38.0898175239563,1689215,Gen5_Match67_1752200601.txt,,2025-07-11T02:40:37.774335
5,Gen5_Match68_1752200601,Gen5_Deck13,Gen5_Deck5,Gen5_Deck5,0,1,34.26494574546814,1689216,Gen5_Match68_1752200601.txt,,2025-07-11T02:40:45.327133
5,Gen5_Match69_1752200601,Gen5_Deck5,Gen5_Deck14,Gen5_Deck5,1,0,28.76053214073181,1689213,Gen5_Match69_1752200601.txt,,2025-07-11T02:41:01.416809
5,Gen5_Match70_1752200601,Gen5_Deck7,Gen5_Deck6,Gen5_Deck7,1,0,29.833696842193604,1689215,Gen5_Match70_1752200601.txt,,2025-07-11T02:41:07.608613
5,Gen5_Match71_1752200601,Gen5_Deck6,Gen5_Deck8,Gen5_Deck8,0,1,29.78189253807068,1689216,Gen5_Match71_1752200601.txt,,2025-07-11T02:41:15.109433
5,Gen5_Match73_1752200601,Gen5_Deck10,Gen5_Deck6,Gen5_Deck10,1,0,22.367769241333008,1689215,Gen5_Match73_1752200601.txt,,2025-07-11T02:41:29.976877
5,Gen5_Match72_1752200601,Gen5_Deck6,Gen5_Deck9,Gen5_Deck9,0,1,30.157963275909424,1689213,Gen5_Match72_1752200601.txt,,2025-07-11T02:41:31.575264
5,Gen5_Match74_1752200601,Gen5_Deck11,Gen5_Deck6,Gen5_Deck6,0,1,32.92814755439758,1689216,Gen5_Match74_1752200601.txt,,2025-07-11T02:41:48.038022
5,Gen5_Match76_1752200601,Gen5_Deck6,Gen5_Deck13,Gen5_Deck6,1,0,28.40854263305664,1689213,Gen5_Match76_1752200601.txt,,2025-07-11T02:41:59.984303
5,Gen5_Match75_1752200601,Gen5_Deck6,Gen5_Deck12,Gen5_Deck6,1,0,33.445799112319946,1689215,Gen5_Match75_1752200601.txt,,2025-07-11T02:42:03.423178
5,Gen5_Match77_1752200601,Gen5_Deck14,Gen5_Deck6,Gen5_Deck6,0,1,27.81909441947937,1689216,Gen5_Match77_1752200601.txt,,2025-07-11T02:42:15.857593
5,Gen5_Match79_1752200601,Gen5_Deck9,Gen5_Deck7,Gen5_Deck7,0,1,39.416786670684814,1689215,Gen5_Match79_1752200601.txt,,2025-07-11T02:42:42.840534
5,Gen5_Match80_1752200601,Gen5_Deck7,Gen5_Deck10,Gen5_Deck7,1,0,28.205559730529785,1689216,Gen5_Match80_1752200601.txt,,2025-07-11T02:42:44.063711
5,Gen5_Match78_1752200601,Gen5_Deck8,Gen5_Deck7,Gen5_Deck7,0,1,44.10205698013306,1689213,Gen5_Match78_1752200601.txt,,2025-07-11T02:42:44.087254
5,Gen5_Match83_1752200601,Gen5_Deck7,Gen5_Deck13,Gen5_Deck13,0,1,27.8405921459198,1689213,Gen5_Match83_1752200601.txt,,2025-07-11T02:43:11.928341
5,Gen5_Match82_1752200601,Gen5_Deck12,Gen5_Deck7,Gen5_Deck12,1,0,33.11198616027832,1689216,Gen5_Match82_1752200601.txt,,2025-07-11T02:43:17.176135
5,Gen5_Match81_1752200601,Gen5_Deck7,Gen5_Deck11,Gen5_Deck7,1,0,54.68057632446289,1689215,Gen5_Match81_1752200601.txt,,2025-07-11T02:43:37.521606
5,Gen5_Match85_1752200601,Gen5_Deck8,Gen5_Deck9,Gen5_Deck8,1,0,32.136369705200195,1689216,Gen5_Match85_1752200601.txt,,2025-07-11T02:43:49.312945
5,Gen5_Match84_1752200601,Gen5_Deck7,Gen5_Deck14,Gen5_Deck14,0,1,46.06354022026062,1689213,Gen5_Match84_1752200601.txt,,2025-07-11T02:43:57.992384
5,Gen5_Match86_1752200601,Gen5_Deck10,Gen5_Deck8,Gen5_Deck8,0,1,26.494193077087402,1689215,Gen5_Match86_1752200601.txt,,2025-07-11T02:44:04.016246
5,Gen5_Match88_1752200601,Gen5_Deck8,Gen5_Deck12,Gen5_Deck8,1,0,35.971572399139404,1689213,Gen5_Match88_1752200601.txt,,2025-07-11T02:44:33.964438
5,Gen5_Match87_1752200601,Gen5_Deck11,Gen5_Deck8,Gen5_Deck11,1,0,45.3755247592926,1689216,Gen5_Match87_1752200601.txt,,2025-07-11T02:44:34.688987
5,Gen5_Match90_1752200601,Gen5_Deck14,Gen5_Deck8,Gen5_Deck14,1,0,22.6755211353302,1689213,Gen5_Match90_1752200601.txt,,2025-07-11T02:44:56.640431
5,Gen5_Match91_1752200601,Gen5_Deck9,Gen5_Deck10,Gen5_Deck10,0,1,28.143069744110107,1689216,Gen5_Match91_1752200601.txt,,2025-07-11T02:45:02.832667
5,Gen5_Match92_1752200601,Gen5_Deck11,Gen5_Deck9,Gen5_Deck9,0,1,30.543381214141846,1689213,Gen5_Match92_1752200601.txt,,2025-07-11T02:45:27.184261
5,Gen5_Match89_1752200601,Gen5_Deck8,Gen5_Deck13,Gen5_Deck8,1,0,90.4645631313324,1689215,Gen5_Match89_1752200601.txt,,2025-07-11T02:45:34.481475
5,Gen5_Match93_1752200601,Gen5_Deck12,Gen5_Deck9,Gen5_Deck12,1,0,47.706467628479004,1689216,Gen5_Match93_1752200601.txt,,2025-07-11T02:45:50.539676
5,Gen5_Match94_1752200601,Gen5_Deck9,Gen5_Deck13,Gen5_Deck13,0,1,23.858935117721558,1689213,Gen5_Match94_1752200601.txt,,2025-07-11T02:45:51.043642
5,Gen5_Match95_1752200601,Gen5_Deck9,Gen5_Deck14,Gen5_Deck9,1,0,30.95068383216858,1689215,Gen5_Match95_1752200601.txt,,2025-07-11T02:46:05.432612
5,Gen5_Match96_1752200601,Gen5_Deck11,Gen5_Deck10,Gen5_Deck10,0,1,28.648788452148438,1689216,Gen5_Match96_1752200601.txt,,2025-07-11T02:46:19.189009
5,Gen5_Match97_1752200601,Gen5_Deck12,Gen5_Deck10,Gen5_Deck12,1,0,36.616427421569824,1689213,Gen5_Match97_1752200601.txt,,2025-07-11T02:46:27.660523
5,Gen5_Match98_1752200601,Gen5_Deck13,Gen5_Deck10,Gen5_Deck13,1,0,29.3833065032959,1689215,Gen5_Match98_1752200601.txt,,2025-07-11T02:46:34.816445
5,Gen5_Match99_1752200601,Gen5_Deck10,Gen5_Deck14,Gen5_Deck14,0,1,32.011614084243774,1689216,Gen5_Match99_1752200601.txt,,2025-07-11T02:46:51.201064
5,Gen5_Match100_1752200601,Gen5_Deck12,Gen5_Deck11,Gen5_Deck11,0,1,46.22784066200256,1689213,Gen5_Match100_1752200601.txt,,2025-07-11T02:47:13.888834
5,Gen5_Match102_1752200601,Gen5_Deck11,Gen5_Deck14,Gen5_Deck11,1,0,24.398845911026,1689216,Gen5_Match102_1752200601.txt,,2025-07-11T02:47:15.600383
5,Gen5_Match101_1752200601,Gen5_Deck11,Gen5_Deck13,Gen5_Deck11,1,0,47.39880013465881,1689215,Gen5_Match101_1752200601.txt,,2025-07-11T02:47:22.215806
5,Gen5_Match104_1752200601,Gen5_Deck12,Gen5_Deck14,Gen5_Deck12,1,0,31.457841634750366,1689216,Gen5_Match104_1752200601.txt,,2025-07-11T02:47:47.058866
5,Gen5_Match105_1752200601,Gen5_Deck14,Gen5_Deck13,Gen5_Deck13,0,1,26.764721632003784,1689215,Gen5_Match105_1752200601.txt,,2025-07-11T02:47:48.981024
5,Gen5_Match103_1752200601,Gen5_Deck12,Gen5_Deck13,Gen5_Deck12,1,0,44.644538164138794,1689213,Gen5_Match103_1752200601.txt,,2025-07-11T02:47:58.534322
6,Gen6_Match1_1752202078,Gen6_Deck0,Gen6_Deck1,Gen6_Deck1,0,1,34.76592135429382,1736150,Gen6_Match1_1752202078.txt,,2025-07-11T02:48:33.340592
6,Gen6_Match2_1752202078,Gen6_Deck0,Gen6_Deck2,Gen6_Deck0,1,0,35.260865688323975,1736151,Gen6_Match2_1752202078.txt,,2025-07-11T02:48:33.846015
6,Gen6_Match4_1752202078,Gen6_Deck0,Gen6_Deck4,Gen6_Deck4,0,1,24.35151696205139,1736150,Gen6_Match4_1752202078.txt,,2025-07-11T02:48:57.692867
6,Gen6_Match5_1752202078,Gen6_Deck0,Gen6_Deck5,Gen6_Deck5,0,1,33.74167323112488,1736151,Gen6_Match5_1752202078.txt,,2025-07-11T02:49:07.588506
6,Gen6_Match6_1752202078,Gen6_Deck6,Gen6_Deck0,Gen6_Deck0,0,1,29.17654013633728,1736150,Gen6_Match6_1752202078.txt,,2025-07-11T02:49:26.869964
6,Gen6_Match7_1752202078,Gen6_Deck7,Gen6_Deck0,Gen6_Deck7,1,0,28.648149490356445,1736151,Gen6_Match7_1752202078.txt,,2025-07-11T02:49:36.237207
6,Gen6_Match8_1752202078,Gen6_Deck0,Gen6_Deck8,Gen6_Deck0,1,0,22.394065141677856,1736150,Gen6_Match8_1752202078.txt,,2025-07-11T02:49:49.264504
6,Gen6_Match3_1752202078,Gen6_Deck3,Gen6_Deck0,Gen6_Deck3,1,0,134.04031109809875,1736152,Gen6_Match3_1752202078.txt,,2025-07-11T02:50:12.616787
6,Gen6_Match9_1752202078,Gen6_Deck0,Gen6_Deck9,Gen6_Deck0,1,0,54.2544105052948,1736151,Gen6_Match9_1752202078.txt,,2025-07-11T02:50:30.492300
6,Gen6_Match11_1752202078,Gen6_Deck0,Gen6_Deck11,Gen6_Deck11,0,1,21.76740264892578,1736152,Gen6_Match11_1752202078.txt,,2025-07-11T02:50:34.384889
6,Gen6_Match10_1752202078,Gen6_Deck10,Gen6_Deck0,Gen6_Deck10,1,0,51.6911883354187,1736150,Gen6_Match10_1752202078.txt,,2025-07-11T02:50:40.956358
6,Gen6_Match14_1752202078,Gen6_Deck14,Gen6_Deck0,Gen6_Deck0,0,1,26.01118278503418,1736150,Gen6_Match14_1752202078.txt,,2025-07-11T02:51:06.968031
6,Gen6_Match13_1752202078,Gen6_Deck13,Gen6_Deck0,Gen6_Deck0,0,1,39.64294624328613,1736152,Gen6_Match13_1752202078.txt,,2025-07-11T02:51:14.028317
6,Gen6_Match12_1752202078,Gen6_Deck0,Gen6_Deck12,Gen6_Deck0,1,0,54.45969247817993,1736151,Gen6_Match12_1752202078.txt,,2025-07-11T02:51:24.952526
6,Gen6_Match15_1752202078,Gen6_Deck1,Gen6_Deck2,Gen6_Deck2,0,1,30.51523518562317,1736150,Gen6_Match15_1752202078.txt,,2025-07-11T02:51:37.483747
6,Gen6_Match16_1752202078,Gen6_Deck3,Gen6_Deck1,Gen6_Deck1,0,1,23.782615423202515,1736152,Gen6_Match16_1752202078.txt,,2025-07-11T02:51:37.811362
6,Gen6_Match17_1752202078,Gen6_Deck4,Gen6_Deck1,Gen6_Deck4,1,0,35.47817945480347,1736151,Gen6_Match17_1752202078.txt,,2025-07-11T02:52:00.431176
6,Gen6_Match19_1752202078,Gen6_Deck6,Gen6_Deck1,Gen6_Deck6,1,0,27.072793006896973,1736152,Gen6_Match19_1752202078.txt,,2025-07-11T02:52:04.884600
6,Gen6_Match18_1752202078,Gen6_Deck1,Gen6_Deck5,Gen6_Deck5,0,1,30.17205262184143,1736150,Gen6_Match18_1752202078.txt,,2025-07-11T02:52:07.656259
6,Gen6_Match20_1752202078,Gen6_Deck7,Gen6_Deck1,Gen6_Deck7,1,0,25.36088538169861,1736151,Gen6_Match20_1752202078.txt,,2025-07-11T02:52:25.792522
6,Gen6_Match22_1752202078,Gen6_Deck1,Gen6_Deck9,Gen6_Deck9,0,1,33.78946542739868,1736150,Gen6_Match22_1752202078.txt,,2025-07-11T02:52:41.446206
6,Gen6_Match21_1752202078,Gen6_Deck1,Gen6_Deck8,Gen6_Deck8,0,1,43.633177280426025,1736152,Gen6_Match21_1752202078.txt,,2025-07-11T02:52:48.518430
6,Gen6_Match23_1752202078,Gen6_Deck10,Gen6_Deck1,Gen6_Deck10,1,0,36.947669506073,1736151,Gen6_Match23_1752202078.txt,,2025-07-11T02:53:02.740807
6,Gen6_Match24_1752202078,Gen6_Deck11,Gen6_Deck1,Gen6_Deck11,1,0,32.989701986312866,1736150,Gen6_Match24_1752202078.txt,,2025-07-11T02:53:14.436347
6,Gen6_Match26_1752202078,Gen6_Deck1,Gen6_Deck13,Gen6_Deck1,1,0,24.843297958374023,1736151,Gen6_Match26_1752202078.txt,,2025-07-11T02:53:27.584557
6,Gen6_Match25_1752202078,Gen6_Deck1,Gen6_Deck12,Gen6_Deck1,1,0,42.69772911071777,1736152,Gen6_Match25_1752202078.txt,,2025-07-11T02:53:31.216768
6,Gen6_Match27_1752202078,Gen6_Deck14,Gen6_Deck1,Gen6_Deck1,0,1,31.307732582092285,1736150,Gen6_Match27_1752202078.txt,,2025-07-11T02:53:45.744532
6,Gen6_Match28_1752202078,Gen6_Deck3,Gen6_Deck2,Gen6_Deck2,0,1,29.848310232162476,1736151,Gen6_Match28_1752202078.txt,,2025-07-11T02:53:57.433501
6,Gen6_Match31_1752202078,Gen6_Deck2,Gen6_Deck6,Gen6_Deck2,1,0,22.776469707489014,1736151,Gen6_Match31_1752202078.txt,,2025-07-11T02:54:20.210676
6,Gen6_Match32_1752202078,Gen6_Deck7,Gen6_Deck2,Gen6_Deck7,1,0,33.789860010147095,1736151,Gen6_Match32_1752202078.txt,,2025-07-11T02:54:54.001239
6,Gen6_Match30_1752202078,Gen6_Deck2,Gen6_Deck5,Gen6_Deck2,1,0,68.32727837562561,1736150,Gen6_Match30_1752202078.txt,,2025-07-11T02:54:54.072356
6,Gen6_Match29_1752202078,Gen6_Deck4,Gen6_Deck2,Gen6_Deck4,1,0,85.68320417404175,1736152,Gen6_Match29_1752202078.txt,,2025-07-11T02:54:56.900516
6,Gen6_Match35_1752202078,Gen6_Deck2,Gen6_Deck10,Gen6_Deck10,0,1,54.81125473976135,1736152,Gen6_Match35_1752202078.txt,,2025-07-11T02:55:51.712305
6,Gen6_Match34_1752202078,Gen6_Deck2,Gen6_Deck9,Gen6_Deck2,1,0,59.100836753845215,1736150,Gen6_Match34_1752202078.txt,,2025-07-11T02:55:53.173860
6,Gen6_Match37_1752202078,Gen6_Deck2,Gen6_Deck12,Gen6_Deck2,1,0,22.469290256500244,1736150,Gen6_Match37_1752202078.txt,,2025-07-11T02:56:15.643600
6,Gen6_Match36_1752202078,Gen6_Deck11,Gen6_Deck2,Gen6_Deck11,1,0,38.13140368461609,1736152,Gen6_Match36_1752202078.txt,,2025-07-11T02:56:29.844297
6,Gen6_Match38_1752202078,Gen6_Deck13,Gen6_Deck2,Gen6_Deck2,0,1,25.60111713409424,1736150,Gen6_Match38_1752202078.txt,,2025-07-11T02:56:41.245170
6,Gen6_Match39_1752202078,Gen6_Deck14,Gen6_Deck2,Gen6_Deck2,0,1,34.88484168052673,1736152,Gen6_Match39_1752202078.txt,,2025-07-11T02:57:04.729630
6,Gen6_Match33_1752202078,Gen6_Deck2,Gen6_Deck8,Gen6_Deck2,1,0,133.29023838043213,1736151,Gen6_Match33_1752202078.txt,,2025-07-11T02:57:07.292002
6,Gen6_Match41_1752202078,Gen6_Deck3,Gen6_Deck5,Gen6_Deck5,0,1,27.130245685577393,1736152,Gen6_Match41_1752202078.txt,,2025-07-11T02:57:31.860419
6,Gen6_Match42_1752202078,Gen6_Deck6,Gen6_Deck3,Gen6_Deck6,1,0,29.930604219436646,1736151,Gen6_Match42_1752202078.txt,,2025-07-11T02:57:37.223084
6,Gen6_Match43_1752202078,Gen6_Deck7,Gen6_Deck3,Gen6_Deck3,0,1,24.230542182922363,1736152,Gen6_Match43_1752202078.txt,,2025-07-11T02:57:56.091426
6,Gen6_Match44_1752202078,Gen6_Deck3,Gen6_Deck8,Gen6_Deck8,0,1,61.137638092041016,1736151,Gen6_Match44_1752202078.txt,,2025-07-11T02:58:38.361273
6,Gen6_Match40_1752202078,Gen6_Deck4,Gen6_Deck3,Gen6_Deck4,1,0,124.58290791511536,1736150,Gen6_Match40_1752202078.txt,,2025-07-11T02:58:45.828614
6,Gen6_Match46_1752202078,Gen6_Deck10,Gen6_Deck3,Gen6_Deck10,1,0,24.04178500175476,1736151,Gen6_Match46_1752202078.txt,,2025-07-11T02:59:02.403498
6,Gen6_Match47_1752202078,Gen6_Deck11,Gen6_Deck3,Gen6_Deck3,0,1,22.359219312667847,1736150,Gen6_Match47_1752202078.txt,,2025-07-11T02:59:08.188237
6,Gen6_Match48_1752202078,Gen6_Deck3,Gen6_Deck12,Gen6_Deck12,0,1,26.16549277305603,1736151,Gen6_Match48_1752202078.txt,,2025-07-11T02:59:28.569455
6,Gen6_Match45_1752202078,Gen6_Deck3,Gen6_Deck9,Gen6_Deck3,1,0,130.42067003250122,1736152,Gen6_Match45_1752202078.txt,,2025-07-11T03:00:06.512797
6,Gen6_Match49_1752202078,Gen6_Deck13,Gen6_Deck3,Gen6_Deck3,0,1,67.4289915561676,1736150,Gen6_Match49_1752202078.txt,,2025-07-11T03:00:15.617702
6,Gen6_Match50_1752202078,Gen6_Deck14,Gen6_Deck3,Gen6_Deck3,0,1,52.33065438270569,1736151,Gen6_Match50_1752202078.txt,,2025-07-11T03:00:20.900680
6,Gen6_Match51_1752202078,Gen6_Deck4,Gen6_Deck5,Gen6_Deck4,1,0,39.708502769470215,1736152,Gen6_Match51_1752202078.txt,,2025-07-11T03:00:46.221771
6,Gen6_Match53_1752202078,Gen6_Deck4,Gen6_Deck7,Gen6_Deck7,0,1,27.006070137023926,1736151,Gen6_Match53_1752202078.txt,,2025-07-11T03:00:47.907273
6,Gen6_Match52_1752202078,Gen6_Deck4,Gen6_Deck6,Gen6_Deck6,0,1,32.522093057632446,1736150,Gen6_Match52_1752202078.txt,,2025-07-11T03:00:48.140324
6,Gen6_Match56_1752202078,Gen6_Deck4,Gen6_Deck10,Gen6_Deck4,1,0,30.15556526184082,1736150,Gen6_Match56_1752202078.txt,,2025-07-11T03:01:18.296340
6,Gen6_Match55_1752202078,Gen6_Deck4,Gen6_Deck9,Gen6_Deck4,1,0,48.595863819122314,1736151,Gen6_Match55_1752202078.txt,,2025-07-11T03:01:36.503580
6,Gen6_Match54_1752202078,Gen6_Deck8,Gen6_Deck4,Gen6_Deck8,1,0,53.921693086624146,1736152,Gen6_Match54_1752202078.txt,,2025-07-11T03:01:40.143951
6,Gen6_Match58_1752202078,Gen6_Deck12,Gen6_Deck4,Gen6_Deck12,1,0,29.48025918006897,1736151,Gen6_Match58_1752202078.txt,,2025-07-11T03:02:05.984295
6,Gen6_Match60_1752202078,Gen6_Deck4,Gen6_Deck14,Gen6_Deck4,1,0,20.88428807258606,1736151,Gen6_Match60_1752202078.txt,,2025-07-11T03:02:26.869008
6,Gen6_Match61_1752202078,Gen6_Deck5,Gen6_Deck6,Gen6_Deck6,0,1,23.772184133529663,1736151,Gen6_Match61_1752202078.txt,,2025-07-11T03:02:50.641742
6,Gen6_Match62_1752202078,Gen6_Deck7,Gen6_Deck5,Gen6_Deck7,1,0,22.432126998901367,1736151,Gen6_Match62_1752202078.txt,,2025-07-11T03:03:13.074320
6,Gen6_Match57_1752202078,Gen6_Deck11,Gen6_Deck4,Gen6_Deck11,1,0,132.09512400627136,1736150,Gen6_Match57_1752202078.txt,,2025-07-11T03:03:30.392001
6,Gen6_Match63_1752202078,Gen6_Deck5,Gen6_Deck8,Gen6_Deck5,1,0,39.59798860549927,1736151,Gen6_Match63_1752202078.txt,,2025-07-11T03:03:52.672807
6,Gen6_Match59_1752202078,Gen6_Deck4,Gen6_Deck13,Gen6_Deck4,1,0,133.69686889648438,1736152,Gen6_Match59_1752202078.txt,,2025-07-11T03:03:53.841504
6,Gen6_Match64_1752202078,Gen6_Deck5,Gen6_Deck9,Gen6_Deck9,0,1,31.49792456626892,1736150,Gen6_Match64_1752202078.txt,,2025-07-11T03:04:01.890438
6,Gen6_Match67_1752202078,Gen6_Deck5,Gen6_Deck12,Gen6_Deck12,0,1,26.23074460029602,1736150,Gen6_Match67_1752202078.txt,,2025-07-11T03:04:28.121598
6,Gen6_Match68_1752202078,Gen6_Deck5,Gen6_Deck13,Gen6_Deck5,1,0,25.675776720046997,1736150,Gen6_Match68_1752202078.txt,,2025-07-11T03:04:53.797797
6,Gen6_Match69_1752202078,Gen6_Deck14,Gen6_Deck5,Gen6_Deck5,0,1,19.236870527267456,1736150,Gen6_Match69_1752202078.txt,,2025-07-11T03:05:13.035101
6,Gen6_Match70_1752202078,Gen6_Deck6,Gen6_Deck7,Gen6_Deck7,0,1,21.491002798080444,1736150,Gen6_Match70_1752202078.txt,,2025-07-11T03:05:34.526652
6,Gen6_Match65_1752202078,Gen6_Deck10,Gen6_Deck5,Gen6_Deck10,1,0,109.65384936332703,1736151,Gen6_Match65_1752202078.txt,,2025-07-11T03:05:42.327145
6,Gen6_Match71_1752202078,Gen6_Deck6,Gen6_Deck8,Gen6_Deck8,0,1,19.245078325271606,1736150,Gen6_Match71_1752202078.txt,,2025-07-11T03:05:53.772247
6,Gen6_Match66_1752202078,Gen6_Deck11,Gen6_Deck5,Gen6_Deck11,1,0,134.33620023727417,1736152,Gen6_Match66_1752202078.txt,,2025-07-11T03:06:08.178256
6,Gen6_Match72_1752202078,Gen6_Deck6,Gen6_Deck9,Gen6_Deck6,1,0,31.79667854309082,1736151,Gen6_Match72_1752202078.txt,,2025-07-11T03:06:14.124457
6,Gen6_Match74_1752202078,Gen6_Deck6,Gen6_Deck11,Gen6_Deck6,1,0,24.825604915618896,1736152,Gen6_Match74_1752202078.txt,,2025-07-11T03:06:33.004273
6,Gen6_Match75_1752202078,Gen6_Deck6,Gen6_Deck12,Gen6_Deck12,0,1,30.049066066741943,1736151,Gen6_Match75_1752202078.txt,,2025-07-11T03:06:44.174014
6,Gen6_Match76_1752202078,Gen6_Deck6,Gen6_Deck13,Gen6_Deck13,0,1,23.015509605407715,1736152,Gen6_Match76_1752202078.txt,,2025-07-11T03:06:56.020188
6,Gen6_Match77_1752202078,Gen6_Deck14,Gen6_Deck6,Gen6_Deck14,1,0,32.96204710006714,1736151,Gen6_Match77_1752202078.txt,,2025-07-11T03:07:17.136655
6,Gen6_Match78_1752202078,Gen6_Deck7,Gen6_Deck8,Gen6_Deck7,1,0,30.205517530441284,1736152,Gen6_Match78_1752202078.txt,,2025-07-11T03:07:26.226217
6,Gen6_Match79_1752202078,Gen6_Deck7,Gen6_Deck9,Gen6_Deck9,0,1,22.674036502838135,1736151,Gen6_Match79_1752202078.txt,,2025-07-11T03:07:39.811220
6,Gen6_Match81_1752202078,Gen6_Deck11,Gen6_Deck7,Gen6_Deck11,1,0,24.352651596069336,1736151,Gen6_Match81_1752202078.txt,,2025-07-11T03:08:04.164371
6,Gen6_Match73_1752202078,Gen6_Deck10,Gen6_Deck6,Gen6_Deck10,1,0,131.25295495986938,1736150,Gen6_Match73_1752202078.txt,,2025-07-11T03:08:05.025738
6,Gen6_Match83_1752202078,Gen6_Deck13,Gen6_Deck7,Gen6_Deck13,1,0,23.346044063568115,1736150,Gen6_Match83_1752202078.txt,,2025-07-11T03:08:28.372246
6,Gen6_Match82_1752202078,Gen6_Deck7,Gen6_Deck12,Gen6_Deck12,0,1,25.48348379135132,1736151,Gen6_Match82_1752202078.txt,,2025-07-11T03:08:29.648339
6,Gen6_Match84_1752202078,Gen6_Deck14,Gen6_Deck7,Gen6_Deck14,1,0,18.43582034111023,1736150,Gen6_Match84_1752202078.txt,,2025-07-11T03:08:46.808533
6,Gen6_Match85_1752202078,Gen6_Deck8,Gen6_Deck9,Gen6_Deck8,1,0,25.22744607925415,1736151,Gen6_Match85_1752202078.txt,,2025-07-11T03:08:54.876245
6,Gen6_Match80_1752202078,Gen6_Deck10,Gen6_Deck7,Gen6_Deck10,1,0,94.27391934394836,1736152,Gen6_Match80_1752202078.txt,,2025-07-11T03:09:00.500770
6,Gen6_Match88_1752202078,Gen6_Deck8,Gen6_Deck12,Gen6_Deck8,1,0,75.0992922782898,1736152,Gen6_Match88_1752202078.txt,,2025-07-11T03:10:15.600589
6,Gen6_Match86_1752202078,Gen6_Deck10,Gen6_Deck8,Gen6_Deck10,1,0,131.7282133102417,1736150,Gen6_Match86_1752202078.txt,,2025-07-11T03:10:58.537740
6,Gen6_Match87_1752202078,Gen6_Deck11,Gen6_Deck8,Gen6_Deck8,0,1,124.34695792198181,1736151,Gen6_Match87_1752202078.txt,,2025-07-11T03:10:59.223834
6,Gen6_Match91_1752202078,Gen6_Deck10,Gen6_Deck9,Gen6_Deck10,1,0,23.52736473083496,1736151,Gen6_Match91_1752202078.txt,,2025-07-11T03:11:22.751667
6,Gen6_Match89_1752202078,Gen6_Deck13,Gen6_Deck8,Gen6_Deck13,1,0,78.25147724151611,1736152,Gen6_Match89_1752202078.txt,,2025-07-11T03:11:33.852579
6,Gen6_Match90_1752202078,Gen6_Deck14,Gen6_Deck8,Gen6_Deck8,0,1,39.5900616645813,1736150,Gen6_Match90_1752202078.txt,,2025-07-11T03:11:38.128482
6,Gen6_Match92_1752202078,Gen6_Deck11,Gen6_Deck9,Gen6_Deck9,0,1,30.601746797561646,1736151,Gen6_Match92_1752202078.txt,,2025-07-11T03:11:53.353902
6,Gen6_Match94_1752202078,Gen6_Deck9,Gen6_Deck13,Gen6_Deck9,1,0,25.312827348709106,1736150,Gen6_Match94_1752202078.txt,,2025-07-11T03:12:03.441898
6,Gen6_Match93_1752202078,Gen6_Deck12,Gen6_Deck9,Gen6_Deck12,1,0,34.85505676269531,1736152,Gen6_Match93_1752202078.txt,,2025-07-11T03:12:08.708136
6,Gen6_Match95_1752202078,Gen6_Deck14,Gen6_Deck9,Gen6_Deck14,1,0,42.38596820831299,1736151,Gen6_Match95_1752202078.txt,,2025-07-11T03:12:35.740355
6,Gen6_Match97_1752202078,Gen6_Deck10,Gen6_Deck12,Gen6_Deck12,0,1,27.919864416122437,1736152,Gen6_Match97_1752202078.txt,,2025-07-11T03:12:36.628442
6,Gen6_Match96_1752202078,Gen6_Deck11,Gen6_Deck10,Gen6_Deck10,0,1,40.22205185890198,1736150,Gen6_Match96_1752202078.txt,,2025-07-11T03:12:43.664475
6,Gen6_Match98_1752202078,Gen6_Deck10,Gen6_Deck13,Gen6_Deck10,1,0,37.401254177093506,1736151,Gen6_Match98_1752202078.txt,,2025-07-11T03:13:13.142131
6,Gen6_Match99_1752202078,Gen6_Deck14,Gen6_Deck10,Gen6_Deck10,0,1,38.755415201187134,1736152,Gen6_Match99_1752202078.txt,,2025-07-11T03:13:15.384300
6,Gen6_Match101_1752202078,Gen6_Deck11,Gen6_Deck13,Gen6_Deck11,1,0,28.32399272918701,1736151,Gen6_Match101_1752202078.txt,,2025-07-11T03:13:41.466588
6,Gen6_Match103_1752202078,Gen6_Deck13,Gen6_Deck12,Gen6_Deck13,1,0,41.315221071243286,1736151,Gen6_Match103_1752202078.txt,,2025-07-11T03:14:22.782333
6,Gen6_Match104_1752202078,Gen6_Deck14,Gen6_Deck12,Gen6_Deck12,0,1,30.23851180076599,1736151,Gen6_Match104_1752202078.txt,,2025-07-11T03:14:53.021447
6,Gen6_Match100_1752202078,Gen6_Deck12,Gen6_Deck11,Gen6_Deck12,1,0,133.21291279792786,1736150,Gen6_Match100_1752202078.txt,,2025-07-11T03:14:56.877949
6,Gen6_Match102_1752202078,Gen6_Deck11,Gen6_Deck14,Gen6_Deck11,1,0,111.19133639335632,1736152,Gen6_Match102_1752202078.txt,,2025-07-11T03:15:06.576183
6,Gen6_Match105_1752202078,Gen6_Deck14,Gen6_Deck13,Gen6_Deck14,1,0,28.979447603225708,1736151,Gen6_Match105_1752202078.txt,,2025-07-11T03:15:22.001800
7,Gen7_Match2_1752203722,Gen7_Deck0,Gen7_Deck2,Gen7_Deck2,0,1,43.19057321548462,1786990,Gen7_Match2_1752203722.txt,,2025-07-11T03:16:05.234968
7,Gen7_Match3_1752203722,Gen7_Deck3,Gen7_Deck0,Gen7_Deck3,1,0,45.47984790802002,1786991,Gen7_Match3_1752203722.txt,,2025-07-11T03:16:07.524393
7,Gen7_Match1_1752203722,Gen7_Deck1,Gen7_Deck0,Gen7_Deck0,0,1,51.86292600631714,1786989,Gen7_Match1_1752203722.txt,,2025-07-11T03:16:13.900843
7,Gen7_Match6_1752203722,Gen7_Deck6,Gen7_Deck0,Gen7_Deck0,0,1,23.4268901348114,1786989,Gen7_Match6_1752203722.txt,,2025-07-11T03:16:37.328398
7,Gen7_Match7_1752203722,Gen7_Deck7,Gen7_Deck0,Gen7_Deck7,1,0,40.199609994888306,1786989,Gen7_Match7_1752203722.txt,,2025-07-11T03:17:17.528645
7,Gen7_Match5_1752203722,Gen7_Deck5,Gen7_Deck0,Gen7_Deck0,0,1,73.9619653224945,1786991,Gen7_Match5_1752203722.txt,,2025-07-11T03:17:21.487304
7,Gen7_Match8_1752203722,Gen7_Deck0,Gen7_Deck8,Gen7_Deck0,1,0,20.87291169166565,1786989,Gen7_Match8_1752203722.txt,,2025-07-11T03:17:38.402030
7,Gen7_Match9_1752203722,Gen7_Deck9,Gen7_Deck0,Gen7_Deck0,0,1,31.355550527572632,1786991,Gen7_Match9_1752203722.txt,,2025-07-11T03:17:52.843390
7,Gen7_Match10_1752203722,Gen7_Deck10,Gen7_Deck0,Gen7_Deck10,1,0,23.958653450012207,1786989,Gen7_Match10_1752203722.txt,,2025-07-11T03:18:02.361292
7,Gen7_Match4_1752203722,Gen7_Deck0,Gen7_Deck4,Gen7_Deck0,1,0,121.5268189907074,1786990,Gen7_Match4_1752203722.txt,,2025-07-11T03:18:06.762729
7,Gen7_Match11_1752203722,Gen7_Deck0,Gen7_Deck11,Gen7_Deck11,0,1,37.792635917663574,1786991,Gen7_Match11_1752203722.txt,,2025-07-11T03:18:30.636513
7,Gen7_Match13_1752203722,Gen7_Deck13,Gen7_Deck0,Gen7_Deck0,0,1,25.281803131103516,1786990,Gen7_Match13_1752203722.txt,,2025-07-11T03:18:32.045029
7,Gen7_Match12_1752203722,Gen7_Deck0,Gen7_Deck12,Gen7_Deck0,1,0,49.99195694923401,1786989,Gen7_Match12_1752203722.txt,,2025-07-11T03:18:52.353779
7,Gen7_Match15_1752203722,Gen7_Deck2,Gen7_Deck1,Gen7_Deck2,1,0,32.96292233467102,1786990,Gen7_Match15_1752203722.txt,,2025-07-11T03:19:05.008419
7,Gen7_Match16_1752203722,Gen7_Deck1,Gen7_Deck3,Gen7_Deck3,0,1,31.484405517578125,1786989,Gen7_Match16_1752203722.txt,,2025-07-11T03:19:23.838866
7,Gen7_Match17_1752203722,Gen7_Deck1,Gen7_Deck4,Gen7_Deck4,0,1,24.379600763320923,1786990,Gen7_Match17_1752203722.txt,,2025-07-11T03:19:29.388455
7,Gen7_Match18_1752203722,Gen7_Deck5,Gen7_Deck1,Gen7_Deck5,1,0,22.99476456642151,1786989,Gen7_Match18_1752203722.txt,,2025-07-11T03:19:46.834153
7,Gen7_Match19_1752203722,Gen7_Deck6,Gen7_Deck1,Gen7_Deck1,0,1,41.01103591918945,1786990,Gen7_Match19_1752203722.txt,,2025-07-11T03:20:10.399971
7,Gen7_Match20_1752203722,Gen7_Deck1,Gen7_Deck7,Gen7_Deck7,0,1,24.37523913383484,1786989,Gen7_Match20_1752203722.txt,,2025-07-11T03:20:11.209870
7,Gen7_Match14_1752203722,Gen7_Deck0,Gen7_Deck14,Gen7_Deck14,0,1,131.5163242816925,1786991,Gen7_Match14_1752203722.txt,,2025-07-11T03:20:42.153465
7,Gen7_Match22_1752203722,Gen7_Deck9,Gen7_Deck1,Gen7_Deck1,0,1,33.948041915893555,1786989,Gen7_Match22_1752203722.txt,,2025-07-11T03:20:45.158423
7,Gen7_Match21_1752203722,Gen7_Deck8,Gen7_Deck1,Gen7_Deck8,1,0,48.956011056900024,1786990,Gen7_Match21_1752203722.txt,,2025-07-11T03:20:59.356541
7,Gen7_Match23_1752203722,Gen7_Deck1,Gen7_Deck10,Gen7_Deck1,1,0,23.30656886100769,1786991,Gen7_Match23_1752203722.txt,,2025-07-11T03:21:05.460463
7,Gen7_Match24_1752203722,Gen7_Deck1,Gen7_Deck11,Gen7_Deck1,1,0,43.59470558166504,1786989,Gen7_Match24_1752203722.txt,,2025-07-11T03:21:28.753650
7,Gen7_Match25_1752203722,Gen7_Deck12,Gen7_Deck1,Gen7_Deck12,1,0,39.09469127655029,1786990,Gen7_Match25_1752203722.txt,,2025-07-11T03:21:38.451717
7,Gen7_Match26_1752203722,Gen7_Deck13,Gen7_Deck1,Gen7_Deck13,1,0,41.625407695770264,1786991,Gen7_Match26_1752203722.txt,,2025-07-11T03:21:47.086367
7,Gen7_Match27_1752203722,Gen7_Deck1,Gen7_Deck14,Gen7_Deck1,1,0,25.462455987930298,1786989,Gen7_Match27_1752203722.txt,,2025-07-11T03:21:54.228045
7,Gen7_Match28_1752203722,Gen7_Deck3,Gen7_Deck2,Gen7_Deck2,0,1,30.111226320266724,1786990,Gen7_Match28_1752203722.txt,,2025-07-11T03:22:08.563493
7,Gen7_Match31_1752203722,Gen7_Deck6,Gen7_Deck2,Gen7_Deck2,0,1,62.58171224594116,1786990,Gen7_Match31_1752203722.txt,,2025-07-11T03:23:11.145829
7,Gen7_Match30_1752203722,Gen7_Deck2,Gen7_Deck5,Gen7_Deck2,1,0,89.33985018730164,1786989,Gen7_Match30_1752203722.txt,,2025-07-11T03:23:23.568490
7,Gen7_Match29_1752203722,Gen7_Deck4,Gen7_Deck2,Gen7_Deck4,1,0,133.4017310142517,1786991,Gen7_Match29_1752203722.txt,,2025-07-11T03:24:00.488740
7,Gen7_Match32_1752203722,Gen7_Deck7,Gen7_Deck2,Gen7_Deck2,0,1,57.36719465255737,1786990,Gen7_Match32_1752203722.txt,,2025-07-11T03:24:08.513577
7,Gen7_Match34_1752203722,Gen7_Deck2,Gen7_Deck9,Gen7_Deck9,0,1,24.17589282989502,1786991,Gen7_Match34_1752203722.txt,,2025-07-11T03:24:24.665118
7,Gen7_Match36_1752203722,Gen7_Deck11,Gen7_Deck2,Gen7_Deck11,1,0,21.11765146255493,1786991,Gen7_Match36_1752203722.txt,,2025-07-11T03:24:45.783255
7,Gen7_Match37_1752203722,Gen7_Deck2,Gen7_Deck12,Gen7_Deck12,0,1,23.70654535293579,1786991,Gen7_Match37_1752203722.txt,,2025-07-11T03:25:09.490350
7,Gen7_Match33_1752203722,Gen7_Deck2,Gen7_Deck8,Gen7_Deck8,0,1,110.96361970901489,1786989,Gen7_Match33_1752203722.txt,,2025-07-11T03:25:14.532644
7,Gen7_Match39_1752203722,Gen7_Deck14,Gen7_Deck2,Gen7_Deck2,0,1,17.772836446762085,1786989,Gen7_Match39_1752203722.txt,,2025-07-11T03:25:32.305882
7,Gen7_Match38_1752203722,Gen7_Deck13,Gen7_Deck2,Gen7_Deck2,0,1,23.456616401672363,1786991,Gen7_Match38_1752203722.txt,,2025-07-11T03:25:32.947473
7,Gen7_Match41_1752203722,Gen7_Deck5,Gen7_Deck3,Gen7_Deck3,0,1,26.26055669784546,1786991,Gen7_Match41_1752203722.txt,,2025-07-11T03:25:59.208524
7,Gen7_Match35_1752203722,Gen7_Deck10,Gen7_Deck2,Gen7_Deck10,1,0,131.61820554733276,1786990,Gen7_Match35_1752203722.txt,,2025-07-11T03:26:20.132395
7,Gen7_Match43_1752203722,Gen7_Deck3,Gen7_Deck7,Gen7_Deck3,1,0,17.667450189590454,1786990,Gen7_Match43_1752203722.txt,,2025-07-11T03:26:37.800351
7,Gen7_Match44_1752203722,Gen7_Deck8,Gen7_Deck3,Gen7_Deck8,1,0,33.60007953643799,1786990,Gen7_Match44_1752203722.txt,,2025-07-11T03:27:11.400971
7,Gen7_Match40_1752203722,Gen7_Deck3,Gen7_Deck4,Gen7_Deck4,0,1,115.3612151145935,1786989,Gen7_Match40_1752203722.txt,,2025-07-11T03:27:27.667630
7,Gen7_Match42_1752203722,Gen7_Deck3,Gen7_Deck6,Gen7_Deck6,0,1,92.95935297012329,1786991,Gen7_Match42_1752203722.txt,,2025-07-11T03:27:32.168436
7,Gen7_Match47_1752203722,Gen7_Deck3,Gen7_Deck11,Gen7_Deck11,0,1,23.835082530975342,1786991,Gen7_Match47_1752203722.txt,,2025-07-11T03:27:56.003934
7,Gen7_Match48_1752203722,Gen7_Deck12,Gen7_Deck3,Gen7_Deck12,1,0,28.481229305267334,1786991,Gen7_Match48_1752203722.txt,,2025-07-11T03:28:24.485682
7,Gen7_Match46_1752203722,Gen7_Deck3,Gen7_Deck10,Gen7_Deck10,0,1,76.12744307518005,1786989,Gen7_Match46_1752203722.txt,,2025-07-11T03:28:43.795849
7,Gen7_Match45_1752203722,Gen7_Deck9,Gen7_Deck3,Gen7_Deck9,1,0,99.28125214576721,1786990,Gen7_Match45_1752203722.txt,,2025-07-11T03:28:50.682866
7,Gen7_Match49_1752203722,Gen7_Deck3,Gen7_Deck13,Gen7_Deck13,0,1,57.93969011306763,1786991,Gen7_Match49_1752203722.txt,,2025-07-11T03:29:22.425953
7,Gen7_Match50_1752203722,Gen7_Deck3,Gen7_Deck14,Gen7_Deck14,0,1,96.76223564147949,1786989,Gen7_Match50_1752203722.txt,,2025-07-11T03:30:20.559192
7,Gen7_Match51_1752203722,Gen7_Deck4,Gen7_Deck5,Gen7_Deck4,1,0,131.39184165000916,1786990,Gen7_Match51_1752203722.txt,,2025-07-11T03:31:02.075293
7,Gen7_Match53_1752203722,Gen7_Deck7,Gen7_Deck4,Gen7_Deck7,1,0,63.383504152297974,1786989,Gen7_Match53_1752203722.txt,,2025-07-11T03:31:23.943346
7,Gen7_Match52_1752203722,Gen7_Deck6,Gen7_Deck4,Gen7_Deck6,1,0,131.25722527503967,1786991,Gen7_Match52_1752203722.txt,,2025-07-11T03:31:33.683737
7,Gen7_Match55_1752203722,Gen7_Deck4,Gen7_Deck9,Gen7_Deck9,0,1,23.042426824569702,1786989,Gen7_Match55_1752203722.txt,,2025-07-11T03:31:46.986267
7,Gen7_Match54_1752203722,Gen7_Deck4,Gen7_Deck8,Gen7_Deck8,0,1,85.52174520492554,1786990,Gen7_Match54_1752203722.txt,,2025-07-11T03:32:27.597661
7,Gen7_Match56_1752203722,Gen7_Deck10,Gen7_Deck4,Gen7_Deck10,1,0,61.44370746612549,1786991,Gen7_Match56_1752203722.txt,,2025-07-11T03:32:35.128189
7,Gen7_Match58_1752203722,Gen7_Deck4,Gen7_Deck12,Gen7_Deck4,1,0,39.310949087142944,1786990,Gen7_Match58_1752203722.txt,,2025-07-11T03:33:06.909145
7,Gen7_Match60_1752203722,Gen7_Deck14,Gen7_Deck4,Gen7_Deck4,0,1,15.87493348121643,1786990,Gen7_Match60_1752203722.txt,,2025-07-11T03:33:22.784521
7,Gen7_Match59_1752203722,Gen7_Deck13,Gen7_Deck4,Gen7_Deck13,1,0,80.66301155090332,1786991,Gen7_Match59_1752203722.txt,,2025-07-11T03:33:55.792502
7,Gen7_Match57_1752203722,Gen7_Deck4,Gen7_Deck11,Gen7_Deck4,1,0,131.88010430335999,1786989,Gen7_Match57_1752203722.txt,,2025-07-11T03:33:58.867121
7,Gen7_Match62_1752203722,Gen7_Deck7,Gen7_Deck5,Gen7_Deck5,0,1,28.930495500564575,1786991,Gen7_Match62_1752203722.txt,,2025-07-11T03:34:24.723659
7,Gen7_Match61_1752203722,Gen7_Deck5,Gen7_Deck6,Gen7_Deck6,0,1,86.86447858810425,1786990,Gen7_Match61_1752203722.txt,,2025-07-11T03:34:49.649687
7,Gen7_Match63_1752203722,Gen7_Deck5,Gen7_Deck8,Gen7_Deck8,0,1,50.800883769989014,1786989,Gen7_Match63_1752203722.txt,,2025-07-11T03:34:49.668518
7,Gen7_Match64_1752203722,Gen7_Deck9,Gen7_Deck5,Gen7_Deck9,1,0,25.40781259536743,1786991,Gen7_Match64_1752203722.txt,,2025-07-11T03:34:50.132013
7,Gen7_Match66_1752203722,Gen7_Deck11,Gen7_Deck5,Gen7_Deck11,1,0,45.775506258010864,1786989,Gen7_Match66_1752203722.txt,,2025-07-11T03:35:35.444681
7,Gen7_Match68_1752203722,Gen7_Deck13,Gen7_Deck5,Gen7_Deck5,0,1,17.904351949691772,1786989,Gen7_Match68_1752203722.txt,,2025-07-11T03:35:53.349514
7,Gen7_Match67_1752203722,Gen7_Deck5,Gen7_Deck12,Gen7_Deck12,0,1,85.62810182571411,1786991,Gen7_Match67_1752203722.txt,,2025-07-11T03:36:15.760683
7,Gen7_Match65_1752203722,Gen7_Deck10,Gen7_Deck5,Gen7_Deck10,1,0,133.37775230407715,1786990,Gen7_Match65_1752203722.txt,,2025-07-11T03:37:03.028258
7,Gen7_Match70_1752203722,Gen7_Deck6,Gen7_Deck7,Gen7_Deck7,0,1,77.67246961593628,1786991,Gen7_Match70_1752203722.txt,,2025-07-11T03:37:33.434110
7,Gen7_Match71_1752203722,Gen7_Deck8,Gen7_Deck6,Gen7_Deck8,1,0,30.590976238250732,1786990,Gen7_Match71_1752203722.txt,,2025-07-11T03:37:33.619834
7,Gen7_Match69_1752203722,Gen7_Deck5,Gen7_Deck14,Gen7_Deck5,1,0,128.94266390800476,1786989,Gen7_Match69_1752203722.txt,,2025-07-11T03:38:02.292769
7,Gen7_Match73_1752203722,Gen7_Deck6,Gen7_Deck10,Gen7_Deck6,1,0,46.257702350616455,1786990,Gen7_Match73_1752203722.txt,,2025-07-11T03:38:19.878041
7,Gen7_Match74_1752203722,Gen7_Deck6,Gen7_Deck11,Gen7_Deck6,1,0,33.1205940246582,1786989,Gen7_Match74_1752203722.txt,,2025-07-11T03:38:35.413890
7,Gen7_Match75_1752203722,Gen7_Deck12,Gen7_Deck6,Gen7_Deck6,0,1,26.115960597991943,1786990,Gen7_Match75_1752203722.txt,,2025-07-11T03:38:45.994512
7,Gen7_Match76_1752203722,Gen7_Deck13,Gen7_Deck6,Gen7_Deck6,0,1,20.989992141723633,1786989,Gen7_Match76_1752203722.txt,,2025-07-11T03:38:56.404326
7,Gen7_Match72_1752203722,Gen7_Deck9,Gen7_Deck6,Gen7_Deck6,0,1,107.07867622375488,1786991,Gen7_Match72_1752203722.txt,,2025-07-11T03:39:20.513495
7,Gen7_Match78_1752203722,Gen7_Deck7,Gen7_Deck8,Gen7_Deck7,1,0,27.610541105270386,1786989,Gen7_Match78_1752203722.txt,,2025-07-11T03:39:24.015325
7,Gen7_Match77_1752203722,Gen7_Deck6,Gen7_Deck14,Gen7_Deck6,1,0,44.47883725166321,1786990,Gen7_Match77_1752203722.txt,,2025-07-11T03:39:30.473914
7,Gen7_Match80_1752203722,Gen7_Deck10,Gen7_Deck7,Gen7_Deck7,0,1,27.296655893325806,1786989,Gen7_Match80_1752203722.txt,,2025-07-11T03:39:51.312515
7,Gen7_Match82_1752203722,Gen7_Deck7,Gen7_Deck12,Gen7_Deck7,1,0,25.927413940429688,1786989,Gen7_Match82_1752203722.txt,,2025-07-11T03:40:17.240421
7,Gen7_Match79_1752203722,Gen7_Deck7,Gen7_Deck9,Gen7_Deck7,1,0,75.4945764541626,1786991,Gen7_Match79_1752203722.txt,,2025-07-11T03:40:36.008698
7,Gen7_Match81_1752203722,Gen7_Deck11,Gen7_Deck7,Gen7_Deck7,0,1,79.61170291900635,1786990,Gen7_Match81_1752203722.txt,,2025-07-11T03:40:50.086173
7,Gen7_Match83_1752203722,Gen7_Deck13,Gen7_Deck7,Gen7_Deck7,0,1,35.724212408065796,1786989,Gen7_Match83_1752203722.txt,,2025-07-11T03:40:52.965215
7,Gen7_Match86_1752203722,Gen7_Deck8,Gen7_Deck10,Gen7_Deck10,0,1,24.36641502380371,1786989,Gen7_Match86_1752203722.txt,,2025-07-11T03:41:17.332086
7,Gen7_Match87_1752203722,Gen7_Deck8,Gen7_Deck11,Gen7_Deck8,1,0,20.61748743057251,1786989,Gen7_Match87_1752203722.txt,,2025-07-11T03:41:37.949970
7,Gen7_Match84_1752203722,Gen7_Deck14,Gen7_Deck7,Gen7_Deck7,0,1,78.57105374336243,1786991,Gen7_Match84_1752203722.txt,,2025-07-11T03:41:54.580409
7,Gen7_Match88_1752203722,Gen7_Deck12,Gen7_Deck8,Gen7_Deck12,1,0,21.95968222618103,1786989,Gen7_Match88_1752203722.txt,,2025-07-11T03:41:59.910138
7,Gen7_Match85_1752203722,Gen7_Deck9,Gen7_Deck8,Gen7_Deck9,1,0,99.37853217124939,1786990,Gen7_Match85_1752203722.txt,,2025-07-11T03:42:29.465380
7,Gen7_Match89_1752203722,Gen7_Deck8,Gen7_Deck13,Gen7_Deck8,1,0,48.103496074676514,1786991,Gen7_Match89_1752203722.txt,,2025-07-11T03:42:42.684467
7,Gen7_Match91_1752203722,Gen7_Deck10,Gen7_Deck9,Gen7_Deck10,1,0,22.493489980697632,1786990,Gen7_Match91_1752203722.txt,,2025-07-11T03:42:51.959347
7,Gen7_Match92_1752203722,Gen7_Deck9,Gen7_Deck11,Gen7_Deck9,1,0,26.411478996276855,1786991,Gen7_Match92_1752203722.txt,,2025-07-11T03:43:09.096437
7,Gen7_Match93_1752203722,Gen7_Deck9,Gen7_Deck12,Gen7_Deck9,1,0,24.972062826156616,1786990,Gen7_Match93_1752203722.txt,,2025-07-11T03:43:16.931882
7,Gen7_Match94_1752203722,Gen7_Deck13,Gen7_Deck9,Gen7_Deck9,0,1,31.761020183563232,1786991,Gen7_Match94_1752203722.txt,,2025-07-11T03:43:40.857952
7,Gen7_Match95_1752203722,Gen7_Deck14,Gen7_Deck9,Gen7_Deck9,0,1,28.960059642791748,1786990,Gen7_Match95_1752203722.txt,,2025-07-11T03:43:45.892461
7,Gen7_Match96_1752203722,Gen7_Deck10,Gen7_Deck11,Gen7_Deck10,1,0,20.372520208358765,1786991,Gen7_Match96_1752203722.txt,,2025-07-11T03:44:01.230976
7,Gen7_Match90_1752203722,Gen7_Deck8,Gen7_Deck14,Gen7_Deck8,1,0,131.27875137329102,1786989,Gen7_Match90_1752203722.txt,,2025-07-11T03:44:11.189757
7,Gen7_Match97_1752203722,Gen7_Deck10,Gen7_Deck12,Gen7_Deck10,1,0,31.262317895889282,1786990,Gen7_Match97_1752203722.txt,,2025-07-11T03:44:17.155283
7,Gen7_Match100_1752203722,Gen7_Deck11,Gen7_Deck12,Gen7_Deck11,1,0,40.46844744682312,1786990,Gen7_Match100_1752203722.txt,,2025-07-11T03:44:57.624244
7,Gen7_Match99_1752203722,Gen7_Deck10,Gen7_Deck14,Gen7_Deck10,1,0,52.33820986747742,1786989,Gen7_Match99_1752203722.txt,,2025-07-11T03:45:03.528630
7,Gen7_Match101_1752203722,Gen7_Deck13,Gen7_Deck11,Gen7_Deck13,1,0,34.16782855987549,1786990,Gen7_Match101_1752203722.txt,,2025-07-11T03:45:31.792584
7,Gen7_Match102_1752203722,Gen7_Deck14,Gen7_Deck11,Gen7_Deck11,0,1,35.41382455825806,1786989,Gen7_Match102_1752203722.txt,,2025-07-11T03:45:38.943025
7,Gen7_Match98_1752203722,Gen7_Deck13,Gen7_Deck10,Gen7_Deck10,0,1,98.53732562065125,1786991,Gen7_Match98_1752203722.txt,,2025-07-11T03:45:39.818971
7,Gen7_Match104_1752203722,Gen7_Deck14,Gen7_Deck12,Gen7_Deck12,0,1,31.285131692886353,1786989,Gen7_Match104_1752203722.txt,,2025-07-11T03:46:10.228637
7,Gen7_Match103_1752203722,Gen7_Deck13,Gen7_Deck12,Gen7_Deck12,0,1,41.366907596588135,1786990,Gen7_Match103_1752203722.txt,,2025-07-11T03:46:13.160006
7,Gen7_Match105_1752203722,Gen7_Deck13,Gen7_Deck14,Gen7_Deck14,0,1,33.66063857078552,1786991,Gen7_Match105_1752203722.txt,,2025-07-11T03:46:13.480380
8,Gen8_Match1_1752205573,Gen8_Deck1,Gen8_Deck0,Gen8_Deck0,0,1,26.202524423599243,1840612,Gen8_Match1_1752205573.txt,,2025-07-11T03:46:39.718110
8,Gen8_Match3_1752205573,Gen8_Deck0,Gen8_Deck3,Gen8_Deck0,1,0,42.51988410949707,1840616,Gen8_Match3_1752205573.txt,,2025-07-11T03:46:56.037224
8,Gen8_Match5_1752205573,Gen8_Deck5,Gen8_Deck0,Gen8_Deck0,0,1,23.95443058013916,1840616,Gen8_Match5_1752205573.txt,,2025-07-11T03:47:19.992495
8,Gen8_Match4_1752205573,Gen8_Deck4,Gen8_Deck0,Gen8_Deck4,1,0,49.68784308433533,1840612,Gen8_Match4_1752205573.txt,,2025-07-11T03:47:29.406917
8,Gen8_Match6_1752205573,Gen8_Deck0,Gen8_Deck6,Gen8_Deck0,1,0,22.668389081954956,1840616,Gen8_Match6_1752205573.txt,,2025-07-11T03:47:42.661391
8,Gen8_Match7_1752205573,Gen8_Deck0,Gen8_Deck7,Gen8_Deck7,0,1,20.28498888015747,1840612,Gen8_Match7_1752205573.txt,,2025-07-11T03:47:49.692416
8,Gen8_Match9_1752205573,Gen8_Deck9,Gen8_Deck0,Gen8_Deck9,1,0,29.821303367614746,1840612,Gen8_Match9_1752205573.txt,,2025-07-11T03:48:19.514253
8,Gen8_Match2_1752205573,Gen8_Deck2,Gen8_Deck0,Gen8_Deck2,1,0,132.98181295394897,1840615,Gen8_Match2_1752205573.txt,,2025-07-11T03:48:26.498675
8,Gen8_Match8_1752205573,Gen8_Deck8,Gen8_Deck0,Gen8_Deck8,1,0,59.10425662994385,1840616,Gen8_Match8_1752205573.txt,,2025-07-11T03:48:41.766204
8,Gen8_Match11_1752205573,Gen8_Deck11,Gen8_Deck0,Gen8_Deck0,0,1,25.8457133769989,1840615,Gen8_Match11_1752205573.txt,,2025-07-11T03:48:52.345271
8,Gen8_Match12_1752205573,Gen8_Deck12,Gen8_Deck0,Gen8_Deck0,0,1,36.677974462509155,1840616,Gen8_Match12_1752205573.txt,,2025-07-11T03:49:18.444732
8,Gen8_Match13_1752205573,Gen8_Deck0,Gen8_Deck13,Gen8_Deck0,1,0,36.87485408782959,1840615,Gen8_Match13_1752205573.txt,,2025-07-11T03:49:29.220759
8,Gen8_Match14_1752205573,Gen8_Deck0,Gen8_Deck14,Gen8_Deck14,0,1,25.183305263519287,1840616,Gen8_Match14_1752205573.txt,,2025-07-11T03:49:43.628529
8,Gen8_Match10_1752205573,Gen8_Deck0,Gen8_Deck10,Gen8_Deck10,0,1,105.00613856315613,1840612,Gen8_Match10_1752205573.txt,,2025-07-11T03:50:04.521008
8,Gen8_Match16_1752205573,Gen8_Deck1,Gen8_Deck3,Gen8_Deck3,0,1,31.86896252632141,1840616,Gen8_Match16_1752205573.txt,,2025-07-11T03:50:15.498004
8,Gen8_Match18_1752205573,Gen8_Deck5,Gen8_Deck1,Gen8_Deck5,1,0,26.79777956008911,1840616,Gen8_Match18_1752205573.txt,,2025-07-11T03:50:42.296288
8,Gen8_Match19_1752205573,Gen8_Deck1,Gen8_Deck6,Gen8_Deck6,0,1,25.91062021255493,1840616,Gen8_Match19_1752205573.txt,,2025-07-11T03:51:08.207498
8,Gen8_Match15_1752205573,Gen8_Deck1,Gen8_Deck2,Gen8_Deck2,0,1,102.49151158332825,1840615,Gen8_Match15_1752205573.txt,,2025-07-11T03:51:11.713084
8,Gen8_Match20_1752205573,Gen8_Deck1,Gen8_Deck7,Gen8_Deck1,1,0,28.872371912002563,1840616,Gen8_Match20_1752205573.txt,,2025-07-11T03:51:37.080410
8,Gen8_Match21_1752205573,Gen8_Deck8,Gen8_Deck1,Gen8_Deck1,0,1,36.52283954620361,1840615,Gen8_Match21_1752205573.txt,,2025-07-11T03:51:48.236453
8,Gen8_Match22_1752205573,Gen8_Deck1,Gen8_Deck9,Gen8_Deck9,0,1,23.095176219940186,1840616,Gen8_Match22_1752205573.txt,,2025-07-11T03:52:00.176087
8,Gen8_Match23_1752205573,Gen8_Deck10,Gen8_Deck1,Gen8_Deck1,0,1,22.04660654067993,1840615,Gen8_Match23_1752205573.txt,,2025-07-11T03:52:10.283650
8,Gen8_Match17_1752205573,Gen8_Deck4,Gen8_Deck1,Gen8_Deck4,1,0,131.40710258483887,1840612,Gen8_Match17_1752205573.txt,,2025-07-11T03:52:15.928794
8,Gen8_Match24_1752205573,Gen8_Deck1,Gen8_Deck11,Gen8_Deck1,1,0,25.10398554801941,1840616,Gen8_Match24_1752205573.txt,,2025-07-11T03:52:25.280596
8,Gen8_Match26_1752205573,Gen8_Deck1,Gen8_Deck13,Gen8_Deck1,1,0,21.25918960571289,1840612,Gen8_Match26_1752205573.txt,,2025-07-11T03:52:37.188444
8,Gen8_Match25_1752205573,Gen8_Deck12,Gen8_Deck1,Gen8_Deck12,1,0,46.929067611694336,1840615,Gen8_Match25_1752205573.txt,,2025-07-11T03:52:57.213451
8,Gen8_Match28_1752205573,Gen8_Deck2,Gen8_Deck3,Gen8_Deck3,0,1,31.926008462905884,1840612,Gen8_Match28_1752205573.txt,,2025-07-11T03:53:09.115069
8,Gen8_Match27_1752205573,Gen8_Deck14,Gen8_Deck1,Gen8_Deck1,0,1,51.979429483413696,1840616,Gen8_Match27_1752205573.txt,,2025-07-11T03:53:17.260534
8,Gen8_Match29_1752205573,Gen8_Deck2,Gen8_Deck4,Gen8_Deck4,0,1,31.719869375228882,1840615,Gen8_Match29_1752205573.txt,,2025-07-11T03:53:28.933828
8,Gen8_Match30_1752205573,Gen8_Deck5,Gen8_Deck2,Gen8_Deck5,1,0,24.215568780899048,1840612,Gen8_Match30_1752205573.txt,,2025-07-11T03:53:33.331122
8,Gen8_Match32_1752205573,Gen8_Deck2,Gen8_Deck7,Gen8_Deck2,1,0,33.151345014572144,1840615,Gen8_Match32_1752205573.txt,,2025-07-11T03:54:02.085706
8,Gen8_Match33_1752205573,Gen8_Deck8,Gen8_Deck2,Gen8_Deck8,1,0,51.24897646903992,1840612,Gen8_Match33_1752205573.txt,,2025-07-11T03:54:24.580640
8,Gen8_Match35_1752205573,Gen8_Deck2,Gen8_Deck10,Gen8_Deck2,1,0,21.34809899330139,1840612,Gen8_Match35_1752205573.txt,,2025-07-11T03:54:45.929242
8,Gen8_Match31_1752205573,Gen8_Deck2,Gen8_Deck6,Gen8_Deck2,1,0,132.76684498786926,1840616,Gen8_Match31_1752205573.txt,,2025-07-11T03:55:30.028133
8,Gen8_Match34_1752205573,Gen8_Deck9,Gen8_Deck2,Gen8_Deck9,1,0,120.1798894405365,1840615,Gen8_Match34_1752205573.txt,,2025-07-11T03:56:02.266219
8,Gen8_Match37_1752205573,Gen8_Deck12,Gen8_Deck2,Gen8_Deck12,1,0,40.67659115791321,1840616,Gen8_Match37_1752205573.txt,,2025-07-11T03:56:10.705533
8,Gen8_Match38_1752205573,Gen8_Deck2,Gen8_Deck13,Gen8_Deck13,0,1,29.61375594139099,1840615,Gen8_Match38_1752205573.txt,,2025-07-11T03:56:31.880453
8,Gen8_Match40_1752205573,Gen8_Deck3,Gen8_Deck4,Gen8_Deck3,1,0,22.665241241455078,1840615,Gen8_Match40_1752205573.txt,,2025-07-11T03:56:54.546130
8,Gen8_Match36_1752205573,Gen8_Deck2,Gen8_Deck11,Gen8_Deck2,1,0,129.41886401176453,1840612,Gen8_Match36_1752205573.txt,,2025-07-11T03:56:55.348690
8,Gen8_Match41_1752205573,Gen8_Deck5,Gen8_Deck3,Gen8_Deck5,1,0,22.294362783432007,1840615,Gen8_Match41_1752205573.txt,,2025-07-11T03:57:16.840932
8,Gen8_Match42_1752205573,Gen8_Deck3,Gen8_Deck6,Gen8_Deck6,0,1,36.07152032852173,1840612,Gen8_Match42_1752205573.txt,,2025-07-11T03:57:31.420773
8,Gen8_Match43_1752205573,Gen8_Deck3,Gen8_Deck7,Gen8_Deck7,0,1,27.0711407661438,1840615,Gen8_Match43_1752205573.txt,,2025-07-11T03:57:43.912553
8,Gen8_Match39_1752205573,Gen8_Deck2,Gen8_Deck14,Gen8_Deck2,1,0,103.88522863388062,1840616,Gen8_Match39_1752205573.txt,,2025-07-11T03:57:54.591438
8,Gen8_Match44_1752205573,Gen8_Deck8,Gen8_Deck3,Gen8_Deck8,1,0,74.15911364555359,1840612,Gen8_Match44_1752205573.txt,,2025-07-11T03:58:45.580593
8,Gen8_Match47_1752205573,Gen8_Deck3,Gen8_Deck11,Gen8_Deck11,0,1,24.086171627044678,1840612,Gen8_Match47_1752205573.txt,,2025-07-11T03:59:09.667355
8,Gen8_Match46_1752205573,Gen8_Deck3,Gen8_Deck10,Gen8_Deck3,1,0,103.02268981933594,1840616,Gen8_Match46_1752205573.txt,,2025-07-11T03:59:37.614754
8,Gen8_Match48_1752205573,Gen8_Deck12,Gen8_Deck3,Gen8_Deck12,1,0,31.257737159729004,1840612,Gen8_Match48_1752205573.txt,,2025-07-11T03:59:40.925607
8,Gen8_Match45_1752205573,Gen8_Deck9,Gen8_Deck3,Gen8_Deck9,1,0,132.38044357299805,1840615,Gen8_Match45_1752205573.txt,,2025-07-11T03:59:56.293493
8,Gen8_Match50_1752205573,Gen8_Deck3,Gen8_Deck14,Gen8_Deck3,1,0,74.8362398147583,1840612,Gen8_Match50_1752205573.txt,,2025-07-11T04:00:55.762373
8,Gen8_Match49_1752205573,Gen8_Deck3,Gen8_Deck13,Gen8_Deck3,1,0,132.54295897483826,1840616,Gen8_Match49_1752205573.txt,,2025-07-11T04:01:50.158332
8,Gen8_Match52_1752205573,Gen8_Deck6,Gen8_Deck4,Gen8_Deck6,1,0,55.55774664878845,1840612,Gen8_Match52_1752205573.txt,,2025-07-11T04:01:51.320679
8,Gen8_Match51_1752205573,Gen8_Deck5,Gen8_Deck4,Gen8_Deck5,1,0,132.75360989570618,1840615,Gen8_Match51_1752205573.txt,,2025-07-11T04:02:09.047693
8,Gen8_Match54_1752205573,Gen8_Deck8,Gen8_Deck4,Gen8_Deck4,0,1,25.02092671394348,1840612,Gen8_Match54_1752205573.txt,,2025-07-11T04:02:16.342098
8,Gen8_Match55_1752205573,Gen8_Deck9,Gen8_Deck4,Gen8_Deck4,0,1,25.471118450164795,1840615,Gen8_Match55_1752205573.txt,,2025-07-11T04:02:34.519245
8,Gen8_Match53_1752205573,Gen8_Deck4,Gen8_Deck7,Gen8_Deck7,0,1,57.6783652305603,1840616,Gen8_Match53_1752205573.txt,,2025-07-11T04:02:47.837303
8,Gen8_Match56_1752205573,Gen8_Deck10,Gen8_Deck4,Gen8_Deck4,0,1,41.077765464782715,1840612,Gen8_Match56_1752205573.txt,,2025-07-11T04:02:57.420387
8,Gen8_Match57_1752205573,Gen8_Deck4,Gen8_Deck11,Gen8_Deck4,1,0,37.81721234321594,1840615,Gen8_Match57_1752205573.txt,,2025-07-11T04:03:12.336931
8,Gen8_Match59_1752205573,Gen8_Deck4,Gen8_Deck13,Gen8_Deck13,0,1,39.74779438972473,1840612,Gen8_Match59_1752205573.txt,,2025-07-11T04:03:37.168718
8,Gen8_Match60_1752205573,Gen8_Deck14,Gen8_Deck4,Gen8_Deck14,1,0,26.541441202163696,1840615,Gen8_Match60_1752205573.txt,,2025-07-11T04:03:38.878870
8,Gen8_Match61_1752205573,Gen8_Deck6,Gen8_Deck5,Gen8_Deck6,1,0,25.081121683120728,1840612,Gen8_Match61_1752205573.txt,,2025-07-11T04:04:02.250295
8,Gen8_Match63_1752205573,Gen8_Deck8,Gen8_Deck5,Gen8_Deck5,0,1,49.69373154640198,1840612,Gen8_Match63_1752205573.txt,,2025-07-11T04:04:51.944545
8,Gen8_Match58_1752205573,Gen8_Deck12,Gen8_Deck4,Gen8_Deck12,1,0,131.61108016967773,1840616,Gen8_Match58_1752205573.txt,,2025-07-11T04:04:59.449237
8,Gen8_Match62_1752205573,Gen8_Deck5,Gen8_Deck7,Gen8_Deck5,1,0,132.05302453041077,1840615,Gen8_Match62_1752205573.txt,,2025-07-11T04:05:50.932419
8,Gen8_Match65_1752205573,Gen8_Deck5,Gen8_Deck10,Gen8_Deck5,1,0,63.2584433555603,1840616,Gen8_Match65_1752205573.txt,,2025-07-11T04:06:02.708355
8,Gen8_Match67_1752205573,Gen8_Deck12,Gen8_Deck5,Gen8_Deck12,1,0,25.85748863220215,1840616,Gen8_Match67_1752205573.txt,,2025-07-11T04:06:28.566343
8,Gen8_Match68_1752205573,Gen8_Deck13,Gen8_Deck5,Gen8_Deck5,0,1,29.5497465133667,1840616,Gen8_Match68_1752205573.txt,,2025-07-11T04:06:58.116929
8,Gen8_Match64_1752205573,Gen8_Deck9,Gen8_Deck5,Gen8_Deck9,1,0,130.472900390625,1840612,Gen8_Match64_1752205573.txt,,2025-07-11T04:07:02.418063
8,Gen8_Match66_1752205573,Gen8_Deck5,Gen8_Deck11,Gen8_Deck5,1,0,74.10454249382019,1840615,Gen8_Match66_1752205573.txt,,2025-07-11T04:07:05.037553
8,Gen8_Match69_1752205573,Gen8_Deck5,Gen8_Deck14,Gen8_Deck14,0,1,42.65112376213074,1840616,Gen8_Match69_1752205573.txt,,2025-07-11T04:07:40.768766
8,Gen8_Match71_1752205573,Gen8_Deck8,Gen8_Deck6,Gen8_Deck8,1,0,37.458497762680054,1840615,Gen8_Match71_1752205573.txt,,2025-07-11T04:07:42.496581
8,Gen8_Match73_1752205573,Gen8_Deck10,Gen8_Deck6,Gen8_Deck6,0,1,35.735273122787476,1840615,Gen8_Match73_1752205573.txt,,2025-07-11T04:08:18.232348
8,Gen8_Match70_1752205573,Gen8_Deck7,Gen8_Deck6,Gen8_Deck6,0,1,130.00444722175598,1840612,Gen8_Match70_1752205573.txt,,2025-07-11T04:09:12.423124
8,Gen8_Match72_1752205573,Gen8_Deck6,Gen8_Deck9,Gen8_Deck9,0,1,93.50737881660461,1840616,Gen8_Match72_1752205573.txt,,2025-07-11T04:09:14.276726
8,Gen8_Match75_1752205573,Gen8_Deck12,Gen8_Deck6,Gen8_Deck6,0,1,33.52155828475952,1840612,Gen8_Match75_1752205573.txt,,2025-07-11T04:09:45.945215
8,Gen8_Match76_1752205573,Gen8_Deck6,Gen8_Deck13,Gen8_Deck13,0,1,34.47903633117676,1840616,Gen8_Match76_1752205573.txt,,2025-07-11T04:09:48.756318
8,Gen8_Match74_1752205573,Gen8_Deck11,Gen8_Deck6,Gen8_Deck6,0,1,105.4072835445404,1840615,Gen8_Match74_1752205573.txt,,2025-07-11T04:10:03.640241
8,Gen8_Match77_1752205573,Gen8_Deck14,Gen8_Deck6,Gen8_Deck14,1,0,22.237668991088867,1840612,Gen8_Match77_1752205573.txt,,2025-07-11T04:10:08.183350
8,Gen8_Match79_1752205573,Gen8_Deck9,Gen8_Deck7,Gen8_Deck9,1,0,26.83562684059143,1840615,Gen8_Match79_1752205573.txt,,2025-07-11T04:10:30.476366
8,Gen8_Match80_1752205573,Gen8_Deck7,Gen8_Deck10,Gen8_Deck10,0,1,41.99618434906006,1840612,Gen8_Match80_1752205573.txt,,2025-07-11T04:10:50.180123
8,Gen8_Match81_1752205573,Gen8_Deck7,Gen8_Deck11,Gen8_Deck11,0,1,58.055713415145874,1840615,Gen8_Match81_1752205573.txt,,2025-07-11T04:11:28.532624
8,Gen8_Match78_1752205573,Gen8_Deck8,Gen8_Deck7,Gen8_Deck8,1,0,126.18918704986572,1840616,Gen8_Match78_1752205573.txt,,2025-07-11T04:11:54.946046
8,Gen8_Match84_1752205573,Gen8_Deck7,Gen8_Deck14,Gen8_Deck7,1,0,26.41282343864441,1840616,Gen8_Match84_1752205573.txt,,2025-07-11T04:12:21.359457
8,Gen8_Match85_1752205573,Gen8_Deck9,Gen8_Deck8,Gen8_Deck8,0,1,18.897949695587158,1840616,Gen8_Match85_1752205573.txt,,2025-07-11T04:12:40.257881
8,Gen8_Match82_1752205573,Gen8_Deck12,Gen8_Deck7,Gen8_Deck12,1,0,118.8534779548645,1840612,Gen8_Match82_1752205573.txt,,2025-07-11T04:12:49.034242
8,Gen8_Match86_1752205573,Gen8_Deck8,Gen8_Deck10,Gen8_Deck8,1,0,26.19237971305847,1840616,Gen8_Match86_1752205573.txt,,2025-07-11T04:13:06.450787
8,Gen8_Match87_1752205573,Gen8_Deck11,Gen8_Deck8,Gen8_Deck11,1,0,24.48181939125061,1840612,Gen8_Match87_1752205573.txt,,2025-07-11T04:13:13.516549
8,Gen8_Match83_1752205573,Gen8_Deck7,Gen8_Deck13,Gen8_Deck7,1,0,130.33856463432312,1840615,Gen8_Match83_1752205573.txt,,2025-07-11T04:13:38.871798
8,Gen8_Match88_1752205573,Gen8_Deck12,Gen8_Deck8,Gen8_Deck12,1,0,38.017249584198,1840616,Gen8_Match88_1752205573.txt,,2025-07-11T04:13:44.468601
8,Gen8_Match90_1752205573,Gen8_Deck8,Gen8_Deck14,Gen8_Deck8,1,0,48.352362394332886,1840615,Gen8_Match90_1752205573.txt,,2025-07-11T04:14:27.224689
8,Gen8_Match89_1752205573,Gen8_Deck8,Gen8_Deck13,Gen8_Deck8,1,0,79.95669198036194,1840612,Gen8_Match89_1752205573.txt,,2025-07-11T04:14:33.473860
8,Gen8_Match91_1752205573,Gen8_Deck9,Gen8_Deck10,Gen8_Deck9,1,0,54.966946840286255,1840616,Gen8_Match91_1752205573.txt,,2025-07-11T04:14:39.436094
8,Gen8_Match92_1752205573,Gen8_Deck9,Gen8_Deck11,Gen8_Deck9,1,0,25.163327932357788,1840615,Gen8_Match92_1752205573.txt,,2025-07-11T04:14:52.388497
8,Gen8_Match94_1752205573,Gen8_Deck9,Gen8_Deck13,Gen8_Deck13,0,1,22.616031408309937,1840616,Gen8_Match94_1752205573.txt,,2025-07-11T04:15:02.052574
8,Gen8_Match93_1752205573,Gen8_Deck12,Gen8_Deck9,Gen8_Deck12,1,0,62.27055072784424,1840612,Gen8_Match93_1752205573.txt,,2025-07-11T04:15:35.744962
8,Gen8_Match96_1752205573,Gen8_Deck10,Gen8_Deck11,Gen8_Deck11,0,1,37.33922719955444,1840616,Gen8_Match96_1752205573.txt,,2025-07-11T04:15:39.392329
8,Gen8_Match98_1752205573,Gen8_Deck13,Gen8_Deck10,Gen8_Deck10,0,1,20.61967635154724,1840616,Gen8_Match98_1752205573.txt,,2025-07-11T04:16:00.012463
8,Gen8_Match97_1752205573,Gen8_Deck12,Gen8_Deck10,Gen8_Deck12,1,0,35.49950385093689,1840612,Gen8_Match97_1752205573.txt,,2025-07-11T04:16:11.244990
8,Gen8_Match95_1752205573,Gen8_Deck9,Gen8_Deck14,Gen8_Deck9,1,0,84.97563290596008,1840615,Gen8_Match95_1752205573.txt,,2025-07-11T04:16:17.364660
8,Gen8_Match101_1752205573,Gen8_Deck13,Gen8_Deck11,Gen8_Deck13,1,0,26.187570095062256,1840615,Gen8_Match101_1752205573.txt,,2025-07-11T04:16:43.552730
8,Gen8_Match100_1752205573,Gen8_Deck11,Gen8_Deck12,Gen8_Deck11,1,0,52.66317439079285,1840612,Gen8_Match100_1752205573.txt,,2025-07-11T04:17:03.908705
8,Gen8_Match102_1752205573,Gen8_Deck14,Gen8_Deck11,Gen8_Deck14,1,0,57.67493414878845,1840615,Gen8_Match102_1752205573.txt,,2025-07-11T04:17:41.228200
8,Gen8_Match104_1752205573,Gen8_Deck12,Gen8_Deck14,Gen8_Deck12,1,0,24.204684019088745,1840615,Gen8_Match104_1752205573.txt,,2025-07-11T04:18:05.433360
8,Gen8_Match99_1752205573,Gen8_Deck10,Gen8_Deck14,Gen8_Deck10,1,0,130.84760737419128,1840616,Gen8_Match99_1752205573.txt,,2025-07-11T04:18:10.860606
8,Gen8_Match103_1752205573,Gen8_Deck12,Gen8_Deck13,Gen8_Deck12,1,0,68.87841510772705,1840612,Gen8_Match103_1752205573.txt,,2025-07-11T04:18:12.787953
8,Gen8_Match105_1752205573,Gen8_Deck13,Gen8_Deck14,Gen8_Deck13,1,0,23.036425352096558,1840615,Gen8_Match105_1752205573.txt,,2025-07-11T04:18:28.470291
9,Gen9_Match1_1752207508,Gen9_Deck0,Gen9_Deck1,Gen9_Deck1,0,1,42.05159258842468,1893572,Gen9_Match1_1752207508.txt,,2025-07-11T04:19:10.556738
9,Gen9_Match4_1752207508,Gen9_Deck0,Gen9_Deck4,Gen9_Deck4,0,1,61.860658407211304,1893572,Gen9_Match4_1752207508.txt,,2025-07-11T04:20:12.418277
9,Gen9_Match3_1752207508,Gen9_Deck3,Gen9_Deck0,Gen9_Deck3,1,0,133.1549515724182,1893574,Gen9_Match3_1752207508.txt,,2025-07-11T04:20:41.662985
9,Gen9_Match2_1752207508,Gen9_Deck0,Gen9_Deck2,Gen9_Deck0,1,0,135.83423018455505,1893573,Gen9_Match2_1752207508.txt,,2025-07-11T04:20:44.341719
9,Gen9_Match5_1752207508,Gen9_Deck0,Gen9_Deck5,Gen9_Deck5,0,1,53.561920166015625,1893572,Gen9_Match5_1752207508.txt,,2025-07-11T04:21:05.980831
9,Gen9_Match7_1752207508,Gen9_Deck7,Gen9_Deck0,Gen9_Deck7,1,0,33.486180543899536,1893573,Gen9_Match7_1752207508.txt,,2025-07-11T04:21:17.828648
9,Gen9_Match8_1752207508,Gen9_Deck0,Gen9_Deck8,Gen9_Deck8,0,1,23.82709050178528,1893572,Gen9_Match8_1752207508.txt,,2025-07-11T04:21:29.808502
9,Gen9_Match9_1752207508,Gen9_Deck0,Gen9_Deck9,Gen9_Deck9,0,1,25.770264863967896,1893573,Gen9_Match9_1752207508.txt,,2025-07-11T04:21:43.599444
9,Gen9_Match10_1752207508,Gen9_Deck0,Gen9_Deck10,Gen9_Deck0,1,0,32.04920959472656,1893572,Gen9_Match10_1752207508.txt,,2025-07-11T04:22:01.858218
9,Gen9_Match11_1752207508,Gen9_Deck11,Gen9_Deck0,Gen9_Deck0,0,1,23.400595664978027,1893573,Gen9_Match11_1752207508.txt,,2025-07-11T04:22:07.000634
9,Gen9_Match13_1752207508,Gen9_Deck13,Gen9_Deck0,Gen9_Deck0,0,1,23.286295175552368,1893573,Gen9_Match13_1752207508.txt,,2025-07-11T04:22:30.287430
9,Gen9_Match6_1752207508,Gen9_Deck0,Gen9_Deck6,Gen9_Deck0,1,0,132.1111238002777,1893574,Gen9_Match6_1752207508.txt,,2025-07-11T04:22:53.774933
9,Gen9_Match14_1752207508,Gen9_Deck14,Gen9_Deck0,Gen9_Deck0,0,1,25.364693880081177,1893573,Gen9_Match14_1752207508.txt,,2025-07-11T04:22:55.652635
9,Gen9_Match15_1752207508,Gen9_Deck1,Gen9_Deck2,Gen9_Deck1,1,0,24.065057277679443,1893574,Gen9_Match15_1752207508.txt,,2025-07-11T04:23:17.840499
9,Gen9_Match16_1752207508,Gen9_Deck3,Gen9_Deck1,Gen9_Deck3,1,0,28.49518847465515,1893573,Gen9_Match16_1752207508.txt,,2025-07-11T04:23:24.148324
9,Gen9_Match12_1752207508,Gen9_Deck0,Gen9_Deck12,Gen9_Deck0,1,0,131.4611566066742,1893572,Gen9_Match12_1752207508.txt,,2025-07-11T04:24:13.320455
9,Gen9_Match19_1752207508,Gen9_Deck1,Gen9_Deck6,Gen9_Deck1,1,0,17.464577436447144,1893572,Gen9_Match19_1752207508.txt,,2025-07-11T04:24:30.785678
9,Gen9_Match18_1752207508,Gen9_Deck1,Gen9_Deck5,Gen9_Deck5,0,1,90.50843214988708,1893573,Gen9_Match18_1752207508.txt,,2025-07-11T04:24:54.657387
9,Gen9_Match17_1752207508,Gen9_Deck4,Gen9_Deck1,Gen9_Deck4,1,0,109.88994908332825,1893574,Gen9_Match17_1752207508.txt,,2025-07-11T04:25:07.731119
9,Gen9_Match21_1752207508,Gen9_Deck1,Gen9_Deck8,Gen9_Deck8,0,1,21.702556610107422,1893573,Gen9_Match21_1752207508.txt,,2025-07-11T04:25:16.360400
9,Gen9_Match22_1752207508,Gen9_Deck1,Gen9_Deck9,Gen9_Deck9,0,1,28.49680781364441,1893574,Gen9_Match22_1752207508.txt,,2025-07-11T04:25:36.228414
9,Gen9_Match23_1752207508,Gen9_Deck10,Gen9_Deck1,Gen9_Deck1,0,1,27.39559006690979,1893573,Gen9_Match23_1752207508.txt,,2025-07-11T04:25:43.756523
9,Gen9_Match25_1752207508,Gen9_Deck1,Gen9_Deck12,Gen9_Deck1,1,0,23.927669525146484,1893573,Gen9_Match25_1752207508.txt,,2025-07-11T04:26:07.684760
9,Gen9_Match24_1752207508,Gen9_Deck11,Gen9_Deck1,Gen9_Deck1,0,1,46.49881863594055,1893574,Gen9_Match24_1752207508.txt,,2025-07-11T04:26:22.728149
9,Gen9_Match27_1752207508,Gen9_Deck14,Gen9_Deck1,Gen9_Deck14,1,0,17.299214363098145,1893574,Gen9_Match27_1752207508.txt,,2025-07-11T04:26:40.027926
9,Gen9_Match20_1752207508,Gen9_Deck7,Gen9_Deck1,Gen9_Deck7,1,0,129.43672943115234,1893572,Gen9_Match20_1752207508.txt,,2025-07-11T04:26:40.223025
9,Gen9_Match26_1752207508,Gen9_Deck1,Gen9_Deck13,Gen9_Deck1,1,0,50.33984613418579,1893573,Gen9_Match26_1752207508.txt,,2025-07-11T04:26:58.025224
9,Gen9_Match30_1752207508,Gen9_Deck5,Gen9_Deck2,Gen9_Deck2,0,1,22.474674940109253,1893573,Gen9_Match30_1752207508.txt,,2025-07-11T04:27:20.500376
9,Gen9_Match28_1752207508,Gen9_Deck2,Gen9_Deck3,Gen9_Deck3,0,1,47.5215950012207,1893574,Gen9_Match28_1752207508.txt,,2025-07-11T04:27:27.550049
9,Gen9_Match31_1752207508,Gen9_Deck2,Gen9_Deck6,Gen9_Deck6,0,1,26.64375948905945,1893573,Gen9_Match31_1752207508.txt,,2025-07-11T04:27:47.144631
9,Gen9_Match33_1752207508,Gen9_Deck8,Gen9_Deck2,Gen9_Deck8,1,0,52.05891036987305,1893573,Gen9_Match33_1752207508.txt,,2025-07-11T04:28:39.204108
9,Gen9_Match29_1752207508,Gen9_Deck2,Gen9_Deck4,Gen9_Deck2,1,0,132.4449872970581,1893572,Gen9_Match29_1752207508.txt,,2025-07-11T04:28:52.668617
9,Gen9_Match34_1752207508,Gen9_Deck9,Gen9_Deck2,Gen9_Deck2,0,1,15.411888360977173,1893573,Gen9_Match34_1752207508.txt,,2025-07-11T04:28:54.616443
9,Gen9_Match36_1752207508,Gen9_Deck2,Gen9_Deck11,Gen9_Deck11,0,1,42.62447714805603,1893573,Gen9_Match36_1752207508.txt,,2025-07-11T04:29:37.241492
9,Gen9_Match32_1752207508,Gen9_Deck2,Gen9_Deck7,Gen9_Deck2,1,0,132.3692545890808,1893574,Gen9_Match32_1752207508.txt,,2025-07-11T04:29:39.920001
9,Gen9_Match37_1752207508,Gen9_Deck12,Gen9_Deck2,Gen9_Deck2,0,1,49.962568521499634,1893573,Gen9_Match37_1752207508.txt,,2025-07-11T04:30:27.204583
9,Gen9_Match38_1752207508,Gen9_Deck2,Gen9_Deck13,Gen9_Deck2,1,0,47.961575984954834,1893574,Gen9_Match38_1752207508.txt,,2025-07-11T04:30:27.882161
9,Gen9_Match35_1752207508,Gen9_Deck2,Gen9_Deck10,Gen9_Deck2,1,0,131.58251190185547,1893572,Gen9_Match35_1752207508.txt,,2025-07-11T04:31:04.251940
9,Gen9_Match40_1752207508,Gen9_Deck4,Gen9_Deck3,Gen9_Deck4,1,0,45.83382201194763,1893574,Gen9_Match40_1752207508.txt,,2025-07-11T04:31:13.716541
9,Gen9_Match42_1752207508,Gen9_Deck6,Gen9_Deck3,Gen9_Deck6,1,0,21.094036102294922,1893574,Gen9_Match42_1752207508.txt,,2025-07-11T04:31:34.811194
9,Gen9_Match41_1752207508,Gen9_Deck3,Gen9_Deck5,Gen9_Deck3,1,0,58.885600328445435,1893572,Gen9_Match41_1752207508.txt,,2025-07-11T04:32:03.138279
9,Gen9_Match39_1752207508,Gen9_Deck2,Gen9_Deck14,Gen9_Deck2,1,0,113.5649185180664,1893573,Gen9_Match39_1752207508.txt,,2025-07-11T04:32:20.770124
9,Gen9_Match44_1752207508,Gen9_Deck3,Gen9_Deck8,Gen9_Deck3,1,0,27.437981605529785,1893572,Gen9_Match44_1752207508.txt,,2025-07-11T04:32:30.576810
9,Gen9_Match45_1752207508,Gen9_Deck3,Gen9_Deck9,Gen9_Deck9,0,1,24.450027465820312,1893573,Gen9_Match45_1752207508.txt,,2025-07-11T04:32:45.220614
9,Gen9_Match46_1752207508,Gen9_Deck10,Gen9_Deck3,Gen9_Deck10,1,0,27.6790668964386,1893572,Gen9_Match46_1752207508.txt,,2025-07-11T04:32:58.256375
9,Gen9_Match47_1752207508,Gen9_Deck11,Gen9_Deck3,Gen9_Deck3,0,1,24.9193696975708,1893573,Gen9_Match47_1752207508.txt,,2025-07-11T04:33:10.140471
9,Gen9_Match48_1752207508,Gen9_Deck3,Gen9_Deck12,Gen9_Deck3,1,0,22.295841455459595,1893572,Gen9_Match48_1752207508.txt,,2025-07-11T04:33:20.552693
9,Gen9_Match50_1752207508,Gen9_Deck14,Gen9_Deck3,Gen9_Deck14,1,0,21.3723087310791,1893572,Gen9_Match50_1752207508.txt,,2025-07-11T04:33:41.925451
9,Gen9_Match49_1752207508,Gen9_Deck13,Gen9_Deck3,Gen9_Deck3,0,1,32.057273626327515,1893573,Gen9_Match49_1752207508.txt,,2025-07-11T04:33:42.198252
9,Gen9_Match43_1752207508,Gen9_Deck7,Gen9_Deck3,Gen9_Deck7,1,0,130.8987591266632,1893574,Gen9_Match43_1752207508.txt,,2025-07-11T04:33:45.710549
9,Gen9_Match51_1752207508,Gen9_Deck5,Gen9_Deck4,Gen9_Deck5,1,0,68.05958080291748,1893572,Gen9_Match51_1752207508.txt,,2025-07-11T04:34:49.985554
9,Gen9_Match54_1752207508,Gen9_Deck8,Gen9_Deck4,Gen9_Deck4,0,1,23.43428063392639,1893572,Gen9_Match54_1752207508.txt,,2025-07-11T04:35:13.420327
9,Gen9_Match53_1752207508,Gen9_Deck4,Gen9_Deck7,Gen9_Deck7,0,1,93.17082285881042,1893574,Gen9_Match53_1752207508.txt,,2025-07-11T04:35:18.881919
9,Gen9_Match52_1752207508,Gen9_Deck4,Gen9_Deck6,Gen9_Deck4,1,0,133.97695136070251,1893573,Gen9_Match52_1752207508.txt,,2025-07-11T04:35:56.176076
9,Gen9_Match56_1752207508,Gen9_Deck4,Gen9_Deck10,Gen9_Deck4,1,0,38.52966547012329,1893574,Gen9_Match56_1752207508.txt,,2025-07-11T04:35:57.412098
9,Gen9_Match55_1752207508,Gen9_Deck9,Gen9_Deck4,Gen9_Deck9,1,0,50.8508825302124,1893572,Gen9_Match55_1752207508.txt,,2025-07-11T04:36:04.271732
9,Gen9_Match57_1752207508,Gen9_Deck11,Gen9_Deck4,Gen9_Deck4,0,1,31.329904317855835,1893573,Gen9_Match57_1752207508.txt,,2025-07-11T04:36:27.506619
9,Gen9_Match59_1752207508,Gen9_Deck4,Gen9_Deck13,Gen9_Deck4,1,0,40.80138278007507,1893572,Gen9_Match59_1752207508.txt,,2025-07-11T04:36:45.073657
9,Gen9_Match60_1752207508,Gen9_Deck4,Gen9_Deck14,Gen9_Deck14,0,1,27.199546098709106,1893573,Gen9_Match60_1752207508.txt,,2025-07-11T04:36:54.706634
9,Gen9_Match58_1752207508,Gen9_Deck12,Gen9_Deck4,Gen9_Deck12,1,0,67.27174878120422,1893574,Gen9_Match58_1752207508.txt,,2025-07-11T04:37:04.684351
9,Gen9_Match62_1752207508,Gen9_Deck7,Gen9_Deck5,Gen9_Deck7,1,0,33.34934902191162,1893573,Gen9_Match62_1752207508.txt,,2025-07-11T04:37:28.056533
9,Gen9_Match63_1752207508,Gen9_Deck8,Gen9_Deck5,Gen9_Deck5,0,1,34.54300856590271,1893574,Gen9_Match63_1752207508.txt,,2025-07-11T04:37:39.227876
9,Gen9_Match64_1752207508,Gen9_Deck5,Gen9_Deck9,Gen9_Deck5,1,0,26.33284044265747,1893573,Gen9_Match64_1752207508.txt,,2025-07-11T04:37:54.389878
9,Gen9_Match66_1752207508,Gen9_Deck11,Gen9_Deck5,Gen9_Deck11,1,0,33.91417598724365,1893573,Gen9_Match66_1752207508.txt,,2025-07-11T04:38:28.304547
9,Gen9_Match61_1752207508,Gen9_Deck5,Gen9_Deck6,Gen9_Deck5,1,0,118.94451570510864,1893572,Gen9_Match61_1752207508.txt,,2025-07-11T04:38:44.018775
9,Gen9_Match67_1752207508,Gen9_Deck5,Gen9_Deck12,Gen9_Deck5,1,0,22.103381395339966,1893573,Gen9_Match67_1752207508.txt,,2025-07-11T04:38:50.408435
9,Gen9_Match69_1752207508,Gen9_Deck14,Gen9_Deck5,Gen9_Deck14,1,0,22.826133728027344,1893573,Gen9_Match69_1752207508.txt,,2025-07-11T04:39:13.235231
9,Gen9_Match68_1752207508,Gen9_Deck5,Gen9_Deck13,Gen9_Deck5,1,0,29.35905432701111,1893572,Gen9_Match68_1752207508.txt,,2025-07-11T04:39:13.378347
9,Gen9_Match71_1752207508,Gen9_Deck6,Gen9_Deck8,Gen9_Deck8,0,1,29.451143503189087,1893572,Gen9_Match71_1752207508.txt,,2025-07-11T04:39:42.829967
9,Gen9_Match65_1752207508,Gen9_Deck10,Gen9_Deck5,Gen9_Deck10,1,0,132.4496409893036,1893574,Gen9_Match65_1752207508.txt,,2025-07-11T04:39:51.678115
9,Gen9_Match73_1752207508,Gen9_Deck10,Gen9_Deck6,Gen9_Deck10,1,0,19.48860001564026,1893574,Gen9_Match73_1752207508.txt,,2025-07-11T04:40:11.167163
9,Gen9_Match72_1752207508,Gen9_Deck6,Gen9_Deck9,Gen9_Deck9,0,1,28.405997276306152,1893572,Gen9_Match72_1752207508.txt,,2025-07-11T04:40:11.236411
9,Gen9_Match70_1752207508,Gen9_Deck7,Gen9_Deck6,Gen9_Deck6,0,1,100.45759344100952,1893573,Gen9_Match70_1752207508.txt,,2025-07-11T04:40:53.693587
9,Gen9_Match75_1752207508,Gen9_Deck6,Gen9_Deck12,Gen9_Deck12,0,1,61.97175049781799,1893572,Gen9_Match75_1752207508.txt,,2025-07-11T04:41:13.208644
9,Gen9_Match76_1752207508,Gen9_Deck6,Gen9_Deck13,Gen9_Deck13,0,1,21.35047197341919,1893573,Gen9_Match76_1752207508.txt,,2025-07-11T04:41:15.044661
9,Gen9_Match78_1752207508,Gen9_Deck8,Gen9_Deck7,Gen9_Deck8,1,0,27.210614442825317,1893573,Gen9_Match78_1752207508.txt,,2025-07-11T04:41:42.255781
9,Gen9_Match77_1752207508,Gen9_Deck14,Gen9_Deck6,Gen9_Deck14,1,0,29.71961283683777,1893572,Gen9_Match77_1752207508.txt,,2025-07-11T04:41:42.928972
9,Gen9_Match80_1752207508,Gen9_Deck7,Gen9_Deck10,Gen9_Deck10,0,1,38.75814652442932,1893572,Gen9_Match80_1752207508.txt,,2025-07-11T04:42:21.687762
9,Gen9_Match74_1752207508,Gen9_Deck11,Gen9_Deck6,Gen9_Deck11,1,0,130.65021443367004,1893574,Gen9_Match74_1752207508.txt,,2025-07-11T04:42:21.817897
9,Gen9_Match81_1752207508,Gen9_Deck7,Gen9_Deck11,Gen9_Deck7,1,0,29.77436065673828,1893572,Gen9_Match81_1752207508.txt,,2025-07-11T04:42:51.462616
9,Gen9_Match82_1752207508,Gen9_Deck12,Gen9_Deck7,Gen9_Deck7,0,1,54.95752429962158,1893574,Gen9_Match82_1752207508.txt,,2025-07-11T04:43:16.775961
9,Gen9_Match79_1752207508,Gen9_Deck9,Gen9_Deck7,Gen9_Deck9,1,0,121.87215828895569,1893573,Gen9_Match79_1752207508.txt,,2025-07-11T04:43:44.128523
9,Gen9_Match83_1752207508,Gen9_Deck7,Gen9_Deck13,Gen9_Deck13,0,1,57.509345293045044,1893572,Gen9_Match83_1752207508.txt,,2025-07-11T04:43:48.972544
9,Gen9_Match85_1752207508,Gen9_Deck8,Gen9_Deck9,Gen9_Deck8,1,0,26.919394969940186,1893573,Gen9_Match85_1752207508.txt,,2025-07-11T04:44:11.048449
9,Gen9_Match86_1752207508,Gen9_Deck10,Gen9_Deck8,Gen9_Deck8,0,1,26.979410409927368,1893572,Gen9_Match86_1752207508.txt,,2025-07-11T04:44:15.952404
9,Gen9_Match84_1752207508,Gen9_Deck14,Gen9_Deck7,Gen9_Deck14,1,0,84.12974333763123,1893574,Gen9_Match84_1752207508.txt,,2025-07-11T04:44:40.906208
9,Gen9_Match87_1752207508,Gen9_Deck11,Gen9_Deck8,Gen9_Deck8,0,1,45.06742835044861,1893573,Gen9_Match87_1752207508.txt,,2025-07-11T04:44:56.116419
9,Gen9_Match90_1752207508,Gen9_Deck14,Gen9_Deck8,Gen9_Deck8,0,1,39.703863859176636,1893573,Gen9_Match90_1752207508.txt,,2025-07-11T04:45:35.820809
9,Gen9_Match89_1752207508,Gen9_Deck13,Gen9_Deck8,Gen9_Deck8,0,1,62.19404983520508,1893574,Gen9_Match89_1752207508.txt,,2025-07-11T04:45:43.100897
9,Gen9_Match91_1752207508,Gen9_Deck9,Gen9_Deck10,Gen9_Deck10,0,1,24.470942497253418,1893573,Gen9_Match91_1752207508.txt,,2025-07-11T04:46:00.292193
9,Gen9_Match93_1752207508,Gen9_Deck12,Gen9_Deck9,Gen9_Deck9,0,1,20.85468101501465,1893573,Gen9_Match93_1752207508.txt,,2025-07-11T04:46:21.147338
9,Gen9_Match88_1752207508,Gen9_Deck8,Gen9_Deck12,Gen9_Deck8,1,0,131.4795639514923,1893572,Gen9_Match88_1752207508.txt,,2025-07-11T04:46:27.432456
9,Gen9_Match92_1752207508,Gen9_Deck11,Gen9_Deck9,Gen9_Deck9,0,1,59.53519058227539,1893574,Gen9_Match92_1752207508.txt,,2025-07-11T04:46:42.636662
9,Gen9_Match96_1752207508,Gen9_Deck11,Gen9_Deck10,Gen9_Deck10,0,1,61.38522696495056,1893574,Gen9_Match96_1752207508.txt,,2025-07-11T04:47:44.022397
9,Gen9_Match97_1752207508,Gen9_Deck10,Gen9_Deck12,Gen9_Deck10,1,0,37.821393966674805,1893574,Gen9_Match97_1752207508.txt,,2025-07-11T04:48:21.844342
9,Gen9_Match94_1752207508,Gen9_Deck9,Gen9_Deck13,Gen9_Deck9,1,0,131.69270396232605,1893573,Gen9_Match94_1752207508.txt,,2025-07-11T04:48:32.840657
9,Gen9_Match95_1752207508,Gen9_Deck9,Gen9_Deck14,Gen9_Deck9,1,0,132.50496745109558,1893572,Gen9_Match95_1752207508.txt,,2025-07-11T04:48:39.937956
9,Gen9_Match99_1752207508,Gen9_Deck14,Gen9_Deck10,Gen9_Deck14,1,0,22.755008935928345,1893573,Gen9_Match99_1752207508.txt,,2025-07-11T04:48:55.596158
9,Gen9_Match100_1752207508,Gen9_Deck12,Gen9_Deck11,Gen9_Deck11,0,1,41.54595327377319,1893572,Gen9_Match100_1752207508.txt,,2025-07-11T04:49:21.484429
9,Gen9_Match98_1752207508,Gen9_Deck10,Gen9_Deck13,Gen9_Deck13,0,1,67.87848687171936,1893574,Gen9_Match98_1752207508.txt,,2025-07-11T04:49:29.723391
9,Gen9_Match101_1752207508,Gen9_Deck11,Gen9_Deck13,Gen9_Deck11,1,0,41.727747440338135,1893573,Gen9_Match101_1752207508.txt,,2025-07-11T04:49:37.324437
9,Gen9_Match102_1752207508,Gen9_Deck11,Gen9_Deck14,Gen9_Deck11,1,0,22.439646244049072,1893572,Gen9_Match102_1752207508.txt,,2025-07-11T04:49:43.924523
9,Gen9_Match104_1752207508,Gen9_Deck14,Gen9_Deck12,Gen9_Deck14,1,0,24.47458028793335,1893573,Gen9_Match104_1752207508.txt,,2025-07-11T04:50:01.799454
9,Gen9_Match105_1752207508,Gen9_Deck14,Gen9_Deck13,Gen9_Deck14,1,0,25.692933797836304,1893572,Gen9_Match105_1752207508.txt,,2025-07-11T04:50:09.617876
9,Gen9_Match103_1752207508,Gen9_Deck12,Gen9_Deck13,Gen9_Deck12,1,0,113.22744250297546,1893574,Gen9_Match103_1752207508.txt,,2025-07-11T04:51:22.952295
10,Gen10_Match1_1752209482,Gen10_Deck0,Gen10_Deck1,Gen10_Deck0,1,0,32.40814256668091,1947963,Gen10_Match1_1752209482.txt,,2025-07-11T04:51:55.398112
10,Gen10_Match2_1752209482,Gen10_Deck0,Gen10_Deck2,Gen10_Deck2,0,1,33.42764949798584,1947964,Gen10_Match2_1752209482.txt,,2025-07-11T04:51:56.418060
10,Gen10_Match3_1752209482,Gen10_Deck3,Gen10_Deck0,Gen10_Deck0,0,1,33.43988656997681,1947965,Gen10_Match3_1752209482.txt,,2025-07-11T04:51:56.431220
10,Gen10_Match6_1752209482,Gen10_Deck6,Gen10_Deck0,Gen10_Deck6,1,0,46.37655162811279,1947965,Gen10_Match6_1752209482.txt,,2025-07-11T04:52:42.808382
10,Gen10_Match5_1752209482,Gen10_Deck0,Gen10_Deck5,Gen10_Deck0,1,0,63.5528302192688,1947964,Gen10_Match5_1752209482.txt,,2025-07-11T04:52:59.972118
10,Gen10_Match7_1752209482,Gen10_Deck7,Gen10_Deck0,Gen10_Deck7,1,0,30.986114263534546,1947965,Gen10_Match7_1752209482.txt,,2025-07-11T04:53:13.795075
10,Gen10_Match4_1752209482,Gen10_Deck0,Gen10_Deck4,Gen10_Deck0,1,0,90.70769739151001,1947963,Gen10_Match4_1752209482.txt,,2025-07-11T04:53:26.106667
10,Gen10_Match9_1752209482,Gen10_Deck0,Gen10_Deck9,Gen10_Deck9,0,1,24.336604833602905,1947965,Gen10_Match9_1752209482.txt,,2025-07-11T04:53:38.132169
10,Gen10_Match8_1752209482,Gen10_Deck0,Gen10_Deck8,Gen10_Deck8,0,1,52.38293218612671,1947964,Gen10_Match8_1752209482.txt,,2025-07-11T04:53:52.355660
10,Gen10_Match10_1752209482,Gen10_Deck10,Gen10_Deck0,Gen10_Deck0,0,1,30.908294677734375,1947963,Gen10_Match10_1752209482.txt,,2025-07-11T04:53:57.015473
10,Gen10_Match12_1752209482,Gen10_Deck0,Gen10_Deck12,Gen10_Deck12,0,1,32.4182014465332,1947964,Gen10_Match12_1752209482.txt,,2025-07-11T04:54:24.774366
10,Gen10_Match13_1752209482,Gen10_Deck13,Gen10_Deck0,Gen10_Deck13,1,0,30.007574558258057,1947963,Gen10_Match13_1752209482.txt,,2025-07-11T04:54:27.023578
10,Gen10_Match15_1752209482,Gen10_Deck2,Gen10_Deck1,Gen10_Deck2,1,0,21.84771752357483,1947963,Gen10_Match15_1752209482.txt,,2025-07-11T04:54:48.871697
10,Gen10_Match11_1752209482,Gen10_Deck0,Gen10_Deck11,Gen10_Deck11,0,1,70.96776247024536,1947965,Gen10_Match11_1752209482.txt,,2025-07-11T04:54:49.100485
10,Gen10_Match14_1752209482,Gen10_Deck14,Gen10_Deck0,Gen10_Deck14,1,0,40.191540241241455,1947964,Gen10_Match14_1752209482.txt,,2025-07-11T04:55:04.966386
10,Gen10_Match16_1752209482,Gen10_Deck1,Gen10_Deck3,Gen10_Deck3,0,1,23.544736862182617,1947963,Gen10_Match16_1752209482.txt,,2025-07-11T04:55:12.416861
10,Gen10_Match17_1752209482,Gen10_Deck1,Gen10_Deck4,Gen10_Deck4,0,1,57.98140287399292,1947965,Gen10_Match17_1752209482.txt,,2025-07-11T04:55:47.082481
10,Gen10_Match18_1752209482,Gen10_Deck5,Gen10_Deck1,Gen10_Deck1,0,1,50.541441202163696,1947964,Gen10_Match18_1752209482.txt,,2025-07-11T04:55:55.508341
10,Gen10_Match19_1752209482,Gen10_Deck6,Gen10_Deck1,Gen10_Deck6,1,0,45.99908232688904,1947963,Gen10_Match19_1752209482.txt,,2025-07-11T04:55:58.416442
10,Gen10_Match20_1752209482,Gen10_Deck1,Gen10_Deck7,Gen10_Deck1,1,0,29.723650455474854,1947965,Gen10_Match20_1752209482.txt,,2025-07-11T04:56:16.806712
10,Gen10_Match22_1752209482,Gen10_Deck9,Gen10_Deck1,Gen10_Deck9,1,0,32.05905270576477,1947963,Gen10_Match22_1752209482.txt,,2025-07-11T04:56:30.476082
10,Gen10_Match21_1752209482,Gen10_Deck8,Gen10_Deck1,Gen10_Deck8,1,0,37.164862632751465,1947964,Gen10_Match21_1752209482.txt,,2025-07-11T04:56:32.673644
10,Gen10_Match23_1752209482,Gen10_Deck1,Gen10_Deck10,Gen10_Deck1,1,0,33.25844883918762,1947965,Gen10_Match23_1752209482.txt,,2025-07-11T04:56:50.065691
10,Gen10_Match25_1752209482,Gen10_Deck12,Gen10_Deck1,Gen10_Deck12,1,0,31.310277938842773,1947964,Gen10_Match25_1752209482.txt,,2025-07-11T04:57:03.984415
10,Gen10_Match26_1752209482,Gen10_Deck13,Gen10_Deck1,Gen10_Deck13,1,0,30.146438360214233,1947965,Gen10_Match26_1752209482.txt,,2025-07-11T04:57:20.212761
10,Gen10_Match27_1752209482,Gen10_Deck1,Gen10_Deck14,Gen10_Deck1,1,0,22.58767032623291,1947964,Gen10_Match27_1752209482.txt,,2025-07-11T04:57:26.572558
10,Gen10_Match24_1752209482,Gen10_Deck1,Gen10_Deck11,Gen10_Deck1,1,0,80.02238655090332,1947963,Gen10_Match24_1752209482.txt,,2025-07-11T04:57:50.499042
10,Gen10_Match29_1752209482,Gen10_Deck4,Gen10_Deck2,Gen10_Deck4,1,0,27.89836287498474,1947964,Gen10_Match29_1752209482.txt,,2025-07-11T04:57:54.471384
10,Gen10_Match31_1752209482,Gen10_Deck6,Gen10_Deck2,Gen10_Deck6,1,0,22.24649167060852,1947964,Gen10_Match31_1752209482.txt,,2025-07-11T04:58:16.718319
10,Gen10_Match28_1752209482,Gen10_Deck3,Gen10_Deck2,Gen10_Deck2,0,1,70.36716032028198,1947965,Gen10_Match28_1752209482.txt,,2025-07-11T04:58:30.580432
10,Gen10_Match33_1752209482,Gen10_Deck2,Gen10_Deck8,Gen10_Deck2,1,0,21.398428678512573,1947965,Gen10_Match33_1752209482.txt,,2025-07-11T04:58:51.979302
10,Gen10_Match30_1752209482,Gen10_Deck2,Gen10_Deck5,Gen10_Deck2,1,0,72.56487250328064,1947963,Gen10_Match30_1752209482.txt,,2025-07-11T04:59:03.064469
10,Gen10_Match32_1752209482,Gen10_Deck7,Gen10_Deck2,Gen10_Deck2,0,1,56.0218460559845,1947964,Gen10_Match32_1752209482.txt,,2025-07-11T04:59:12.740726
10,Gen10_Match34_1752209482,Gen10_Deck2,Gen10_Deck9,Gen10_Deck2,1,0,37.604562759399414,1947965,Gen10_Match34_1752209482.txt,,2025-07-11T04:59:29.584317
10,Gen10_Match35_1752209482,Gen10_Deck10,Gen10_Deck2,Gen10_Deck2,0,1,26.733581066131592,1947963,Gen10_Match35_1752209482.txt,,2025-07-11T04:59:29.798574
10,Gen10_Match38_1752209482,Gen10_Deck13,Gen10_Deck2,Gen10_Deck2,0,1,25.579113721847534,1947963,Gen10_Match38_1752209482.txt,,2025-07-11T04:59:55.378123
10,Gen10_Match37_1752209482,Gen10_Deck2,Gen10_Deck12,Gen10_Deck2,1,0,52.483500719070435,1947965,Gen10_Match37_1752209482.txt,,2025-07-11T05:00:22.068302
10,Gen10_Match36_1752209482,Gen10_Deck11,Gen10_Deck2,Gen10_Deck11,1,0,132.81031203269958,1947964,Gen10_Match36_1752209482.txt,,2025-07-11T05:01:25.551591
10,Gen10_Match40_1752209482,Gen10_Deck3,Gen10_Deck4,Gen10_Deck4,0,1,72.51569032669067,1947965,Gen10_Match40_1752209482.txt,,2025-07-11T05:01:34.584522
10,Gen10_Match39_1752209482,Gen10_Deck14,Gen10_Deck2,Gen10_Deck14,1,0,99.97443556785583,1947963,Gen10_Match39_1752209482.txt,,2025-07-11T05:01:35.353081
10,Gen10_Match41_1752209482,Gen10_Deck3,Gen10_Deck5,Gen10_Deck3,1,0,41.255391359329224,1947964,Gen10_Match41_1752209482.txt,,2025-07-11T05:02:06.807558
10,Gen10_Match43_1752209482,Gen10_Deck7,Gen10_Deck3,Gen10_Deck3,0,1,58.45897459983826,1947963,Gen10_Match43_1752209482.txt,,2025-07-11T05:02:33.812578
10,Gen10_Match44_1752209482,Gen10_Deck3,Gen10_Deck8,Gen10_Deck8,0,1,30.829222202301025,1947964,Gen10_Match44_1752209482.txt,,2025-07-11T05:02:37.637289
10,Gen10_Match45_1752209482,Gen10_Deck9,Gen10_Deck3,Gen10_Deck9,1,0,27.322607040405273,1947963,Gen10_Match45_1752209482.txt,,2025-07-11T05:03:01.135627
10,Gen10_Match42_1752209482,Gen10_Deck6,Gen10_Deck3,Gen10_Deck3,0,1,92.94565534591675,1947965,Gen10_Match42_1752209482.txt,,2025-07-11T05:03:07.530741
10,Gen10_Match48_1752209482,Gen10_Deck3,Gen10_Deck12,Gen10_Deck3,1,0,23.50137996673584,1947965,Gen10_Match48_1752209482.txt,,2025-07-11T05:03:31.032594
10,Gen10_Match46_1752209482,Gen10_Deck10,Gen10_Deck3,Gen10_Deck3,0,1,61.43886590003967,1947964,Gen10_Match46_1752209482.txt,,2025-07-11T05:03:39.076657
10,Gen10_Match49_1752209482,Gen10_Deck13,Gen10_Deck3,Gen10_Deck13,1,0,37.915751457214355,1947965,Gen10_Match49_1752209482.txt,,2025-07-11T05:04:08.948854
10,Gen10_Match50_1752209482,Gen10_Deck3,Gen10_Deck14,Gen10_Deck3,1,0,51.347201108932495,1947964,Gen10_Match50_1752209482.txt,,2025-07-11T05:04:30.424431
10,Gen10_Match51_1752209482,Gen10_Deck4,Gen10_Deck5,Gen10_Deck5,0,1,23.15897035598755,1947965,Gen10_Match51_1752209482.txt,,2025-07-11T05:04:32.108329
10,Gen10_Match52_1752209482,Gen10_Deck6,Gen10_Deck4,Gen10_Deck6,1,0,31.23162341117859,1947964,Gen10_Match52_1752209482.txt,,2025-07-11T05:05:01.656563
10,Gen10_Match47_1752209482,Gen10_Deck11,Gen10_Deck3,Gen10_Deck11,1,0,131.90742802619934,1947963,Gen10_Match47_1752209482.txt,,2025-07-11T05:05:13.043658
10,Gen10_Match54_1752209482,Gen10_Deck4,Gen10_Deck8,Gen10_Deck8,0,1,29.291505098342896,1947964,Gen10_Match54_1752209482.txt,,2025-07-11T05:05:30.948568
10,Gen10_Match55_1752209482,Gen10_Deck4,Gen10_Deck9,Gen10_Deck4,1,0,22.215388298034668,1947963,Gen10_Match55_1752209482.txt,,2025-07-11T05:05:35.259461
10,Gen10_Match56_1752209482,Gen10_Deck10,Gen10_Deck4,Gen10_Deck10,1,0,23.019909858703613,1947964,Gen10_Match56_1752209482.txt,,2025-07-11T05:05:53.968941
10,Gen10_Match58_1752209482,Gen10_Deck4,Gen10_Deck12,Gen10_Deck4,1,0,23.18703842163086,1947964,Gen10_Match58_1752209482.txt,,2025-07-11T05:06:17.156448
10,Gen10_Match53_1752209482,Gen10_Deck7,Gen10_Deck4,Gen10_Deck7,1,0,132.2961163520813,1947965,Gen10_Match53_1752209482.txt,,2025-07-11T05:06:44.405106
10,Gen10_Match57_1752209482,Gen10_Deck4,Gen10_Deck11,Gen10_Deck4,1,0,94.91256666183472,1947963,Gen10_Match57_1752209482.txt,,2025-07-11T05:07:10.172612
10,Gen10_Match61_1752209482,Gen10_Deck5,Gen10_Deck6,Gen10_Deck5,1,0,26.970971822738647,1947963,Gen10_Match61_1752209482.txt,,2025-07-11T05:07:37.144103
10,Gen10_Match60_1752209482,Gen10_Deck14,Gen10_Deck4,Gen10_Deck4,0,1,64.41778898239136,1947965,Gen10_Match60_1752209482.txt,,2025-07-11T05:07:48.823503
10,Gen10_Match62_1752209482,Gen10_Deck7,Gen10_Deck5,Gen10_Deck5,0,1,32.01838707923889,1947963,Gen10_Match62_1752209482.txt,,2025-07-11T05:08:09.163044
10,Gen10_Match59_1752209482,Gen10_Deck13,Gen10_Deck4,Gen10_Deck13,1,0,129.2157130241394,1947964,Gen10_Match59_1752209482.txt,,2025-07-11T05:08:26.372693
10,Gen10_Match64_1752209482,Gen10_Deck5,Gen10_Deck9,Gen10_Deck9,0,1,43.62908315658569,1947963,Gen10_Match64_1752209482.txt,,2025-07-11T05:08:52.792704
10,Gen10_Match66_1752209482,Gen10_Deck11,Gen10_Deck5,Gen10_Deck11,1,0,30.265791177749634,1947963,Gen10_Match66_1752209482.txt,,2025-07-11T05:09:23.058993
10,Gen10_Match65_1752209482,Gen10_Deck10,Gen10_Deck5,Gen10_Deck10,1,0,67.23541569709778,1947964,Gen10_Match65_1752209482.txt,,2025-07-11T05:09:33.608683
10,Gen10_Match67_1752209482,Gen10_Deck5,Gen10_Deck12,Gen10_Deck5,1,0,28.81305193901062,1947963,Gen10_Match67_1752209482.txt,,2025-07-11T05:09:51.872509
10,Gen10_Match63_1752209482,Gen10_Deck5,Gen10_Deck8,Gen10_Deck5,1,0,130.09270453453064,1947965,Gen10_Match63_1752209482.txt,,2025-07-11T05:09:58.916877
10,Gen10_Match69_1752209482,Gen10_Deck14,Gen10_Deck5,Gen10_Deck5,0,1,39.8007538318634,1947963,Gen10_Match69_1752209482.txt,,2025-07-11T05:10:31.673786
10,Gen10_Match68_1752209482,Gen10_Deck5,Gen10_Deck13,Gen10_Deck5,1,0,112.3135027885437,1947964,Gen10_Match68_1752209482.txt,,2025-07-11T05:11:25.923193
10,Gen10_Match70_1752209482,Gen10_Deck6,Gen10_Deck7,Gen10_Deck6,1,0,132.8760266304016,1947965,Gen10_Match70_1752209482.txt,,2025-07-11T05:12:11.793618
10,Gen10_Match72_1752209482,Gen10_Deck9,Gen10_Deck6,Gen10_Deck6,0,1,50.53387141227722,1947964,Gen10_Match72_1752209482.txt,,2025-07-11T05:12:16.457938
10,Gen10_Match73_1752209482,Gen10_Deck6,Gen10_Deck10,Gen10_Deck6,1,0,24.558330535888672,1947965,Gen10_Match73_1752209482.txt,,2025-07-11T05:12:36.352501
10,Gen10_Match71_1752209482,Gen10_Deck8,Gen10_Deck6,Gen10_Deck8,1,0,130.48649525642395,1947963,Gen10_Match71_1752209482.txt,,2025-07-11T05:12:42.161139
10,Gen10_Match76_1752209482,Gen10_Deck13,Gen10_Deck6,Gen10_Deck13,1,0,26.738928079605103,1947963,Gen10_Match76_1752209482.txt,,2025-07-11T05:13:08.900585
10,Gen10_Match74_1752209482,Gen10_Deck6,Gen10_Deck11,Gen10_Deck6,1,0,71.82837462425232,1947964,Gen10_Match74_1752209482.txt,,2025-07-11T05:13:28.286984
10,Gen10_Match78_1752209482,Gen10_Deck7,Gen10_Deck8,Gen10_Deck7,1,0,23.125329971313477,1947964,Gen10_Match78_1752209482.txt,,2025-07-11T05:13:51.412798
10,Gen10_Match77_1752209482,Gen10_Deck6,Gen10_Deck14,Gen10_Deck14,0,1,50.28692555427551,1947963,Gen10_Match77_1752209482.txt,,2025-07-11T05:13:59.188033
10,Gen10_Match75_1752209482,Gen10_Deck12,Gen10_Deck6,Gen10_Deck12,1,0,97.86736369132996,1947965,Gen10_Match75_1752209482.txt,,2025-07-11T05:14:14.220440
10,Gen10_Match81_1752209482,Gen10_Deck11,Gen10_Deck7,Gen10_Deck7,0,1,31.525348901748657,1947965,Gen10_Match81_1752209482.txt,,2025-07-11T05:14:45.746333
10,Gen10_Match79_1752209482,Gen10_Deck7,Gen10_Deck9,Gen10_Deck7,1,0,65.20214605331421,1947964,Gen10_Match79_1752209482.txt,,2025-07-11T05:14:56.615492
10,Gen10_Match82_1752209482,Gen10_Deck7,Gen10_Deck12,Gen10_Deck12,0,1,30.654306173324585,1947965,Gen10_Match82_1752209482.txt,,2025-07-11T05:15:16.401180
10,Gen10_Match83_1752209482,Gen10_Deck13,Gen10_Deck7,Gen10_Deck13,1,0,20.670196533203125,1947964,Gen10_Match83_1752209482.txt,,2025-07-11T05:15:17.286216
10,Gen10_Match80_1752209482,Gen10_Deck10,Gen10_Deck7,Gen10_Deck10,1,0,87.8703339099884,1947963,Gen10_Match80_1752209482.txt,,2025-07-11T05:15:27.059010
10,Gen10_Match84_1752209482,Gen10_Deck14,Gen10_Deck7,Gen10_Deck14,1,0,28.78461456298828,1947965,Gen10_Match84_1752209482.txt,,2025-07-11T05:15:45.186312
10,Gen10_Match85_1752209482,Gen10_Deck9,Gen10_Deck8,Gen10_Deck8,0,1,37.433879375457764,1947964,Gen10_Match85_1752209482.txt,,2025-07-11T05:15:54.720674
10,Gen10_Match87_1752209482,Gen10_Deck8,Gen10_Deck11,Gen10_Deck8,1,0,31.897836208343506,1947965,Gen10_Match87_1752209482.txt,,2025-07-11T05:16:17.084677
10,Gen10_Match86_1752209482,Gen10_Deck10,Gen10_Deck8,Gen10_Deck10,1,0,77.55505299568176,1947963,Gen10_Match86_1752209482.txt,,2025-07-11T05:16:44.614676
10,Gen10_Match89_1752209482,Gen10_Deck13,Gen10_Deck8,Gen10_Deck8,0,1,32.245208978652954,1947965,Gen10_Match89_1752209482.txt,,2025-07-11T05:16:49.330404
10,Gen10_Match88_1752209482,Gen10_Deck8,Gen10_Deck12,Gen10_Deck8,1,0,73.77152919769287,1947964,Gen10_Match88_1752209482.txt,,2025-07-11T05:17:08.492723
10,Gen10_Match90_1752209482,Gen10_Deck8,Gen10_Deck14,Gen10_Deck14,0,1,25.797356367111206,1947963,Gen10_Match90_1752209482.txt,,2025-07-11T05:17:10.412562
10,Gen10_Match91_1752209482,Gen10_Deck10,Gen10_Deck9,Gen10_Deck10,1,0,27.33783197402954,1947965,Gen10_Match91_1752209482.txt,,2025-07-11T05:17:16.668738
10,Gen10_Match92_1752209482,Gen10_Deck9,Gen10_Deck11,Gen10_Deck9,1,0,36.144266843795776,1947964,Gen10_Match92_1752209482.txt,,2025-07-11T05:17:44.637487
10,Gen10_Match93_1752209482,Gen10_Deck9,Gen10_Deck12,Gen10_Deck9,1,0,43.74634528160095,1947963,Gen10_Match93_1752209482.txt,,2025-07-11T05:17:54.159441
10,Gen10_Match95_1752209482,Gen10_Deck14,Gen10_Deck9,Gen10_Deck14,1,0,20.762985229492188,1947964,Gen10_Match95_1752209482.txt,,2025-07-11T05:18:05.400910
10,Gen10_Match97_1752209482,Gen10_Deck10,Gen10_Deck12,Gen10_Deck12,0,1,31.582026720046997,1947964,Gen10_Match97_1752209482.txt,,2025-07-11T05:18:36.983477
10,Gen10_Match94_1752209482,Gen10_Deck13,Gen10_Deck9,Gen10_Deck13,1,0,114.1369559764862,1947965,Gen10_Match94_1752209482.txt,,2025-07-11T05:19:10.806264
10,Gen10_Match99_1752209482,Gen10_Deck14,Gen10_Deck10,Gen10_Deck10,0,1,22.689531803131104,1947965,Gen10_Match99_1752209482.txt,,2025-07-11T05:19:33.496347
10,Gen10_Match100_1752209482,Gen10_Deck12,Gen10_Deck11,Gen10_Deck12,1,0,17.183053970336914,1947965,Gen10_Match100_1752209482.txt,,2025-07-11T05:19:50.679911
10,Gen10_Match96_1752209482,Gen10_Deck11,Gen10_Deck10,Gen10_Deck11,1,0,131.9483597278595,1947963,Gen10_Match96_1752209482.txt,,2025-07-11T05:20:06.108370
10,Gen10_Match98_1752209482,Gen10_Deck10,Gen10_Deck13,Gen10_Deck10,1,0,103.29200839996338,1947964,Gen10_Match98_1752209482.txt,,2025-07-11T05:20:20.276113
10,Gen10_Match103_1752209482,Gen10_Deck13,Gen10_Deck12,Gen10_Deck12,0,1,26.818437337875366,1947964,Gen10_Match103_1752209482.txt,,2025-07-11T05:20:47.095280
10,Gen10_Match104_1752209482,Gen10_Deck14,Gen10_Deck12,Gen10_Deck12,0,1,41.372456073760986,1947964,Gen10_Match104_1752209482.txt,,2025-07-11T05:21:28.468521
10,Gen10_Match101_1752209482,Gen10_Deck11,Gen10_Deck13,Gen10_Deck11,1,0,129.55194687843323,1947965,Gen10_Match101_1752209482.txt,,2025-07-11T05:22:00.232470
10,Gen10_Match105_1752209482,Gen10_Deck13,Gen10_Deck14,Gen10_Deck13,1,0,44.405277252197266,1947964,Gen10_Match105_1752209482.txt,,2025-07-11T05:22:12.874415
10,Gen10_Match102_1752209482,Gen10_Deck14,Gen10_Deck11,Gen10_Deck14,1,0,131.8210961818695,1947963,Gen10_Match102_1752209482.txt,,2025-07-11T05:22:17.930141
11,Gen11_Match2_1752211341,Gen11_Deck2,Gen11_Deck0,Gen11_Deck2,1,0,36.45488786697388,2001844,Gen11_Match2_1752211341.txt,,2025-07-11T05:22:58.070977
11,Gen11_Match3_1752211341,Gen11_Deck0,Gen11_Deck3,Gen11_Deck0,1,0,41.98142075538635,2001845,Gen11_Match3_1752211341.txt,,2025-07-11T05:23:03.597840
11,Gen11_Match4_1752211341,Gen11_Deck4,Gen11_Deck0,Gen11_Deck0,0,1,31.79561161994934,2001844,Gen11_Match4_1752211341.txt,,2025-07-11T05:23:29.867489
11,Gen11_Match1_1752211341,Gen11_Deck1,Gen11_Deck0,Gen11_Deck1,1,0,78.97177290916443,2001843,Gen11_Match1_1752211341.txt,,2025-07-11T05:23:40.586900
11,Gen11_Match7_1752211341,Gen11_Deck0,Gen11_Deck7,Gen11_Deck7,0,1,54.00807046890259,2001843,Gen11_Match7_1752211341.txt,,2025-07-11T05:24:34.595770
11,Gen11_Match8_1752211341,Gen11_Deck8,Gen11_Deck0,Gen11_Deck8,1,0,28.092015743255615,2001843,Gen11_Match8_1752211341.txt,,2025-07-11T05:25:02.688358
11,Gen11_Match5_1752211341,Gen11_Deck5,Gen11_Deck0,Gen11_Deck5,1,0,132.36982703208923,2001845,Gen11_Match5_1752211341.txt,,2025-07-11T05:25:15.968781
11,Gen11_Match6_1752211341,Gen11_Deck0,Gen11_Deck6,Gen11_Deck0,1,0,130.63052821159363,2001844,Gen11_Match6_1752211341.txt,,2025-07-11T05:25:40.498712
11,Gen11_Match11_1752211341,Gen11_Deck11,Gen11_Deck0,Gen11_Deck0,0,1,45.68870449066162,2001844,Gen11_Match11_1752211341.txt,,2025-07-11T05:26:26.188020
11,Gen11_Match12_1752211341,Gen11_Deck12,Gen11_Deck0,Gen11_Deck12,1,0,16.598142623901367,2001844,Gen11_Match12_1752211341.txt,,2025-07-11T05:26:42.786649
11,Gen11_Match10_1752211341,Gen11_Deck0,Gen11_Deck10,Gen11_Deck0,1,0,91.78332757949829,2001845,Gen11_Match10_1752211341.txt,,2025-07-11T05:26:47.752783
11,Gen11_Match9_1752211341,Gen11_Deck9,Gen11_Deck0,Gen11_Deck9,1,0,129.51310515403748,2001843,Gen11_Match9_1752211341.txt,,2025-07-11T05:27:12.202171
11,Gen11_Match15_1752211341,Gen11_Deck2,Gen11_Deck1,Gen11_Deck2,1,0,19.033933877944946,2001843,Gen11_Match15_1752211341.txt,,2025-07-11T05:27:31.236572
11,Gen11_Match14_1752211341,Gen11_Deck0,Gen11_Deck14,Gen11_Deck14,0,1,59.04330563545227,2001845,Gen11_Match14_1752211341.txt,,2025-07-11T05:27:46.796653
11,Gen11_Match16_1752211341,Gen11_Deck1,Gen11_Deck3,Gen11_Deck3,0,1,31.854353427886963,2001843,Gen11_Match16_1752211341.txt,,2025-07-11T05:28:03.091560
11,Gen11_Match17_1752211341,Gen11_Deck1,Gen11_Deck4,Gen11_Deck1,1,0,32.94719195365906,2001845,Gen11_Match17_1752211341.txt,,2025-07-11T05:28:19.744397
11,Gen11_Match18_1752211341,Gen11_Deck5,Gen11_Deck1,Gen11_Deck5,1,0,27.153356552124023,2001843,Gen11_Match18_1752211341.txt,,2025-07-11T05:28:30.245422
11,Gen11_Match13_1752211341,Gen11_Deck0,Gen11_Deck13,Gen11_Deck0,1,0,117.06838822364807,2001844,Gen11_Match13_1752211341.txt,,2025-07-11T05:28:39.855634
11,Gen11_Match19_1752211341,Gen11_Deck6,Gen11_Deck1,Gen11_Deck6,1,0,28.243394136428833,2001845,Gen11_Match19_1752211341.txt,,2025-07-11T05:28:47.988306
11,Gen11_Match20_1752211341,Gen11_Deck1,Gen11_Deck7,Gen11_Deck7,0,1,27.335124731063843,2001843,Gen11_Match20_1752211341.txt,,2025-07-11T05:28:57.581076
11,Gen11_Match21_1752211341,Gen11_Deck8,Gen11_Deck1,Gen11_Deck8,1,0,22.396349906921387,2001844,Gen11_Match21_1752211341.txt,,2025-07-11T05:29:02.252505
11,Gen11_Match22_1752211341,Gen11_Deck9,Gen11_Deck1,Gen11_Deck9,1,0,34.83570718765259,2001845,Gen11_Match22_1752211341.txt,,2025-07-11T05:29:22.824544
11,Gen11_Match23_1752211341,Gen11_Deck1,Gen11_Deck10,Gen11_Deck1,1,0,28.024540185928345,2001843,Gen11_Match23_1752211341.txt,,2025-07-11T05:29:25.606156
11,Gen11_Match25_1752211341,Gen11_Deck12,Gen11_Deck1,Gen11_Deck12,1,0,23.107375383377075,2001845,Gen11_Match25_1752211341.txt,,2025-07-11T05:29:45.932457
11,Gen11_Match26_1752211341,Gen11_Deck13,Gen11_Deck1,Gen11_Deck13,1,0,27.679378509521484,2001843,Gen11_Match26_1752211341.txt,,2025-07-11T05:29:53.286036
11,Gen11_Match24_1752211341,Gen11_Deck1,Gen11_Deck11,Gen11_Deck1,1,0,63.77311873435974,2001844,Gen11_Match24_1752211341.txt,,2025-07-11T05:30:06.026339
11,Gen11_Match27_1752211341,Gen11_Deck1,Gen11_Deck14,Gen11_Deck1,1,0,40.09712052345276,2001845,Gen11_Match27_1752211341.txt,,2025-07-11T05:30:26.030083
11,Gen11_Match29_1752211341,Gen11_Deck2,Gen11_Deck4,Gen11_Deck2,1,0,28.748981714248657,2001844,Gen11_Match29_1752211341.txt,,2025-07-11T05:30:34.775828
11,Gen11_Match28_1752211341,Gen11_Deck3,Gen11_Deck2,Gen11_Deck3,1,0,55.625638246536255,2001843,Gen11_Match28_1752211341.txt,,2025-07-11T05:30:48.912223
11,Gen11_Match31_1752211341,Gen11_Deck6,Gen11_Deck2,Gen11_Deck6,1,0,27.684239387512207,2001844,Gen11_Match31_1752211341.txt,,2025-07-11T05:31:02.460586
11,Gen11_Match33_1752211341,Gen11_Deck2,Gen11_Deck8,Gen11_Deck8,0,1,35.23913621902466,2001844,Gen11_Match33_1752211341.txt,,2025-07-11T05:31:37.700267
11,Gen11_Match32_1752211341,Gen11_Deck7,Gen11_Deck2,Gen11_Deck7,1,0,60.37328243255615,2001843,Gen11_Match32_1752211341.txt,,2025-07-11T05:31:49.286065
11,Gen11_Match34_1752211341,Gen11_Deck9,Gen11_Deck2,Gen11_Deck9,1,0,30.491830825805664,2001844,Gen11_Match34_1752211341.txt,,2025-07-11T05:32:08.192623
11,Gen11_Match30_1752211341,Gen11_Deck5,Gen11_Deck2,Gen11_Deck5,1,0,108.2579574584961,2001845,Gen11_Match30_1752211341.txt,,2025-07-11T05:32:14.288631
11,Gen11_Match36_1752211341,Gen11_Deck2,Gen11_Deck11,Gen11_Deck11,0,1,20.327462911605835,2001844,Gen11_Match36_1752211341.txt,,2025-07-11T05:32:28.520545
11,Gen11_Match37_1752211341,Gen11_Deck2,Gen11_Deck12,Gen11_Deck12,0,1,24.96648621559143,2001845,Gen11_Match37_1752211341.txt,,2025-07-11T05:32:39.255566
11,Gen11_Match35_1752211341,Gen11_Deck10,Gen11_Deck2,Gen11_Deck10,1,0,55.69802737236023,2001843,Gen11_Match35_1752211341.txt,,2025-07-11T05:32:44.984640
11,Gen11_Match39_1752211341,Gen11_Deck14,Gen11_Deck2,Gen11_Deck14,1,0,25.21782612800598,2001845,Gen11_Match39_1752211341.txt,,2025-07-11T05:33:04.473881
11,Gen11_Match41_1752211341,Gen11_Deck5,Gen11_Deck3,Gen11_Deck3,0,1,26.817412853240967,2001845,Gen11_Match41_1752211341.txt,,2025-07-11T05:33:31.291783
11,Gen11_Match42_1752211341,Gen11_Deck3,Gen11_Deck6,Gen11_Deck6,0,1,19.420135021209717,2001845,Gen11_Match42_1752211341.txt,,2025-07-11T05:33:50.712405
11,Gen11_Match38_1752211341,Gen11_Deck13,Gen11_Deck2,Gen11_Deck2,0,1,113.92963552474976,2001844,Gen11_Match38_1752211341.txt,,2025-07-11T05:34:22.451054
11,Gen11_Match40_1752211341,Gen11_Deck3,Gen11_Deck4,Gen11_Deck3,1,0,132.76844596862793,2001843,Gen11_Match40_1752211341.txt,,2025-07-11T05:34:57.753830
11,Gen11_Match45_1752211341,Gen11_Deck9,Gen11_Deck3,Gen11_Deck3,0,1,22.81614327430725,2001843,Gen11_Match45_1752211341.txt,,2025-07-11T05:35:20.570463
11,Gen11_Match44_1752211341,Gen11_Deck8,Gen11_Deck3,Gen11_Deck8,1,0,71.82429480552673,2001844,Gen11_Match44_1752211341.txt,,2025-07-11T05:35:34.276109
11,Gen11_Match46_1752211341,Gen11_Deck3,Gen11_Deck10,Gen11_Deck10,0,1,27.359767198562622,2001843,Gen11_Match46_1752211341.txt,,2025-07-11T05:35:47.930697
11,Gen11_Match43_1752211341,Gen11_Deck3,Gen11_Deck7,Gen11_Deck3,1,0,127.9785087108612,2001845,Gen11_Match43_1752211341.txt,,2025-07-11T05:35:58.691580
11,Gen11_Match48_1752211341,Gen11_Deck12,Gen11_Deck3,Gen11_Deck3,0,1,27.430572748184204,2001843,Gen11_Match48_1752211341.txt,,2025-07-11T05:36:15.361770
11,Gen11_Match47_1752211341,Gen11_Deck3,Gen11_Deck11,Gen11_Deck11,0,1,74.90509963035583,2001844,Gen11_Match47_1752211341.txt,,2025-07-11T05:36:49.181844
11,Gen11_Match51_1752211341,Gen11_Deck4,Gen11_Deck5,Gen11_Deck5,0,1,46.46898889541626,2001844,Gen11_Match51_1752211341.txt,,2025-07-11T05:37:35.651425
11,Gen11_Match52_1752211341,Gen11_Deck6,Gen11_Deck4,Gen11_Deck4,0,1,21.354309797286987,2001844,Gen11_Match52_1752211341.txt,,2025-07-11T05:37:57.006191
11,Gen11_Match50_1752211341,Gen11_Deck3,Gen11_Deck14,Gen11_Deck3,1,0,114.66995334625244,2001843,Gen11_Match50_1752211341.txt,,2025-07-11T05:38:10.032298
11,Gen11_Match49_1752211341,Gen11_Deck3,Gen11_Deck13,Gen11_Deck3,1,0,132.51918983459473,2001845,Gen11_Match49_1752211341.txt,,2025-07-11T05:38:11.211328
11,Gen11_Match54_1752211341,Gen11_Deck4,Gen11_Deck8,Gen11_Deck8,0,1,30.011825799942017,2001843,Gen11_Match54_1752211341.txt,,2025-07-11T05:38:40.044614
11,Gen11_Match55_1752211341,Gen11_Deck4,Gen11_Deck9,Gen11_Deck4,1,0,31.31712031364441,2001845,Gen11_Match55_1752211341.txt,,2025-07-11T05:38:42.528903
11,Gen11_Match56_1752211341,Gen11_Deck10,Gen11_Deck4,Gen11_Deck4,0,1,23.030965566635132,2001843,Gen11_Match56_1752211341.txt,,2025-07-11T05:39:03.078427
11,Gen11_Match58_1752211341,Gen11_Deck4,Gen11_Deck12,Gen11_Deck4,1,0,22.936787605285645,2001843,Gen11_Match58_1752211341.txt,,2025-07-11T05:39:26.015747
11,Gen11_Match53_1752211341,Gen11_Deck7,Gen11_Deck4,Gen11_Deck7,1,0,90.84171724319458,2001844,Gen11_Match53_1752211341.txt,,2025-07-11T05:39:27.848421
11,Gen11_Match57_1752211341,Gen11_Deck4,Gen11_Deck11,Gen11_Deck4,1,0,84.16893148422241,2001845,Gen11_Match57_1752211341.txt,,2025-07-11T05:40:06.698364
11,Gen11_Match59_1752211341,Gen11_Deck13,Gen11_Deck4,Gen11_Deck4,0,1,44.33047914505005,2001843,Gen11_Match59_1752211341.txt,,2025-07-11T05:40:10.346772
11,Gen11_Match61_1752211341,Gen11_Deck6,Gen11_Deck5,Gen11_Deck5,0,1,25.937046766281128,2001845,Gen11_Match61_1752211341.txt,,2025-07-11T05:40:32.635861
11,Gen11_Match60_1752211341,Gen11_Deck14,Gen11_Deck4,Gen11_Deck4,0,1,68.46083760261536,2001844,Gen11_Match60_1752211341.txt,,2025-07-11T05:40:36.309771
11,Gen11_Match64_1752211341,Gen11_Deck9,Gen11_Deck5,Gen11_Deck9,1,0,22.73438572883606,2001844,Gen11_Match64_1752211341.txt,,2025-07-11T05:40:59.044590
11,Gen11_Match62_1752211341,Gen11_Deck5,Gen11_Deck7,Gen11_Deck5,1,0,49.82533049583435,2001843,Gen11_Match62_1752211341.txt,,2025-07-11T05:41:00.172628
11,Gen11_Match63_1752211341,Gen11_Deck8,Gen11_Deck5,Gen11_Deck8,1,0,38.320072650909424,2001845,Gen11_Match63_1752211341.txt,,2025-07-11T05:41:10.956420
11,Gen11_Match66_1752211341,Gen11_Deck5,Gen11_Deck11,Gen11_Deck5,1,0,25.02372145652771,2001843,Gen11_Match66_1752211341.txt,,2025-07-11T05:41:25.196818
11,Gen11_Match67_1752211341,Gen11_Deck12,Gen11_Deck5,Gen11_Deck12,1,0,29.858644723892212,2001845,Gen11_Match67_1752211341.txt,,2025-07-11T05:41:40.815571
11,Gen11_Match65_1752211341,Gen11_Deck5,Gen11_Deck10,Gen11_Deck5,1,0,45.926671266555786,2001844,Gen11_Match65_1752211341.txt,,2025-07-11T05:41:44.971745
11,Gen11_Match69_1752211341,Gen11_Deck5,Gen11_Deck14,Gen11_Deck14,0,1,28.5444278717041,2001845,Gen11_Match69_1752211341.txt,,2025-07-11T05:42:09.360482
11,Gen11_Match70_1752211341,Gen11_Deck6,Gen11_Deck7,Gen11_Deck6,1,0,27.031742095947266,2001844,Gen11_Match70_1752211341.txt,,2025-07-11T05:42:12.003936
11,Gen11_Match68_1752211341,Gen11_Deck13,Gen11_Deck5,Gen11_Deck5,0,1,76.40517807006836,2001843,Gen11_Match68_1752211341.txt,,2025-07-11T05:42:41.602551
11,Gen11_Match71_1752211341,Gen11_Deck8,Gen11_Deck6,Gen11_Deck8,1,0,44.05175065994263,2001845,Gen11_Match71_1752211341.txt,,2025-07-11T05:42:53.412737
11,Gen11_Match72_1752211341,Gen11_Deck9,Gen11_Deck6,Gen11_Deck9,1,0,58.65577530860901,2001844,Gen11_Match72_1752211341.txt,,2025-07-11T05:43:10.660186
11,Gen11_Match73_1752211341,Gen11_Deck6,Gen11_Deck10,Gen11_Deck6,1,0,39.48052978515625,2001843,Gen11_Match73_1752211341.txt,,2025-07-11T05:43:21.083633
11,Gen11_Match74_1752211341,Gen11_Deck6,Gen11_Deck11,Gen11_Deck6,1,0,27.753015756607056,2001845,Gen11_Match74_1752211341.txt,,2025-07-11T05:43:21.166266
11,Gen11_Match75_1752211341,Gen11_Deck12,Gen11_Deck6,Gen11_Deck6,0,1,61.39879131317139,2001844,Gen11_Match75_1752211341.txt,,2025-07-11T05:44:12.059514
11,Gen11_Match76_1752211341,Gen11_Deck13,Gen11_Deck6,Gen11_Deck6,0,1,59.132307291030884,2001843,Gen11_Match76_1752211341.txt,,2025-07-11T05:44:20.216427
11,Gen11_Match78_1752211341,Gen11_Deck7,Gen11_Deck8,Gen11_Deck8,0,1,37.38037586212158,2001844,Gen11_Match78_1752211341.txt,,2025-07-11T05:44:49.440391
11,Gen11_Match79_1752211341,Gen11_Deck9,Gen11_Deck7,Gen11_Deck7,0,1,34.05538082122803,2001843,Gen11_Match79_1752211341.txt,,2025-07-11T05:44:54.272277
11,Gen11_Match77_1752211341,Gen11_Deck6,Gen11_Deck14,Gen11_Deck14,0,1,107.62814235687256,2001845,Gen11_Match77_1752211341.txt,,2025-07-11T05:45:08.795044
11,Gen11_Match80_1752211341,Gen11_Deck7,Gen11_Deck10,Gen11_Deck10,0,1,59.83885359764099,2001844,Gen11_Match80_1752211341.txt,,2025-07-11T05:45:49.279795
11,Gen11_Match83_1752211341,Gen11_Deck13,Gen11_Deck7,Gen11_Deck13,1,0,18.221389055252075,2001844,Gen11_Match83_1752211341.txt,,2025-07-11T05:46:07.501658
11,Gen11_Match81_1752211341,Gen11_Deck7,Gen11_Deck11,Gen11_Deck7,1,0,94.5089819431305,2001843,Gen11_Match81_1752211341.txt,,2025-07-11T05:46:28.781870
11,Gen11_Match85_1752211341,Gen11_Deck9,Gen11_Deck8,Gen11_Deck8,0,1,31.39297652244568,2001843,Gen11_Match85_1752211341.txt,,2025-07-11T05:47:00.175396
11,Gen11_Match82_1752211341,Gen11_Deck12,Gen11_Deck7,Gen11_Deck12,1,0,133.65994715690613,2001845,Gen11_Match82_1752211341.txt,,2025-07-11T05:47:22.455527
11,Gen11_Match84_1752211341,Gen11_Deck7,Gen11_Deck14,Gen11_Deck14,0,1,109.99967932701111,2001844,Gen11_Match84_1752211341.txt,,2025-07-11T05:47:57.502652
11,Gen11_Match88_1752211341,Gen11_Deck12,Gen11_Deck8,Gen11_Deck8,0,1,27.477163553237915,2001844,Gen11_Match88_1752211341.txt,,2025-07-11T05:48:24.980638
11,Gen11_Match87_1752211341,Gen11_Deck8,Gen11_Deck11,Gen11_Deck11,0,1,62.53853988647461,2001845,Gen11_Match87_1752211341.txt,,2025-07-11T05:48:24.994602
11,Gen11_Match86_1752211341,Gen11_Deck8,Gen11_Deck10,Gen11_Deck10,0,1,90.61951613426208,2001843,Gen11_Match86_1752211341.txt,,2025-07-11T05:48:30.795461
11,Gen11_Match90_1752211341,Gen11_Deck8,Gen11_Deck14,Gen11_Deck14,0,1,36.00543427467346,2001845,Gen11_Match90_1752211341.txt,,2025-07-11T05:49:01.000608
11,Gen11_Match91_1752211341,Gen11_Deck10,Gen11_Deck9,Gen11_Deck10,1,0,31.80454444885254,2001843,Gen11_Match91_1752211341.txt,,2025-07-11T05:49:02.600504
11,Gen11_Match89_1752211341,Gen11_Deck8,Gen11_Deck13,Gen11_Deck8,1,0,50.69050741195679,2001844,Gen11_Match89_1752211341.txt,,2025-07-11T05:49:15.671661
11,Gen11_Match92_1752211341,Gen11_Deck9,Gen11_Deck11,Gen11_Deck11,0,1,30.191349744796753,2001845,Gen11_Match92_1752211341.txt,,2025-07-11T05:49:31.192444
11,Gen11_Match93_1752211341,Gen11_Deck9,Gen11_Deck12,Gen11_Deck9,1,0,54.063523292541504,2001843,Gen11_Match93_1752211341.txt,,2025-07-11T05:49:56.664551
11,Gen11_Match94_1752211341,Gen11_Deck13,Gen11_Deck9,Gen11_Deck9,0,1,74.87067890167236,2001844,Gen11_Match94_1752211341.txt,,2025-07-11T05:50:30.543009
11,Gen11_Match96_1752211341,Gen11_Deck10,Gen11_Deck11,Gen11_Deck11,0,1,45.75058341026306,2001843,Gen11_Match96_1752211341.txt,,2025-07-11T05:50:42.415761
11,Gen11_Match97_1752211341,Gen11_Deck12,Gen11_Deck10,Gen11_Deck12,1,0,21.122948169708252,2001844,Gen11_Match97_1752211341.txt,,2025-07-11T05:50:51.666458
11,Gen11_Match99_1752211341,Gen11_Deck10,Gen11_Deck14,Gen11_Deck10,1,0,34.31722092628479,2001844,Gen11_Match99_1752211341.txt,,2025-07-11T05:51:25.984205
11,Gen11_Match95_1752211341,Gen11_Deck14,Gen11_Deck9,Gen11_Deck14,1,0,132.13983011245728,2001845,Gen11_Match95_1752211341.txt,,2025-07-11T05:51:43.332940
11,Gen11_Match100_1752211341,Gen11_Deck11,Gen11_Deck12,Gen11_Deck12,0,1,28.22366452217102,2001844,Gen11_Match100_1752211341.txt,,2025-07-11T05:51:54.208372
11,Gen11_Match101_1752211341,Gen11_Deck13,Gen11_Deck11,Gen11_Deck13,1,0,41.13411211967468,2001845,Gen11_Match101_1752211341.txt,,2025-07-11T05:52:24.467581
11,Gen11_Match98_1752211341,Gen11_Deck13,Gen11_Deck10,Gen11_Deck13,1,0,130.77653765678406,2001843,Gen11_Match98_1752211341.txt,,2025-07-11T05:52:53.192872
11,Gen11_Match104_1752211341,Gen11_Deck12,Gen11_Deck14,Gen11_Deck14,0,1,19.28581976890564,2001843,Gen11_Match104_1752211341.txt,,2025-07-11T05:53:12.479296
11,Gen11_Match105_1752211341,Gen11_Deck13,Gen11_Deck14,Gen11_Deck13,1,0,31.9676034450531,2001843,Gen11_Match105_1752211341.txt,,2025-07-11T05:53:44.447515
11,Gen11_Match102_1752211341,Gen11_Deck14,Gen11_Deck11,Gen11_Deck14,1,0,130.8961000442505,2001844,Gen11_Match102_1752211341.txt,,2025-07-11T05:54:05.105109
11,Gen11_Match103_1752211341,Gen11_Deck13,Gen11_Deck12,Gen11_Deck13,1,0,126.71072173118591,2001845,Gen11_Match103_1752211341.txt,,2025-07-11T05:54:31.179385
12,Gen12_Match2_1752213271,Gen12_Deck2,Gen12_Deck0,Gen12_Deck0,0,1,24.228691816329956,2056442,Gen12_Match2_1752213271.txt,,2025-07-11T05:54:55.450422
12,Gen12_Match1_1752213271,Gen12_Deck1,Gen12_Deck0,Gen12_Deck0,0,1,33.17322111129761,2056441,Gen12_Match1_1752213271.txt,,2025-07-11T05:55:04.392852
12,Gen12_Match5_1752213271,Gen12_Deck5,Gen12_Deck0,Gen12_Deck5,1,0,22.6740083694458,2056441,Gen12_Match5_1752213271.txt,,2025-07-11T05:55:27.067712
12,Gen12_Match4_1752213271,Gen12_Deck4,Gen12_Deck0,Gen12_Deck0,0,1,60.55176377296448,2056442,Gen12_Match4_1752213271.txt,,2025-07-11T05:55:56.003860
12,Gen12_Match7_1752213271,Gen12_Deck0,Gen12_Deck7,Gen12_Deck0,1,0,21.709803819656372,2056442,Gen12_Match7_1752213271.txt,,2025-07-11T05:56:17.714404
12,Gen12_Match3_1752213271,Gen12_Deck0,Gen12_Deck3,Gen12_Deck0,1,0,110.51314234733582,2056443,Gen12_Match3_1752213271.txt,,2025-07-11T05:56:21.735162
12,Gen12_Match6_1752213271,Gen12_Deck0,Gen12_Deck6,Gen12_Deck0,1,0,65.10961771011353,2056441,Gen12_Match6_1752213271.txt,,2025-07-11T05:56:32.177949
12,Gen12_Match10_1752213271,Gen12_Deck0,Gen12_Deck10,Gen12_Deck10,0,1,27.572818994522095,2056441,Gen12_Match10_1752213271.txt,,2025-07-11T05:56:59.751417
12,Gen12_Match8_1752213271,Gen12_Deck8,Gen12_Deck0,Gen12_Deck8,1,0,54.87519931793213,2056442,Gen12_Match8_1752213271.txt,,2025-07-11T05:57:12.590269
12,Gen12_Match12_1752213271,Gen12_Deck12,Gen12_Deck0,Gen12_Deck12,1,0,20.993905544281006,2056442,Gen12_Match12_1752213271.txt,,2025-07-11T05:57:33.584670
12,Gen12_Match13_1752213271,Gen12_Deck0,Gen12_Deck13,Gen12_Deck13,0,1,17.555272817611694,2056442,Gen12_Match13_1752213271.txt,,2025-07-11T05:57:51.140473
12,Gen12_Match11_1752213271,Gen12_Deck11,Gen12_Deck0,Gen12_Deck0,0,1,54.05750012397766,2056441,Gen12_Match11_1752213271.txt,,2025-07-11T05:57:53.809568
12,Gen12_Match15_1752213271,Gen12_Deck1,Gen12_Deck2,Gen12_Deck2,0,1,29.107006072998047,2056441,Gen12_Match15_1752213271.txt,,2025-07-11T05:58:22.917075
12,Gen12_Match9_1752213271,Gen12_Deck9,Gen12_Deck0,Gen12_Deck9,1,0,132.09657526016235,2056443,Gen12_Match9_1752213271.txt,,2025-07-11T05:58:33.832579
12,Gen12_Match16_1752213271,Gen12_Deck3,Gen12_Deck1,Gen12_Deck3,1,0,27.607048511505127,2056441,Gen12_Match16_1752213271.txt,,2025-07-11T05:58:50.524659
12,Gen12_Match17_1752213271,Gen12_Deck4,Gen12_Deck1,Gen12_Deck4,1,0,31.98283839225769,2056443,Gen12_Match17_1752213271.txt,,2025-07-11T05:59:05.816038
12,Gen12_Match14_1752213271,Gen12_Deck0,Gen12_Deck14,Gen12_Deck14,0,1,76.66847538948059,2056442,Gen12_Match14_1752213271.txt,,2025-07-11T05:59:07.809559
12,Gen12_Match18_1752213271,Gen12_Deck1,Gen12_Deck5,Gen12_Deck5,0,1,27.875434160232544,2056441,Gen12_Match18_1752213271.txt,,2025-07-11T05:59:18.400584
12,Gen12_Match19_1752213271,Gen12_Deck1,Gen12_Deck6,Gen12_Deck6,0,1,25.775859117507935,2056443,Gen12_Match19_1752213271.txt,,2025-07-11T05:59:31.592379
12,Gen12_Match21_1752213271,Gen12_Deck1,Gen12_Deck8,Gen12_Deck8,0,1,23.979437589645386,2056441,Gen12_Match21_1752213271.txt,,2025-07-11T05:59:42.380487
12,Gen12_Match20_1752213271,Gen12_Deck7,Gen12_Deck1,Gen12_Deck1,0,1,37.611433029174805,2056442,Gen12_Match20_1752213271.txt,,2025-07-11T05:59:45.421491
12,Gen12_Match24_1752213271,Gen12_Deck11,Gen12_Deck1,Gen12_Deck1,0,1,21.61838459968567,2056442,Gen12_Match24_1752213271.txt,,2025-07-11T06:00:07.040286
12,Gen12_Match22_1752213271,Gen12_Deck1,Gen12_Deck9,Gen12_Deck1,1,0,41.1397807598114,2056443,Gen12_Match22_1752213271.txt,,2025-07-11T06:00:12.732738
12,Gen12_Match23_1752213271,Gen12_Deck10,Gen12_Deck1,Gen12_Deck10,1,0,37.096474170684814,2056441,Gen12_Match23_1752213271.txt,,2025-07-11T06:00:19.477512
12,Gen12_Match25_1752213271,Gen12_Deck1,Gen12_Deck12,Gen12_Deck1,1,0,25.13578486442566,2056442,Gen12_Match25_1752213271.txt,,2025-07-11T06:00:32.176525
12,Gen12_Match26_1752213271,Gen12_Deck1,Gen12_Deck13,Gen12_Deck1,1,0,24.48506808280945,2056443,Gen12_Match26_1752213271.txt,,2025-07-11T06:00:37.218287
12,Gen12_Match27_1752213271,Gen12_Deck14,Gen12_Deck1,Gen12_Deck1,0,1,28.301899194717407,2056441,Gen12_Match27_1752213271.txt,,2025-07-11T06:00:47.779915
12,Gen12_Match28_1752213271,Gen12_Deck2,Gen12_Deck3,Gen12_Deck3,0,1,26.114980459213257,2056442,Gen12_Match28_1752213271.txt,,2025-07-11T06:00:58.291995
12,Gen12_Match29_1752213271,Gen12_Deck2,Gen12_Deck4,Gen12_Deck2,1,0,51.71419310569763,2056443,Gen12_Match29_1752213271.txt,,2025-07-11T06:01:28.933030
12,Gen12_Match32_1752213271,Gen12_Deck2,Gen12_Deck7,Gen12_Deck2,1,0,24.29154944419861,2056443,Gen12_Match32_1752213271.txt,,2025-07-11T06:01:53.225086
12,Gen12_Match31_1752213271,Gen12_Deck2,Gen12_Deck6,Gen12_Deck2,1,0,62.49003005027771,2056442,Gen12_Match31_1752213271.txt,,2025-07-11T06:02:00.782593
12,Gen12_Match30_1752213271,Gen12_Deck5,Gen12_Deck2,Gen12_Deck5,1,0,79.71537256240845,2056441,Gen12_Match30_1752213271.txt,,2025-07-11T06:02:07.495899
12,Gen12_Match33_1752213271,Gen12_Deck8,Gen12_Deck2,Gen12_Deck2,0,1,91.33081388473511,2056443,Gen12_Match33_1752213271.txt,,2025-07-11T06:03:24.556708
12,Gen12_Match35_1752213271,Gen12_Deck2,Gen12_Deck10,Gen12_Deck10,0,1,103.25274157524109,2056441,Gen12_Match35_1752213271.txt,,2025-07-11T06:03:50.749245
12,Gen12_Match34_1752213271,Gen12_Deck9,Gen12_Deck2,Gen12_Deck9,1,0,132.83636832237244,2056442,Gen12_Match34_1752213271.txt,,2025-07-11T06:04:13.619613
12,Gen12_Match38_1752213271,Gen12_Deck2,Gen12_Deck13,Gen12_Deck13,0,1,42.01837420463562,2056442,Gen12_Match38_1752213271.txt,,2025-07-11T06:04:55.638547
12,Gen12_Match36_1752213271,Gen12_Deck2,Gen12_Deck11,Gen12_Deck11,0,1,104.36073327064514,2056443,Gen12_Match36_1752213271.txt,,2025-07-11T06:05:08.918050
12,Gen12_Match39_1752213271,Gen12_Deck2,Gen12_Deck14,Gen12_Deck2,1,0,43.06795358657837,2056442,Gen12_Match39_1752213271.txt,,2025-07-11T06:05:38.707142
12,Gen12_Match40_1752213271,Gen12_Deck4,Gen12_Deck3,Gen12_Deck3,0,1,35.72811579704285,2056443,Gen12_Match40_1752213271.txt,,2025-07-11T06:05:44.646700
12,Gen12_Match37_1752213271,Gen12_Deck12,Gen12_Deck2,Gen12_Deck12,1,0,129.1741418838501,2056441,Gen12_Match37_1752213271.txt,,2025-07-11T06:05:59.924056
12,Gen12_Match43_1752213271,Gen12_Deck7,Gen12_Deck3,Gen12_Deck7,1,0,20.396103620529175,2056441,Gen12_Match43_1752213271.txt,,2025-07-11T06:06:20.320583
12,Gen12_Match41_1752213271,Gen12_Deck3,Gen12_Deck5,Gen12_Deck3,1,0,112.57690858840942,2056442,Gen12_Match41_1752213271.txt,,2025-07-11T06:07:31.284725
12,Gen12_Match42_1752213271,Gen12_Deck6,Gen12_Deck3,Gen12_Deck6,1,0,131.50675582885742,2056443,Gen12_Match42_1752213271.txt,,2025-07-11T06:07:56.154114
12,Gen12_Match44_1752213271,Gen12_Deck8,Gen12_Deck3,Gen12_Deck3,0,1,125.89810514450073,2056441,Gen12_Match44_1752213271.txt,,2025-07-11T06:08:26.219357
12,Gen12_Match46_1752213271,Gen12_Deck10,Gen12_Deck3,Gen12_Deck3,0,1,34.18374228477478,2056443,Gen12_Match46_1752213271.txt,,2025-07-11T06:08:30.338385
12,Gen12_Match47_1752213271,Gen12_Deck11,Gen12_Deck3,Gen12_Deck3,0,1,30.384649753570557,2056441,Gen12_Match47_1752213271.txt,,2025-07-11T06:08:56.604514
12,Gen12_Match49_1752213271,Gen12_Deck3,Gen12_Deck13,Gen12_Deck3,1,0,17.35927987098694,2056441,Gen12_Match49_1752213271.txt,,2025-07-11T06:09:13.964423
12,Gen12_Match48_1752213271,Gen12_Deck3,Gen12_Deck12,Gen12_Deck3,1,0,56.67369794845581,2056443,Gen12_Match48_1752213271.txt,,2025-07-11T06:09:27.012683
12,Gen12_Match45_1752213271,Gen12_Deck3,Gen12_Deck9,Gen12_Deck3,1,0,130.2132749557495,2056442,Gen12_Match45_1752213271.txt,,2025-07-11T06:09:41.498762
12,Gen12_Match51_1752213271,Gen12_Deck5,Gen12_Deck4,Gen12_Deck5,1,0,31.671387195587158,2056443,Gen12_Match51_1752213271.txt,,2025-07-11T06:09:58.707194
12,Gen12_Match50_1752213271,Gen12_Deck14,Gen12_Deck3,Gen12_Deck14,1,0,48.52830624580383,2056441,Gen12_Match50_1752213271.txt,,2025-07-11T06:10:02.493393
12,Gen12_Match52_1752213271,Gen12_Deck4,Gen12_Deck6,Gen12_Deck4,1,0,29.36532211303711,2056442,Gen12_Match52_1752213271.txt,,2025-07-11T06:10:10.864590
12,Gen12_Match55_1752213271,Gen12_Deck9,Gen12_Deck4,Gen12_Deck9,1,0,38.96878528594971,2056442,Gen12_Match55_1752213271.txt,,2025-07-11T06:10:49.833892
12,Gen12_Match53_1752213271,Gen12_Deck4,Gen12_Deck7,Gen12_Deck4,1,0,51.51836013793945,2056443,Gen12_Match53_1752213271.txt,,2025-07-11T06:10:50.226105
12,Gen12_Match54_1752213271,Gen12_Deck8,Gen12_Deck4,Gen12_Deck4,0,1,60.28508400917053,2056441,Gen12_Match54_1752213271.txt,,2025-07-11T06:11:02.779010
12,Gen12_Match56_1752213271,Gen12_Deck4,Gen12_Deck10,Gen12_Deck10,0,1,42.078007221221924,2056442,Gen12_Match56_1752213271.txt,,2025-07-11T06:11:31.912388
12,Gen12_Match58_1752213271,Gen12_Deck12,Gen12_Deck4,Gen12_Deck12,1,0,30.31464147567749,2056441,Gen12_Match58_1752213271.txt,,2025-07-11T06:11:33.094101
12,Gen12_Match60_1752213271,Gen12_Deck4,Gen12_Deck14,Gen12_Deck14,0,1,26.64776921272278,2056441,Gen12_Match60_1752213271.txt,,2025-07-11T06:11:59.742289
12,Gen12_Match57_1752213271,Gen12_Deck11,Gen12_Deck4,Gen12_Deck4,0,1,86.26226234436035,2056443,Gen12_Match57_1752213271.txt,,2025-07-11T06:12:16.489031
12,Gen12_Match61_1752213271,Gen12_Deck6,Gen12_Deck5,Gen12_Deck6,1,0,33.785680055618286,2056441,Gen12_Match61_1752213271.txt,,2025-07-11T06:12:33.528499
12,Gen12_Match62_1752213271,Gen12_Deck5,Gen12_Deck7,Gen12_Deck7,0,1,25.518856525421143,2056443,Gen12_Match62_1752213271.txt,,2025-07-11T06:12:42.008347
12,Gen12_Match64_1752213271,Gen12_Deck9,Gen12_Deck5,Gen12_Deck9,1,0,28.457415103912354,2056443,Gen12_Match64_1752213271.txt,,2025-07-11T06:13:10.466225
12,Gen12_Match59_1752213271,Gen12_Deck4,Gen12_Deck13,Gen12_Deck4,1,0,132.41739559173584,2056442,Gen12_Match59_1752213271.txt,,2025-07-11T06:13:44.330467
12,Gen12_Match63_1752213271,Gen12_Deck8,Gen12_Deck5,Gen12_Deck5,0,1,73.38658714294434,2056441,Gen12_Match63_1752213271.txt,,2025-07-11T06:13:46.915652
12,Gen12_Match67_1752213271,Gen12_Deck12,Gen12_Deck5,Gen12_Deck12,1,0,26.584277629852295,2056441,Gen12_Match67_1752213271.txt,,2025-07-11T06:14:13.500381
12,Gen12_Match66_1752213271,Gen12_Deck5,Gen12_Deck11,Gen12_Deck11,0,1,30.84971022605896,2056442,Gen12_Match66_1752213271.txt,,2025-07-11T06:14:15.180692
12,Gen12_Match65_1752213271,Gen12_Deck5,Gen12_Deck10,Gen12_Deck10,0,1,99.11296558380127,2056443,Gen12_Match65_1752213271.txt,,2025-07-11T06:14:49.579757
12,Gen12_Match70_1752213271,Gen12_Deck7,Gen12_Deck6,Gen12_Deck7,1,0,26.922910928726196,2056443,Gen12_Match70_1752213271.txt,,2025-07-11T06:15:16.503166
12,Gen12_Match69_1752213271,Gen12_Deck5,Gen12_Deck14,Gen12_Deck5,1,0,77.41259217262268,2056442,Gen12_Match69_1752213271.txt,,2025-07-11T06:15:32.593872
12,Gen12_Match71_1752213271,Gen12_Deck6,Gen12_Deck8,Gen12_Deck8,0,1,34.36684584617615,2056443,Gen12_Match71_1752213271.txt,,2025-07-11T06:15:50.870512
12,Gen12_Match73_1752213271,Gen12_Deck10,Gen12_Deck6,Gen12_Deck6,0,1,25.8013973236084,2056443,Gen12_Match73_1752213271.txt,,2025-07-11T06:16:16.672486
12,Gen12_Match68_1752213271,Gen12_Deck13,Gen12_Deck5,Gen12_Deck13,1,0,131.99182438850403,2056441,Gen12_Match68_1752213271.txt,,2025-07-11T06:16:25.493173
12,Gen12_Match72_1752213271,Gen12_Deck6,Gen12_Deck9,Gen12_Deck9,0,1,52.9331271648407,2056442,Gen12_Match72_1752213271.txt,,2025-07-11T06:16:25.527530
12,Gen12_Match74_1752213271,Gen12_Deck11,Gen12_Deck6,Gen12_Deck11,1,0,22.590965747833252,2056443,Gen12_Match74_1752213271.txt,,2025-07-11T06:16:39.263878
12,Gen12_Match75_1752213271,Gen12_Deck6,Gen12_Deck12,Gen12_Deck6,1,0,25.510453939437866,2056441,Gen12_Match75_1752213271.txt,,2025-07-11T06:16:51.004147
12,Gen12_Match76_1752213271,Gen12_Deck6,Gen12_Deck13,Gen12_Deck13,0,1,53.67663812637329,2056442,Gen12_Match76_1752213271.txt,,2025-07-11T06:17:19.204732
12,Gen12_Match78_1752213271,Gen12_Deck8,Gen12_Deck7,Gen12_Deck8,1,0,31.094969272613525,2056441,Gen12_Match78_1752213271.txt,,2025-07-11T06:17:22.099593
12,Gen12_Match77_1752213271,Gen12_Deck14,Gen12_Deck6,Gen12_Deck14,1,0,53.96806001663208,2056443,Gen12_Match77_1752213271.txt,,2025-07-11T06:17:33.232439
12,Gen12_Match79_1752213271,Gen12_Deck9,Gen12_Deck7,Gen12_Deck7,0,1,22.635108947753906,2056442,Gen12_Match79_1752213271.txt,,2025-07-11T06:17:41.840269
12,Gen12_Match80_1752213271,Gen12_Deck7,Gen12_Deck10,Gen12_Deck7,1,0,26.572412967681885,2056441,Gen12_Match80_1752213271.txt,,2025-07-11T06:17:48.672447
12,Gen12_Match81_1752213271,Gen12_Deck7,Gen12_Deck11,Gen12_Deck7,1,0,26.243470191955566,2056443,Gen12_Match81_1752213271.txt,,2025-07-11T06:17:59.476341
12,Gen12_Match83_1752213271,Gen12_Deck7,Gen12_Deck13,Gen12_Deck7,1,0,25.407520294189453,2056441,Gen12_Match83_1752213271.txt,,2025-07-11T06:18:14.080400
12,Gen12_Match82_1752213271,Gen12_Deck12,Gen12_Deck7,Gen12_Deck12,1,0,32.96948742866516,2056442,Gen12_Match82_1752213271.txt,,2025-07-11T06:18:14.810238
12,Gen12_Match84_1752213271,Gen12_Deck7,Gen12_Deck14,Gen12_Deck14,0,1,24.65369749069214,2056443,Gen12_Match84_1752213271.txt,,2025-07-11T06:18:24.130437
12,Gen12_Match85_1752213271,Gen12_Deck8,Gen12_Deck9,Gen12_Deck9,0,1,57.05955123901367,2056441,Gen12_Match85_1752213271.txt,,2025-07-11T06:19:11.140517
12,Gen12_Match87_1752213271,Gen12_Deck11,Gen12_Deck8,Gen12_Deck8,0,1,47.75228762626648,2056443,Gen12_Match87_1752213271.txt,,2025-07-11T06:19:11.883227
12,Gen12_Match86_1752213271,Gen12_Deck10,Gen12_Deck8,Gen12_Deck10,1,0,58.06152629852295,2056442,Gen12_Match86_1752213271.txt,,2025-07-11T06:19:12.872313
12,Gen12_Match88_1752213271,Gen12_Deck8,Gen12_Deck12,Gen12_Deck12,0,1,46.87268400192261,2056441,Gen12_Match88_1752213271.txt,,2025-07-11T06:19:58.013981
12,Gen12_Match90_1752213271,Gen12_Deck14,Gen12_Deck8,Gen12_Deck8,0,1,50.071268796920776,2056442,Gen12_Match90_1752213271.txt,,2025-07-11T06:20:02.944095
12,Gen12_Match89_1752213271,Gen12_Deck13,Gen12_Deck8,Gen12_Deck13,1,0,83.09297156333923,2056443,Gen12_Match89_1752213271.txt,,2025-07-11T06:20:34.976787
12,Gen12_Match91_1752213271,Gen12_Deck9,Gen12_Deck10,Gen12_Deck9,1,0,42.562748193740845,2056441,Gen12_Match91_1752213271.txt,,2025-07-11T06:20:40.577370
12,Gen12_Match93_1752213271,Gen12_Deck12,Gen12_Deck9,Gen12_Deck12,1,0,27.74348211288452,2056443,Gen12_Match93_1752213271.txt,,2025-07-11T06:21:02.720730
12,Gen12_Match94_1752213271,Gen12_Deck9,Gen12_Deck13,Gen12_Deck9,1,0,43.547914266586304,2056441,Gen12_Match94_1752213271.txt,,2025-07-11T06:21:24.125817
12,Gen12_Match95_1752213271,Gen12_Deck9,Gen12_Deck14,Gen12_Deck9,1,0,21.680625677108765,2056443,Gen12_Match95_1752213271.txt,,2025-07-11T06:21:24.401804
12,Gen12_Match97_1752213271,Gen12_Deck12,Gen12_Deck10,Gen12_Deck12,1,0,23.52812147140503,2056443,Gen12_Match97_1752213271.txt,,2025-07-11T06:21:47.930330
12,Gen12_Match92_1752213271,Gen12_Deck11,Gen12_Deck9,Gen12_Deck11,1,0,131.68132090568542,2056442,Gen12_Match92_1752213271.txt,,2025-07-11T06:22:14.626006
12,Gen12_Match96_1752213271,Gen12_Deck11,Gen12_Deck10,Gen12_Deck11,1,0,131.61142444610596,2056441,Gen12_Match96_1752213271.txt,,2025-07-11T06:23:35.737859
12,Gen12_Match100_1752213271,Gen12_Deck12,Gen12_Deck11,Gen12_Deck12,1,0,17.527794361114502,2056441,Gen12_Match100_1752213271.txt,,2025-07-11T06:23:53.266135
12,Gen12_Match98_1752213271,Gen12_Deck13,Gen12_Deck10,Gen12_Deck13,1,0,130.9536647796631,2056443,Gen12_Match98_1752213271.txt,,2025-07-11T06:23:58.884622
12,Gen12_Match101_1752213271,Gen12_Deck11,Gen12_Deck13,Gen12_Deck11,1,0,24.270800352096558,2056441,Gen12_Match101_1752213271.txt,,2025-07-11T06:24:17.537440
12,Gen12_Match99_1752213271,Gen12_Deck10,Gen12_Deck14,Gen12_Deck10,1,0,131.58994913101196,2056442,Gen12_Match99_1752213271.txt,,2025-07-11T06:24:26.216515
12,Gen12_Match102_1752213271,Gen12_Deck11,Gen12_Deck14,Gen12_Deck14,0,1,90.9810631275177,2056443,Gen12_Match102_1752213271.txt,,2025-07-11T06:25:29.866292
12,Gen12_Match105_1752213271,Gen12_Deck14,Gen12_Deck13,Gen12_Deck13,0,1,19.022094011306763,2056443,Gen12_Match105_1752213271.txt,,2025-07-11T06:25:48.888884
12,Gen12_Match103_1752213271,Gen12_Deck12,Gen12_Deck13,Gen12_Deck13,0,1,112.11257410049438,2056441,Gen12_Match103_1752213271.txt,,2025-07-11T06:26:09.650745
12,Gen12_Match104_1752213271,Gen12_Deck12,Gen12_Deck14,Gen12_Deck12,1,0,120.21169352531433,2056442,Gen12_Match104_1752213271.txt,,2025-07-11T06:26:26.429240
13,Gen13_Match1_1752215186,Gen13_Deck0,Gen13_Deck1,Gen13_Deck0,1,0,34.09454298019409,2109656,Gen13_Match1_1752215186.txt,,2025-07-11T06:27:00.559465
13,Gen13_Match2_1752215186,Gen13_Deck0,Gen13_Deck2,Gen13_Deck2,0,1,66.54380440711975,2109658,Gen13_Match2_1752215186.txt,,2025-07-11T06:27:33.009768
13,Gen13_Match4_1752215186,Gen13_Deck0,Gen13_Deck4,Gen13_Deck0,1,0,40.80482316017151,2109656,Gen13_Match4_1752215186.txt,,2025-07-11T06:27:41.365346
13,Gen13_Match5_1752215186,Gen13_Deck0,Gen13_Deck5,Gen13_Deck5,0,1,30.7058265209198,2109658,Gen13_Match5_1752215186.txt,,2025-07-11T06:28:03.716410
13,Gen13_Match6_1752215186,Gen13_Deck6,Gen13_Deck0,Gen13_Deck0,0,1,27.482460737228394,2109656,Gen13_Match6_1752215186.txt,,2025-07-11T06:28:08.848345
13,Gen13_Match8_1752215186,Gen13_Deck0,Gen13_Deck8,Gen13_Deck8,0,1,27.39061141014099,2109656,Gen13_Match8_1752215186.txt,,2025-07-11T06:28:36.239491
13,Gen13_Match3_1752215186,Gen13_Deck3,Gen13_Deck0,Gen13_Deck3,1,0,133.91488194465637,2109660,Gen13_Match3_1752215186.txt,,2025-07-11T06:28:40.381332
13,Gen13_Match10_1752215186,Gen13_Deck10,Gen13_Deck0,Gen13_Deck10,1,0,59.401282787323,2109660,Gen13_Match10_1752215186.txt,,2025-07-11T06:29:39.783479
13,Gen13_Match9_1752215186,Gen13_Deck0,Gen13_Deck9,Gen13_Deck0,1,0,68.46864604949951,2109656,Gen13_Match9_1752215186.txt,,2025-07-11T06:29:44.708745
13,Gen13_Match11_1752215186,Gen13_Deck0,Gen13_Deck11,Gen13_Deck0,1,0,24.3193142414093,2109660,Gen13_Match11_1752215186.txt,,2025-07-11T06:30:04.103262
13,Gen13_Match12_1752215186,Gen13_Deck0,Gen13_Deck12,Gen13_Deck12,0,1,26.887163400650024,2109656,Gen13_Match12_1752215186.txt,,2025-07-11T06:30:11.596370
13,Gen13_Match7_1752215186,Gen13_Deck7,Gen13_Deck0,Gen13_Deck7,1,0,132.81560039520264,2109658,Gen13_Match7_1752215186.txt,,2025-07-11T06:30:16.532709
13,Gen13_Match15_1752215186,Gen13_Deck2,Gen13_Deck1,Gen13_Deck2,1,0,42.75590777397156,2109658,Gen13_Match15_1752215186.txt,,2025-07-11T06:30:59.289109
13,Gen13_Match16_1752215186,Gen13_Deck3,Gen13_Deck1,Gen13_Deck1,0,1,24.331881999969482,2109658,Gen13_Match16_1752215186.txt,,2025-07-11T06:31:23.621441
13,Gen13_Match17_1752215186,Gen13_Deck4,Gen13_Deck1,Gen13_Deck1,0,1,23.227139234542847,2109658,Gen13_Match17_1752215186.txt,,2025-07-11T06:31:46.849352
13,Gen13_Match14_1752215186,Gen13_Deck14,Gen13_Deck0,Gen13_Deck14,1,0,100.24937963485718,2109656,Gen13_Match14_1752215186.txt,,2025-07-11T06:31:51.863134
13,Gen13_Match18_1752215186,Gen13_Deck1,Gen13_Deck5,Gen13_Deck5,0,1,23.002960443496704,2109658,Gen13_Match18_1752215186.txt,,2025-07-11T06:32:09.852888
13,Gen13_Match13_1752215186,Gen13_Deck13,Gen13_Deck0,Gen13_Deck13,1,0,131.45660066604614,2109660,Gen13_Match13_1752215186.txt,,2025-07-11T06:32:15.560407
13,Gen13_Match19_1752215186,Gen13_Deck6,Gen13_Deck1,Gen13_Deck6,1,0,40.37280893325806,2109656,Gen13_Match19_1752215186.txt,,2025-07-11T06:32:32.236503
13,Gen13_Match20_1752215186,Gen13_Deck7,Gen13_Deck1,Gen13_Deck7,1,0,29.011024475097656,2109658,Gen13_Match20_1752215186.txt,,2025-07-11T06:32:38.864397
13,Gen13_Match22_1752215186,Gen13_Deck1,Gen13_Deck9,Gen13_Deck1,1,0,23.88472867012024,2109656,Gen13_Match22_1752215186.txt,,2025-07-11T06:32:56.121659
13,Gen13_Match23_1752215186,Gen13_Deck10,Gen13_Deck1,Gen13_Deck10,1,0,22.655450582504272,2109658,Gen13_Match23_1752215186.txt,,2025-07-11T06:33:01.520268
13,Gen13_Match25_1752215186,Gen13_Deck1,Gen13_Deck12,Gen13_Deck1,1,0,26.427673816680908,2109658,Gen13_Match25_1752215186.txt,,2025-07-11T06:33:27.948417
13,Gen13_Match26_1752215186,Gen13_Deck1,Gen13_Deck13,Gen13_Deck1,1,0,19.853331804275513,2109658,Gen13_Match26_1752215186.txt,,2025-07-11T06:33:47.802221
13,Gen13_Match24_1752215186,Gen13_Deck11,Gen13_Deck1,Gen13_Deck11,1,0,60.07897067070007,2109656,Gen13_Match24_1752215186.txt,,2025-07-11T06:33:56.201197
13,Gen13_Match27_1752215186,Gen13_Deck14,Gen13_Deck1,Gen13_Deck1,0,1,31.990822792053223,2109658,Gen13_Match27_1752215186.txt,,2025-07-11T06:34:19.793551
13,Gen13_Match28_1752215186,Gen13_Deck3,Gen13_Deck2,Gen13_Deck2,0,1,25.126801252365112,2109656,Gen13_Match28_1752215186.txt,,2025-07-11T06:34:21.328470
13,Gen13_Match21_1752215186,Gen13_Deck1,Gen13_Deck8,Gen13_Deck1,1,0,134.69159650802612,2109660,Gen13_Match21_1752215186.txt,,2025-07-11T06:34:30.252719
13,Gen13_Match29_1752215186,Gen13_Deck4,Gen13_Deck2,Gen13_Deck4,1,0,36.34679961204529,2109658,Gen13_Match29_1752215186.txt,,2025-07-11T06:34:56.140833
13,Gen13_Match30_1752215186,Gen13_Deck2,Gen13_Deck5,Gen13_Deck2,1,0,47.97589087486267,2109656,Gen13_Match30_1752215186.txt,,2025-07-11T06:35:09.304880
13,Gen13_Match31_1752215186,Gen13_Deck2,Gen13_Deck6,Gen13_Deck6,0,1,56.510993242263794,2109660,Gen13_Match31_1752215186.txt,,2025-07-11T06:35:26.764256
13,Gen13_Match33_1752215186,Gen13_Deck2,Gen13_Deck8,Gen13_Deck2,1,0,35.17120814323425,2109656,Gen13_Match33_1752215186.txt,,2025-07-11T06:35:44.476693
13,Gen13_Match35_1752215186,Gen13_Deck10,Gen13_Deck2,Gen13_Deck10,1,0,60.73698973655701,2109656,Gen13_Match35_1752215186.txt,,2025-07-11T06:36:45.214262
13,Gen13_Match32_1752215186,Gen13_Deck7,Gen13_Deck2,Gen13_Deck7,1,0,124.31672358512878,2109658,Gen13_Match32_1752215186.txt,,2025-07-11T06:37:00.458183
13,Gen13_Match36_1752215186,Gen13_Deck11,Gen13_Deck2,Gen13_Deck2,0,1,33.20154333114624,2109656,Gen13_Match36_1752215186.txt,,2025-07-11T06:37:18.416322
13,Gen13_Match34_1752215186,Gen13_Deck2,Gen13_Deck9,Gen13_Deck2,1,0,121.73903846740723,2109660,Gen13_Match34_1752215186.txt,,2025-07-11T06:37:28.503895
13,Gen13_Match38_1752215186,Gen13_Deck13,Gen13_Deck2,Gen13_Deck13,1,0,24.38390803337097,2109656,Gen13_Match38_1752215186.txt,,2025-07-11T06:37:42.800675
13,Gen13_Match37_1752215186,Gen13_Deck2,Gen13_Deck12,Gen13_Deck2,1,0,47.425647497177124,2109658,Gen13_Match37_1752215186.txt,,2025-07-11T06:37:47.884359
13,Gen13_Match40_1752215186,Gen13_Deck4,Gen13_Deck3,Gen13_Deck4,1,0,28.375194549560547,2109656,Gen13_Match40_1752215186.txt,,2025-07-11T06:38:11.176338
13,Gen13_Match42_1752215186,Gen13_Deck6,Gen13_Deck3,Gen13_Deck3,0,1,25.924197912216187,2109656,Gen13_Match42_1752215186.txt,,2025-07-11T06:38:37.101248
13,Gen13_Match39_1752215186,Gen13_Deck14,Gen13_Deck2,Gen13_Deck14,1,0,93.1830723285675,2109660,Gen13_Match39_1752215186.txt,,2025-07-11T06:39:01.687541
13,Gen13_Match43_1752215186,Gen13_Deck7,Gen13_Deck3,Gen13_Deck3,0,1,55.7295708656311,2109656,Gen13_Match43_1752215186.txt,,2025-07-11T06:39:32.831638
13,Gen13_Match44_1752215186,Gen13_Deck3,Gen13_Deck8,Gen13_Deck3,1,0,53.870139598846436,2109660,Gen13_Match44_1752215186.txt,,2025-07-11T06:39:55.558263
13,Gen13_Match41_1752215186,Gen13_Deck3,Gen13_Deck5,Gen13_Deck3,1,0,132.9757423400879,2109658,Gen13_Match41_1752215186.txt,,2025-07-11T06:40:00.860740
13,Gen13_Match46_1752215186,Gen13_Deck10,Gen13_Deck3,Gen13_Deck10,1,0,32.606367349624634,2109660,Gen13_Match46_1752215186.txt,,2025-07-11T06:40:28.165126
13,Gen13_Match45_1752215186,Gen13_Deck3,Gen13_Deck9,Gen13_Deck3,1,0,55.396220684051514,2109656,Gen13_Match45_1752215186.txt,,2025-07-11T06:40:28.228403
13,Gen13_Match47_1752215186,Gen13_Deck11,Gen13_Deck3,Gen13_Deck11,1,0,49.94880962371826,2109658,Gen13_Match47_1752215186.txt,,2025-07-11T06:40:50.810049
13,Gen13_Match49_1752215186,Gen13_Deck13,Gen13_Deck3,Gen13_Deck13,1,0,25.752473831176758,2109656,Gen13_Match49_1752215186.txt,,2025-07-11T06:40:53.981359
13,Gen13_Match48_1752215186,Gen13_Deck3,Gen13_Deck12,Gen13_Deck3,1,0,38.49201846122742,2109660,Gen13_Match48_1752215186.txt,,2025-07-11T06:41:06.657607
13,Gen13_Match51_1752215186,Gen13_Deck4,Gen13_Deck5,Gen13_Deck5,0,1,27.44071364402771,2109656,Gen13_Match51_1752215186.txt,,2025-07-11T06:41:21.422499
13,Gen13_Match50_1752215186,Gen13_Deck14,Gen13_Deck3,Gen13_Deck14,1,0,85.48531794548035,2109658,Gen13_Match50_1752215186.txt,,2025-07-11T06:42:16.296316
13,Gen13_Match53_1752215186,Gen13_Deck4,Gen13_Deck7,Gen13_Deck4,1,0,62.75340747833252,2109656,Gen13_Match53_1752215186.txt,,2025-07-11T06:42:24.176358
13,Gen13_Match54_1752215186,Gen13_Deck8,Gen13_Deck4,Gen13_Deck4,0,1,22.944082021713257,2109658,Gen13_Match54_1752215186.txt,,2025-07-11T06:42:39.240964
13,Gen13_Match52_1752215186,Gen13_Deck4,Gen13_Deck6,Gen13_Deck6,0,1,112.55455923080444,2109660,Gen13_Match52_1752215186.txt,,2025-07-11T06:42:59.212876
13,Gen13_Match56_1752215186,Gen13_Deck4,Gen13_Deck10,Gen13_Deck4,1,0,20.18200421333313,2109658,Gen13_Match56_1752215186.txt,,2025-07-11T06:42:59.423425
13,Gen13_Match57_1752215186,Gen13_Deck11,Gen13_Deck4,Gen13_Deck11,1,0,25.919060707092285,2109660,Gen13_Match57_1752215186.txt,,2025-07-11T06:43:25.132400
13,Gen13_Match58_1752215186,Gen13_Deck12,Gen13_Deck4,Gen13_Deck4,0,1,30.13200306892395,2109658,Gen13_Match58_1752215186.txt,,2025-07-11T06:43:29.555894
13,Gen13_Match55_1752215186,Gen13_Deck4,Gen13_Deck9,Gen13_Deck4,1,0,69.60814690589905,2109656,Gen13_Match55_1752215186.txt,,2025-07-11T06:43:33.785083
13,Gen13_Match60_1752215186,Gen13_Deck4,Gen13_Deck14,Gen13_Deck4,1,0,61.03145217895508,2109658,Gen13_Match60_1752215186.txt,,2025-07-11T06:44:30.588082
13,Gen13_Match59_1752215186,Gen13_Deck4,Gen13_Deck13,Gen13_Deck13,0,1,80.05555081367493,2109660,Gen13_Match59_1752215186.txt,,2025-07-11T06:44:45.188487
13,Gen13_Match62_1752215186,Gen13_Deck7,Gen13_Deck5,Gen13_Deck7,1,0,21.245230436325073,2109658,Gen13_Match62_1752215186.txt,,2025-07-11T06:44:51.833876
13,Gen13_Match64_1752215186,Gen13_Deck5,Gen13_Deck9,Gen13_Deck5,1,0,21.08243417739868,2109658,Gen13_Match64_1752215186.txt,,2025-07-11T06:45:12.916805
13,Gen13_Match65_1752215186,Gen13_Deck10,Gen13_Deck5,Gen13_Deck5,0,1,27.324920415878296,2109658,Gen13_Match65_1752215186.txt,,2025-07-11T06:45:40.242183
13,Gen13_Match61_1752215186,Gen13_Deck5,Gen13_Deck6,Gen13_Deck5,1,0,132.86323738098145,2109656,Gen13_Match61_1752215186.txt,,2025-07-11T06:45:46.649007
13,Gen13_Match63_1752215186,Gen13_Deck5,Gen13_Deck8,Gen13_Deck8,0,1,61.851298809051514,2109660,Gen13_Match63_1752215186.txt,,2025-07-11T06:45:47.040309
13,Gen13_Match67_1752215186,Gen13_Deck5,Gen13_Deck12,Gen13_Deck5,1,0,25.472914218902588,2109656,Gen13_Match67_1752215186.txt,,2025-07-11T06:46:12.122365
13,Gen13_Match68_1752215186,Gen13_Deck5,Gen13_Deck13,Gen13_Deck13,0,1,26.391477346420288,2109660,Gen13_Match68_1752215186.txt,,2025-07-11T06:46:13.432225
13,Gen13_Match70_1752215186,Gen13_Deck6,Gen13_Deck7,Gen13_Deck6,1,0,22.061458826065063,2109660,Gen13_Match70_1752215186.txt,,2025-07-11T06:46:35.494144
13,Gen13_Match69_1752215186,Gen13_Deck14,Gen13_Deck5,Gen13_Deck14,1,0,39.38768982887268,2109656,Gen13_Match69_1752215186.txt,,2025-07-11T06:46:51.510532
13,Gen13_Match72_1752215186,Gen13_Deck6,Gen13_Deck9,Gen13_Deck6,1,0,33.623292684555054,2109656,Gen13_Match72_1752215186.txt,,2025-07-11T06:47:25.134301
13,Gen13_Match66_1752215186,Gen13_Deck11,Gen13_Deck5,Gen13_Deck11,1,0,120.00605726242065,2109658,Gen13_Match66_1752215186.txt,,2025-07-11T06:47:40.248871
13,Gen13_Match74_1752215186,Gen13_Deck6,Gen13_Deck11,Gen13_Deck6,1,0,27.975654363632202,2109658,Gen13_Match74_1752215186.txt,,2025-07-11T06:48:08.225050
13,Gen13_Match71_1752215186,Gen13_Deck6,Gen13_Deck8,Gen13_Deck8,0,1,96.9389476776123,2109660,Gen13_Match71_1752215186.txt,,2025-07-11T06:48:12.433730
13,Gen13_Match73_1752215186,Gen13_Deck10,Gen13_Deck6,Gen13_Deck10,1,0,75.40026712417603,2109656,Gen13_Match73_1752215186.txt,,2025-07-11T06:48:40.535177
13,Gen13_Match75_1752215186,Gen13_Deck6,Gen13_Deck12,Gen13_Deck12,0,1,32.81569218635559,2109658,Gen13_Match75_1752215186.txt,,2025-07-11T06:48:41.041225
13,Gen13_Match76_1752215186,Gen13_Deck6,Gen13_Deck13,Gen13_Deck6,1,0,48.077850103378296,2109660,Gen13_Match76_1752215186.txt,,2025-07-11T06:49:00.512127
13,Gen13_Match77_1752215186,Gen13_Deck14,Gen13_Deck6,Gen13_Deck14,1,0,24.996736764907837,2109656,Gen13_Match77_1752215186.txt,,2025-07-11T06:49:05.532329
13,Gen13_Match78_1752215186,Gen13_Deck7,Gen13_Deck8,Gen13_Deck8,0,1,40.857704877853394,2109658,Gen13_Match78_1752215186.txt,,2025-07-11T06:49:21.899431
13,Gen13_Match79_1752215186,Gen13_Deck7,Gen13_Deck9,Gen13_Deck7,1,0,40.06714916229248,2109660,Gen13_Match79_1752215186.txt,,2025-07-11T06:49:40.579835
13,Gen13_Match81_1752215186,Gen13_Deck11,Gen13_Deck7,Gen13_Deck7,0,1,22.305497884750366,2109658,Gen13_Match81_1752215186.txt,,2025-07-11T06:49:44.205355
13,Gen13_Match80_1752215186,Gen13_Deck10,Gen13_Deck7,Gen13_Deck10,1,0,53.72233843803406,2109656,Gen13_Match80_1752215186.txt,,2025-07-11T06:49:59.255180
13,Gen13_Match84_1752215186,Gen13_Deck14,Gen13_Deck7,Gen13_Deck7,0,1,22.868725299835205,2109656,Gen13_Match84_1752215186.txt,,2025-07-11T06:50:22.124373
13,Gen13_Match83_1752215186,Gen13_Deck13,Gen13_Deck7,Gen13_Deck13,1,0,47.623260498046875,2109658,Gen13_Match83_1752215186.txt,,2025-07-11T06:50:31.829151
13,Gen13_Match85_1752215186,Gen13_Deck8,Gen13_Deck9,Gen13_Deck8,1,0,19.267247915267944,2109656,Gen13_Match85_1752215186.txt,,2025-07-11T06:50:41.392206
13,Gen13_Match87_1752215186,Gen13_Deck11,Gen13_Deck8,Gen13_Deck8,0,1,55.79712462425232,2109656,Gen13_Match87_1752215186.txt,,2025-07-11T06:51:37.190369
13,Gen13_Match82_1752215186,Gen13_Deck7,Gen13_Deck12,Gen13_Deck7,1,0,132.90353393554688,2109660,Gen13_Match82_1752215186.txt,,2025-07-11T06:51:53.483976
13,Gen13_Match89_1752215186,Gen13_Deck13,Gen13_Deck8,Gen13_Deck13,1,0,23.636467218399048,2109660,Gen13_Match89_1752215186.txt,,2025-07-11T06:52:17.121021
13,Gen13_Match86_1752215186,Gen13_Deck10,Gen13_Deck8,Gen13_Deck8,0,1,111.73908376693726,2109658,Gen13_Match86_1752215186.txt,,2025-07-11T06:52:23.568939
13,Gen13_Match88_1752215186,Gen13_Deck8,Gen13_Deck12,Gen13_Deck12,0,1,56.03666853904724,2109656,Gen13_Match88_1752215186.txt,,2025-07-11T06:52:33.227758
13,Gen13_Match91_1752215186,Gen13_Deck10,Gen13_Deck9,Gen13_Deck9,0,1,32.29143238067627,2109658,Gen13_Match91_1752215186.txt,,2025-07-11T06:52:55.860884
13,Gen13_Match90_1752215186,Gen13_Deck14,Gen13_Deck8,Gen13_Deck8,0,1,53.90103077888489,2109660,Gen13_Match90_1752215186.txt,,2025-07-11T06:53:11.022713
13,Gen13_Match94_1752215186,Gen13_Deck9,Gen13_Deck13,Gen13_Deck13,0,1,27.924607276916504,2109660,Gen13_Match94_1752215186.txt,,2025-07-11T06:53:38.947932
13,Gen13_Match95_1752215186,Gen13_Deck14,Gen13_Deck9,Gen13_Deck9,0,1,26.94930624961853,2109660,Gen13_Match95_1752215186.txt,,2025-07-11T06:54:05.897796
13,Gen13_Match93_1752215186,Gen13_Deck12,Gen13_Deck9,Gen13_Deck9,0,1,103.63829922676086,2109658,Gen13_Match93_1752215186.txt,,2025-07-11T06:54:39.499981
13,Gen13_Match92_1752215186,Gen13_Deck11,Gen13_Deck9,Gen13_Deck11,1,0,133.96430850028992,2109656,Gen13_Match92_1752215186.txt,,2025-07-11T06:54:47.192699
13,Gen13_Match96_1752215186,Gen13_Deck11,Gen13_Deck10,Gen13_Deck10,0,1,42.05831861495972,2109660,Gen13_Match96_1752215186.txt,,2025-07-11T06:54:47.956660
13,Gen13_Match97_1752215186,Gen13_Deck10,Gen13_Deck12,Gen13_Deck12,0,1,24.66416573524475,2109658,Gen13_Match97_1752215186.txt,,2025-07-11T06:55:04.164686
13,Gen13_Match98_1752215186,Gen13_Deck10,Gen13_Deck13,Gen13_Deck10,1,0,31.618207216262817,2109656,Gen13_Match98_1752215186.txt,,2025-07-11T06:55:18.811420
13,Gen13_Match100_1752215186,Gen13_Deck12,Gen13_Deck11,Gen13_Deck12,1,0,29.62737011909485,2109658,Gen13_Match100_1752215186.txt,,2025-07-11T06:55:33.792586
13,Gen13_Match101_1752215186,Gen13_Deck11,Gen13_Deck13,Gen13_Deck11,1,0,26.14256525039673,2109656,Gen13_Match101_1752215186.txt,,2025-07-11T06:55:44.954486
13,Gen13_Match99_1752215186,Gen13_Deck14,Gen13_Deck10,Gen13_Deck10,0,1,78.85945129394531,2109660,Gen13_Match99_1752215186.txt,,2025-07-11T06:56:06.816758
13,Gen13_Match103_1752215186,Gen13_Deck13,Gen13_Deck12,Gen13_Deck13,1,0,25.235655546188354,2109656,Gen13_Match103_1752215186.txt,,2025-07-11T06:56:10.190636
13,Gen13_Match102_1752215186,Gen13_Deck11,Gen13_Deck14,Gen13_Deck11,1,0,44.2931387424469,2109658,Gen13_Match102_1752215186.txt,,2025-07-11T06:56:18.086296
13,Gen13_Match104_1752215186,Gen13_Deck14,Gen13_Deck12,Gen13_Deck14,1,0,21.923206567764282,2109660,Gen13_Match104_1752215186.txt,,2025-07-11T06:56:28.740450
13,Gen13_Match105_1752215186,Gen13_Deck14,Gen13_Deck13,Gen13_Deck14,1,0,22.135834217071533,2109656,Gen13_Match105_1752215186.txt,,2025-07-11T06:56:32.327303
14,Gen14_Match1_1752216992,Gen14_Deck1,Gen14_Deck0,Gen14_Deck0,0,1,25.37747836112976,2162726,Gen14_Match1_1752216992.txt,,2025-07-11T06:56:57.742549
14,Gen14_Match3_1752216992,Gen14_Deck3,Gen14_Deck0,Gen14_Deck3,1,0,26.712995767593384,2162728,Gen14_Match3_1752216992.txt,,2025-07-11T06:56:59.079590
14,Gen14_Match2_1752216992,Gen14_Deck0,Gen14_Deck2,Gen14_Deck2,0,1,27.121493339538574,2162727,Gen14_Match2_1752216992.txt,,2025-07-11T06:56:59.487820
14,Gen14_Match6_1752216992,Gen14_Deck6,Gen14_Deck0,Gen14_Deck0,0,1,28.248117208480835,2162727,Gen14_Match6_1752216992.txt,,2025-07-11T06:57:27.736713
14,Gen14_Match4_1752216992,Gen14_Deck0,Gen14_Deck4,Gen14_Deck4,0,1,39.47324180603027,2162726,Gen14_Match4_1752216992.txt,,2025-07-11T06:57:37.216868
14,Gen14_Match8_1752216992,Gen14_Deck0,Gen14_Deck8,Gen14_Deck0,1,0,23.23443078994751,2162726,Gen14_Match8_1752216992.txt,,2025-07-11T06:58:00.451868
14,Gen14_Match7_1752216992,Gen14_Deck7,Gen14_Deck0,Gen14_Deck0,0,1,45.482852935791016,2162727,Gen14_Match7_1752216992.txt,,2025-07-11T06:58:13.220298
14,Gen14_Match5_1752216992,Gen14_Deck5,Gen14_Deck0,Gen14_Deck5,1,0,101.1754789352417,2162728,Gen14_Match5_1752216992.txt,,2025-07-11T06:58:40.256085
14,Gen14_Match11_1752216992,Gen14_Deck0,Gen14_Deck11,Gen14_Deck0,1,0,25.4039249420166,2162728,Gen14_Match11_1752216992.txt,,2025-07-11T06:59:05.660571
14,Gen14_Match12_1752216992,Gen14_Deck12,Gen14_Deck0,Gen14_Deck0,0,1,23.924418926239014,2162728,Gen14_Match12_1752216992.txt,,2025-07-11T06:59:29.585516
14,Gen14_Match13_1752216992,Gen14_Deck13,Gen14_Deck0,Gen14_Deck0,0,1,29.316718578338623,2162728,Gen14_Match13_1752216992.txt,,2025-07-11T06:59:58.902973
14,Gen14_Match10_1752216992,Gen14_Deck10,Gen14_Deck0,Gen14_Deck0,0,1,108.52142238616943,2162727,Gen14_Match10_1752216992.txt,,2025-07-11T07:00:01.742493
14,Gen14_Match9_1752216992,Gen14_Deck9,Gen14_Deck0,Gen14_Deck0,0,1,128.57361888885498,2162726,Gen14_Match9_1752216992.txt,,2025-07-11T07:00:09.026151
14,Gen14_Match14_1752216992,Gen14_Deck0,Gen14_Deck14,Gen14_Deck14,0,1,29.995661735534668,2162728,Gen14_Match14_1752216992.txt,,2025-07-11T07:00:28.899168
14,Gen14_Match16_1752216992,Gen14_Deck1,Gen14_Deck3,Gen14_Deck1,1,0,34.83999729156494,2162726,Gen14_Match16_1752216992.txt,,2025-07-11T07:00:43.866658
14,Gen14_Match17_1752216992,Gen14_Deck1,Gen14_Deck4,Gen14_Deck4,0,1,25.04632019996643,2162728,Gen14_Match17_1752216992.txt,,2025-07-11T07:00:53.945986
14,Gen14_Match19_1752216992,Gen14_Deck6,Gen14_Deck1,Gen14_Deck1,0,1,34.74645113945007,2162728,Gen14_Match19_1752216992.txt,,2025-07-11T07:01:28.692992
14,Gen14_Match15_1752216992,Gen14_Deck2,Gen14_Deck1,Gen14_Deck2,1,0,92.13297271728516,2162727,Gen14_Match15_1752216992.txt,,2025-07-11T07:01:33.876272
14,Gen14_Match20_1752216992,Gen14_Deck1,Gen14_Deck7,Gen14_Deck7,0,1,22.89837074279785,2162728,Gen14_Match20_1752216992.txt,,2025-07-11T07:01:51.591964
14,Gen14_Match21_1752216992,Gen14_Deck8,Gen14_Deck1,Gen14_Deck1,0,1,37.36029100418091,2162727,Gen14_Match21_1752216992.txt,,2025-07-11T07:02:11.237213
14,Gen14_Match22_1752216992,Gen14_Deck9,Gen14_Deck1,Gen14_Deck1,0,1,33.824881076812744,2162728,Gen14_Match22_1752216992.txt,,2025-07-11T07:02:25.417441
14,Gen14_Match23_1752216992,Gen14_Deck1,Gen14_Deck10,Gen14_Deck1,1,0,28.422783851623535,2162727,Gen14_Match23_1752216992.txt,,2025-07-11T07:02:39.660534
14,Gen14_Match18_1752216992,Gen14_Deck5,Gen14_Deck1,Gen14_Deck5,1,0,123.3072760105133,2162726,Gen14_Match18_1752216992.txt,,2025-07-11T07:02:47.174988
14,Gen14_Match25_1752216992,Gen14_Deck12,Gen14_Deck1,Gen14_Deck12,1,0,35.79550075531006,2162727,Gen14_Match25_1752216992.txt,,2025-07-11T07:03:15.456569
14,Gen14_Match24_1752216992,Gen14_Deck1,Gen14_Deck11,Gen14_Deck1,1,0,57.5424063205719,2162728,Gen14_Match24_1752216992.txt,,2025-07-11T07:03:22.960661
14,Gen14_Match27_1752216992,Gen14_Deck1,Gen14_Deck14,Gen14_Deck1,1,0,20.351303577423096,2162727,Gen14_Match27_1752216992.txt,,2025-07-11T07:03:35.808347
14,Gen14_Match28_1752216992,Gen14_Deck3,Gen14_Deck2,Gen14_Deck2,0,1,30.212767839431763,2162728,Gen14_Match28_1752216992.txt,,2025-07-11T07:03:53.174039
14,Gen14_Match29_1752216992,Gen14_Deck4,Gen14_Deck2,Gen14_Deck2,0,1,21.8557345867157,2162727,Gen14_Match29_1752216992.txt,,2025-07-11T07:03:57.664577
14,Gen14_Match26_1752216992,Gen14_Deck13,Gen14_Deck1,Gen14_Deck13,1,0,113.64519166946411,2162726,Gen14_Match26_1752216992.txt,,2025-07-11T07:04:40.820821
14,Gen14_Match30_1752216992,Gen14_Deck2,Gen14_Deck5,Gen14_Deck5,0,1,63.11408042907715,2162728,Gen14_Match30_1752216992.txt,,2025-07-11T07:04:56.288695
14,Gen14_Match32_1752216992,Gen14_Deck7,Gen14_Deck2,Gen14_Deck2,0,1,19.38301372528076,2162726,Gen14_Match32_1752216992.txt,,2025-07-11T07:05:00.204329
14,Gen14_Match31_1752216992,Gen14_Deck6,Gen14_Deck2,Gen14_Deck6,1,0,87.33799695968628,2162727,Gen14_Match31_1752216992.txt,,2025-07-11T07:05:25.003208
14,Gen14_Match34_1752216992,Gen14_Deck2,Gen14_Deck9,Gen14_Deck9,0,1,38.217180013656616,2162726,Gen14_Match34_1752216992.txt,,2025-07-11T07:05:38.422097
14,Gen14_Match35_1752216992,Gen14_Deck10,Gen14_Deck2,Gen14_Deck10,1,0,35.82358765602112,2162727,Gen14_Match35_1752216992.txt,,2025-07-11T07:06:00.827371
14,Gen14_Match37_1752216992,Gen14_Deck2,Gen14_Deck12,Gen14_Deck12,0,1,23.42160439491272,2162727,Gen14_Match37_1752216992.txt,,2025-07-11T07:06:24.249509
14,Gen14_Match38_1752216992,Gen14_Deck13,Gen14_Deck2,Gen14_Deck13,1,0,21.008443355560303,2162727,Gen14_Match38_1752216992.txt,,2025-07-11T07:06:45.258450
14,Gen14_Match36_1752216992,Gen14_Deck11,Gen14_Deck2,Gen14_Deck11,1,0,71.97005915641785,2162726,Gen14_Match36_1752216992.txt,,2025-07-11T07:06:50.392775
14,Gen14_Match33_1752216992,Gen14_Deck2,Gen14_Deck8,Gen14_Deck2,1,0,132.56174278259277,2162728,Gen14_Match33_1752216992.txt,,2025-07-11T07:07:08.851031
14,Gen14_Match39_1752216992,Gen14_Deck14,Gen14_Deck2,Gen14_Deck14,1,0,28.553065538406372,2162727,Gen14_Match39_1752216992.txt,,2025-07-11T07:07:13.812139
14,Gen14_Match40_1752216992,Gen14_Deck3,Gen14_Deck4,Gen14_Deck3,1,0,34.50743532180786,2162726,Gen14_Match40_1752216992.txt,,2025-07-11T07:07:24.900742
14,Gen14_Match41_1752216992,Gen14_Deck5,Gen14_Deck3,Gen14_Deck5,1,0,35.670690059661865,2162728,Gen14_Match41_1752216992.txt,,2025-07-11T07:07:44.522227
14,Gen14_Match42_1752216992,Gen14_Deck3,Gen14_Deck6,Gen14_Deck6,0,1,35.11934518814087,2162727,Gen14_Match42_1752216992.txt,,2025-07-11T07:07:48.931978
14,Gen14_Match45_1752216992,Gen14_Deck9,Gen14_Deck3,Gen14_Deck9,1,0,50.869731187820435,2162727,Gen14_Match45_1752216992.txt,,2025-07-11T07:08:39.802310
14,Gen14_Match44_1752216992,Gen14_Deck8,Gen14_Deck3,Gen14_Deck3,0,1,70.71387529373169,2162728,Gen14_Match44_1752216992.txt,,2025-07-11T07:08:55.236691
14,Gen14_Match46_1752216992,Gen14_Deck3,Gen14_Deck10,Gen14_Deck3,1,0,34.89195370674133,2162727,Gen14_Match46_1752216992.txt,,2025-07-11T07:09:14.694775
14,Gen14_Match47_1752216992,Gen14_Deck3,Gen14_Deck11,Gen14_Deck3,1,0,29.440592765808105,2162728,Gen14_Match47_1752216992.txt,,2025-07-11T07:09:24.677736
14,Gen14_Match43_1752216992,Gen14_Deck3,Gen14_Deck7,Gen14_Deck3,1,0,133.25207781791687,2162726,Gen14_Match43_1752216992.txt,,2025-07-11T07:09:38.153479
14,Gen14_Match49_1752216992,Gen14_Deck3,Gen14_Deck13,Gen14_Deck13,0,1,19.676377296447754,2162728,Gen14_Match49_1752216992.txt,,2025-07-11T07:09:44.354544
14,Gen14_Match50_1752216992,Gen14_Deck3,Gen14_Deck14,Gen14_Deck14,0,1,28.106598138809204,2162726,Gen14_Match50_1752216992.txt,,2025-07-11T07:10:06.260688
14,Gen14_Match51_1752216992,Gen14_Deck4,Gen14_Deck5,Gen14_Deck4,1,0,40.10768532752991,2162728,Gen14_Match51_1752216992.txt,,2025-07-11T07:10:24.462721
14,Gen14_Match52_1752216992,Gen14_Deck6,Gen14_Deck4,Gen14_Deck6,1,0,18.297810554504395,2162726,Gen14_Match52_1752216992.txt,,2025-07-11T07:10:24.558994
14,Gen14_Match53_1752216992,Gen14_Deck7,Gen14_Deck4,Gen14_Deck4,0,1,31.129306077957153,2162728,Gen14_Match53_1752216992.txt,,2025-07-11T07:10:55.592580
14,Gen14_Match48_1752216992,Gen14_Deck12,Gen14_Deck3,Gen14_Deck12,1,0,117.34762525558472,2162727,Gen14_Match48_1752216992.txt,,2025-07-11T07:11:12.043087
14,Gen14_Match55_1752216992,Gen14_Deck4,Gen14_Deck9,Gen14_Deck4,1,0,59.924219608306885,2162728,Gen14_Match55_1752216992.txt,,2025-07-11T07:11:55.517678
14,Gen14_Match56_1752216992,Gen14_Deck10,Gen14_Deck4,Gen14_Deck10,1,0,60.9049289226532,2162727,Gen14_Match56_1752216992.txt,,2025-07-11T07:12:12.948659
14,Gen14_Match54_1752216992,Gen14_Deck4,Gen14_Deck8,Gen14_Deck4,1,0,132.1154978275299,2162726,Gen14_Match54_1752216992.txt,,2025-07-11T07:12:36.675186
14,Gen14_Match58_1752216992,Gen14_Deck4,Gen14_Deck12,Gen14_Deck12,0,1,24.31127953529358,2162727,Gen14_Match58_1752216992.txt,,2025-07-11T07:12:37.260448
14,Gen14_Match57_1752216992,Gen14_Deck4,Gen14_Deck11,Gen14_Deck4,1,0,54.854220390319824,2162728,Gen14_Match57_1752216992.txt,,2025-07-11T07:12:50.372587
14,Gen14_Match60_1752216992,Gen14_Deck14,Gen14_Deck4,Gen14_Deck4,0,1,35.6154465675354,2162727,Gen14_Match60_1752216992.txt,,2025-07-11T07:13:12.876459
14,Gen14_Match61_1752216992,Gen14_Deck5,Gen14_Deck6,Gen14_Deck5,1,0,27.62338089942932,2162728,Gen14_Match61_1752216992.txt,,2025-07-11T07:13:17.996412
14,Gen14_Match62_1752216992,Gen14_Deck7,Gen14_Deck5,Gen14_Deck5,0,1,21.679561614990234,2162727,Gen14_Match62_1752216992.txt,,2025-07-11T07:13:34.556488
14,Gen14_Match63_1752216992,Gen14_Deck5,Gen14_Deck8,Gen14_Deck5,1,0,29.631185293197632,2162728,Gen14_Match63_1752216992.txt,,2025-07-11T07:13:47.628040
14,Gen14_Match65_1752216992,Gen14_Deck5,Gen14_Deck10,Gen14_Deck10,0,1,37.72940635681152,2162728,Gen14_Match65_1752216992.txt,,2025-07-11T07:14:25.357966
14,Gen14_Match59_1752216992,Gen14_Deck13,Gen14_Deck4,Gen14_Deck13,1,0,132.98656463623047,2162726,Gen14_Match59_1752216992.txt,,2025-07-11T07:14:49.662348
14,Gen14_Match64_1752216992,Gen14_Deck9,Gen14_Deck5,Gen14_Deck9,1,0,98.2314522266388,2162727,Gen14_Match64_1752216992.txt,,2025-07-11T07:15:12.788630
14,Gen14_Match66_1752216992,Gen14_Deck11,Gen14_Deck5,Gen14_Deck5,0,1,49.78848123550415,2162728,Gen14_Match66_1752216992.txt,,2025-07-11T07:15:15.147080
14,Gen14_Match67_1752216992,Gen14_Deck5,Gen14_Deck12,Gen14_Deck12,0,1,27.878418922424316,2162726,Gen14_Match67_1752216992.txt,,2025-07-11T07:15:17.541301
14,Gen14_Match68_1752216992,Gen14_Deck13,Gen14_Deck5,Gen14_Deck5,0,1,42.90755891799927,2162727,Gen14_Match68_1752216992.txt,,2025-07-11T07:15:55.696711
14,Gen14_Match70_1752216992,Gen14_Deck6,Gen14_Deck7,Gen14_Deck6,1,0,40.03754544258118,2162726,Gen14_Match70_1752216992.txt,,2025-07-11T07:15:57.579295
14,Gen14_Match71_1752216992,Gen14_Deck8,Gen14_Deck6,Gen14_Deck6,0,1,28.804920196533203,2162727,Gen14_Match71_1752216992.txt,,2025-07-11T07:16:24.502222
14,Gen14_Match72_1752216992,Gen14_Deck9,Gen14_Deck6,Gen14_Deck9,1,0,26.99699878692627,2162726,Gen14_Match72_1752216992.txt,,2025-07-11T07:16:24.576752
14,Gen14_Match69_1752216992,Gen14_Deck5,Gen14_Deck14,Gen14_Deck5,1,0,90.30392169952393,2162728,Gen14_Match69_1752216992.txt,,2025-07-11T07:16:45.451896
14,Gen14_Match74_1752216992,Gen14_Deck6,Gen14_Deck11,Gen14_Deck6,1,0,34.7774760723114,2162726,Gen14_Match74_1752216992.txt,,2025-07-11T07:16:59.354780
14,Gen14_Match76_1752216992,Gen14_Deck13,Gen14_Deck6,Gen14_Deck6,0,1,26.870362758636475,2162726,Gen14_Match76_1752216992.txt,,2025-07-11T07:17:26.225783
14,Gen14_Match73_1752216992,Gen14_Deck6,Gen14_Deck10,Gen14_Deck6,1,0,92.52391910552979,2162727,Gen14_Match73_1752216992.txt,,2025-07-11T07:17:57.026795
14,Gen14_Match75_1752216992,Gen14_Deck12,Gen14_Deck6,Gen14_Deck6,0,1,76.6602430343628,2162728,Gen14_Match75_1752216992.txt,,2025-07-11T07:18:02.112702
14,Gen14_Match77_1752216992,Gen14_Deck6,Gen14_Deck14,Gen14_Deck14,0,1,56.49140501022339,2162726,Gen14_Match77_1752216992.txt,,2025-07-11T07:18:22.717850
14,Gen14_Match79_1752216992,Gen14_Deck7,Gen14_Deck9,Gen14_Deck9,0,1,22.435240268707275,2162728,Gen14_Match79_1752216992.txt,,2025-07-11T07:18:24.548449
14,Gen14_Match78_1752216992,Gen14_Deck7,Gen14_Deck8,Gen14_Deck8,0,1,44.22536778450012,2162727,Gen14_Match78_1752216992.txt,,2025-07-11T07:18:41.252700
14,Gen14_Match80_1752216992,Gen14_Deck10,Gen14_Deck7,Gen14_Deck10,1,0,25.673972368240356,2162726,Gen14_Match80_1752216992.txt,,2025-07-11T07:18:48.392301
14,Gen14_Match81_1752216992,Gen14_Deck11,Gen14_Deck7,Gen14_Deck7,0,1,30.127951622009277,2162728,Gen14_Match81_1752216992.txt,,2025-07-11T07:18:54.676929
14,Gen14_Match83_1752216992,Gen14_Deck13,Gen14_Deck7,Gen14_Deck13,1,0,40.49548864364624,2162726,Gen14_Match83_1752216992.txt,,2025-07-11T07:19:28.888311
14,Gen14_Match82_1752216992,Gen14_Deck7,Gen14_Deck12,Gen14_Deck7,1,0,62.24324154853821,2162727,Gen14_Match82_1752216992.txt,,2025-07-11T07:19:43.496818
14,Gen14_Match85_1752216992,Gen14_Deck9,Gen14_Deck8,Gen14_Deck8,0,1,29.15239977836609,2162726,Gen14_Match85_1752216992.txt,,2025-07-11T07:19:58.041210
14,Gen14_Match87_1752216992,Gen14_Deck8,Gen14_Deck11,Gen14_Deck8,1,0,17.153645515441895,2162726,Gen14_Match87_1752216992.txt,,2025-07-11T07:20:15.195282
14,Gen14_Match84_1752216992,Gen14_Deck14,Gen14_Deck7,Gen14_Deck7,0,1,86.17585611343384,2162728,Gen14_Match84_1752216992.txt,,2025-07-11T07:20:20.853577
14,Gen14_Match89_1752216992,Gen14_Deck8,Gen14_Deck13,Gen14_Deck8,1,0,22.127106428146362,2162728,Gen14_Match89_1752216992.txt,,2025-07-11T07:20:42.981138
14,Gen14_Match90_1752216992,Gen14_Deck8,Gen14_Deck14,Gen14_Deck14,0,1,27.2729332447052,2162728,Gen14_Match90_1752216992.txt,,2025-07-11T07:21:10.254556
14,Gen14_Match86_1752216992,Gen14_Deck8,Gen14_Deck10,Gen14_Deck10,0,1,89.2357964515686,2162727,Gen14_Match86_1752216992.txt,,2025-07-11T07:21:12.733346
14,Gen14_Match88_1752216992,Gen14_Deck12,Gen14_Deck8,Gen14_Deck8,0,1,67.92877459526062,2162726,Gen14_Match88_1752216992.txt,,2025-07-11T07:21:23.124579
14,Gen14_Match92_1752216992,Gen14_Deck9,Gen14_Deck11,Gen14_Deck9,1,0,24.588201999664307,2162727,Gen14_Match92_1752216992.txt,,2025-07-11T07:21:37.321984
14,Gen14_Match91_1752216992,Gen14_Deck10,Gen14_Deck9,Gen14_Deck10,1,0,37.20919990539551,2162728,Gen14_Match91_1752216992.txt,,2025-07-11T07:21:47.464218
14,Gen14_Match93_1752216992,Gen14_Deck9,Gen14_Deck12,Gen14_Deck12,0,1,24.592673301696777,2162726,Gen14_Match93_1752216992.txt,,2025-07-11T07:21:47.717733
14,Gen14_Match94_1752216992,Gen14_Deck13,Gen14_Deck9,Gen14_Deck9,0,1,26.829787254333496,2162727,Gen14_Match94_1752216992.txt,,2025-07-11T07:22:04.152176
14,Gen14_Match97_1752216992,Gen14_Deck10,Gen14_Deck12,Gen14_Deck10,1,0,24.189265966415405,2162727,Gen14_Match97_1752216992.txt,,2025-07-11T07:22:28.341884
14,Gen14_Match96_1752216992,Gen14_Deck10,Gen14_Deck11,Gen14_Deck10,1,0,45.98459029197693,2162726,Gen14_Match96_1752216992.txt,,2025-07-11T07:22:33.702868
14,Gen14_Match99_1752216992,Gen14_Deck10,Gen14_Deck14,Gen14_Deck10,1,0,28.08932590484619,2162726,Gen14_Match99_1752216992.txt,,2025-07-11T07:23:01.792657
14,Gen14_Match98_1752216992,Gen14_Deck13,Gen14_Deck10,Gen14_Deck10,0,1,41.57825064659119,2162727,Gen14_Match98_1752216992.txt,,2025-07-11T07:23:09.920651
14,Gen14_Match100_1752216992,Gen14_Deck11,Gen14_Deck12,Gen14_Deck11,1,0,38.68858218193054,2162726,Gen14_Match100_1752216992.txt,,2025-07-11T07:23:40.481792
14,Gen14_Match101_1752216992,Gen14_Deck13,Gen14_Deck11,Gen14_Deck13,1,0,31.491930961608887,2162727,Gen14_Match101_1752216992.txt,,2025-07-11T07:23:41.413076
14,Gen14_Match95_1752216992,Gen14_Deck14,Gen14_Deck9,Gen14_Deck14,1,0,133.9230465888977,2162728,Gen14_Match95_1752216992.txt,,2025-07-11T07:24:01.387971
14,Gen14_Match103_1752216992,Gen14_Deck13,Gen14_Deck12,Gen14_Deck13,1,0,27.428074598312378,2162727,Gen14_Match103_1752216992.txt,,2025-07-11T07:24:08.841640
14,Gen14_Match102_1752216992,Gen14_Deck14,Gen14_Deck11,Gen14_Deck11,0,1,36.89367461204529,2162726,Gen14_Match102_1752216992.txt,,2025-07-11T07:24:17.376049
14,Gen14_Match104_1752216992,Gen14_Deck14,Gen14_Deck12,Gen14_Deck12,0,1,29.577415466308594,2162728,Gen14_Match104_1752216992.txt,,2025-07-11T07:24:30.965891
14,Gen14_Match105_1752216992,Gen14_Deck13,Gen14_Deck14,Gen14_Deck14,0,1,39.40737247467041,2162727,Gen14_Match105_1752216992.txt,,2025-07-11T07:24:48.249558
15,Gen15_Match2_1752218688,Gen15_Deck2,Gen15_Deck0,Gen15_Deck2,1,0,28.229450702667236,2214767,Gen15_Match2_1752218688.txt,,2025-07-11T07:25:16.516043
15,Gen15_Match1_1752218688,Gen15_Deck1,Gen15_Deck0,Gen15_Deck0,0,1,39.01450276374817,2214766,Gen15_Match1_1752218688.txt,,2025-07-11T07:25:27.300818
15,Gen15_Match3_1752218688,Gen15_Deck0,Gen15_Deck3,Gen15_Deck0,1,0,43.54359841346741,2214768,Gen15_Match3_1752218688.txt,,2025-07-11T07:25:31.833090
15,Gen15_Match4_1752218688,Gen15_Deck4,Gen15_Deck0,Gen15_Deck4,1,0,24.6357638835907,2214767,Gen15_Match4_1752218688.txt,,2025-07-11T07:25:41.152576
15,Gen15_Match6_1752218688,Gen15_Deck0,Gen15_Deck6,Gen15_Deck6,0,1,26.161665201187134,2214768,Gen15_Match6_1752218688.txt,,2025-07-11T07:25:57.995393
15,Gen15_Match8_1752218688,Gen15_Deck8,Gen15_Deck0,Gen15_Deck0,0,1,23.27644371986389,2214768,Gen15_Match8_1752218688.txt,,2025-07-11T07:26:21.272303
15,Gen15_Match5_1752218688,Gen15_Deck5,Gen15_Deck0,Gen15_Deck5,1,0,60.335835456848145,2214766,Gen15_Match5_1752218688.txt,,2025-07-11T07:26:27.637524
15,Gen15_Match9_1752218688,Gen15_Deck9,Gen15_Deck0,Gen15_Deck9,1,0,33.38375663757324,2214768,Gen15_Match9_1752218688.txt,,2025-07-11T07:26:54.656668
15,Gen15_Match10_1752218688,Gen15_Deck0,Gen15_Deck10,Gen15_Deck0,1,0,41.86275672912598,2214766,Gen15_Match10_1752218688.txt,,2025-07-11T07:27:09.500899
15,Gen15_Match12_1752218688,Gen15_Deck12,Gen15_Deck0,Gen15_Deck0,0,1,18.333312034606934,2214766,Gen15_Match12_1752218688.txt,,2025-07-11T07:27:27.834638
15,Gen15_Match11_1752218688,Gen15_Deck11,Gen15_Deck0,Gen15_Deck11,1,0,42.64114022254944,2214768,Gen15_Match11_1752218688.txt,,2025-07-11T07:27:37.298266
15,Gen15_Match7_1752218688,Gen15_Deck0,Gen15_Deck7,Gen15_Deck0,1,0,132.38567876815796,2214767,Gen15_Match7_1752218688.txt,,2025-07-11T07:27:53.539062
15,Gen15_Match13_1752218688,Gen15_Deck0,Gen15_Deck13,Gen15_Deck0,1,0,29.21811008453369,2214766,Gen15_Match13_1752218688.txt,,2025-07-11T07:27:57.053250
15,Gen15_Match14_1752218688,Gen15_Deck0,Gen15_Deck14,Gen15_Deck0,1,0,36.075032472610474,2214768,Gen15_Match14_1752218688.txt,,2025-07-11T07:28:13.373881
15,Gen15_Match16_1752218688,Gen15_Deck1,Gen15_Deck3,Gen15_Deck3,0,1,24.063761711120605,2214766,Gen15_Match16_1752218688.txt,,2025-07-11T07:28:21.117543
15,Gen15_Match15_1752218688,Gen15_Deck1,Gen15_Deck2,Gen15_Deck2,0,1,34.46886491775513,2214767,Gen15_Match15_1752218688.txt,,2025-07-11T07:28:28.008488
15,Gen15_Match18_1752218688,Gen15_Deck1,Gen15_Deck5,Gen15_Deck1,1,0,29.580286502838135,2214766,Gen15_Match18_1752218688.txt,,2025-07-11T07:28:50.698410
15,Gen15_Match19_1752218688,Gen15_Deck1,Gen15_Deck6,Gen15_Deck6,0,1,24.4073486328125,2214767,Gen15_Match19_1752218688.txt,,2025-07-11T07:28:52.416479
15,Gen15_Match17_1752218688,Gen15_Deck4,Gen15_Deck1,Gen15_Deck1,0,1,59.194923639297485,2214768,Gen15_Match17_1752218688.txt,,2025-07-11T07:29:12.569386
15,Gen15_Match22_1752218688,Gen15_Deck1,Gen15_Deck9,Gen15_Deck9,0,1,19.208144903182983,2214768,Gen15_Match22_1752218688.txt,,2025-07-11T07:29:31.777983
15,Gen15_Match20_1752218688,Gen15_Deck1,Gen15_Deck7,Gen15_Deck7,0,1,41.281538248062134,2214766,Gen15_Match20_1752218688.txt,,2025-07-11T07:29:31.980497
15,Gen15_Match21_1752218688,Gen15_Deck8,Gen15_Deck1,Gen15_Deck8,1,0,51.68025779724121,2214767,Gen15_Match21_1752218688.txt,,2025-07-11T07:29:44.097540
15,Gen15_Match23_1752218688,Gen15_Deck10,Gen15_Deck1,Gen15_Deck1,0,1,25.62519931793213,2214768,Gen15_Match23_1752218688.txt,,2025-07-11T07:29:57.403710
15,Gen15_Match25_1752218688,Gen15_Deck12,Gen15_Deck1,Gen15_Deck12,1,0,30.866557598114014,2214767,Gen15_Match25_1752218688.txt,,2025-07-11T07:30:14.964601
15,Gen15_Match27_1752218688,Gen15_Deck14,Gen15_Deck1,Gen15_Deck1,0,1,23.772843837738037,2214767,Gen15_Match27_1752218688.txt,,2025-07-11T07:30:38.737982
15,Gen15_Match24_1752218688,Gen15_Deck1,Gen15_Deck11,Gen15_Deck1,1,0,66.8693323135376,2214766,Gen15_Match24_1752218688.txt,,2025-07-11T07:30:38.850509
15,Gen15_Match26_1752218688,Gen15_Deck1,Gen15_Deck13,Gen15_Deck1,1,0,54.269524574279785,2214768,Gen15_Match26_1752218688.txt,,2025-07-11T07:30:51.673821
15,Gen15_Match29_1752218688,Gen15_Deck2,Gen15_Deck4,Gen15_Deck4,0,1,26.26139497756958,2214766,Gen15_Match29_1752218688.txt,,2025-07-11T07:31:05.112419
15,Gen15_Match28_1752218688,Gen15_Deck2,Gen15_Deck3,Gen15_Deck2,1,0,29.198254585266113,2214767,Gen15_Match28_1752218688.txt,,2025-07-11T07:31:07.936766
15,Gen15_Match30_1752218688,Gen15_Deck5,Gen15_Deck2,Gen15_Deck2,0,1,31.66150450706482,2214768,Gen15_Match30_1752218688.txt,,2025-07-11T07:31:23.335821
15,Gen15_Match33_1752218688,Gen15_Deck8,Gen15_Deck2,Gen15_Deck2,0,1,33.06660604476929,2214768,Gen15_Match33_1752218688.txt,,2025-07-11T07:31:56.403034
15,Gen15_Match32_1752218688,Gen15_Deck2,Gen15_Deck7,Gen15_Deck7,0,1,54.707178592681885,2214767,Gen15_Match32_1752218688.txt,,2025-07-11T07:32:02.644548
15,Gen15_Match34_1752218688,Gen15_Deck9,Gen15_Deck2,Gen15_Deck2,0,1,38.70908761024475,2214768,Gen15_Match34_1752218688.txt,,2025-07-11T07:32:35.112680
15,Gen15_Match35_1752218688,Gen15_Deck2,Gen15_Deck10,Gen15_Deck10,0,1,52.08826446533203,2214767,Gen15_Match35_1752218688.txt,,2025-07-11T07:32:54.733399
15,Gen15_Match36_1752218688,Gen15_Deck2,Gen15_Deck11,Gen15_Deck2,1,0,20.530433177947998,2214768,Gen15_Match36_1752218688.txt,,2025-07-11T07:32:55.643656
15,Gen15_Match37_1752218688,Gen15_Deck12,Gen15_Deck2,Gen15_Deck2,0,1,20.658705472946167,2214767,Gen15_Match37_1752218688.txt,,2025-07-11T07:33:15.392589
15,Gen15_Match31_1752218688,Gen15_Deck2,Gen15_Deck6,Gen15_Deck2,1,0,134.6837215423584,2214766,Gen15_Match31_1752218688.txt,,2025-07-11T07:33:19.796929
15,Gen15_Match38_1752218688,Gen15_Deck2,Gen15_Deck13,Gen15_Deck2,1,0,29.300354957580566,2214768,Gen15_Match38_1752218688.txt,,2025-07-11T07:33:24.944500
15,Gen15_Match39_1752218688,Gen15_Deck2,Gen15_Deck14,Gen15_Deck2,1,0,24.989556074142456,2214767,Gen15_Match39_1752218688.txt,,2025-07-11T07:33:40.382631
15,Gen15_Match41_1752218688,Gen15_Deck5,Gen15_Deck3,Gen15_Deck5,1,0,23.97245502471924,2214768,Gen15_Match41_1752218688.txt,,2025-07-11T07:33:48.917404
15,Gen15_Match40_1752218688,Gen15_Deck3,Gen15_Deck4,Gen15_Deck4,0,1,69.50423979759216,2214766,Gen15_Match40_1752218688.txt,,2025-07-11T07:34:29.302295
15,Gen15_Match42_1752218688,Gen15_Deck3,Gen15_Deck6,Gen15_Deck6,0,1,58.70482635498047,2214767,Gen15_Match42_1752218688.txt,,2025-07-11T07:34:39.088072
15,Gen15_Match43_1752218688,Gen15_Deck3,Gen15_Deck7,Gen15_Deck7,0,1,54.83856964111328,2214768,Gen15_Match43_1752218688.txt,,2025-07-11T07:34:43.756547
15,Gen15_Match46_1752218688,Gen15_Deck3,Gen15_Deck10,Gen15_Deck10,0,1,22.97350835800171,2214768,Gen15_Match46_1752218688.txt,,2025-07-11T07:35:06.730511
15,Gen15_Match47_1752218688,Gen15_Deck3,Gen15_Deck11,Gen15_Deck11,0,1,18.27872085571289,2214768,Gen15_Match47_1752218688.txt,,2025-07-11T07:35:25.009651
15,Gen15_Match48_1752218688,Gen15_Deck12,Gen15_Deck3,Gen15_Deck3,0,1,54.713545083999634,2214768,Gen15_Match48_1752218688.txt,,2025-07-11T07:36:19.724178
15,Gen15_Match44_1752218688,Gen15_Deck8,Gen15_Deck3,Gen15_Deck8,1,0,129.8292257785797,2214766,Gen15_Match44_1752218688.txt,,2025-07-11T07:36:39.132167
15,Gen15_Match45_1752218688,Gen15_Deck9,Gen15_Deck3,Gen15_Deck9,1,0,132.59616351127625,2214767,Gen15_Match45_1752218688.txt,,2025-07-11T07:36:51.684854
15,Gen15_Match50_1752218688,Gen15_Deck3,Gen15_Deck14,Gen15_Deck14,0,1,23.72147822380066,2214766,Gen15_Match50_1752218688.txt,,2025-07-11T07:37:02.854125
15,Gen15_Match51_1752218688,Gen15_Deck5,Gen15_Deck4,Gen15_Deck4,0,1,26.55127716064453,2214767,Gen15_Match51_1752218688.txt,,2025-07-11T07:37:18.236631
15,Gen15_Match52_1752218688,Gen15_Deck6,Gen15_Deck4,Gen15_Deck6,1,0,32.993940114974976,2214766,Gen15_Match52_1752218688.txt,,2025-07-11T07:37:35.848542
15,Gen15_Match54_1752218688,Gen15_Deck8,Gen15_Deck4,Gen15_Deck8,1,0,23.151232481002808,2214766,Gen15_Match54_1752218688.txt,,2025-07-11T07:37:59.000391
15,Gen15_Match55_1752218688,Gen15_Deck9,Gen15_Deck4,Gen15_Deck9,1,0,26.88905167579651,2214766,Gen15_Match55_1752218688.txt,,2025-07-11T07:38:25.890344
15,Gen15_Match49_1752218688,Gen15_Deck3,Gen15_Deck13,Gen15_Deck3,1,0,129.48583436012268,2214768,Gen15_Match49_1752218688.txt,,2025-07-11T07:38:29.210699
15,Gen15_Match56_1752218688,Gen15_Deck10,Gen15_Deck4,Gen15_Deck10,1,0,30.769468069076538,2214766,Gen15_Match56_1752218688.txt,,2025-07-11T07:38:56.660487
15,Gen15_Match53_1752218688,Gen15_Deck4,Gen15_Deck7,Gen15_Deck4,1,0,131.99550247192383,2214767,Gen15_Match53_1752218688.txt,,2025-07-11T07:39:30.232731
15,Gen15_Match57_1752218688,Gen15_Deck4,Gen15_Deck11,Gen15_Deck4,1,0,73.7900652885437,2214768,Gen15_Match57_1752218688.txt,,2025-07-11T07:39:43.001503
15,Gen15_Match59_1752218688,Gen15_Deck4,Gen15_Deck13,Gen15_Deck13,0,1,25.171499729156494,2214767,Gen15_Match59_1752218688.txt,,2025-07-11T07:39:55.404765
15,Gen15_Match60_1752218688,Gen15_Deck4,Gen15_Deck14,Gen15_Deck4,1,0,18.954935312271118,2214768,Gen15_Match60_1752218688.txt,,2025-07-11T07:40:01.956928
15,Gen15_Match62_1752218688,Gen15_Deck5,Gen15_Deck7,Gen15_Deck5,1,0,37.10714316368103,2214768,Gen15_Match62_1752218688.txt,,2025-07-11T07:40:39.064597
15,Gen15_Match63_1752218688,Gen15_Deck8,Gen15_Deck5,Gen15_Deck5,0,1,20.24359703063965,2214768,Gen15_Match63_1752218688.txt,,2025-07-11T07:40:59.308734
15,Gen15_Match58_1752218688,Gen15_Deck12,Gen15_Deck4,Gen15_Deck12,1,0,130.80485916137695,2214766,Gen15_Match58_1752218688.txt,,2025-07-11T07:41:07.465950
15,Gen15_Match64_1752218688,Gen15_Deck9,Gen15_Deck5,Gen15_Deck9,1,0,21.54319453239441,2214768,Gen15_Match64_1752218688.txt,,2025-07-11T07:41:20.852396
15,Gen15_Match65_1752218688,Gen15_Deck5,Gen15_Deck10,Gen15_Deck10,0,1,24.48921227455139,2214766,Gen15_Match65_1752218688.txt,,2025-07-11T07:41:31.955697
15,Gen15_Match66_1752218688,Gen15_Deck5,Gen15_Deck11,Gen15_Deck11,0,1,45.687191009521484,2214768,Gen15_Match66_1752218688.txt,,2025-07-11T07:42:06.540247
15,Gen15_Match61_1752218688,Gen15_Deck6,Gen15_Deck5,Gen15_Deck6,1,0,132.2113983631134,2214767,Gen15_Match61_1752218688.txt,,2025-07-11T07:42:07.616773
15,Gen15_Match68_1752218688,Gen15_Deck13,Gen15_Deck5,Gen15_Deck5,0,1,22.610258102416992,2214768,Gen15_Match68_1752218688.txt,,2025-07-11T07:42:29.151008
15,Gen15_Match69_1752218688,Gen15_Deck5,Gen15_Deck14,Gen15_Deck5,1,0,28.37263774871826,2214767,Gen15_Match69_1752218688.txt,,2025-07-11T07:42:35.989932
15,Gen15_Match70_1752218688,Gen15_Deck7,Gen15_Deck6,Gen15_Deck6,0,1,26.90399956703186,2214768,Gen15_Match70_1752218688.txt,,2025-07-11T07:42:56.055500
15,Gen15_Match67_1752218688,Gen15_Deck12,Gen15_Deck5,Gen15_Deck12,1,0,88.6964910030365,2214766,Gen15_Match67_1752218688.txt,,2025-07-11T07:43:00.652807
15,Gen15_Match71_1752218688,Gen15_Deck8,Gen15_Deck6,Gen15_Deck6,0,1,63.25260949134827,2214767,Gen15_Match71_1752218688.txt,,2025-07-11T07:43:39.243165
15,Gen15_Match73_1752218688,Gen15_Deck10,Gen15_Deck6,Gen15_Deck10,1,0,44.33124923706055,2214766,Gen15_Match73_1752218688.txt,,2025-07-11T07:43:44.984610
15,Gen15_Match75_1752218688,Gen15_Deck12,Gen15_Deck6,Gen15_Deck6,0,1,20.611214637756348,2214766,Gen15_Match75_1752218688.txt,,2025-07-11T07:44:05.597123
15,Gen15_Match74_1752218688,Gen15_Deck11,Gen15_Deck6,Gen15_Deck11,1,0,31.247870922088623,2214767,Gen15_Match74_1752218688.txt,,2025-07-11T07:44:10.515831
15,Gen15_Match72_1752218688,Gen15_Deck6,Gen15_Deck9,Gen15_Deck9,0,1,95.37792134284973,2214768,Gen15_Match72_1752218688.txt,,2025-07-11T07:44:31.434020
15,Gen15_Match77_1752218688,Gen15_Deck14,Gen15_Deck6,Gen15_Deck6,0,1,32.17477536201477,2214767,Gen15_Match77_1752218688.txt,,2025-07-11T07:44:42.691189
15,Gen15_Match76_1752218688,Gen15_Deck6,Gen15_Deck13,Gen15_Deck13,0,1,43.29855990409851,2214766,Gen15_Match76_1752218688.txt,,2025-07-11T07:44:48.896253
15,Gen15_Match79_1752218688,Gen15_Deck9,Gen15_Deck7,Gen15_Deck7,0,1,24.399152517318726,2214767,Gen15_Match79_1752218688.txt,,2025-07-11T07:45:07.090795
15,Gen15_Match80_1752218688,Gen15_Deck7,Gen15_Deck10,Gen15_Deck10,0,1,23.61172580718994,2214766,Gen15_Match80_1752218688.txt,,2025-07-11T07:45:12.508446
15,Gen15_Match82_1752218688,Gen15_Deck12,Gen15_Deck7,Gen15_Deck7,0,1,19.888015508651733,2214766,Gen15_Match82_1752218688.txt,,2025-07-11T07:45:32.396925
15,Gen15_Match81_1752218688,Gen15_Deck7,Gen15_Deck11,Gen15_Deck7,1,0,30.52246117591858,2214767,Gen15_Match81_1752218688.txt,,2025-07-11T07:45:37.613873
15,Gen15_Match84_1752218688,Gen15_Deck7,Gen15_Deck14,Gen15_Deck7,1,0,34.414605140686035,2214767,Gen15_Match84_1752218688.txt,,2025-07-11T07:46:12.029022
15,Gen15_Match78_1752218688,Gen15_Deck8,Gen15_Deck7,Gen15_Deck8,1,0,132.01727271080017,2214768,Gen15_Match78_1752218688.txt,,2025-07-11T07:46:43.451983
15,Gen15_Match86_1752218688,Gen15_Deck8,Gen15_Deck10,Gen15_Deck8,1,0,30.488487482070923,2214768,Gen15_Match86_1752218688.txt,,2025-07-11T07:47:13.940996
15,Gen15_Match85_1752218688,Gen15_Deck9,Gen15_Deck8,Gen15_Deck9,1,0,75.28987956047058,2214767,Gen15_Match85_1752218688.txt,,2025-07-11T07:47:27.319474
15,Gen15_Match83_1752218688,Gen15_Deck7,Gen15_Deck13,Gen15_Deck7,1,0,131.74846863746643,2214766,Gen15_Match83_1752218688.txt,,2025-07-11T07:47:44.146025
15,Gen15_Match88_1752218688,Gen15_Deck12,Gen15_Deck8,Gen15_Deck12,1,0,30.168550491333008,2214767,Gen15_Match88_1752218688.txt,,2025-07-11T07:47:57.488539
15,Gen15_Match90_1752218688,Gen15_Deck8,Gen15_Deck14,Gen15_Deck8,1,0,21.167248487472534,2214767,Gen15_Match90_1752218688.txt,,2025-07-11T07:48:18.656259
15,Gen15_Match89_1752218688,Gen15_Deck8,Gen15_Deck13,Gen15_Deck8,1,0,43.50486445426941,2214766,Gen15_Match89_1752218688.txt,,2025-07-11T07:48:27.651493
15,Gen15_Match92_1752218688,Gen15_Deck9,Gen15_Deck11,Gen15_Deck9,1,0,28.828677892684937,2214766,Gen15_Match92_1752218688.txt,,2025-07-11T07:48:56.480882
15,Gen15_Match87_1752218688,Gen15_Deck11,Gen15_Deck8,Gen15_Deck11,1,0,112.2072491645813,2214768,Gen15_Match87_1752218688.txt,,2025-07-11T07:49:06.148889
15,Gen15_Match93_1752218688,Gen15_Deck12,Gen15_Deck9,Gen15_Deck9,0,1,35.87731695175171,2214766,Gen15_Match93_1752218688.txt,,2025-07-11T07:49:32.358885
15,Gen15_Match91_1752218688,Gen15_Deck9,Gen15_Deck10,Gen15_Deck9,1,0,100.84345126152039,2214767,Gen15_Match91_1752218688.txt,,2025-07-11T07:49:59.500369
15,Gen15_Match95_1752218688,Gen15_Deck9,Gen15_Deck14,Gen15_Deck14,0,1,28.524121284484863,2214766,Gen15_Match95_1752218688.txt,,2025-07-11T07:50:00.883532
15,Gen15_Match96_1752218688,Gen15_Deck10,Gen15_Deck11,Gen15_Deck11,0,1,22.538846254348755,2214767,Gen15_Match96_1752218688.txt,,2025-07-11T07:50:22.039705
15,Gen15_Match98_1752218688,Gen15_Deck13,Gen15_Deck10,Gen15_Deck10,0,1,34.72541856765747,2214767,Gen15_Match98_1752218688.txt,,2025-07-11T07:50:56.765695
15,Gen15_Match94_1752218688,Gen15_Deck9,Gen15_Deck13,Gen15_Deck9,1,0,131.77655267715454,2214768,Gen15_Match94_1752218688.txt,,2025-07-11T07:51:17.926446
15,Gen15_Match99_1752218688,Gen15_Deck10,Gen15_Deck14,Gen15_Deck10,1,0,31.954068660736084,2214767,Gen15_Match99_1752218688.txt,,2025-07-11T07:51:28.720374
15,Gen15_Match100_1752218688,Gen15_Deck11,Gen15_Deck12,Gen15_Deck11,1,0,53.98781704902649,2214768,Gen15_Match100_1752218688.txt,,2025-07-11T07:52:11.914964
15,Gen15_Match97_1752218688,Gen15_Deck12,Gen15_Deck10,Gen15_Deck12,1,0,132.20067429542542,2214766,Gen15_Match97_1752218688.txt,,2025-07-11T07:52:13.084838
15,Gen15_Match102_1752218688,Gen15_Deck11,Gen15_Deck14,Gen15_Deck11,1,0,24.695516109466553,2214768,Gen15_Match102_1752218688.txt,,2025-07-11T07:52:36.611063
15,Gen15_Match101_1752218688,Gen15_Deck13,Gen15_Deck11,Gen15_Deck13,1,0,81.84368228912354,2214767,Gen15_Match101_1752218688.txt,,2025-07-11T07:52:50.564629
15,Gen15_Match104_1752218688,Gen15_Deck12,Gen15_Deck14,Gen15_Deck12,1,0,23.39428162574768,2214768,Gen15_Match104_1752218688.txt,,2025-07-11T07:53:00.005871
15,Gen15_Match103_1752218688,Gen15_Deck12,Gen15_Deck13,Gen15_Deck13,0,1,48.67121934890747,2214766,Gen15_Match103_1752218688.txt,,2025-07-11T07:53:01.756910
15,Gen15_Match105_1752218688,Gen15_Deck13,Gen15_Deck14,Gen15_Deck14,0,1,24.140051126480103,2214767,Gen15_Match105_1752218688.txt,,2025-07-11T07:53:14.705321
16,Gen16_Match1_1752220394,Gen16_Deck0,Gen16_Deck1,Gen16_Deck0,1,0,26.28238034248352,2265467,Gen16_Match1_1752220394.txt,,2025-07-11T07:53:41.030749
16,Gen16_Match3_1752220394,Gen16_Deck3,Gen16_Deck0,Gen16_Deck0,0,1,27.277721643447876,2265469,Gen16_Match3_1752220394.txt,,2025-07-11T07:53:42.028308
16,Gen16_Match4_1752220394,Gen16_Deck0,Gen16_Deck4,Gen16_Deck0,1,0,25.15301251411438,2265467,Gen16_Match4_1752220394.txt,,2025-07-11T07:54:06.184676
16,Gen16_Match5_1752220394,Gen16_Deck0,Gen16_Deck5,Gen16_Deck5,0,1,50.83841276168823,2265469,Gen16_Match5_1752220394.txt,,2025-07-11T07:54:32.867673
16,Gen16_Match2_1752220394,Gen16_Deck0,Gen16_Deck2,Gen16_Deck0,1,0,78.34068846702576,2265468,Gen16_Match2_1752220394.txt,,2025-07-11T07:54:33.090943
16,Gen16_Match8_1752220394,Gen16_Deck0,Gen16_Deck8,Gen16_Deck8,0,1,48.320223808288574,2265468,Gen16_Match8_1752220394.txt,,2025-07-11T07:55:21.411917
16,Gen16_Match9_1752220394,Gen16_Deck0,Gen16_Deck9,Gen16_Deck9,0,1,36.43255305290222,2265468,Gen16_Match9_1752220394.txt,,2025-07-11T07:55:57.845073
16,Gen16_Match6_1752220394,Gen16_Deck0,Gen16_Deck6,Gen16_Deck0,1,0,131.24728441238403,2265467,Gen16_Match6_1752220394.txt,,2025-07-11T07:56:17.432912
16,Gen16_Match7_1752220394,Gen16_Deck7,Gen16_Deck0,Gen16_Deck7,1,0,132.12056589126587,2265469,Gen16_Match7_1752220394.txt,,2025-07-11T07:56:44.988993
16,Gen16_Match10_1752220394,Gen16_Deck10,Gen16_Deck0,Gen16_Deck10,1,0,65.999764919281,2265468,Gen16_Match10_1752220394.txt,,2025-07-11T07:57:03.845606
16,Gen16_Match12_1752220394,Gen16_Deck0,Gen16_Deck12,Gen16_Deck12,0,1,21.311063289642334,2265469,Gen16_Match12_1752220394.txt,,2025-07-11T07:57:06.300555
16,Gen16_Match11_1752220394,Gen16_Deck11,Gen16_Deck0,Gen16_Deck0,0,1,66.58313512802124,2265467,Gen16_Match11_1752220394.txt,,2025-07-11T07:57:24.016715
16,Gen16_Match13_1752220394,Gen16_Deck13,Gen16_Deck0,Gen16_Deck0,0,1,33.0138053894043,2265468,Gen16_Match13_1752220394.txt,,2025-07-11T07:57:36.859924
16,Gen16_Match15_1752220394,Gen16_Deck1,Gen16_Deck2,Gen16_Deck1,1,0,40.1013069152832,2265467,Gen16_Match15_1752220394.txt,,2025-07-11T07:58:04.118562
16,Gen16_Match17_1752220394,Gen16_Deck4,Gen16_Deck1,Gen16_Deck4,1,0,16.976178407669067,2265467,Gen16_Match17_1752220394.txt,,2025-07-11T07:58:21.095219
16,Gen16_Match18_1752220394,Gen16_Deck1,Gen16_Deck5,Gen16_Deck1,1,0,27.78102684020996,2265467,Gen16_Match18_1752220394.txt,,2025-07-11T07:58:48.876841
16,Gen16_Match14_1752220394,Gen16_Deck14,Gen16_Deck0,Gen16_Deck14,1,0,130.35547304153442,2265469,Gen16_Match14_1752220394.txt,,2025-07-11T07:59:16.656656
16,Gen16_Match20_1752220394,Gen16_Deck7,Gen16_Deck1,Gen16_Deck1,0,1,19.263184070587158,2265469,Gen16_Match20_1752220394.txt,,2025-07-11T07:59:35.920306
16,Gen16_Match16_1752220394,Gen16_Deck3,Gen16_Deck1,Gen16_Deck3,1,0,132.69634079933167,2265468,Gen16_Match16_1752220394.txt,,2025-07-11T07:59:49.556962
16,Gen16_Match21_1752220394,Gen16_Deck1,Gen16_Deck8,Gen16_Deck8,0,1,18.375551462173462,2265469,Gen16_Match21_1752220394.txt,,2025-07-11T07:59:54.296344
16,Gen16_Match22_1752220394,Gen16_Deck1,Gen16_Deck9,Gen16_Deck9,0,1,21.643065214157104,2265468,Gen16_Match22_1752220394.txt,,2025-07-11T08:00:11.200511
16,Gen16_Match19_1752220394,Gen16_Deck1,Gen16_Deck6,Gen16_Deck6,0,1,93.6033365726471,2265467,Gen16_Match19_1752220394.txt,,2025-07-11T08:00:22.480816
16,Gen16_Match24_1752220394,Gen16_Deck11,Gen16_Deck1,Gen16_Deck11,1,0,30.086044549942017,2265468,Gen16_Match24_1752220394.txt,,2025-07-11T08:00:41.287246
16,Gen16_Match25_1752220394,Gen16_Deck1,Gen16_Deck12,Gen16_Deck1,1,0,38.863274574279785,2265467,Gen16_Match25_1752220394.txt,,2025-07-11T08:01:01.344598
16,Gen16_Match26_1752220394,Gen16_Deck1,Gen16_Deck13,Gen16_Deck1,1,0,23.03341555595398,2265468,Gen16_Match26_1752220394.txt,,2025-07-11T08:01:04.321254
16,Gen16_Match27_1752220394,Gen16_Deck14,Gen16_Deck1,Gen16_Deck14,1,0,22.05540442466736,2265467,Gen16_Match27_1752220394.txt,,2025-07-11T08:01:23.400461
16,Gen16_Match28_1752220394,Gen16_Deck2,Gen16_Deck3,Gen16_Deck3,0,1,32.61442852020264,2265468,Gen16_Match28_1752220394.txt,,2025-07-11T08:01:36.936172
16,Gen16_Match23_1752220394,Gen16_Deck10,Gen16_Deck1,Gen16_Deck10,1,0,108.96765327453613,2265469,Gen16_Match23_1752220394.txt,,2025-07-11T08:01:43.264617
16,Gen16_Match30_1752220394,Gen16_Deck5,Gen16_Deck2,Gen16_Deck5,1,0,25.31818723678589,2265468,Gen16_Match30_1752220394.txt,,2025-07-11T08:02:02.254878
16,Gen16_Match31_1752220394,Gen16_Deck2,Gen16_Deck6,Gen16_Deck6,0,1,24.02376699447632,2265469,Gen16_Match31_1752220394.txt,,2025-07-11T08:02:07.288871
16,Gen16_Match29_1752220394,Gen16_Deck4,Gen16_Deck2,Gen16_Deck4,1,0,62.9554488658905,2265467,Gen16_Match29_1752220394.txt,,2025-07-11T08:02:26.356382
16,Gen16_Match32_1752220394,Gen16_Deck2,Gen16_Deck7,Gen16_Deck7,0,1,39.608033418655396,2265468,Gen16_Match32_1752220394.txt,,2025-07-11T08:02:41.863472
16,Gen16_Match34_1752220394,Gen16_Deck2,Gen16_Deck9,Gen16_Deck9,0,1,22.4760684967041,2265467,Gen16_Match34_1752220394.txt,,2025-07-11T08:02:48.832891
16,Gen16_Match35_1752220394,Gen16_Deck2,Gen16_Deck10,Gen16_Deck10,0,1,35.40063190460205,2265468,Gen16_Match35_1752220394.txt,,2025-07-11T08:03:17.264686
16,Gen16_Match37_1752220394,Gen16_Deck12,Gen16_Deck2,Gen16_Deck12,1,0,55.85627007484436,2265468,Gen16_Match37_1752220394.txt,,2025-07-11T08:04:13.121608
16,Gen16_Match33_1752220394,Gen16_Deck8,Gen16_Deck2,Gen16_Deck8,1,0,130.65509819984436,2265469,Gen16_Match33_1752220394.txt,,2025-07-11T08:04:17.944538
16,Gen16_Match39_1752220394,Gen16_Deck2,Gen16_Deck14,Gen16_Deck2,1,0,25.279539823532104,2265469,Gen16_Match39_1752220394.txt,,2025-07-11T08:04:43.224521
16,Gen16_Match38_1752220394,Gen16_Deck2,Gen16_Deck13,Gen16_Deck13,0,1,47.489630937576294,2265468,Gen16_Match38_1752220394.txt,,2025-07-11T08:05:00.611785
16,Gen16_Match36_1752220394,Gen16_Deck2,Gen16_Deck11,Gen16_Deck2,1,0,131.90283393859863,2265467,Gen16_Match36_1752220394.txt,,2025-07-11T08:05:00.736339
16,Gen16_Match42_1752220394,Gen16_Deck6,Gen16_Deck3,Gen16_Deck6,1,0,24.80216908454895,2265467,Gen16_Match42_1752220394.txt,,2025-07-11T08:05:25.539052
16,Gen16_Match41_1752220394,Gen16_Deck3,Gen16_Deck5,Gen16_Deck3,1,0,44.34803605079651,2265468,Gen16_Match41_1752220394.txt,,2025-07-11T08:05:44.960348
16,Gen16_Match43_1752220394,Gen16_Deck7,Gen16_Deck3,Gen16_Deck7,1,0,30.14189314842224,2265467,Gen16_Match43_1752220394.txt,,2025-07-11T08:05:55.681479
16,Gen16_Match40_1752220394,Gen16_Deck4,Gen16_Deck3,Gen16_Deck3,0,1,89.01553678512573,2265469,Gen16_Match40_1752220394.txt,,2025-07-11T08:06:12.240613
16,Gen16_Match45_1752220394,Gen16_Deck3,Gen16_Deck9,Gen16_Deck9,0,1,22.67834448814392,2265467,Gen16_Match45_1752220394.txt,,2025-07-11T08:06:18.360342
16,Gen16_Match44_1752220394,Gen16_Deck3,Gen16_Deck8,Gen16_Deck3,1,0,47.42703056335449,2265468,Gen16_Match44_1752220394.txt,,2025-07-11T08:06:32.387930
16,Gen16_Match47_1752220394,Gen16_Deck11,Gen16_Deck3,Gen16_Deck11,1,0,29.939690589904785,2265467,Gen16_Match47_1752220394.txt,,2025-07-11T08:06:48.300523
16,Gen16_Match46_1752220394,Gen16_Deck10,Gen16_Deck3,Gen16_Deck10,1,0,45.29569101333618,2265469,Gen16_Match46_1752220394.txt,,2025-07-11T08:06:57.536834
16,Gen16_Match48_1752220394,Gen16_Deck3,Gen16_Deck12,Gen16_Deck3,1,0,42.56016230583191,2265468,Gen16_Match48_1752220394.txt,,2025-07-11T08:07:14.948608
16,Gen16_Match49_1752220394,Gen16_Deck13,Gen16_Deck3,Gen16_Deck13,1,0,88.46965169906616,2265467,Gen16_Match49_1752220394.txt,,2025-07-11T08:08:16.771189
16,Gen16_Match50_1752220394,Gen16_Deck14,Gen16_Deck3,Gen16_Deck3,0,1,87.67101120948792,2265469,Gen16_Match50_1752220394.txt,,2025-07-11T08:08:25.208492
16,Gen16_Match51_1752220394,Gen16_Deck5,Gen16_Deck4,Gen16_Deck4,0,1,106.48749995231628,2265468,Gen16_Match51_1752220394.txt,,2025-07-11T08:09:01.436785
16,Gen16_Match52_1752220394,Gen16_Deck4,Gen16_Deck6,Gen16_Deck6,0,1,49.4535915851593,2265467,Gen16_Match52_1752220394.txt,,2025-07-11T08:09:06.225459
16,Gen16_Match53_1752220394,Gen16_Deck4,Gen16_Deck7,Gen16_Deck4,1,0,60.238457679748535,2265469,Gen16_Match53_1752220394.txt,,2025-07-11T08:09:25.447533
16,Gen16_Match55_1752220394,Gen16_Deck9,Gen16_Deck4,Gen16_Deck4,0,1,23.149736881256104,2265467,Gen16_Match55_1752220394.txt,,2025-07-11T08:09:29.375670
16,Gen16_Match54_1752220394,Gen16_Deck8,Gen16_Deck4,Gen16_Deck4,0,1,39.54432225227356,2265468,Gen16_Match54_1752220394.txt,,2025-07-11T08:09:40.981656
16,Gen16_Match57_1752220394,Gen16_Deck11,Gen16_Deck4,Gen16_Deck11,1,0,30.91921639442444,2265467,Gen16_Match57_1752220394.txt,,2025-07-11T08:10:00.295419
16,Gen16_Match56_1752220394,Gen16_Deck4,Gen16_Deck10,Gen16_Deck10,0,1,34.97682213783264,2265469,Gen16_Match56_1752220394.txt,,2025-07-11T08:10:00.424921
16,Gen16_Match60_1752220394,Gen16_Deck4,Gen16_Deck14,Gen16_Deck14,0,1,32.61684989929199,2265469,Gen16_Match60_1752220394.txt,,2025-07-11T08:10:33.042307
16,Gen16_Match59_1752220394,Gen16_Deck4,Gen16_Deck13,Gen16_Deck4,1,0,33.53812313079834,2265467,Gen16_Match59_1752220394.txt,,2025-07-11T08:10:33.834036
16,Gen16_Match61_1752220394,Gen16_Deck5,Gen16_Deck6,Gen16_Deck6,0,1,29.803359031677246,2265469,Gen16_Match61_1752220394.txt,,2025-07-11T08:11:02.846188
16,Gen16_Match58_1752220394,Gen16_Deck12,Gen16_Deck4,Gen16_Deck4,0,1,84.9624273777008,2265468,Gen16_Match58_1752220394.txt,,2025-07-11T08:11:05.944709
16,Gen16_Match62_1752220394,Gen16_Deck7,Gen16_Deck5,Gen16_Deck7,1,0,48.90200209617615,2265467,Gen16_Match62_1752220394.txt,,2025-07-11T08:11:22.736579
16,Gen16_Match63_1752220394,Gen16_Deck5,Gen16_Deck8,Gen16_Deck5,1,0,43.4480345249176,2265469,Gen16_Match63_1752220394.txt,,2025-07-11T08:11:46.294784
16,Gen16_Match64_1752220394,Gen16_Deck5,Gen16_Deck9,Gen16_Deck5,1,0,40.69906497001648,2265468,Gen16_Match64_1752220394.txt,,2025-07-11T08:11:46.644351
16,Gen16_Match65_1752220394,Gen16_Deck10,Gen16_Deck5,Gen16_Deck5,0,1,64.4103639125824,2265467,Gen16_Match65_1752220394.txt,,2025-07-11T08:12:27.147481
16,Gen16_Match66_1752220394,Gen16_Deck11,Gen16_Deck5,Gen16_Deck5,0,1,79.77041387557983,2265469,Gen16_Match66_1752220394.txt,,2025-07-11T08:13:06.065939
16,Gen16_Match67_1752220394,Gen16_Deck5,Gen16_Deck12,Gen16_Deck5,1,0,94.58357858657837,2265468,Gen16_Match67_1752220394.txt,,2025-07-11T08:13:21.228690
16,Gen16_Match70_1752220394,Gen16_Deck7,Gen16_Deck6,Gen16_Deck7,1,0,30.45820379257202,2265468,Gen16_Match70_1752220394.txt,,2025-07-11T08:13:51.687407
16,Gen16_Match71_1752220394,Gen16_Deck6,Gen16_Deck8,Gen16_Deck8,0,1,30.983699321746826,2265468,Gen16_Match71_1752220394.txt,,2025-07-11T08:14:22.671639
16,Gen16_Match68_1752220394,Gen16_Deck5,Gen16_Deck13,Gen16_Deck5,1,0,130.20866012573242,2265467,Gen16_Match68_1752220394.txt,,2025-07-11T08:14:37.356740
16,Gen16_Match72_1752220394,Gen16_Deck6,Gen16_Deck9,Gen16_Deck9,0,1,34.77235126495361,2265468,Gen16_Match72_1752220394.txt,,2025-07-11T08:14:57.444585
16,Gen16_Match69_1752220394,Gen16_Deck14,Gen16_Deck5,Gen16_Deck14,1,0,129.70190238952637,2265469,Gen16_Match69_1752220394.txt,,2025-07-11T08:15:15.768369
16,Gen16_Match74_1752220394,Gen16_Deck11,Gen16_Deck6,Gen16_Deck11,1,0,22.450972318649292,2265468,Gen16_Match74_1752220394.txt,,2025-07-11T08:15:19.896087
16,Gen16_Match73_1752220394,Gen16_Deck10,Gen16_Deck6,Gen16_Deck6,0,1,72.57229256629944,2265467,Gen16_Match73_1752220394.txt,,2025-07-11T08:15:49.929900
16,Gen16_Match77_1752220394,Gen16_Deck14,Gen16_Deck6,Gen16_Deck14,1,0,29.484151601791382,2265467,Gen16_Match77_1752220394.txt,,2025-07-11T08:16:19.414718
16,Gen16_Match75_1752220394,Gen16_Deck6,Gen16_Deck12,Gen16_Deck6,1,0,92.14912867546082,2265469,Gen16_Match75_1752220394.txt,,2025-07-11T08:16:47.918451
16,Gen16_Match78_1752220394,Gen16_Deck8,Gen16_Deck7,Gen16_Deck7,0,1,37.28063440322876,2265467,Gen16_Match78_1752220394.txt,,2025-07-11T08:16:56.695879
16,Gen16_Match76_1752220394,Gen16_Deck6,Gen16_Deck13,Gen16_Deck13,0,1,105.54486560821533,2265468,Gen16_Match76_1752220394.txt,,2025-07-11T08:17:05.441531
16,Gen16_Match79_1752220394,Gen16_Deck7,Gen16_Deck9,Gen16_Deck7,1,0,35.79678821563721,2265469,Gen16_Match79_1752220394.txt,,2025-07-11T08:17:23.715903
16,Gen16_Match80_1752220394,Gen16_Deck7,Gen16_Deck10,Gen16_Deck7,1,0,40.0875461101532,2265467,Gen16_Match80_1752220394.txt,,2025-07-11T08:17:36.784090
16,Gen16_Match81_1752220394,Gen16_Deck7,Gen16_Deck11,Gen16_Deck11,0,1,32.848172187805176,2265468,Gen16_Match81_1752220394.txt,,2025-07-11T08:17:38.290189
16,Gen16_Match84_1752220394,Gen16_Deck14,Gen16_Deck7,Gen16_Deck7,0,1,24.5726056098938,2265468,Gen16_Match84_1752220394.txt,,2025-07-11T08:18:02.863209
16,Gen16_Match83_1752220394,Gen16_Deck7,Gen16_Deck13,Gen16_Deck13,0,1,29.773301362991333,2265467,Gen16_Match83_1752220394.txt,,2025-07-11T08:18:06.557871
16,Gen16_Match82_1752220394,Gen16_Deck12,Gen16_Deck7,Gen16_Deck12,1,0,85.58842754364014,2265469,Gen16_Match82_1752220394.txt,,2025-07-11T08:18:49.304943
16,Gen16_Match85_1752220394,Gen16_Deck8,Gen16_Deck9,Gen16_Deck8,1,0,62.39166450500488,2265468,Gen16_Match85_1752220394.txt,,2025-07-11T08:19:05.255490
16,Gen16_Match87_1752220394,Gen16_Deck11,Gen16_Deck8,Gen16_Deck8,0,1,22.311763048171997,2265469,Gen16_Match87_1752220394.txt,,2025-07-11T08:19:11.617166
16,Gen16_Match88_1752220394,Gen16_Deck8,Gen16_Deck12,Gen16_Deck12,0,1,21.072599172592163,2265468,Gen16_Match88_1752220394.txt,,2025-07-11T08:19:26.328563
16,Gen16_Match86_1752220394,Gen16_Deck10,Gen16_Deck8,Gen16_Deck8,0,1,79.88407158851624,2265467,Gen16_Match86_1752220394.txt,,2025-07-11T08:19:26.442452
16,Gen16_Match89_1752220394,Gen16_Deck13,Gen16_Deck8,Gen16_Deck8,0,1,31.380435705184937,2265469,Gen16_Match89_1752220394.txt,,2025-07-11T08:19:42.998095
16,Gen16_Match91_1752220394,Gen16_Deck9,Gen16_Deck10,Gen16_Deck10,0,1,28.93898606300354,2265467,Gen16_Match91_1752220394.txt,,2025-07-11T08:19:55.381912
16,Gen16_Match92_1752220394,Gen16_Deck11,Gen16_Deck9,Gen16_Deck9,0,1,28.781949996948242,2265469,Gen16_Match92_1752220394.txt,,2025-07-11T08:20:11.780538
16,Gen16_Match93_1752220394,Gen16_Deck12,Gen16_Deck9,Gen16_Deck9,0,1,22.47005605697632,2265467,Gen16_Match93_1752220394.txt,,2025-07-11T08:20:17.852391
16,Gen16_Match94_1752220394,Gen16_Deck9,Gen16_Deck13,Gen16_Deck9,1,0,34.27559041976929,2265469,Gen16_Match94_1752220394.txt,,2025-07-11T08:20:46.056597
16,Gen16_Match95_1752220394,Gen16_Deck9,Gen16_Deck14,Gen16_Deck14,0,1,28.218587398529053,2265467,Gen16_Match95_1752220394.txt,,2025-07-11T08:20:46.071431
16,Gen16_Match90_1752220394,Gen16_Deck14,Gen16_Deck8,Gen16_Deck14,1,0,99.35936880111694,2265468,Gen16_Match90_1752220394.txt,,2025-07-11T08:21:05.688478
16,Gen16_Match97_1752220394,Gen16_Deck10,Gen16_Deck12,Gen16_Deck12,0,1,32.52933883666992,2265467,Gen16_Match97_1752220394.txt,,2025-07-11T08:21:18.601247
16,Gen16_Match98_1752220394,Gen16_Deck10,Gen16_Deck13,Gen16_Deck10,1,0,37.23558187484741,2265468,Gen16_Match98_1752220394.txt,,2025-07-11T08:21:42.924579
16,Gen16_Match100_1752220394,Gen16_Deck12,Gen16_Deck11,Gen16_Deck12,1,0,39.07079243659973,2265468,Gen16_Match100_1752220394.txt,,2025-07-11T08:22:21.995953
16,Gen16_Match99_1752220394,Gen16_Deck14,Gen16_Deck10,Gen16_Deck10,0,1,63.589128494262695,2265467,Gen16_Match99_1752220394.txt,,2025-07-11T08:22:22.190979
16,Gen16_Match96_1752220394,Gen16_Deck11,Gen16_Deck10,Gen16_Deck11,1,0,96.15712642669678,2265469,Gen16_Match96_1752220394.txt,,2025-07-11T08:22:22.214243
16,Gen16_Match102_1752220394,Gen16_Deck11,Gen16_Deck14,Gen16_Deck14,0,1,27.252954959869385,2265467,Gen16_Match102_1752220394.txt,,2025-07-11T08:22:49.444409
16,Gen16_Match103_1752220394,Gen16_Deck12,Gen16_Deck13,Gen16_Deck13,0,1,39.60739779472351,2265469,Gen16_Match103_1752220394.txt,,2025-07-11T08:23:01.822136
16,Gen16_Match101_1752220394,Gen16_Deck11,Gen16_Deck13,Gen16_Deck13,0,1,46.13990879058838,2265468,Gen16_Match101_1752220394.txt,,2025-07-11T08:23:08.136334
16,Gen16_Match105_1752220394,Gen16_Deck14,Gen16_Deck13,Gen16_Deck13,0,1,21.65169906616211,2265469,Gen16_Match105_1752220394.txt,,2025-07-11T08:23:23.474310
16,Gen16_Match104_1752220394,Gen16_Deck14,Gen16_Deck12,Gen16_Deck14,1,0,132.67674565315247,2265467,Gen16_Match104_1752220394.txt,,2025-07-11T08:25:02.122046
