Generation,Match_ID,Deck1_Name,Deck2_Name,Winner,Deck1_Wins,Deck2_Wins,Duration_Seconds,Worker_ID,Forge_Output_File,Error_Message,Timestamp
0,Gen0_Match1_1752237443,Gen0_Deck0,Gen0_Deck1,Gen0_Deck1,0,1,34.29570746421814,2318696,Gen0_Match1_1752237443.txt,,2025-07-11T12:37:57.780306
0,Gen0_Match2_1752237443,Gen0_Deck0,Gen0_Deck2,Gen0_Deck2,0,1,34.501079082489014,2318697,Gen0_Match2_1752237443.txt,,2025-07-11T12:37:57.988455
0,Gen0_Match3_1752237443,Gen0_Deck3,Gen0_Deck0,Gen0_Deck3,1,0,41.88392639160156,2318698,Gen0_Match3_1752237443.txt,,2025-07-11T12:38:05.372709
0,Gen0_Match4_1752237443,Gen0_Deck0,Gen0_Deck4,Gen0_Deck0,1,0,35.69511651992798,2318696,Gen0_Match4_1752237443.txt,,2025-07-11T12:38:33.476320
0,Gen0_Match6_1752237443,Gen0_Deck6,Gen0_Deck0,Gen0_Deck0,0,1,31.658020973205566,2318698,Gen0_Match6_1752237443.txt,,2025-07-11T12:38:37.031499
0,Gen0_Match5_1752237443,Gen0_Deck5,Gen0_Deck0,Gen0_Deck0,0,1,39.82648229598999,2318697,Gen0_Match5_1752237443.txt,,2025-07-11T12:38:37.815704
0,Gen0_Match8_1752237443,Gen0_Deck0,Gen0_Deck8,Gen0_Deck0,1,0,26.404523849487305,2318698,Gen0_Match8_1752237443.txt,,2025-07-11T12:39:03.436539
0,Gen0_Match9_1752237443,Gen0_Deck9,Gen0_Deck0,Gen0_Deck9,1,0,29.82333993911743,2318697,Gen0_Match9_1752237443.txt,,2025-07-11T12:39:07.639537
0,Gen0_Match7_1752237443,Gen0_Deck7,Gen0_Deck0,Gen0_Deck0,0,1,46.79573035240173,2318696,Gen0_Match7_1752237443.txt,,2025-07-11T12:39:20.272584
0,Gen0_Match11_1752237443,Gen0_Deck0,Gen0_Deck11,Gen0_Deck11,0,1,31.544398069381714,2318697,Gen0_Match11_1752237443.txt,,2025-07-11T12:39:39.184464
0,Gen0_Match12_1752237443,Gen0_Deck0,Gen0_Deck12,Gen0_Deck12,0,1,48.81551122665405,2318696,Gen0_Match12_1752237443.txt,,2025-07-11T12:40:09.088627
0,Gen0_Match13_1752237443,Gen0_Deck13,Gen0_Deck0,Gen0_Deck13,1,0,46.68483591079712,2318697,Gen0_Match13_1752237443.txt,,2025-07-11T12:40:25.869921
0,Gen0_Match15_1752237443,Gen0_Deck0,Gen0_Deck15,Gen0_Deck0,1,0,23.95403814315796,2318697,Gen0_Match15_1752237443.txt,,2025-07-11T12:40:49.824361
0,Gen0_Match14_1752237443,Gen0_Deck0,Gen0_Deck14,Gen0_Deck14,0,1,48.94977951049805,2318696,Gen0_Match14_1752237443.txt,,2025-07-11T12:40:58.039063
0,Gen0_Match16_1752237443,Gen0_Deck0,Gen0_Deck16,Gen0_Deck0,1,0,24.227478742599487,2318697,Gen0_Match16_1752237443.txt,,2025-07-11T12:41:14.052261
0,Gen0_Match10_1752237443,Gen0_Deck10,Gen0_Deck0,Gen0_Deck10,1,0,133.64405274391174,2318698,Gen0_Match10_1752237443.txt,,2025-07-11T12:41:17.081184
0,Gen0_Match17_1752237443,Gen0_Deck17,Gen0_Deck0,Gen0_Deck17,1,0,45.795358419418335,2318696,Gen0_Match17_1752237443.txt,,2025-07-11T12:41:43.834896
0,Gen0_Match19_1752237443,Gen0_Deck0,Gen0_Deck19,Gen0_Deck0,1,0,35.174723863601685,2318698,Gen0_Match19_1752237443.txt,,2025-07-11T12:41:52.256382
0,Gen0_Match20_1752237443,Gen0_Deck20,Gen0_Deck0,Gen0_Deck20,1,0,27.461418867111206,2318696,Gen0_Match20_1752237443.txt,,2025-07-11T12:42:11.296771
0,Gen0_Match18_1752237443,Gen0_Deck0,Gen0_Deck18,Gen0_Deck18,0,1,66.40046548843384,2318697,Gen0_Match18_1752237443.txt,,2025-07-11T12:42:20.453160
0,Gen0_Match21_1752237443,Gen0_Deck21,Gen0_Deck0,Gen0_Deck0,0,1,31.340115308761597,2318698,Gen0_Match21_1752237443.txt,,2025-07-11T12:42:23.597015
0,Gen0_Match22_1752237443,Gen0_Deck0,Gen0_Deck22,Gen0_Deck0,1,0,32.63840174674988,2318696,Gen0_Match22_1752237443.txt,,2025-07-11T12:42:43.935652
0,Gen0_Match24_1752237443,Gen0_Deck24,Gen0_Deck0,Gen0_Deck0,0,1,24.718895435333252,2318698,Gen0_Match24_1752237443.txt,,2025-07-11T12:42:48.316322
0,Gen0_Match23_1752237443,Gen0_Deck0,Gen0_Deck23,Gen0_Deck0,1,0,33.4074330329895,2318697,Gen0_Match23_1752237443.txt,,2025-07-11T12:42:53.861058
0,Gen0_Match25_1752237443,Gen0_Deck2,Gen0_Deck1,Gen0_Deck1,0,1,30.656646251678467,2318696,Gen0_Match25_1752237443.txt,,2025-07-11T12:43:14.592820
0,Gen0_Match26_1752237443,Gen0_Deck1,Gen0_Deck3,Gen0_Deck1,1,0,36.359797954559326,2318698,Gen0_Match26_1752237443.txt,,2025-07-11T12:43:24.676634
0,Gen0_Match27_1752237443,Gen0_Deck1,Gen0_Deck4,Gen0_Deck1,1,0,39.82284998893738,2318697,Gen0_Match27_1752237443.txt,,2025-07-11T12:43:33.684438
0,Gen0_Match29_1752237443,Gen0_Deck6,Gen0_Deck1,Gen0_Deck6,1,0,36.01443696022034,2318698,Gen0_Match29_1752237443.txt,,2025-07-11T12:44:00.691580
0,Gen0_Match30_1752237443,Gen0_Deck1,Gen0_Deck7,Gen0_Deck7,0,1,28.28129243850708,2318697,Gen0_Match30_1752237443.txt,,2025-07-11T12:44:01.966240
0,Gen0_Match31_1752237443,Gen0_Deck8,Gen0_Deck1,Gen0_Deck1,0,1,28.106314182281494,2318698,Gen0_Match31_1752237443.txt,,2025-07-11T12:44:28.798423
0,Gen0_Match32_1752237443,Gen0_Deck9,Gen0_Deck1,Gen0_Deck1,0,1,48.4165620803833,2318697,Gen0_Match32_1752237443.txt,,2025-07-11T12:44:50.383378
0,Gen0_Match33_1752237443,Gen0_Deck1,Gen0_Deck10,Gen0_Deck1,1,0,26.266217708587646,2318698,Gen0_Match33_1752237443.txt,,2025-07-11T12:44:55.065124
0,Gen0_Match28_1752237443,Gen0_Deck5,Gen0_Deck1,Gen0_Deck5,1,0,102.08311533927917,2318696,Gen0_Match28_1752237443.txt,,2025-07-11T12:44:56.676599
0,Gen0_Match34_1752237443,Gen0_Deck1,Gen0_Deck11,Gen0_Deck1,1,0,32.88478708267212,2318697,Gen0_Match34_1752237443.txt,,2025-07-11T12:45:23.268661
0,Gen0_Match35_1752237443,Gen0_Deck12,Gen0_Deck1,Gen0_Deck12,1,0,38.903886795043945,2318698,Gen0_Match35_1752237443.txt,,2025-07-11T12:45:33.969509
0,Gen0_Match36_1752237443,Gen0_Deck13,Gen0_Deck1,Gen0_Deck1,0,1,44.573575258255005,2318696,Gen0_Match36_1752237443.txt,,2025-07-11T12:45:41.250699
0,Gen0_Match37_1752237443,Gen0_Deck1,Gen0_Deck14,Gen0_Deck1,1,0,36.3520610332489,2318697,Gen0_Match37_1752237443.txt,,2025-07-11T12:45:59.621287
0,Gen0_Match38_1752237443,Gen0_Deck15,Gen0_Deck1,Gen0_Deck15,1,0,37.011798620224,2318698,Gen0_Match38_1752237443.txt,,2025-07-11T12:46:10.981867
0,Gen0_Match39_1752237443,Gen0_Deck16,Gen0_Deck1,Gen0_Deck1,0,1,29.97725486755371,2318696,Gen0_Match39_1752237443.txt,,2025-07-11T12:46:11.228466
0,Gen0_Match40_1752237443,Gen0_Deck1,Gen0_Deck17,Gen0_Deck1,1,0,30.04721212387085,2318697,Gen0_Match40_1752237443.txt,,2025-07-11T12:46:29.668966
0,Gen0_Match42_1752237443,Gen0_Deck19,Gen0_Deck1,Gen0_Deck1,0,1,24.291465997695923,2318696,Gen0_Match42_1752237443.txt,,2025-07-11T12:46:35.520423
0,Gen0_Match41_1752237443,Gen0_Deck1,Gen0_Deck18,Gen0_Deck1,1,0,31.500102996826172,2318698,Gen0_Match41_1752237443.txt,,2025-07-11T12:46:42.482398
0,Gen0_Match43_1752237443,Gen0_Deck20,Gen0_Deck1,Gen0_Deck1,0,1,27.518680095672607,2318697,Gen0_Match43_1752237443.txt,,2025-07-11T12:46:57.188110
0,Gen0_Match44_1752237443,Gen0_Deck1,Gen0_Deck21,Gen0_Deck21,0,1,33.73145580291748,2318696,Gen0_Match44_1752237443.txt,,2025-07-11T12:47:09.252443
0,Gen0_Match45_1752237443,Gen0_Deck22,Gen0_Deck1,Gen0_Deck1,0,1,27.9970600605011,2318698,Gen0_Match45_1752237443.txt,,2025-07-11T12:47:10.479893
0,Gen0_Match46_1752237443,Gen0_Deck23,Gen0_Deck1,Gen0_Deck1,0,1,26.23971915245056,2318697,Gen0_Match46_1752237443.txt,,2025-07-11T12:47:23.428291
0,Gen0_Match47_1752237443,Gen0_Deck1,Gen0_Deck24,Gen0_Deck1,1,0,27.553027868270874,2318696,Gen0_Match47_1752237443.txt,,2025-07-11T12:47:36.805971
0,Gen0_Match48_1752237443,Gen0_Deck3,Gen0_Deck2,Gen0_Deck2,0,1,30.828707695007324,2318698,Gen0_Match48_1752237443.txt,,2025-07-11T12:47:41.319126
0,Gen0_Match49_1752237443,Gen0_Deck4,Gen0_Deck2,Gen0_Deck2,0,1,26.091553449630737,2318697,Gen0_Match49_1752237443.txt,,2025-07-11T12:47:49.520289
0,Gen0_Match50_1752237443,Gen0_Deck2,Gen0_Deck5,Gen0_Deck5,0,1,28.516320943832397,2318696,Gen0_Match50_1752237443.txt,,2025-07-11T12:48:05.322746
0,Gen0_Match51_1752237443,Gen0_Deck6,Gen0_Deck2,Gen0_Deck2,0,1,25.33685040473938,2318698,Gen0_Match51_1752237443.txt,,2025-07-11T12:48:06.656439
0,Gen0_Match52_1752237443,Gen0_Deck7,Gen0_Deck2,Gen0_Deck2,0,1,37.110634326934814,2318697,Gen0_Match52_1752237443.txt,,2025-07-11T12:48:26.631414
0,Gen0_Match54_1752237443,Gen0_Deck2,Gen0_Deck9,Gen0_Deck9,0,1,30.14356017112732,2318698,Gen0_Match54_1752237443.txt,,2025-07-11T12:48:36.800452
0,Gen0_Match55_1752237443,Gen0_Deck10,Gen0_Deck2,Gen0_Deck2,0,1,22.151658535003662,2318697,Gen0_Match55_1752237443.txt,,2025-07-11T12:48:48.783522
0,Gen0_Match53_1752237443,Gen0_Deck2,Gen0_Deck8,Gen0_Deck8,0,1,52.12526726722717,2318696,Gen0_Match53_1752237443.txt,,2025-07-11T12:48:57.448559
0,Gen0_Match56_1752237443,Gen0_Deck11,Gen0_Deck2,Gen0_Deck11,1,0,23.4848895072937,2318698,Gen0_Match56_1752237443.txt,,2025-07-11T12:49:00.285803
0,Gen0_Match57_1752237443,Gen0_Deck2,Gen0_Deck12,Gen0_Deck2,1,0,37.46058440208435,2318697,Gen0_Match57_1752237443.txt,,2025-07-11T12:49:26.244739
0,Gen0_Match58_1752237443,Gen0_Deck13,Gen0_Deck2,Gen0_Deck2,0,1,30.54119372367859,2318696,Gen0_Match58_1752237443.txt,,2025-07-11T12:49:27.990237
0,Gen0_Match59_1752237443,Gen0_Deck14,Gen0_Deck2,Gen0_Deck14,1,0,44.38310146331787,2318698,Gen0_Match59_1752237443.txt,,2025-07-11T12:49:44.669374
0,Gen0_Match60_1752237443,Gen0_Deck2,Gen0_Deck15,Gen0_Deck2,1,0,24.35439372062683,2318697,Gen0_Match60_1752237443.txt,,2025-07-11T12:49:50.599608
0,Gen0_Match61_1752237443,Gen0_Deck2,Gen0_Deck16,Gen0_Deck2,1,0,37.14676761627197,2318696,Gen0_Match61_1752237443.txt,,2025-07-11T12:50:05.137494
0,Gen0_Match63_1752237443,Gen0_Deck18,Gen0_Deck2,Gen0_Deck2,0,1,26.230108499526978,2318697,Gen0_Match63_1752237443.txt,,2025-07-11T12:50:16.830214
0,Gen0_Match62_1752237443,Gen0_Deck17,Gen0_Deck2,Gen0_Deck2,0,1,44.165361642837524,2318698,Gen0_Match62_1752237443.txt,,2025-07-11T12:50:28.835167
0,Gen0_Match64_1752237443,Gen0_Deck2,Gen0_Deck19,Gen0_Deck2,1,0,38.23996114730835,2318696,Gen0_Match64_1752237443.txt,,2025-07-11T12:50:43.377922
0,Gen0_Match65_1752237443,Gen0_Deck20,Gen0_Deck2,Gen0_Deck2,0,1,28.00971531867981,2318697,Gen0_Match65_1752237443.txt,,2025-07-11T12:50:44.840477
0,Gen0_Match66_1752237443,Gen0_Deck21,Gen0_Deck2,Gen0_Deck2,0,1,34.93901801109314,2318698,Gen0_Match66_1752237443.txt,,2025-07-11T12:51:03.774650
0,Gen0_Match68_1752237443,Gen0_Deck2,Gen0_Deck23,Gen0_Deck2,1,0,32.83815050125122,2318697,Gen0_Match68_1752237443.txt,,2025-07-11T12:51:17.679141
0,Gen0_Match67_1752237443,Gen0_Deck2,Gen0_Deck22,Gen0_Deck2,1,0,37.57937145233154,2318696,Gen0_Match67_1752237443.txt,,2025-07-11T12:51:20.957760
0,Gen0_Match69_1752237443,Gen0_Deck24,Gen0_Deck2,Gen0_Deck2,0,1,36.70926117897034,2318698,Gen0_Match69_1752237443.txt,,2025-07-11T12:51:40.484423
0,Gen0_Match70_1752237443,Gen0_Deck3,Gen0_Deck4,Gen0_Deck4,0,1,27.612733840942383,2318697,Gen0_Match70_1752237443.txt,,2025-07-11T12:51:45.292328
0,Gen0_Match71_1752237443,Gen0_Deck5,Gen0_Deck3,Gen0_Deck3,0,1,25.50138282775879,2318696,Gen0_Match71_1752237443.txt,,2025-07-11T12:51:46.459609
0,Gen0_Match73_1752237443,Gen0_Deck3,Gen0_Deck7,Gen0_Deck7,0,1,32.25902795791626,2318697,Gen0_Match73_1752237443.txt,,2025-07-11T12:52:17.551818
0,Gen0_Match72_1752237443,Gen0_Deck3,Gen0_Deck6,Gen0_Deck6,0,1,37.86741304397583,2318698,Gen0_Match72_1752237443.txt,,2025-07-11T12:52:18.352339
0,Gen0_Match74_1752237443,Gen0_Deck8,Gen0_Deck3,Gen0_Deck8,1,0,37.232248306274414,2318696,Gen0_Match74_1752237443.txt,,2025-07-11T12:52:23.692388
0,Gen0_Match76_1752237443,Gen0_Deck3,Gen0_Deck10,Gen0_Deck3,1,0,26.832103729248047,2318698,Gen0_Match76_1752237443.txt,,2025-07-11T12:52:45.184925
0,Gen0_Match75_1752237443,Gen0_Deck9,Gen0_Deck3,Gen0_Deck3,0,1,29.156131267547607,2318697,Gen0_Match75_1752237443.txt,,2025-07-11T12:52:46.708387
0,Gen0_Match77_1752237443,Gen0_Deck3,Gen0_Deck11,Gen0_Deck11,0,1,29.08738350868225,2318696,Gen0_Match77_1752237443.txt,,2025-07-11T12:52:52.780204
0,Gen0_Match79_1752237443,Gen0_Deck3,Gen0_Deck13,Gen0_Deck13,0,1,31.198358058929443,2318697,Gen0_Match79_1752237443.txt,,2025-07-11T12:53:17.907261
0,Gen0_Match80_1752237443,Gen0_Deck3,Gen0_Deck14,Gen0_Deck14,0,1,26.367608308792114,2318696,Gen0_Match80_1752237443.txt,,2025-07-11T12:53:19.148277
0,Gen0_Match78_1752237443,Gen0_Deck12,Gen0_Deck3,Gen0_Deck3,0,1,45.24842858314514,2318698,Gen0_Match78_1752237443.txt,,2025-07-11T12:53:30.433852
0,Gen0_Match81_1752237443,Gen0_Deck3,Gen0_Deck15,Gen0_Deck15,0,1,34.71502375602722,2318697,Gen0_Match81_1752237443.txt,,2025-07-11T12:53:52.622756
0,Gen0_Match82_1752237443,Gen0_Deck16,Gen0_Deck3,Gen0_Deck3,0,1,38.09551787376404,2318696,Gen0_Match82_1752237443.txt,,2025-07-11T12:53:57.244236
0,Gen0_Match85_1752237443,Gen0_Deck19,Gen0_Deck3,Gen0_Deck3,0,1,27.4357967376709,2318696,Gen0_Match85_1752237443.txt,,2025-07-11T12:54:24.680445
0,Gen0_Match84_1752237443,Gen0_Deck3,Gen0_Deck18,Gen0_Deck3,1,0,46.94378352165222,2318697,Gen0_Match84_1752237443.txt,,2025-07-11T12:54:39.567067
0,Gen0_Match87_1752237443,Gen0_Deck3,Gen0_Deck21,Gen0_Deck3,1,0,29.265352249145508,2318697,Gen0_Match87_1752237443.txt,,2025-07-11T12:55:08.833002
0,Gen0_Match83_1752237443,Gen0_Deck3,Gen0_Deck17,Gen0_Deck17,0,1,99.40497303009033,2318698,Gen0_Match83_1752237443.txt,,2025-07-11T12:55:09.839343
0,Gen0_Match86_1752237443,Gen0_Deck20,Gen0_Deck3,Gen0_Deck20,1,0,54.49534487724304,2318696,Gen0_Match86_1752237443.txt,,2025-07-11T12:55:19.176253
0,Gen0_Match89_1752237443,Gen0_Deck23,Gen0_Deck3,Gen0_Deck23,1,0,27.676454067230225,2318698,Gen0_Match89_1752237443.txt,,2025-07-11T12:55:37.516235
0,Gen0_Match88_1752237443,Gen0_Deck22,Gen0_Deck3,Gen0_Deck3,0,1,38.37138295173645,2318697,Gen0_Match88_1752237443.txt,,2025-07-11T12:55:47.204890
0,Gen0_Match90_1752237443,Gen0_Deck3,Gen0_Deck24,Gen0_Deck24,0,1,38.22322344779968,2318696,Gen0_Match90_1752237443.txt,,2025-07-11T12:55:57.399983
0,Gen0_Match91_1752237443,Gen0_Deck4,Gen0_Deck5,Gen0_Deck5,0,1,26.91158962249756,2318698,Gen0_Match91_1752237443.txt,,2025-07-11T12:56:04.428352
0,Gen0_Match92_1752237443,Gen0_Deck6,Gen0_Deck4,Gen0_Deck6,1,0,25.22300410270691,2318697,Gen0_Match92_1752237443.txt,,2025-07-11T12:56:12.428324
0,Gen0_Match93_1752237443,Gen0_Deck7,Gen0_Deck4,Gen0_Deck7,1,0,25.015542030334473,2318696,Gen0_Match93_1752237443.txt,,2025-07-11T12:56:22.415936
0,Gen0_Match94_1752237443,Gen0_Deck4,Gen0_Deck8,Gen0_Deck8,0,1,30.771591186523438,2318698,Gen0_Match94_1752237443.txt,,2025-07-11T12:56:35.200434
0,Gen0_Match95_1752237443,Gen0_Deck4,Gen0_Deck9,Gen0_Deck9,0,1,28.991504430770874,2318697,Gen0_Match95_1752237443.txt,,2025-07-11T12:56:41.420233
0,Gen0_Match96_1752237443,Gen0_Deck10,Gen0_Deck4,Gen0_Deck4,0,1,36.40656805038452,2318696,Gen0_Match96_1752237443.txt,,2025-07-11T12:56:58.823142
0,Gen0_Match97_1752237443,Gen0_Deck4,Gen0_Deck11,Gen0_Deck4,1,0,28.654921531677246,2318698,Gen0_Match97_1752237443.txt,,2025-07-11T12:57:03.855867
0,Gen0_Match100_1752237443,Gen0_Deck14,Gen0_Deck4,Gen0_Deck14,1,0,25.680129051208496,2318698,Gen0_Match100_1752237443.txt,,2025-07-11T12:57:29.536486
0,Gen0_Match98_1752237443,Gen0_Deck4,Gen0_Deck12,Gen0_Deck4,1,0,58.670166969299316,2318697,Gen0_Match98_1752237443.txt,,2025-07-11T12:57:40.091225
0,Gen0_Match99_1752237443,Gen0_Deck13,Gen0_Deck4,Gen0_Deck4,0,1,59.445258378982544,2318696,Gen0_Match99_1752237443.txt,,2025-07-11T12:57:58.269159
0,Gen0_Match102_1752237443,Gen0_Deck4,Gen0_Deck16,Gen0_Deck4,1,0,23.052798748016357,2318697,Gen0_Match102_1752237443.txt,,2025-07-11T12:58:03.144445
0,Gen0_Match101_1752237443,Gen0_Deck4,Gen0_Deck15,Gen0_Deck4,1,0,35.075281381607056,2318698,Gen0_Match101_1752237443.txt,,2025-07-11T12:58:04.612239
0,Gen0_Match104_1752237443,Gen0_Deck4,Gen0_Deck18,Gen0_Deck18,0,1,28.42342734336853,2318697,Gen0_Match104_1752237443.txt,,2025-07-11T12:58:31.568331
0,Gen0_Match103_1752237443,Gen0_Deck17,Gen0_Deck4,Gen0_Deck4,0,1,41.678911447525024,2318696,Gen0_Match103_1752237443.txt,,2025-07-11T12:58:39.948617
0,Gen0_Match105_1752237443,Gen0_Deck4,Gen0_Deck19,Gen0_Deck4,1,0,38.57891225814819,2318698,Gen0_Match105_1752237443.txt,,2025-07-11T12:58:43.191661
0,Gen0_Match106_1752237443,Gen0_Deck20,Gen0_Deck4,Gen0_Deck4,0,1,27.304168939590454,2318697,Gen0_Match106_1752237443.txt,,2025-07-11T12:58:58.872923
0,Gen0_Match107_1752237443,Gen0_Deck21,Gen0_Deck4,Gen0_Deck4,0,1,28.37677001953125,2318696,Gen0_Match107_1752237443.txt,,2025-07-11T12:59:08.325879
0,Gen0_Match108_1752237443,Gen0_Deck4,Gen0_Deck22,Gen0_Deck4,1,0,29.173677921295166,2318698,Gen0_Match108_1752237443.txt,,2025-07-11T12:59:12.365779
0,Gen0_Match109_1752237443,Gen0_Deck23,Gen0_Deck4,Gen0_Deck23,1,0,28.18992018699646,2318697,Gen0_Match109_1752237443.txt,,2025-07-11T12:59:27.063325
0,Gen0_Match110_1752237443,Gen0_Deck24,Gen0_Deck4,Gen0_Deck4,0,1,30.121010065078735,2318696,Gen0_Match110_1752237443.txt,,2025-07-11T12:59:38.447349
0,Gen0_Match112_1752237443,Gen0_Deck7,Gen0_Deck5,Gen0_Deck7,1,0,28.943601608276367,2318697,Gen0_Match112_1752237443.txt,,2025-07-11T12:59:56.007360
0,Gen0_Match113_1752237443,Gen0_Deck5,Gen0_Deck8,Gen0_Deck5,1,0,35.25281500816345,2318696,Gen0_Match113_1752237443.txt,,2025-07-11T13:00:13.700616
0,Gen0_Match114_1752237443,Gen0_Deck5,Gen0_Deck9,Gen0_Deck9,0,1,27.568331956863403,2318697,Gen0_Match114_1752237443.txt,,2025-07-11T13:00:23.576178
0,Gen0_Match115_1752237443,Gen0_Deck10,Gen0_Deck5,Gen0_Deck5,0,1,22.91135549545288,2318696,Gen0_Match115_1752237443.txt,,2025-07-11T13:00:36.612407
0,Gen0_Match111_1752237443,Gen0_Deck5,Gen0_Deck6,Gen0_Deck6,0,1,86.40798425674438,2318698,Gen0_Match111_1752237443.txt,,2025-07-11T13:00:38.774382
0,Gen0_Match116_1752237443,Gen0_Deck11,Gen0_Deck5,Gen0_Deck11,1,0,24.175597667694092,2318697,Gen0_Match116_1752237443.txt,,2025-07-11T13:00:47.752197
0,Gen0_Match119_1752237443,Gen0_Deck14,Gen0_Deck5,Gen0_Deck14,1,0,36.36384987831116,2318697,Gen0_Match119_1752237443.txt,,2025-07-11T13:01:24.118543
0,Gen0_Match118_1752237443,Gen0_Deck13,Gen0_Deck5,Gen0_Deck5,0,1,51.98740530014038,2318698,Gen0_Match118_1752237443.txt,,2025-07-11T13:01:30.762870
0,Gen0_Match120_1752237443,Gen0_Deck5,Gen0_Deck15,Gen0_Deck15,0,1,28.03889036178589,2318697,Gen0_Match120_1752237443.txt,,2025-07-11T13:01:52.157945
0,Gen0_Match117_1752237443,Gen0_Deck5,Gen0_Deck12,Gen0_Deck5,1,0,76.1970386505127,2318696,Gen0_Match117_1752237443.txt,,2025-07-11T13:01:52.809949
0,Gen0_Match121_1752237443,Gen0_Deck5,Gen0_Deck16,Gen0_Deck16,0,1,24.531822443008423,2318698,Gen0_Match121_1752237443.txt,,2025-07-11T13:01:55.295229
0,Gen0_Match124_1752237443,Gen0_Deck5,Gen0_Deck19,Gen0_Deck5,1,0,32.34467840194702,2318698,Gen0_Match124_1752237443.txt,,2025-07-11T13:02:27.640382
0,Gen0_Match122_1752237443,Gen0_Deck17,Gen0_Deck5,Gen0_Deck5,0,1,47.439377546310425,2318697,Gen0_Match122_1752237443.txt,,2025-07-11T13:02:39.597783
0,Gen0_Match123_1752237443,Gen0_Deck5,Gen0_Deck18,Gen0_Deck18,0,1,74.08682036399841,2318696,Gen0_Match123_1752237443.txt,,2025-07-11T13:03:06.897658
0,Gen0_Match125_1752237443,Gen0_Deck20,Gen0_Deck5,Gen0_Deck5,0,1,39.2611985206604,2318698,Gen0_Match125_1752237443.txt,,2025-07-11T13:03:06.902211
0,Gen0_Match126_1752237443,Gen0_Deck21,Gen0_Deck5,Gen0_Deck5,0,1,32.38555359840393,2318697,Gen0_Match126_1752237443.txt,,2025-07-11T13:03:11.983784
0,Gen0_Match129_1752237443,Gen0_Deck24,Gen0_Deck5,Gen0_Deck5,0,1,25.868389129638672,2318697,Gen0_Match129_1752237443.txt,,2025-07-11T13:03:37.852601
0,Gen0_Match128_1752237443,Gen0_Deck5,Gen0_Deck23,Gen0_Deck23,0,1,31.079341411590576,2318698,Gen0_Match128_1752237443.txt,,2025-07-11T13:03:37.982072
0,Gen0_Match127_1752237443,Gen0_Deck5,Gen0_Deck22,Gen0_Deck22,0,1,31.861050605773926,2318696,Gen0_Match127_1752237443.txt,,2025-07-11T13:03:38.759317
0,Gen0_Match130_1752237443,Gen0_Deck6,Gen0_Deck7,Gen0_Deck7,0,1,27.40338134765625,2318697,Gen0_Match130_1752237443.txt,,2025-07-11T13:04:05.256405
0,Gen0_Match132_1752237443,Gen0_Deck9,Gen0_Deck6,Gen0_Deck9,1,0,30.463747024536133,2318696,Gen0_Match132_1752237443.txt,,2025-07-11T13:04:09.223522
0,Gen0_Match131_1752237443,Gen0_Deck8,Gen0_Deck6,Gen0_Deck8,1,0,33.49832034111023,2318698,Gen0_Match131_1752237443.txt,,2025-07-11T13:04:11.480875
0,Gen0_Match133_1752237443,Gen0_Deck6,Gen0_Deck10,Gen0_Deck6,1,0,32.483713150024414,2318697,Gen0_Match133_1752237443.txt,,2025-07-11T13:04:37.740562
0,Gen0_Match134_1752237443,Gen0_Deck6,Gen0_Deck11,Gen0_Deck6,1,0,35.43652033805847,2318696,Gen0_Match134_1752237443.txt,,2025-07-11T13:04:44.660493
0,Gen0_Match135_1752237443,Gen0_Deck12,Gen0_Deck6,Gen0_Deck6,0,1,36.900487422943115,2318698,Gen0_Match135_1752237443.txt,,2025-07-11T13:04:48.381861
0,Gen0_Match137_1752237443,Gen0_Deck6,Gen0_Deck14,Gen0_Deck6,1,0,25.3556489944458,2318696,Gen0_Match137_1752237443.txt,,2025-07-11T13:05:10.016579
0,Gen0_Match138_1752237443,Gen0_Deck15,Gen0_Deck6,Gen0_Deck15,1,0,26.922094583511353,2318698,Gen0_Match138_1752237443.txt,,2025-07-11T13:05:15.304442
0,Gen0_Match139_1752237443,Gen0_Deck16,Gen0_Deck6,Gen0_Deck6,0,1,25.837127685546875,2318696,Gen0_Match139_1752237443.txt,,2025-07-11T13:05:35.854183
0,Gen0_Match136_1752237443,Gen0_Deck13,Gen0_Deck6,Gen0_Deck13,1,0,62.923452615737915,2318697,Gen0_Match136_1752237443.txt,,2025-07-11T13:05:40.664560
0,Gen0_Match140_1752237443,Gen0_Deck6,Gen0_Deck17,Gen0_Deck17,0,1,41.535462856292725,2318698,Gen0_Match140_1752237443.txt,,2025-07-11T13:05:56.840440
0,Gen0_Match141_1752237443,Gen0_Deck6,Gen0_Deck18,Gen0_Deck6,1,0,25.976970672607422,2318696,Gen0_Match141_1752237443.txt,,2025-07-11T13:06:01.831623
0,Gen0_Match142_1752237443,Gen0_Deck19,Gen0_Deck6,Gen0_Deck19,1,0,35.85949230194092,2318697,Gen0_Match142_1752237443.txt,,2025-07-11T13:06:16.524531
0,Gen0_Match144_1752237443,Gen0_Deck6,Gen0_Deck21,Gen0_Deck6,1,0,27.396098375320435,2318696,Gen0_Match144_1752237443.txt,,2025-07-11T13:06:29.228189
0,Gen0_Match143_1752237443,Gen0_Deck20,Gen0_Deck6,Gen0_Deck6,0,1,40.284175872802734,2318698,Gen0_Match143_1752237443.txt,,2025-07-11T13:06:37.125156
0,Gen0_Match145_1752237443,Gen0_Deck22,Gen0_Deck6,Gen0_Deck6,0,1,29.767228841781616,2318697,Gen0_Match145_1752237443.txt,,2025-07-11T13:06:46.292228
0,Gen0_Match146_1752237443,Gen0_Deck23,Gen0_Deck6,Gen0_Deck6,0,1,21.13206696510315,2318696,Gen0_Match146_1752237443.txt,,2025-07-11T13:06:50.360665
0,Gen0_Match147_1752237443,Gen0_Deck6,Gen0_Deck24,Gen0_Deck6,1,0,37.17097449302673,2318698,Gen0_Match147_1752237443.txt,,2025-07-11T13:07:14.296649
0,Gen0_Match148_1752237443,Gen0_Deck7,Gen0_Deck8,Gen0_Deck7,1,0,37.959721326828,2318697,Gen0_Match148_1752237443.txt,,2025-07-11T13:07:24.252498
0,Gen0_Match149_1752237443,Gen0_Deck7,Gen0_Deck9,Gen0_Deck7,1,0,47.74750852584839,2318696,Gen0_Match149_1752237443.txt,,2025-07-11T13:07:38.108640
0,Gen0_Match150_1752237443,Gen0_Deck10,Gen0_Deck7,Gen0_Deck7,0,1,29.015063524246216,2318698,Gen0_Match150_1752237443.txt,,2025-07-11T13:07:43.312148
0,Gen0_Match151_1752237443,Gen0_Deck11,Gen0_Deck7,Gen0_Deck7,0,1,37.999539375305176,2318697,Gen0_Match151_1752237443.txt,,2025-07-11T13:08:02.252650
0,Gen0_Match152_1752237443,Gen0_Deck7,Gen0_Deck12,Gen0_Deck7,1,0,33.75028204917908,2318696,Gen0_Match152_1752237443.txt,,2025-07-11T13:08:11.859398
0,Gen0_Match153_1752237443,Gen0_Deck13,Gen0_Deck7,Gen0_Deck13,1,0,30.607800006866455,2318698,Gen0_Match153_1752237443.txt,,2025-07-11T13:08:13.920418
0,Gen0_Match154_1752237443,Gen0_Deck14,Gen0_Deck7,Gen0_Deck14,1,0,33.81929159164429,2318697,Gen0_Match154_1752237443.txt,,2025-07-11T13:08:36.072411
0,Gen0_Match155_1752237443,Gen0_Deck7,Gen0_Deck15,Gen0_Deck7,1,0,24.908316135406494,2318696,Gen0_Match155_1752237443.txt,,2025-07-11T13:08:36.826949
0,Gen0_Match156_1752237443,Gen0_Deck7,Gen0_Deck16,Gen0_Deck7,1,0,23.185576677322388,2318698,Gen0_Match156_1752237443.txt,,2025-07-11T13:08:37.106424
0,Gen0_Match158_1752237443,Gen0_Deck7,Gen0_Deck18,Gen0_Deck18,0,1,28.55632710456848,2318696,Gen0_Match158_1752237443.txt,,2025-07-11T13:09:05.383724
0,Gen0_Match159_1752237443,Gen0_Deck7,Gen0_Deck19,Gen0_Deck7,1,0,35.51353096961975,2318698,Gen0_Match159_1752237443.txt,,2025-07-11T13:09:12.657647
0,Gen0_Match157_1752237443,Gen0_Deck17,Gen0_Deck7,Gen0_Deck7,0,1,41.89956784248352,2318697,Gen0_Match157_1752237443.txt,,2025-07-11T13:09:17.972464
0,Gen0_Match160_1752237443,Gen0_Deck20,Gen0_Deck7,Gen0_Deck7,0,1,24.758424043655396,2318696,Gen0_Match160_1752237443.txt,,2025-07-11T13:09:30.142584
0,Gen0_Match161_1752237443,Gen0_Deck21,Gen0_Deck7,Gen0_Deck21,1,0,28.748475313186646,2318698,Gen0_Match161_1752237443.txt,,2025-07-11T13:09:41.406575
0,Gen0_Match162_1752237443,Gen0_Deck7,Gen0_Deck22,Gen0_Deck22,0,1,27.157572269439697,2318697,Gen0_Match162_1752237443.txt,,2025-07-11T13:09:45.130450
0,Gen0_Match163_1752237443,Gen0_Deck7,Gen0_Deck23,Gen0_Deck23,0,1,36.72133731842041,2318696,Gen0_Match163_1752237443.txt,,2025-07-11T13:10:06.864499
0,Gen0_Match165_1752237443,Gen0_Deck9,Gen0_Deck8,Gen0_Deck9,1,0,23.90415668487549,2318697,Gen0_Match165_1752237443.txt,,2025-07-11T13:10:09.035029
0,Gen0_Match164_1752237443,Gen0_Deck24,Gen0_Deck7,Gen0_Deck7,0,1,27.771209001541138,2318698,Gen0_Match164_1752237443.txt,,2025-07-11T13:10:09.178276
0,Gen0_Match166_1752237443,Gen0_Deck8,Gen0_Deck10,Gen0_Deck10,0,1,30.515276193618774,2318696,Gen0_Match166_1752237443.txt,,2025-07-11T13:10:37.380249
0,Gen0_Match167_1752237443,Gen0_Deck8,Gen0_Deck11,Gen0_Deck8,1,0,29.74485445022583,2318697,Gen0_Match167_1752237443.txt,,2025-07-11T13:10:38.780382
0,Gen0_Match168_1752237443,Gen0_Deck12,Gen0_Deck8,Gen0_Deck12,1,0,32.428279876708984,2318698,Gen0_Match168_1752237443.txt,,2025-07-11T13:10:41.607052
0,Gen0_Match169_1752237443,Gen0_Deck8,Gen0_Deck13,Gen0_Deck13,0,1,26.53049898147583,2318696,Gen0_Match169_1752237443.txt,,2025-07-11T13:11:03.911317
0,Gen0_Match171_1752237443,Gen0_Deck15,Gen0_Deck8,Gen0_Deck15,1,0,28.545467853546143,2318698,Gen0_Match171_1752237443.txt,,2025-07-11T13:11:10.153061
0,Gen0_Match170_1752237443,Gen0_Deck8,Gen0_Deck14,Gen0_Deck14,0,1,35.24252510070801,2318697,Gen0_Match170_1752237443.txt,,2025-07-11T13:11:14.023363
0,Gen0_Match172_1752237443,Gen0_Deck16,Gen0_Deck8,Gen0_Deck8,0,1,33.45740818977356,2318696,Gen0_Match172_1752237443.txt,,2025-07-11T13:11:37.369209
0,Gen0_Match173_1752237443,Gen0_Deck8,Gen0_Deck17,Gen0_Deck17,0,1,46.43119406700134,2318698,Gen0_Match173_1752237443.txt,,2025-07-11T13:11:56.584763
0,Gen0_Match175_1752237443,Gen0_Deck19,Gen0_Deck8,Gen0_Deck8,0,1,26.938687324523926,2318696,Gen0_Match175_1752237443.txt,,2025-07-11T13:12:04.308420
0,Gen0_Match174_1752237443,Gen0_Deck8,Gen0_Deck18,Gen0_Deck8,1,0,57.6485857963562,2318697,Gen0_Match174_1752237443.txt,,2025-07-11T13:12:11.672490
0,Gen0_Match176_1752237443,Gen0_Deck8,Gen0_Deck20,Gen0_Deck8,1,0,27.771406650543213,2318698,Gen0_Match176_1752237443.txt,,2025-07-11T13:12:24.356667
0,Gen0_Match177_1752237443,Gen0_Deck8,Gen0_Deck21,Gen0_Deck8,1,0,31.263104677200317,2318696,Gen0_Match177_1752237443.txt,,2025-07-11T13:12:35.572018
0,Gen0_Match178_1752237443,Gen0_Deck22,Gen0_Deck8,Gen0_Deck8,0,1,37.04302406311035,2318697,Gen0_Match178_1752237443.txt,,2025-07-11T13:12:48.716052
0,Gen0_Match179_1752237443,Gen0_Deck23,Gen0_Deck8,Gen0_Deck23,1,0,30.498438358306885,2318698,Gen0_Match179_1752237443.txt,,2025-07-11T13:12:54.855719
0,Gen0_Match180_1752237443,Gen0_Deck8,Gen0_Deck24,Gen0_Deck24,0,1,29.307721376419067,2318696,Gen0_Match180_1752237443.txt,,2025-07-11T13:13:04.880181
0,Gen0_Match181_1752237443,Gen0_Deck10,Gen0_Deck9,Gen0_Deck9,0,1,27.784475088119507,2318697,Gen0_Match181_1752237443.txt,,2025-07-11T13:13:16.500996
0,Gen0_Match182_1752237443,Gen0_Deck9,Gen0_Deck11,Gen0_Deck9,1,0,31.20812678337097,2318698,Gen0_Match182_1752237443.txt,,2025-07-11T13:13:26.064300
0,Gen0_Match183_1752237443,Gen0_Deck9,Gen0_Deck12,Gen0_Deck9,1,0,23.00467586517334,2318696,Gen0_Match183_1752237443.txt,,2025-07-11T13:13:27.885349
0,Gen0_Match184_1752237443,Gen0_Deck13,Gen0_Deck9,Gen0_Deck9,0,1,32.9569730758667,2318697,Gen0_Match184_1752237443.txt,,2025-07-11T13:13:49.458472
0,Gen0_Match185_1752237443,Gen0_Deck14,Gen0_Deck9,Gen0_Deck9,0,1,30.168174982070923,2318698,Gen0_Match185_1752237443.txt,,2025-07-11T13:13:56.232943
0,Gen0_Match186_1752237443,Gen0_Deck9,Gen0_Deck15,Gen0_Deck9,1,0,29.961155891418457,2318696,Gen0_Match186_1752237443.txt,,2025-07-11T13:13:57.846974
0,Gen0_Match187_1752237443,Gen0_Deck9,Gen0_Deck16,Gen0_Deck9,1,0,26.14112687110901,2318697,Gen0_Match187_1752237443.txt,,2025-07-11T13:14:15.600018
0,Gen0_Match188_1752237443,Gen0_Deck17,Gen0_Deck9,Gen0_Deck9,0,1,30.231096982955933,2318698,Gen0_Match188_1752237443.txt,,2025-07-11T13:14:26.464460
0,Gen0_Match189_1752237443,Gen0_Deck9,Gen0_Deck18,Gen0_Deck18,0,1,36.576833963394165,2318696,Gen0_Match189_1752237443.txt,,2025-07-11T13:14:34.424365
0,Gen0_Match191_1752237443,Gen0_Deck20,Gen0_Deck9,Gen0_Deck20,1,0,26.287415742874146,2318698,Gen0_Match191_1752237443.txt,,2025-07-11T13:14:52.752295
0,Gen0_Match190_1752237443,Gen0_Deck9,Gen0_Deck19,Gen0_Deck9,1,0,46.58781623840332,2318697,Gen0_Match190_1752237443.txt,,2025-07-11T13:15:02.188311
0,Gen0_Match192_1752237443,Gen0_Deck21,Gen0_Deck9,Gen0_Deck21,1,0,30.81029772758484,2318696,Gen0_Match192_1752237443.txt,,2025-07-11T13:15:05.235188
0,Gen0_Match193_1752237443,Gen0_Deck9,Gen0_Deck22,Gen0_Deck9,1,0,26.85481309890747,2318698,Gen0_Match193_1752237443.txt,,2025-07-11T13:15:19.607527
0,Gen0_Match194_1752237443,Gen0_Deck23,Gen0_Deck9,Gen0_Deck9,0,1,26.309252738952637,2318697,Gen0_Match194_1752237443.txt,,2025-07-11T13:15:28.498017
0,Gen0_Match195_1752237443,Gen0_Deck24,Gen0_Deck9,Gen0_Deck9,0,1,25.275879859924316,2318696,Gen0_Match195_1752237443.txt,,2025-07-11T13:15:30.511500
0,Gen0_Match197_1752237443,Gen0_Deck10,Gen0_Deck12,Gen0_Deck12,0,1,32.709957122802734,2318697,Gen0_Match197_1752237443.txt,,2025-07-11T13:16:01.208451
0,Gen0_Match198_1752237443,Gen0_Deck13,Gen0_Deck10,Gen0_Deck10,0,1,32.00355577468872,2318696,Gen0_Match198_1752237443.txt,,2025-07-11T13:16:02.515544
0,Gen0_Match200_1752237443,Gen0_Deck10,Gen0_Deck15,Gen0_Deck15,0,1,25.084742069244385,2318696,Gen0_Match200_1752237443.txt,,2025-07-11T13:16:27.600744
0,Gen0_Match199_1752237443,Gen0_Deck14,Gen0_Deck10,Gen0_Deck14,1,0,33.629233837127686,2318697,Gen0_Match199_1752237443.txt,,2025-07-11T13:16:34.838295
0,Gen0_Match196_1752237443,Gen0_Deck10,Gen0_Deck11,Gen0_Deck10,1,0,77.01633930206299,2318698,Gen0_Match196_1752237443.txt,,2025-07-11T13:16:36.624378
0,Gen0_Match201_1752237443,Gen0_Deck10,Gen0_Deck16,Gen0_Deck10,1,0,23.15499472618103,2318696,Gen0_Match201_1752237443.txt,,2025-07-11T13:16:50.756244
0,Gen0_Match203_1752237443,Gen0_Deck10,Gen0_Deck18,Gen0_Deck10,1,0,37.431493282318115,2318698,Gen0_Match203_1752237443.txt,,2025-07-11T13:17:14.056345
0,Gen0_Match204_1752237443,Gen0_Deck10,Gen0_Deck19,Gen0_Deck19,0,1,30.035332679748535,2318696,Gen0_Match204_1752237443.txt,,2025-07-11T13:17:20.792279
0,Gen0_Match202_1752237443,Gen0_Deck17,Gen0_Deck10,Gen0_Deck17,1,0,60.871480226516724,2318697,Gen0_Match202_1752237443.txt,,2025-07-11T13:17:35.710334
0,Gen0_Match205_1752237443,Gen0_Deck20,Gen0_Deck10,Gen0_Deck20,1,0,23.716225624084473,2318698,Gen0_Match205_1752237443.txt,,2025-07-11T13:17:37.772986
0,Gen0_Match206_1752237443,Gen0_Deck21,Gen0_Deck10,Gen0_Deck21,1,0,27.971702098846436,2318696,Gen0_Match206_1752237443.txt,,2025-07-11T13:17:48.764542
0,Gen0_Match208_1752237443,Gen0_Deck23,Gen0_Deck10,Gen0_Deck10,0,1,23.957351684570312,2318698,Gen0_Match208_1752237443.txt,,2025-07-11T13:18:01.730870
0,Gen0_Match207_1752237443,Gen0_Deck10,Gen0_Deck22,Gen0_Deck10,1,0,29.08411431312561,2318697,Gen0_Match207_1752237443.txt,,2025-07-11T13:18:04.795007
0,Gen0_Match209_1752237443,Gen0_Deck24,Gen0_Deck10,Gen0_Deck24,1,0,38.84744119644165,2318696,Gen0_Match209_1752237443.txt,,2025-07-11T13:18:27.612466
0,Gen0_Match210_1752237443,Gen0_Deck11,Gen0_Deck12,Gen0_Deck12,0,1,26.52896499633789,2318698,Gen0_Match210_1752237443.txt,,2025-07-11T13:18:28.260410
0,Gen0_Match211_1752237443,Gen0_Deck13,Gen0_Deck11,Gen0_Deck13,1,0,34.80839252471924,2318697,Gen0_Match211_1752237443.txt,,2025-07-11T13:18:39.603931
0,Gen0_Match213_1752237443,Gen0_Deck11,Gen0_Deck15,Gen0_Deck11,1,0,22.525891304016113,2318698,Gen0_Match213_1752237443.txt,,2025-07-11T13:18:50.786765
0,Gen0_Match212_1752237443,Gen0_Deck14,Gen0_Deck11,Gen0_Deck11,0,1,24.560062170028687,2318696,Gen0_Match212_1752237443.txt,,2025-07-11T13:18:52.173044
0,Gen0_Match214_1752237443,Gen0_Deck11,Gen0_Deck16,Gen0_Deck11,1,0,30.07577133178711,2318697,Gen0_Match214_1752237443.txt,,2025-07-11T13:19:09.680183
0,Gen0_Match216_1752237443,Gen0_Deck11,Gen0_Deck18,Gen0_Deck11,1,0,34.17776584625244,2318696,Gen0_Match216_1752237443.txt,,2025-07-11T13:19:26.351287
0,Gen0_Match217_1752237443,Gen0_Deck11,Gen0_Deck19,Gen0_Deck19,0,1,28.959705591201782,2318697,Gen0_Match217_1752237443.txt,,2025-07-11T13:19:38.640367
0,Gen0_Match215_1752237443,Gen0_Deck17,Gen0_Deck11,Gen0_Deck17,1,0,51.957133293151855,2318698,Gen0_Match215_1752237443.txt,,2025-07-11T13:19:42.744542
0,Gen0_Match218_1752237443,Gen0_Deck20,Gen0_Deck11,Gen0_Deck11,0,1,38.87564539909363,2318696,Gen0_Match218_1752237443.txt,,2025-07-11T13:20:05.227478
0,Gen0_Match219_1752237443,Gen0_Deck21,Gen0_Deck11,Gen0_Deck11,0,1,33.2995707988739,2318697,Gen0_Match219_1752237443.txt,,2025-07-11T13:20:11.940578
0,Gen0_Match220_1752237443,Gen0_Deck11,Gen0_Deck22,Gen0_Deck22,0,1,31.95849609375,2318698,Gen0_Match220_1752237443.txt,,2025-07-11T13:20:14.703486
0,Gen0_Match222_1752237443,Gen0_Deck24,Gen0_Deck11,Gen0_Deck11,0,1,25.631149768829346,2318697,Gen0_Match222_1752237443.txt,,2025-07-11T13:20:37.572244
0,Gen0_Match221_1752237443,Gen0_Deck11,Gen0_Deck23,Gen0_Deck23,0,1,39.5288360118866,2318696,Gen0_Match221_1752237443.txt,,2025-07-11T13:20:44.756902
0,Gen0_Match223_1752237443,Gen0_Deck13,Gen0_Deck12,Gen0_Deck12,0,1,35.08864641189575,2318698,Gen0_Match223_1752237443.txt,,2025-07-11T13:20:49.792680
0,Gen0_Match224_1752237443,Gen0_Deck14,Gen0_Deck12,Gen0_Deck12,0,1,27.303878784179688,2318697,Gen0_Match224_1752237443.txt,,2025-07-11T13:21:04.876602
0,Gen0_Match225_1752237443,Gen0_Deck12,Gen0_Deck15,Gen0_Deck15,0,1,22.481890201568604,2318696,Gen0_Match225_1752237443.txt,,2025-07-11T13:21:07.239270
0,Gen0_Match228_1752237443,Gen0_Deck12,Gen0_Deck18,Gen0_Deck12,1,0,24.676650762557983,2318696,Gen0_Match228_1752237443.txt,,2025-07-11T13:21:31.916393
0,Gen0_Match226_1752237443,Gen0_Deck12,Gen0_Deck16,Gen0_Deck16,0,1,42.84482550621033,2318698,Gen0_Match226_1752237443.txt,,2025-07-11T13:21:32.638022
0,Gen0_Match227_1752237443,Gen0_Deck17,Gen0_Deck12,Gen0_Deck12,0,1,35.37941551208496,2318697,Gen0_Match227_1752237443.txt,,2025-07-11T13:21:40.256529
0,Gen0_Match230_1752237443,Gen0_Deck20,Gen0_Deck12,Gen0_Deck12,0,1,31.54333233833313,2318698,Gen0_Match230_1752237443.txt,,2025-07-11T13:22:04.181953
0,Gen0_Match231_1752237443,Gen0_Deck21,Gen0_Deck12,Gen0_Deck12,0,1,34.13143610954285,2318697,Gen0_Match231_1752237443.txt,,2025-07-11T13:22:14.388604
0,Gen0_Match232_1752237443,Gen0_Deck12,Gen0_Deck22,Gen0_Deck12,1,0,28.905949592590332,2318698,Gen0_Match232_1752237443.txt,,2025-07-11T13:22:33.088468
0,Gen0_Match229_1752237443,Gen0_Deck12,Gen0_Deck19,Gen0_Deck19,0,1,65.93950867652893,2318696,Gen0_Match229_1752237443.txt,,2025-07-11T13:22:37.856598
0,Gen0_Match233_1752237443,Gen0_Deck12,Gen0_Deck23,Gen0_Deck23,0,1,37.44476628303528,2318697,Gen0_Match233_1752237443.txt,,2025-07-11T13:22:51.833935
0,Gen0_Match235_1752237443,Gen0_Deck13,Gen0_Deck14,Gen0_Deck14,0,1,35.4234082698822,2318696,Gen0_Match235_1752237443.txt,,2025-07-11T13:23:13.280533
0,Gen0_Match234_1752237443,Gen0_Deck24,Gen0_Deck12,Gen0_Deck24,1,0,41.4320604801178,2318698,Gen0_Match234_1752237443.txt,,2025-07-11T13:23:14.521041
0,Gen0_Match236_1752237443,Gen0_Deck15,Gen0_Deck13,Gen0_Deck13,0,1,26.742238759994507,2318697,Gen0_Match236_1752237443.txt,,2025-07-11T13:23:18.576648
0,Gen0_Match238_1752237443,Gen0_Deck13,Gen0_Deck17,Gen0_Deck17,0,1,27.08670401573181,2318698,Gen0_Match238_1752237443.txt,,2025-07-11T13:23:41.608209
0,Gen0_Match237_1752237443,Gen0_Deck16,Gen0_Deck13,Gen0_Deck16,1,0,38.76746964454651,2318696,Gen0_Match237_1752237443.txt,,2025-07-11T13:23:52.048533
0,Gen0_Match241_1752237443,Gen0_Deck13,Gen0_Deck20,Gen0_Deck13,1,0,21.49002504348755,2318696,Gen0_Match241_1752237443.txt,,2025-07-11T13:24:13.539018
0,Gen0_Match239_1752237443,Gen0_Deck13,Gen0_Deck18,Gen0_Deck18,0,1,58.94733810424805,2318697,Gen0_Match239_1752237443.txt,,2025-07-11T13:24:17.524504
0,Gen0_Match240_1752237443,Gen0_Deck19,Gen0_Deck13,Gen0_Deck19,1,0,50.49301099777222,2318698,Gen0_Match240_1752237443.txt,,2025-07-11T13:24:32.101698
0,Gen0_Match242_1752237443,Gen0_Deck13,Gen0_Deck21,Gen0_Deck13,1,0,26.363412380218506,2318696,Gen0_Match242_1752237443.txt,,2025-07-11T13:24:39.902933
0,Gen0_Match243_1752237443,Gen0_Deck22,Gen0_Deck13,Gen0_Deck13,0,1,25.74956750869751,2318697,Gen0_Match243_1752237443.txt,,2025-07-11T13:24:43.274603
0,Gen0_Match244_1752237443,Gen0_Deck23,Gen0_Deck13,Gen0_Deck13,0,1,24.17894411087036,2318698,Gen0_Match244_1752237443.txt,,2025-07-11T13:24:56.281088
0,Gen0_Match246_1752237443,Gen0_Deck14,Gen0_Deck15,Gen0_Deck14,1,0,27.7094144821167,2318697,Gen0_Match246_1752237443.txt,,2025-07-11T13:25:10.984525
0,Gen0_Match245_1752237443,Gen0_Deck13,Gen0_Deck24,Gen0_Deck13,1,0,31.343100547790527,2318696,Gen0_Match245_1752237443.txt,,2025-07-11T13:25:11.246543
0,Gen0_Match249_1752237443,Gen0_Deck18,Gen0_Deck14,Gen0_Deck14,0,1,31.585491180419922,2318696,Gen0_Match249_1752237443.txt,,2025-07-11T13:25:42.832496
0,Gen0_Match247_1752237443,Gen0_Deck14,Gen0_Deck16,Gen0_Deck16,0,1,50.63108563423157,2318698,Gen0_Match247_1752237443.txt,,2025-07-11T13:25:46.912775
0,Gen0_Match250_1752237443,Gen0_Deck14,Gen0_Deck19,Gen0_Deck14,1,0,25.78642725944519,2318696,Gen0_Match250_1752237443.txt,,2025-07-11T13:26:08.619446
0,Gen0_Match251_1752237443,Gen0_Deck20,Gen0_Deck14,Gen0_Deck14,0,1,25.735161781311035,2318698,Gen0_Match251_1752237443.txt,,2025-07-11T13:26:12.648445
0,Gen0_Match248_1752237443,Gen0_Deck17,Gen0_Deck14,Gen0_Deck14,0,1,61.86890888214111,2318697,Gen0_Match248_1752237443.txt,,2025-07-11T13:26:12.853931
0,Gen0_Match252_1752237443,Gen0_Deck21,Gen0_Deck14,Gen0_Deck21,1,0,26.22052526473999,2318696,Gen0_Match252_1752237443.txt,,2025-07-11T13:26:34.840496
0,Gen0_Match253_1752237443,Gen0_Deck14,Gen0_Deck22,Gen0_Deck14,1,0,23.11908483505249,2318698,Gen0_Match253_1752237443.txt,,2025-07-11T13:26:35.767973
0,Gen0_Match254_1752237443,Gen0_Deck14,Gen0_Deck23,Gen0_Deck23,0,1,34.746068477630615,2318697,Gen0_Match254_1752237443.txt,,2025-07-11T13:26:47.600547
0,Gen0_Match256_1752237443,Gen0_Deck16,Gen0_Deck15,Gen0_Deck16,1,0,23.447538375854492,2318698,Gen0_Match256_1752237443.txt,,2025-07-11T13:26:59.215969
0,Gen0_Match255_1752237443,Gen0_Deck24,Gen0_Deck14,Gen0_Deck14,0,1,27.414639949798584,2318696,Gen0_Match255_1752237443.txt,,2025-07-11T13:27:02.255637
0,Gen0_Match257_1752237443,Gen0_Deck17,Gen0_Deck15,Gen0_Deck17,1,0,42.489240407943726,2318697,Gen0_Match257_1752237443.txt,,2025-07-11T13:27:30.090327
0,Gen0_Match258_1752237443,Gen0_Deck15,Gen0_Deck18,Gen0_Deck18,0,1,37.7081241607666,2318698,Gen0_Match258_1752237443.txt,,2025-07-11T13:27:36.924620
0,Gen0_Match259_1752237443,Gen0_Deck19,Gen0_Deck15,Gen0_Deck15,0,1,36.623729944229126,2318696,Gen0_Match259_1752237443.txt,,2025-07-11T13:27:38.879873
0,Gen0_Match262_1752237443,Gen0_Deck15,Gen0_Deck22,Gen0_Deck15,1,0,23.34877610206604,2318696,Gen0_Match262_1752237443.txt,,2025-07-11T13:28:02.229120
0,Gen0_Match260_1752237443,Gen0_Deck20,Gen0_Deck15,Gen0_Deck15,0,1,33.0017786026001,2318697,Gen0_Match260_1752237443.txt,,2025-07-11T13:28:03.092608
0,Gen0_Match261_1752237443,Gen0_Deck21,Gen0_Deck15,Gen0_Deck21,1,0,30.201642751693726,2318698,Gen0_Match261_1752237443.txt,,2025-07-11T13:28:07.126899
0,Gen0_Match263_1752237443,Gen0_Deck23,Gen0_Deck15,Gen0_Deck15,0,1,26.86015796661377,2318696,Gen0_Match263_1752237443.txt,,2025-07-11T13:28:29.089837
0,Gen0_Match264_1752237443,Gen0_Deck15,Gen0_Deck24,Gen0_Deck24,0,1,30.488543272018433,2318697,Gen0_Match264_1752237443.txt,,2025-07-11T13:28:33.581623
0,Gen0_Match265_1752237443,Gen0_Deck17,Gen0_Deck16,Gen0_Deck17,1,0,42.75261092185974,2318698,Gen0_Match265_1752237443.txt,,2025-07-11T13:28:49.880026
0,Gen0_Match266_1752237443,Gen0_Deck16,Gen0_Deck18,Gen0_Deck18,0,1,31.15400218963623,2318696,Gen0_Match266_1752237443.txt,,2025-07-11T13:29:00.244319
0,Gen0_Match268_1752237443,Gen0_Deck20,Gen0_Deck16,Gen0_Deck16,0,1,25.645020484924316,2318698,Gen0_Match268_1752237443.txt,,2025-07-11T13:29:15.525521
0,Gen0_Match269_1752237443,Gen0_Deck21,Gen0_Deck16,Gen0_Deck16,0,1,28.85241460800171,2318696,Gen0_Match269_1752237443.txt,,2025-07-11T13:29:29.097260
0,Gen0_Match267_1752237443,Gen0_Deck16,Gen0_Deck19,Gen0_Deck16,1,0,58.74305868148804,2318697,Gen0_Match267_1752237443.txt,,2025-07-11T13:29:32.325211
0,Gen0_Match270_1752237443,Gen0_Deck16,Gen0_Deck22,Gen0_Deck16,1,0,32.35531449317932,2318698,Gen0_Match270_1752237443.txt,,2025-07-11T13:29:47.881358
0,Gen0_Match271_1752237443,Gen0_Deck16,Gen0_Deck23,Gen0_Deck23,0,1,20.465296506881714,2318696,Gen0_Match271_1752237443.txt,,2025-07-11T13:29:49.563017
0,Gen0_Match272_1752237443,Gen0_Deck24,Gen0_Deck16,Gen0_Deck16,0,1,23.46652626991272,2318697,Gen0_Match272_1752237443.txt,,2025-07-11T13:29:56.002404
0,Gen0_Match275_1752237443,Gen0_Deck20,Gen0_Deck17,Gen0_Deck20,1,0,33.37195324897766,2318697,Gen0_Match275_1752237443.txt,,2025-07-11T13:30:29.374996
0,Gen0_Match274_1752237443,Gen0_Deck17,Gen0_Deck19,Gen0_Deck19,0,1,56.585198163986206,2318696,Gen0_Match274_1752237443.txt,,2025-07-11T13:30:46.148722
0,Gen0_Match276_1752237443,Gen0_Deck21,Gen0_Deck17,Gen0_Deck17,0,1,22.293163299560547,2318697,Gen0_Match276_1752237443.txt,,2025-07-11T13:30:51.668571
0,Gen0_Match277_1752237443,Gen0_Deck17,Gen0_Deck22,Gen0_Deck17,1,0,25.915443897247314,2318696,Gen0_Match277_1752237443.txt,,2025-07-11T13:31:12.064617
0,Gen0_Match278_1752237443,Gen0_Deck17,Gen0_Deck23,Gen0_Deck23,0,1,30.97933793067932,2318697,Gen0_Match278_1752237443.txt,,2025-07-11T13:31:22.648374
0,Gen0_Match279_1752237443,Gen0_Deck24,Gen0_Deck17,Gen0_Deck17,0,1,26.57602071762085,2318696,Gen0_Match279_1752237443.txt,,2025-07-11T13:31:38.641103
0,Gen0_Match273_1752237443,Gen0_Deck17,Gen0_Deck18,Gen0_Deck17,1,0,132.38599014282227,2318698,Gen0_Match273_1752237443.txt,,2025-07-11T13:32:00.267943
0,Gen0_Match281_1752237443,Gen0_Deck18,Gen0_Deck20,Gen0_Deck18,1,0,24.855777978897095,2318696,Gen0_Match281_1752237443.txt,,2025-07-11T13:32:03.497373
0,Gen0_Match282_1752237443,Gen0_Deck21,Gen0_Deck18,Gen0_Deck21,1,0,32.71613264083862,2318698,Gen0_Match282_1752237443.txt,,2025-07-11T13:32:32.984584
0,Gen0_Match283_1752237443,Gen0_Deck22,Gen0_Deck18,Gen0_Deck18,0,1,35.15457773208618,2318696,Gen0_Match283_1752237443.txt,,2025-07-11T13:32:38.652475
0,Gen0_Match285_1752237443,Gen0_Deck18,Gen0_Deck24,Gen0_Deck18,1,0,21.029117107391357,2318696,Gen0_Match285_1752237443.txt,,2025-07-11T13:32:59.682044
0,Gen0_Match284_1752237443,Gen0_Deck18,Gen0_Deck23,Gen0_Deck23,0,1,39.48351526260376,2318698,Gen0_Match284_1752237443.txt,,2025-07-11T13:33:12.468632
0,Gen0_Match280_1752237443,Gen0_Deck18,Gen0_Deck19,Gen0_Deck18,1,0,131.4077250957489,2318697,Gen0_Match280_1752237443.txt,,2025-07-11T13:33:34.056576
0,Gen0_Match286_1752237443,Gen0_Deck20,Gen0_Deck19,Gen0_Deck20,1,0,40.16177582740784,2318696,Gen0_Match286_1752237443.txt,,2025-07-11T13:33:39.844384
0,Gen0_Match287_1752237443,Gen0_Deck21,Gen0_Deck19,Gen0_Deck19,0,1,30.61846613883972,2318698,Gen0_Match287_1752237443.txt,,2025-07-11T13:33:43.087615
0,Gen0_Match288_1752237443,Gen0_Deck19,Gen0_Deck22,Gen0_Deck19,1,0,26.488969326019287,2318697,Gen0_Match288_1752237443.txt,,2025-07-11T13:34:00.545998
0,Gen0_Match290_1752237443,Gen0_Deck24,Gen0_Deck19,Gen0_Deck19,0,1,28.432116985321045,2318698,Gen0_Match290_1752237443.txt,,2025-07-11T13:34:11.520222
0,Gen0_Match289_1752237443,Gen0_Deck19,Gen0_Deck23,Gen0_Deck23,0,1,40.687424659729004,2318696,Gen0_Match289_1752237443.txt,,2025-07-11T13:34:20.532342
0,Gen0_Match292_1752237443,Gen0_Deck22,Gen0_Deck20,Gen0_Deck20,0,1,22.959430932998657,2318698,Gen0_Match292_1752237443.txt,,2025-07-11T13:34:34.480153
0,Gen0_Match291_1752237443,Gen0_Deck20,Gen0_Deck21,Gen0_Deck20,1,0,42.831034660339355,2318697,Gen0_Match291_1752237443.txt,,2025-07-11T13:34:43.377693
0,Gen0_Match293_1752237443,Gen0_Deck23,Gen0_Deck20,Gen0_Deck20,0,1,24.67380690574646,2318696,Gen0_Match293_1752237443.txt,,2025-07-11T13:34:45.206603
0,Gen0_Match294_1752237443,Gen0_Deck20,Gen0_Deck24,Gen0_Deck20,1,0,36.35647535324097,2318698,Gen0_Match294_1752237443.txt,,2025-07-11T13:35:10.837130
0,Gen0_Match296_1752237443,Gen0_Deck21,Gen0_Deck23,Gen0_Deck23,0,1,29.41881537437439,2318696,Gen0_Match296_1752237443.txt,,2025-07-11T13:35:14.625907
0,Gen0_Match295_1752237443,Gen0_Deck21,Gen0_Deck22,Gen0_Deck22,0,1,50.230215549468994,2318697,Gen0_Match295_1752237443.txt,,2025-07-11T13:35:33.608464
0,Gen0_Match297_1752237443,Gen0_Deck24,Gen0_Deck21,Gen0_Deck24,1,0,26.235854625701904,2318698,Gen0_Match297_1752237443.txt,,2025-07-11T13:35:37.073460
0,Gen0_Match298_1752237443,Gen0_Deck22,Gen0_Deck23,Gen0_Deck23,0,1,23.086094856262207,2318696,Gen0_Match298_1752237443.txt,,2025-07-11T13:35:37.712521
0,Gen0_Match299_1752237443,Gen0_Deck24,Gen0_Deck22,Gen0_Deck24,1,0,16.61005449295044,2318697,Gen0_Match299_1752237443.txt,,2025-07-11T13:35:50.218990
0,Gen0_Match300_1752237443,Gen0_Deck24,Gen0_Deck23,Gen0_Deck23,0,1,16.527575969696045,2318698,Gen0_Match300_1752237443.txt,,2025-07-11T13:35:53.601700
1,Gen1_Match1_1752240953,Gen1_Deck1,Gen1_Deck0,Gen1_Deck1,1,0,27.66431760787964,2447626,Gen1_Match1_1752240953.txt,,2025-07-11T13:36:21.320745
1,Gen1_Match3_1752240953,Gen1_Deck0,Gen1_Deck3,Gen1_Deck3,0,1,29.40927529335022,2447628,Gen1_Match3_1752240953.txt,,2025-07-11T13:36:23.069845
1,Gen1_Match2_1752240953,Gen1_Deck2,Gen1_Deck0,Gen1_Deck2,1,0,33.52890419960022,2447627,Gen1_Match2_1752240953.txt,,2025-07-11T13:36:27.188158
1,Gen1_Match4_1752240953,Gen1_Deck4,Gen1_Deck0,Gen1_Deck4,1,0,29.101349115371704,2447626,Gen1_Match4_1752240953.txt,,2025-07-11T13:36:50.422962
1,Gen1_Match6_1752240953,Gen1_Deck0,Gen1_Deck6,Gen1_Deck0,1,0,26.192683219909668,2447627,Gen1_Match6_1752240953.txt,,2025-07-11T13:36:53.381611
1,Gen1_Match5_1752240953,Gen1_Deck5,Gen1_Deck0,Gen1_Deck5,1,0,34.12767505645752,2447628,Gen1_Match5_1752240953.txt,,2025-07-11T13:36:57.198371
1,Gen1_Match7_1752240953,Gen1_Deck0,Gen1_Deck7,Gen1_Deck7,0,1,29.430680513381958,2447626,Gen1_Match7_1752240953.txt,,2025-07-11T13:37:19.854216
1,Gen1_Match9_1752240953,Gen1_Deck9,Gen1_Deck0,Gen1_Deck0,0,1,31.541401624679565,2447628,Gen1_Match9_1752240953.txt,,2025-07-11T13:37:28.740313
1,Gen1_Match8_1752240953,Gen1_Deck8,Gen1_Deck0,Gen1_Deck0,0,1,47.59033250808716,2447627,Gen1_Match8_1752240953.txt,,2025-07-11T13:37:40.972581
1,Gen1_Match10_1752240953,Gen1_Deck0,Gen1_Deck10,Gen1_Deck0,1,0,35.01412844657898,2447626,Gen1_Match10_1752240953.txt,,2025-07-11T13:37:54.868853
1,Gen1_Match12_1752240953,Gen1_Deck12,Gen1_Deck0,Gen1_Deck12,1,0,24.243144750595093,2447627,Gen1_Match12_1752240953.txt,,2025-07-11T13:38:05.216201
1,Gen1_Match11_1752240953,Gen1_Deck11,Gen1_Deck0,Gen1_Deck0,0,1,47.60550856590271,2447628,Gen1_Match11_1752240953.txt,,2025-07-11T13:38:16.346508
1,Gen1_Match13_1752240953,Gen1_Deck0,Gen1_Deck13,Gen1_Deck13,0,1,35.92374873161316,2447626,Gen1_Match13_1752240953.txt,,2025-07-11T13:38:30.793138
1,Gen1_Match14_1752240953,Gen1_Deck0,Gen1_Deck14,Gen1_Deck14,0,1,25.797853231430054,2447627,Gen1_Match14_1752240953.txt,,2025-07-11T13:38:31.014508
1,Gen1_Match15_1752240953,Gen1_Deck15,Gen1_Deck0,Gen1_Deck0,0,1,30.321846961975098,2447628,Gen1_Match15_1752240953.txt,,2025-07-11T13:38:46.668856
1,Gen1_Match17_1752240953,Gen1_Deck0,Gen1_Deck17,Gen1_Deck0,1,0,33.18301725387573,2447627,Gen1_Match17_1752240953.txt,,2025-07-11T13:39:04.197988
1,Gen1_Match19_1752240953,Gen1_Deck19,Gen1_Deck0,Gen1_Deck19,1,0,27.182501316070557,2447627,Gen1_Match19_1752240953.txt,,2025-07-11T13:39:31.380972
1,Gen1_Match20_1752240953,Gen1_Deck0,Gen1_Deck20,Gen1_Deck0,1,0,20.46766495704651,2447627,Gen1_Match20_1752240953.txt,,2025-07-11T13:39:51.849113
1,Gen1_Match21_1752240953,Gen1_Deck0,Gen1_Deck21,Gen1_Deck0,1,0,26.906933069229126,2447627,Gen1_Match21_1752240953.txt,,2025-07-11T13:40:18.756576
1,Gen1_Match18_1752240953,Gen1_Deck18,Gen1_Deck0,Gen1_Deck18,1,0,95.10884857177734,2447628,Gen1_Match18_1752240953.txt,,2025-07-11T13:40:21.778428
1,Gen1_Match22_1752240953,Gen1_Deck22,Gen1_Deck0,Gen1_Deck22,1,0,23.104548692703247,2447627,Gen1_Match22_1752240953.txt,,2025-07-11T13:40:41.861632
1,Gen1_Match23_1752240953,Gen1_Deck23,Gen1_Deck0,Gen1_Deck0,0,1,20.410988807678223,2447628,Gen1_Match23_1752240953.txt,,2025-07-11T13:40:42.189869
1,Gen1_Match16_1752240953,Gen1_Deck16,Gen1_Deck0,Gen1_Deck16,1,0,131.48448777198792,2447626,Gen1_Match16_1752240953.txt,,2025-07-11T13:40:42.278338
1,Gen1_Match25_1752240953,Gen1_Deck1,Gen1_Deck2,Gen1_Deck1,1,0,28.455355405807495,2447628,Gen1_Match25_1752240953.txt,,2025-07-11T13:41:10.645698
1,Gen1_Match24_1752240953,Gen1_Deck0,Gen1_Deck24,Gen1_Deck24,0,1,30.374391078948975,2447627,Gen1_Match24_1752240953.txt,,2025-07-11T13:41:12.236474
1,Gen1_Match26_1752240953,Gen1_Deck1,Gen1_Deck3,Gen1_Deck1,1,0,36.03645920753479,2447626,Gen1_Match26_1752240953.txt,,2025-07-11T13:41:18.315311
1,Gen1_Match27_1752240953,Gen1_Deck1,Gen1_Deck4,Gen1_Deck1,1,0,27.41716170310974,2447628,Gen1_Match27_1752240953.txt,,2025-07-11T13:41:38.063348
1,Gen1_Match29_1752240953,Gen1_Deck1,Gen1_Deck6,Gen1_Deck6,0,1,31.186683654785156,2447626,Gen1_Match29_1752240953.txt,,2025-07-11T13:41:49.502631
1,Gen1_Match30_1752240953,Gen1_Deck1,Gen1_Deck7,Gen1_Deck7,0,1,27.944865465164185,2447628,Gen1_Match30_1752240953.txt,,2025-07-11T13:42:06.008708
1,Gen1_Match28_1752240953,Gen1_Deck5,Gen1_Deck1,Gen1_Deck1,0,1,58.124324798583984,2447627,Gen1_Match28_1752240953.txt,,2025-07-11T13:42:10.361351
1,Gen1_Match31_1752240953,Gen1_Deck8,Gen1_Deck1,Gen1_Deck1,0,1,25.221351385116577,2447626,Gen1_Match31_1752240953.txt,,2025-07-11T13:42:14.724983
1,Gen1_Match32_1752240953,Gen1_Deck1,Gen1_Deck9,Gen1_Deck1,1,0,22.387938737869263,2447628,Gen1_Match32_1752240953.txt,,2025-07-11T13:42:28.397156
1,Gen1_Match33_1752240953,Gen1_Deck1,Gen1_Deck10,Gen1_Deck1,1,0,26.39209246635437,2447627,Gen1_Match33_1752240953.txt,,2025-07-11T13:42:36.753927
1,Gen1_Match34_1752240953,Gen1_Deck1,Gen1_Deck11,Gen1_Deck1,1,0,33.57834839820862,2447626,Gen1_Match34_1752240953.txt,,2025-07-11T13:42:48.303818
1,Gen1_Match35_1752240953,Gen1_Deck12,Gen1_Deck1,Gen1_Deck1,0,1,23.10607123374939,2447628,Gen1_Match35_1752240953.txt,,2025-07-11T13:42:51.503715
1,Gen1_Match36_1752240953,Gen1_Deck1,Gen1_Deck13,Gen1_Deck1,1,0,31.364633798599243,2447627,Gen1_Match36_1752240953.txt,,2025-07-11T13:43:08.119062
1,Gen1_Match37_1752240953,Gen1_Deck14,Gen1_Deck1,Gen1_Deck14,1,0,30.44812774658203,2447626,Gen1_Match37_1752240953.txt,,2025-07-11T13:43:18.752433
1,Gen1_Match38_1752240953,Gen1_Deck15,Gen1_Deck1,Gen1_Deck15,1,0,30.172102451324463,2447628,Gen1_Match38_1752240953.txt,,2025-07-11T13:43:21.676298
1,Gen1_Match39_1752240953,Gen1_Deck16,Gen1_Deck1,Gen1_Deck1,0,1,23.367202520370483,2447627,Gen1_Match39_1752240953.txt,,2025-07-11T13:43:31.486680
1,Gen1_Match41_1752240953,Gen1_Deck18,Gen1_Deck1,Gen1_Deck18,1,0,41.48778033256531,2447628,Gen1_Match41_1752240953.txt,,2025-07-11T13:44:03.164579
1,Gen1_Match40_1752240953,Gen1_Deck1,Gen1_Deck17,Gen1_Deck1,1,0,46.48783230781555,2447626,Gen1_Match40_1752240953.txt,,2025-07-11T13:44:05.240770
1,Gen1_Match42_1752240953,Gen1_Deck19,Gen1_Deck1,Gen1_Deck1,0,1,41.80528473854065,2447627,Gen1_Match42_1752240953.txt,,2025-07-11T13:44:13.292492
1,Gen1_Match44_1752240953,Gen1_Deck1,Gen1_Deck21,Gen1_Deck21,0,1,25.648751974105835,2447626,Gen1_Match44_1752240953.txt,,2025-07-11T13:44:30.889992
1,Gen1_Match43_1752240953,Gen1_Deck20,Gen1_Deck1,Gen1_Deck1,0,1,32.10387659072876,2447628,Gen1_Match43_1752240953.txt,,2025-07-11T13:44:35.268914
1,Gen1_Match45_1752240953,Gen1_Deck22,Gen1_Deck1,Gen1_Deck22,1,0,29.3097186088562,2447627,Gen1_Match45_1752240953.txt,,2025-07-11T13:44:42.602689
1,Gen1_Match46_1752240953,Gen1_Deck23,Gen1_Deck1,Gen1_Deck1,0,1,33.2419650554657,2447626,Gen1_Match46_1752240953.txt,,2025-07-11T13:45:04.132431
1,Gen1_Match47_1752240953,Gen1_Deck1,Gen1_Deck24,Gen1_Deck24,0,1,34.399139404296875,2447628,Gen1_Match47_1752240953.txt,,2025-07-11T13:45:09.668548
1,Gen1_Match48_1752240953,Gen1_Deck2,Gen1_Deck3,Gen1_Deck3,0,1,45.428383350372314,2447627,Gen1_Match48_1752240953.txt,,2025-07-11T13:45:28.031652
1,Gen1_Match50_1752240953,Gen1_Deck5,Gen1_Deck2,Gen1_Deck2,0,1,32.166563510894775,2447628,Gen1_Match50_1752240953.txt,,2025-07-11T13:45:41.835615
1,Gen1_Match49_1752240953,Gen1_Deck2,Gen1_Deck4,Gen1_Deck4,0,1,48.559690713882446,2447626,Gen1_Match49_1752240953.txt,,2025-07-11T13:45:52.692670
1,Gen1_Match51_1752240953,Gen1_Deck2,Gen1_Deck6,Gen1_Deck6,0,1,31.918968439102173,2447627,Gen1_Match51_1752240953.txt,,2025-07-11T13:45:59.951145
1,Gen1_Match52_1752240953,Gen1_Deck2,Gen1_Deck7,Gen1_Deck7,0,1,31.73294758796692,2447628,Gen1_Match52_1752240953.txt,,2025-07-11T13:46:13.569057
1,Gen1_Match54_1752240953,Gen1_Deck9,Gen1_Deck2,Gen1_Deck2,0,1,27.472880601882935,2447627,Gen1_Match54_1752240953.txt,,2025-07-11T13:46:27.424480
1,Gen1_Match53_1752240953,Gen1_Deck8,Gen1_Deck2,Gen1_Deck2,0,1,35.798364877700806,2447626,Gen1_Match53_1752240953.txt,,2025-07-11T13:46:28.491516
1,Gen1_Match55_1752240953,Gen1_Deck2,Gen1_Deck10,Gen1_Deck2,1,0,39.17508625984192,2447628,Gen1_Match55_1752240953.txt,,2025-07-11T13:46:52.744681
1,Gen1_Match57_1752240953,Gen1_Deck12,Gen1_Deck2,Gen1_Deck2,0,1,28.67480230331421,2447626,Gen1_Match57_1752240953.txt,,2025-07-11T13:46:57.166765
1,Gen1_Match56_1752240953,Gen1_Deck2,Gen1_Deck11,Gen1_Deck11,0,1,41.435683250427246,2447627,Gen1_Match56_1752240953.txt,,2025-07-11T13:47:08.860671
1,Gen1_Match59_1752240953,Gen1_Deck2,Gen1_Deck14,Gen1_Deck14,0,1,30.38934302330017,2447626,Gen1_Match59_1752240953.txt,,2025-07-11T13:47:27.567190
1,Gen1_Match60_1752240953,Gen1_Deck15,Gen1_Deck2,Gen1_Deck15,1,0,35.377158641815186,2447627,Gen1_Match60_1752240953.txt,,2025-07-11T13:47:44.267503
1,Gen1_Match61_1752240953,Gen1_Deck16,Gen1_Deck2,Gen1_Deck2,0,1,22.856760263442993,2447626,Gen1_Match61_1752240953.txt,,2025-07-11T13:47:50.424489
1,Gen1_Match58_1752240953,Gen1_Deck2,Gen1_Deck13,Gen1_Deck2,1,0,66.97610640525818,2447628,Gen1_Match58_1752240953.txt,,2025-07-11T13:47:59.721318
1,Gen1_Match62_1752240953,Gen1_Deck2,Gen1_Deck17,Gen1_Deck2,1,0,28.296512365341187,2447627,Gen1_Match62_1752240953.txt,,2025-07-11T13:48:12.564524
1,Gen1_Match64_1752240953,Gen1_Deck19,Gen1_Deck2,Gen1_Deck2,0,1,24.37380290031433,2447628,Gen1_Match64_1752240953.txt,,2025-07-11T13:48:24.095605
1,Gen1_Match63_1752240953,Gen1_Deck2,Gen1_Deck18,Gen1_Deck2,1,0,40.17516326904297,2447626,Gen1_Match63_1752240953.txt,,2025-07-11T13:48:30.600191
1,Gen1_Match65_1752240953,Gen1_Deck2,Gen1_Deck20,Gen1_Deck2,1,0,33.58114576339722,2447627,Gen1_Match65_1752240953.txt,,2025-07-11T13:48:46.146158
1,Gen1_Match66_1752240953,Gen1_Deck2,Gen1_Deck21,Gen1_Deck2,1,0,33.56847596168518,2447628,Gen1_Match66_1752240953.txt,,2025-07-11T13:48:57.664553
1,Gen1_Match67_1752240953,Gen1_Deck2,Gen1_Deck22,Gen1_Deck2,1,0,34.005505084991455,2447626,Gen1_Match67_1752240953.txt,,2025-07-11T13:49:04.606150
1,Gen1_Match69_1752240953,Gen1_Deck2,Gen1_Deck24,Gen1_Deck2,1,0,27.270788431167603,2447628,Gen1_Match69_1752240953.txt,,2025-07-11T13:49:24.935771
1,Gen1_Match68_1752240953,Gen1_Deck23,Gen1_Deck2,Gen1_Deck23,1,0,46.809834003448486,2447627,Gen1_Match68_1752240953.txt,,2025-07-11T13:49:32.956460
1,Gen1_Match71_1752240953,Gen1_Deck5,Gen1_Deck3,Gen1_Deck5,1,0,22.86922574043274,2447628,Gen1_Match71_1752240953.txt,,2025-07-11T13:49:47.805426
1,Gen1_Match70_1752240953,Gen1_Deck3,Gen1_Deck4,Gen1_Deck3,1,0,44.70603013038635,2447626,Gen1_Match70_1752240953.txt,,2025-07-11T13:49:49.312691
1,Gen1_Match73_1752240953,Gen1_Deck3,Gen1_Deck7,Gen1_Deck3,1,0,29.246512413024902,2447628,Gen1_Match73_1752240953.txt,,2025-07-11T13:50:17.052432
1,Gen1_Match74_1752240953,Gen1_Deck8,Gen1_Deck3,Gen1_Deck8,1,0,28.140849351882935,2447626,Gen1_Match74_1752240953.txt,,2025-07-11T13:50:17.454029
1,Gen1_Match72_1752240953,Gen1_Deck3,Gen1_Deck6,Gen1_Deck3,1,0,62.532748222351074,2447627,Gen1_Match72_1752240953.txt,,2025-07-11T13:50:35.489712
1,Gen1_Match76_1752240953,Gen1_Deck3,Gen1_Deck10,Gen1_Deck10,0,1,23.869147777557373,2447626,Gen1_Match76_1752240953.txt,,2025-07-11T13:50:41.323656
1,Gen1_Match75_1752240953,Gen1_Deck9,Gen1_Deck3,Gen1_Deck3,0,1,25.027618646621704,2447628,Gen1_Match75_1752240953.txt,,2025-07-11T13:50:42.080525
1,Gen1_Match77_1752240953,Gen1_Deck3,Gen1_Deck11,Gen1_Deck3,1,0,27.95291018486023,2447627,Gen1_Match77_1752240953.txt,,2025-07-11T13:51:03.443185
1,Gen1_Match78_1752240953,Gen1_Deck12,Gen1_Deck3,Gen1_Deck3,0,1,23.467097759246826,2447626,Gen1_Match78_1752240953.txt,,2025-07-11T13:51:04.791222
1,Gen1_Match79_1752240953,Gen1_Deck3,Gen1_Deck13,Gen1_Deck3,1,0,32.31439208984375,2447628,Gen1_Match79_1752240953.txt,,2025-07-11T13:51:14.395399
1,Gen1_Match80_1752240953,Gen1_Deck3,Gen1_Deck14,Gen1_Deck14,0,1,23.439921140670776,2447627,Gen1_Match80_1752240953.txt,,2025-07-11T13:51:26.883586
1,Gen1_Match81_1752240953,Gen1_Deck15,Gen1_Deck3,Gen1_Deck15,1,0,27.66134548187256,2447626,Gen1_Match81_1752240953.txt,,2025-07-11T13:51:32.453052
1,Gen1_Match82_1752240953,Gen1_Deck16,Gen1_Deck3,Gen1_Deck3,0,1,23.41698455810547,2447628,Gen1_Match82_1752240953.txt,,2025-07-11T13:51:37.812842
1,Gen1_Match84_1752240953,Gen1_Deck3,Gen1_Deck18,Gen1_Deck3,1,0,30.051056146621704,2447626,Gen1_Match84_1752240953.txt,,2025-07-11T13:52:02.504585
1,Gen1_Match85_1752240953,Gen1_Deck19,Gen1_Deck3,Gen1_Deck3,0,1,25.425848245620728,2447628,Gen1_Match85_1752240953.txt,,2025-07-11T13:52:03.239137
1,Gen1_Match83_1752240953,Gen1_Deck3,Gen1_Deck17,Gen1_Deck17,0,1,43.408318281173706,2447627,Gen1_Match83_1752240953.txt,,2025-07-11T13:52:10.292424
1,Gen1_Match86_1752240953,Gen1_Deck3,Gen1_Deck20,Gen1_Deck3,1,0,28.765818119049072,2447626,Gen1_Match86_1752240953.txt,,2025-07-11T13:52:31.270970
1,Gen1_Match87_1752240953,Gen1_Deck3,Gen1_Deck21,Gen1_Deck21,0,1,28.464909315109253,2447628,Gen1_Match87_1752240953.txt,,2025-07-11T13:52:31.704526
1,Gen1_Match88_1752240953,Gen1_Deck22,Gen1_Deck3,Gen1_Deck3,0,1,23.471381425857544,2447627,Gen1_Match88_1752240953.txt,,2025-07-11T13:52:33.764230
1,Gen1_Match90_1752240953,Gen1_Deck3,Gen1_Deck24,Gen1_Deck24,0,1,25.55858087539673,2447628,Gen1_Match90_1752240953.txt,,2025-07-11T13:52:57.263610
1,Gen1_Match89_1752240953,Gen1_Deck23,Gen1_Deck3,Gen1_Deck3,0,1,34.93782377243042,2447626,Gen1_Match89_1752240953.txt,,2025-07-11T13:53:06.209304
1,Gen1_Match91_1752240953,Gen1_Deck5,Gen1_Deck4,Gen1_Deck4,0,1,50.375614404678345,2447627,Gen1_Match91_1752240953.txt,,2025-07-11T13:53:24.140372
1,Gen1_Match92_1752240953,Gen1_Deck6,Gen1_Deck4,Gen1_Deck6,1,0,38.39636564254761,2447628,Gen1_Match92_1752240953.txt,,2025-07-11T13:53:35.660473
1,Gen1_Match93_1752240953,Gen1_Deck4,Gen1_Deck7,Gen1_Deck7,0,1,29.478626251220703,2447626,Gen1_Match93_1752240953.txt,,2025-07-11T13:53:35.688409
1,Gen1_Match94_1752240953,Gen1_Deck4,Gen1_Deck8,Gen1_Deck4,1,0,21.571388244628906,2447627,Gen1_Match94_1752240953.txt,,2025-07-11T13:53:45.712229
1,Gen1_Match95_1752240953,Gen1_Deck9,Gen1_Deck4,Gen1_Deck4,0,1,25.671598196029663,2447628,Gen1_Match95_1752240953.txt,,2025-07-11T13:54:01.332534
1,Gen1_Match96_1752240953,Gen1_Deck10,Gen1_Deck4,Gen1_Deck4,0,1,33.65685844421387,2447626,Gen1_Match96_1752240953.txt,,2025-07-11T13:54:09.345831
1,Gen1_Match97_1752240953,Gen1_Deck4,Gen1_Deck11,Gen1_Deck4,1,0,27.6509747505188,2447627,Gen1_Match97_1752240953.txt,,2025-07-11T13:54:13.363715
1,Gen1_Match98_1752240953,Gen1_Deck12,Gen1_Deck4,Gen1_Deck4,0,1,30.262640476226807,2447628,Gen1_Match98_1752240953.txt,,2025-07-11T13:54:31.595677
1,Gen1_Match99_1752240953,Gen1_Deck13,Gen1_Deck4,Gen1_Deck4,0,1,27.337287664413452,2447626,Gen1_Match99_1752240953.txt,,2025-07-11T13:54:36.683600
1,Gen1_Match100_1752240953,Gen1_Deck14,Gen1_Deck4,Gen1_Deck14,1,0,43.51506018638611,2447627,Gen1_Match100_1752240953.txt,,2025-07-11T13:54:56.879270
1,Gen1_Match101_1752240953,Gen1_Deck4,Gen1_Deck15,Gen1_Deck15,0,1,31.19634509086609,2447628,Gen1_Match101_1752240953.txt,,2025-07-11T13:55:02.792531
1,Gen1_Match102_1752240953,Gen1_Deck16,Gen1_Deck4,Gen1_Deck4,0,1,31.27663779258728,2447626,Gen1_Match102_1752240953.txt,,2025-07-11T13:55:07.960720
1,Gen1_Match103_1752240953,Gen1_Deck4,Gen1_Deck17,Gen1_Deck4,1,0,23.789481163024902,2447627,Gen1_Match103_1752240953.txt,,2025-07-11T13:55:20.669198
1,Gen1_Match105_1752240953,Gen1_Deck4,Gen1_Deck19,Gen1_Deck4,1,0,30.71549892425537,2447626,Gen1_Match105_1752240953.txt,,2025-07-11T13:55:38.676704
1,Gen1_Match104_1752240953,Gen1_Deck4,Gen1_Deck18,Gen1_Deck4,1,0,41.36363458633423,2447628,Gen1_Match104_1752240953.txt,,2025-07-11T13:55:44.156680
1,Gen1_Match106_1752240953,Gen1_Deck20,Gen1_Deck4,Gen1_Deck4,0,1,32.28671312332153,2447627,Gen1_Match106_1752240953.txt,,2025-07-11T13:55:52.956392
1,Gen1_Match107_1752240953,Gen1_Deck4,Gen1_Deck21,Gen1_Deck4,1,0,27.711384773254395,2447626,Gen1_Match107_1752240953.txt,,2025-07-11T13:56:06.388564
1,Gen1_Match109_1752240953,Gen1_Deck23,Gen1_Deck4,Gen1_Deck23,1,0,29.307664394378662,2447627,Gen1_Match109_1752240953.txt,,2025-07-11T13:56:22.264536
1,Gen1_Match110_1752240953,Gen1_Deck24,Gen1_Deck4,Gen1_Deck4,0,1,23.24763536453247,2447626,Gen1_Match110_1752240953.txt,,2025-07-11T13:56:29.636631
1,Gen1_Match111_1752240953,Gen1_Deck6,Gen1_Deck5,Gen1_Deck5,0,1,24.30098247528076,2447627,Gen1_Match111_1752240953.txt,,2025-07-11T13:56:46.566030
1,Gen1_Match112_1752240953,Gen1_Deck5,Gen1_Deck7,Gen1_Deck5,1,0,22.479425191879272,2447626,Gen1_Match112_1752240953.txt,,2025-07-11T13:56:52.116516
1,Gen1_Match108_1752240953,Gen1_Deck22,Gen1_Deck4,Gen1_Deck4,0,1,80.54140138626099,2447628,Gen1_Match108_1752240953.txt,,2025-07-11T13:57:04.698670
1,Gen1_Match113_1752240953,Gen1_Deck8,Gen1_Deck5,Gen1_Deck5,0,1,22.429138898849487,2447627,Gen1_Match113_1752240953.txt,,2025-07-11T13:57:08.995652
1,Gen1_Match114_1752240953,Gen1_Deck9,Gen1_Deck5,Gen1_Deck5,0,1,23.89404058456421,2447626,Gen1_Match114_1752240953.txt,,2025-07-11T13:57:16.011045
1,Gen1_Match116_1752240953,Gen1_Deck5,Gen1_Deck11,Gen1_Deck11,0,1,25.13638925552368,2447627,Gen1_Match116_1752240953.txt,,2025-07-11T13:57:34.132519
1,Gen1_Match117_1752240953,Gen1_Deck12,Gen1_Deck5,Gen1_Deck5,0,1,23.439618825912476,2447626,Gen1_Match117_1752240953.txt,,2025-07-11T13:57:39.451132
1,Gen1_Match115_1752240953,Gen1_Deck5,Gen1_Deck10,Gen1_Deck10,0,1,39.94150519371033,2447628,Gen1_Match115_1752240953.txt,,2025-07-11T13:57:44.640679
1,Gen1_Match118_1752240953,Gen1_Deck13,Gen1_Deck5,Gen1_Deck5,0,1,30.28355312347412,2447627,Gen1_Match118_1752240953.txt,,2025-07-11T13:58:04.416580
1,Gen1_Match119_1752240953,Gen1_Deck5,Gen1_Deck14,Gen1_Deck14,0,1,25.47275733947754,2447626,Gen1_Match119_1752240953.txt,,2025-07-11T13:58:04.924343
1,Gen1_Match120_1752240953,Gen1_Deck15,Gen1_Deck5,Gen1_Deck15,1,0,30.860835552215576,2447628,Gen1_Match120_1752240953.txt,,2025-07-11T13:58:15.502012
1,Gen1_Match121_1752240953,Gen1_Deck16,Gen1_Deck5,Gen1_Deck5,0,1,28.2795307636261,2447627,Gen1_Match121_1752240953.txt,,2025-07-11T13:58:32.879877
1,Gen1_Match122_1752240953,Gen1_Deck5,Gen1_Deck17,Gen1_Deck5,1,0,42.421791315078735,2447626,Gen1_Match122_1752240953.txt,,2025-07-11T13:58:47.346692
1,Gen1_Match123_1752240953,Gen1_Deck5,Gen1_Deck18,Gen1_Deck18,0,1,34.31354331970215,2447628,Gen1_Match123_1752240953.txt,,2025-07-11T13:58:49.816067
1,Gen1_Match124_1752240953,Gen1_Deck19,Gen1_Deck5,Gen1_Deck5,0,1,28.375320434570312,2447627,Gen1_Match124_1752240953.txt,,2025-07-11T13:59:01.255743
1,Gen1_Match126_1752240953,Gen1_Deck5,Gen1_Deck21,Gen1_Deck5,1,0,27.31691312789917,2447628,Gen1_Match126_1752240953.txt,,2025-07-11T13:59:17.133536
1,Gen1_Match125_1752240953,Gen1_Deck5,Gen1_Deck20,Gen1_Deck5,1,0,33.232123613357544,2447626,Gen1_Match125_1752240953.txt,,2025-07-11T13:59:20.613227
1,Gen1_Match129_1752240953,Gen1_Deck5,Gen1_Deck24,Gen1_Deck5,1,0,23.699298620224,2447626,Gen1_Match129_1752240953.txt,,2025-07-11T13:59:44.313033
1,Gen1_Match128_1752240953,Gen1_Deck23,Gen1_Deck5,Gen1_Deck23,1,0,29.86655282974243,2447628,Gen1_Match128_1752240953.txt,,2025-07-11T13:59:47.000562
1,Gen1_Match127_1752240953,Gen1_Deck22,Gen1_Deck5,Gen1_Deck22,1,0,52.612340688705444,2447627,Gen1_Match127_1752240953.txt,,2025-07-11T13:59:53.868596
1,Gen1_Match130_1752240953,Gen1_Deck7,Gen1_Deck6,Gen1_Deck6,0,1,35.09944438934326,2447626,Gen1_Match130_1752240953.txt,,2025-07-11T14:00:19.412970
1,Gen1_Match132_1752240953,Gen1_Deck6,Gen1_Deck9,Gen1_Deck6,1,0,25.583306312561035,2447627,Gen1_Match132_1752240953.txt,,2025-07-11T14:00:19.452378
1,Gen1_Match131_1752240953,Gen1_Deck8,Gen1_Deck6,Gen1_Deck6,0,1,33.23141431808472,2447628,Gen1_Match131_1752240953.txt,,2025-07-11T14:00:20.232462
1,Gen1_Match134_1752240953,Gen1_Deck11,Gen1_Deck6,Gen1_Deck6,0,1,26.94514775276184,2447627,Gen1_Match134_1752240953.txt,,2025-07-11T14:00:46.397978
1,Gen1_Match135_1752240953,Gen1_Deck12,Gen1_Deck6,Gen1_Deck6,0,1,32.971630334854126,2447628,Gen1_Match135_1752240953.txt,,2025-07-11T14:00:53.204577
1,Gen1_Match133_1752240953,Gen1_Deck6,Gen1_Deck10,Gen1_Deck10,0,1,37.63501763343811,2447626,Gen1_Match133_1752240953.txt,,2025-07-11T14:00:57.048513
1,Gen1_Match136_1752240953,Gen1_Deck6,Gen1_Deck13,Gen1_Deck6,1,0,42.219480752944946,2447627,Gen1_Match136_1752240953.txt,,2025-07-11T14:01:28.617996
1,Gen1_Match138_1752240953,Gen1_Deck15,Gen1_Deck6,Gen1_Deck15,1,0,36.219650745391846,2447626,Gen1_Match138_1752240953.txt,,2025-07-11T14:01:33.268652
1,Gen1_Match137_1752240953,Gen1_Deck14,Gen1_Deck6,Gen1_Deck6,0,1,42.06755995750427,2447628,Gen1_Match137_1752240953.txt,,2025-07-11T14:01:35.272682
1,Gen1_Match139_1752240953,Gen1_Deck16,Gen1_Deck6,Gen1_Deck6,0,1,24.781136751174927,2447627,Gen1_Match139_1752240953.txt,,2025-07-11T14:01:53.399586
1,Gen1_Match140_1752240953,Gen1_Deck6,Gen1_Deck17,Gen1_Deck6,1,0,22.06234383583069,2447626,Gen1_Match140_1752240953.txt,,2025-07-11T14:01:55.331454
1,Gen1_Match142_1752240953,Gen1_Deck6,Gen1_Deck19,Gen1_Deck6,1,0,25.648462295532227,2447627,Gen1_Match142_1752240953.txt,,2025-07-11T14:02:19.048516
1,Gen1_Match143_1752240953,Gen1_Deck20,Gen1_Deck6,Gen1_Deck6,0,1,37.075605154037476,2447626,Gen1_Match143_1752240953.txt,,2025-07-11T14:02:32.407620
1,Gen1_Match141_1752240953,Gen1_Deck18,Gen1_Deck6,Gen1_Deck6,0,1,61.843453884124756,2447628,Gen1_Match141_1752240953.txt,,2025-07-11T14:02:37.116731
1,Gen1_Match145_1752240953,Gen1_Deck22,Gen1_Deck6,Gen1_Deck6,0,1,35.14316272735596,2447626,Gen1_Match145_1752240953.txt,,2025-07-11T14:03:07.551272
1,Gen1_Match144_1752240953,Gen1_Deck6,Gen1_Deck21,Gen1_Deck21,0,1,69.39959597587585,2447627,Gen1_Match144_1752240953.txt,,2025-07-11T14:03:28.448659
1,Gen1_Match147_1752240953,Gen1_Deck24,Gen1_Deck6,Gen1_Deck6,0,1,34.77674722671509,2447626,Gen1_Match147_1752240953.txt,,2025-07-11T14:03:42.328577
1,Gen1_Match146_1752240953,Gen1_Deck6,Gen1_Deck23,Gen1_Deck6,1,0,76.40689134597778,2447628,Gen1_Match146_1752240953.txt,,2025-07-11T14:03:53.524170
1,Gen1_Match148_1752240953,Gen1_Deck8,Gen1_Deck7,Gen1_Deck8,1,0,29.372493982315063,2447627,Gen1_Match148_1752240953.txt,,2025-07-11T14:03:57.821637
1,Gen1_Match149_1752240953,Gen1_Deck9,Gen1_Deck7,Gen1_Deck7,0,1,26.936743021011353,2447626,Gen1_Match149_1752240953.txt,,2025-07-11T14:04:09.265841
1,Gen1_Match151_1752240953,Gen1_Deck7,Gen1_Deck11,Gen1_Deck7,1,0,25.342838764190674,2447627,Gen1_Match151_1752240953.txt,,2025-07-11T14:04:23.164947
1,Gen1_Match150_1752240953,Gen1_Deck7,Gen1_Deck10,Gen1_Deck10,0,1,41.76387619972229,2447628,Gen1_Match150_1752240953.txt,,2025-07-11T14:04:35.288558
1,Gen1_Match152_1752240953,Gen1_Deck12,Gen1_Deck7,Gen1_Deck7,0,1,29.30609393119812,2447626,Gen1_Match152_1752240953.txt,,2025-07-11T14:04:38.572420
1,Gen1_Match153_1752240953,Gen1_Deck7,Gen1_Deck13,Gen1_Deck7,1,0,24.2350492477417,2447627,Gen1_Match153_1752240953.txt,,2025-07-11T14:04:47.400473
1,Gen1_Match154_1752240953,Gen1_Deck7,Gen1_Deck14,Gen1_Deck7,1,0,24.282169580459595,2447628,Gen1_Match154_1752240953.txt,,2025-07-11T14:04:59.571194
1,Gen1_Match155_1752240953,Gen1_Deck15,Gen1_Deck7,Gen1_Deck15,1,0,22.345681190490723,2447626,Gen1_Match155_1752240953.txt,,2025-07-11T14:05:00.918538
1,Gen1_Match156_1752240953,Gen1_Deck16,Gen1_Deck7,Gen1_Deck7,0,1,26.960623025894165,2447627,Gen1_Match156_1752240953.txt,,2025-07-11T14:05:14.361547
1,Gen1_Match157_1752240953,Gen1_Deck7,Gen1_Deck17,Gen1_Deck7,1,0,43.53115487098694,2447628,Gen1_Match157_1752240953.txt,,2025-07-11T14:05:43.102986
1,Gen1_Match158_1752240953,Gen1_Deck18,Gen1_Deck7,Gen1_Deck18,1,0,45.32306432723999,2447626,Gen1_Match158_1752240953.txt,,2025-07-11T14:05:46.242180
1,Gen1_Match159_1752240953,Gen1_Deck19,Gen1_Deck7,Gen1_Deck19,1,0,41.770448446273804,2447627,Gen1_Match159_1752240953.txt,,2025-07-11T14:05:56.132504
1,Gen1_Match160_1752240953,Gen1_Deck7,Gen1_Deck20,Gen1_Deck7,1,0,22.101117372512817,2447628,Gen1_Match160_1752240953.txt,,2025-07-11T14:06:05.204562
1,Gen1_Match161_1752240953,Gen1_Deck7,Gen1_Deck21,Gen1_Deck7,1,0,29.373947143554688,2447626,Gen1_Match161_1752240953.txt,,2025-07-11T14:06:15.616637
1,Gen1_Match162_1752240953,Gen1_Deck22,Gen1_Deck7,Gen1_Deck22,1,0,35.2062566280365,2447627,Gen1_Match162_1752240953.txt,,2025-07-11T14:06:31.339256
1,Gen1_Match164_1752240953,Gen1_Deck7,Gen1_Deck24,Gen1_Deck7,1,0,30.92511224746704,2447626,Gen1_Match164_1752240953.txt,,2025-07-11T14:06:46.542241
1,Gen1_Match165_1752240953,Gen1_Deck9,Gen1_Deck8,Gen1_Deck8,0,1,23.90070104598999,2447627,Gen1_Match165_1752240953.txt,,2025-07-11T14:06:55.240409
1,Gen1_Match163_1752240953,Gen1_Deck23,Gen1_Deck7,Gen1_Deck23,1,0,64.28300023078918,2447628,Gen1_Match163_1752240953.txt,,2025-07-11T14:07:09.488055
1,Gen1_Match166_1752240953,Gen1_Deck8,Gen1_Deck10,Gen1_Deck10,0,1,28.016387462615967,2447626,Gen1_Match166_1752240953.txt,,2025-07-11T14:07:14.559096
1,Gen1_Match167_1752240953,Gen1_Deck8,Gen1_Deck11,Gen1_Deck11,0,1,30.39774203300476,2447627,Gen1_Match167_1752240953.txt,,2025-07-11T14:07:25.638779
1,Gen1_Match168_1752240953,Gen1_Deck12,Gen1_Deck8,Gen1_Deck12,1,0,25.168025016784668,2447628,Gen1_Match168_1752240953.txt,,2025-07-11T14:07:34.656552
1,Gen1_Match169_1752240953,Gen1_Deck8,Gen1_Deck13,Gen1_Deck8,1,0,24.48100757598877,2447626,Gen1_Match169_1752240953.txt,,2025-07-11T14:07:39.040573
1,Gen1_Match171_1752240953,Gen1_Deck15,Gen1_Deck8,Gen1_Deck15,1,0,26.525207996368408,2447628,Gen1_Match171_1752240953.txt,,2025-07-11T14:08:01.182257
1,Gen1_Match172_1752240953,Gen1_Deck16,Gen1_Deck8,Gen1_Deck8,0,1,42.67506670951843,2447626,Gen1_Match172_1752240953.txt,,2025-07-11T14:08:21.716262
1,Gen1_Match173_1752240953,Gen1_Deck8,Gen1_Deck17,Gen1_Deck8,1,0,24.6928973197937,2447628,Gen1_Match173_1752240953.txt,,2025-07-11T14:08:25.875686
1,Gen1_Match175_1752240953,Gen1_Deck19,Gen1_Deck8,Gen1_Deck8,0,1,22.30193305015564,2447628,Gen1_Match175_1752240953.txt,,2025-07-11T14:08:48.178090
1,Gen1_Match170_1752240953,Gen1_Deck8,Gen1_Deck14,Gen1_Deck14,0,1,105.30618572235107,2447627,Gen1_Match170_1752240953.txt,,2025-07-11T14:09:10.945604
1,Gen1_Match174_1752240953,Gen1_Deck8,Gen1_Deck18,Gen1_Deck18,0,1,49.84466314315796,2447626,Gen1_Match174_1752240953.txt,,2025-07-11T14:09:11.561506
1,Gen1_Match176_1752240953,Gen1_Deck8,Gen1_Deck20,Gen1_Deck8,1,0,24.569629907608032,2447628,Gen1_Match176_1752240953.txt,,2025-07-11T14:09:12.748193
1,Gen1_Match178_1752240953,Gen1_Deck22,Gen1_Deck8,Gen1_Deck8,0,1,27.506534814834595,2447626,Gen1_Match178_1752240953.txt,,2025-07-11T14:09:39.068536
1,Gen1_Match177_1752240953,Gen1_Deck8,Gen1_Deck21,Gen1_Deck8,1,0,29.666312217712402,2447627,Gen1_Match177_1752240953.txt,,2025-07-11T14:09:40.612384
1,Gen1_Match179_1752240953,Gen1_Deck23,Gen1_Deck8,Gen1_Deck23,1,0,45.95988988876343,2447628,Gen1_Match179_1752240953.txt,,2025-07-11T14:09:58.708611
1,Gen1_Match181_1752240953,Gen1_Deck9,Gen1_Deck10,Gen1_Deck10,0,1,22.71306300163269,2447627,Gen1_Match181_1752240953.txt,,2025-07-11T14:10:03.325902
1,Gen1_Match180_1752240953,Gen1_Deck8,Gen1_Deck24,Gen1_Deck8,1,0,26.5082790851593,2447626,Gen1_Match180_1752240953.txt,,2025-07-11T14:10:05.577302
1,Gen1_Match183_1752240953,Gen1_Deck12,Gen1_Deck9,Gen1_Deck12,1,0,24.28866672515869,2447627,Gen1_Match183_1752240953.txt,,2025-07-11T14:10:27.615075
1,Gen1_Match182_1752240953,Gen1_Deck9,Gen1_Deck11,Gen1_Deck11,0,1,32.83471202850342,2447628,Gen1_Match182_1752240953.txt,,2025-07-11T14:10:31.543809
1,Gen1_Match184_1752240953,Gen1_Deck9,Gen1_Deck13,Gen1_Deck13,0,1,26.28889513015747,2447626,Gen1_Match184_1752240953.txt,,2025-07-11T14:10:31.866643
1,Gen1_Match185_1752240953,Gen1_Deck9,Gen1_Deck14,Gen1_Deck14,0,1,28.824981927871704,2447627,Gen1_Match185_1752240953.txt,,2025-07-11T14:10:56.440549
1,Gen1_Match187_1752240953,Gen1_Deck16,Gen1_Deck9,Gen1_Deck16,1,0,26.746060609817505,2447626,Gen1_Match187_1752240953.txt,,2025-07-11T14:10:58.613235
1,Gen1_Match186_1752240953,Gen1_Deck15,Gen1_Deck9,Gen1_Deck15,1,0,30.651075839996338,2447628,Gen1_Match186_1752240953.txt,,2025-07-11T14:11:02.195363
1,Gen1_Match188_1752240953,Gen1_Deck9,Gen1_Deck17,Gen1_Deck17,0,1,26.29282546043396,2447627,Gen1_Match188_1752240953.txt,,2025-07-11T14:11:22.733840
1,Gen1_Match189_1752240953,Gen1_Deck18,Gen1_Deck9,Gen1_Deck18,1,0,30.8433096408844,2447626,Gen1_Match189_1752240953.txt,,2025-07-11T14:11:29.456998
1,Gen1_Match190_1752240953,Gen1_Deck19,Gen1_Deck9,Gen1_Deck9,0,1,31.988673210144043,2447628,Gen1_Match190_1752240953.txt,,2025-07-11T14:11:34.184500
1,Gen1_Match191_1752240953,Gen1_Deck20,Gen1_Deck9,Gen1_Deck20,1,0,24.986146926879883,2447627,Gen1_Match191_1752240953.txt,,2025-07-11T14:11:47.720443
1,Gen1_Match192_1752240953,Gen1_Deck9,Gen1_Deck21,Gen1_Deck21,0,1,30.055159330368042,2447626,Gen1_Match192_1752240953.txt,,2025-07-11T14:11:59.512658
1,Gen1_Match193_1752240953,Gen1_Deck22,Gen1_Deck9,Gen1_Deck9,0,1,30.961578369140625,2447628,Gen1_Match193_1752240953.txt,,2025-07-11T14:12:05.146519
1,Gen1_Match194_1752240953,Gen1_Deck9,Gen1_Deck23,Gen1_Deck23,0,1,29.531570196151733,2447627,Gen1_Match194_1752240953.txt,,2025-07-11T14:12:17.252497
1,Gen1_Match195_1752240953,Gen1_Deck24,Gen1_Deck9,Gen1_Deck24,1,0,24.768661975860596,2447626,Gen1_Match195_1752240953.txt,,2025-07-11T14:12:24.281859
1,Gen1_Match196_1752240953,Gen1_Deck10,Gen1_Deck11,Gen1_Deck11,0,1,28.517553567886353,2447628,Gen1_Match196_1752240953.txt,,2025-07-11T14:12:33.664548
1,Gen1_Match197_1752240953,Gen1_Deck12,Gen1_Deck10,Gen1_Deck10,0,1,25.538594007492065,2447627,Gen1_Match197_1752240953.txt,,2025-07-11T14:12:42.791545
1,Gen1_Match199_1752240953,Gen1_Deck10,Gen1_Deck14,Gen1_Deck10,1,0,24.946969032287598,2447628,Gen1_Match199_1752240953.txt,,2025-07-11T14:12:58.611986
1,Gen1_Match198_1752240953,Gen1_Deck13,Gen1_Deck10,Gen1_Deck10,0,1,41.852500677108765,2447626,Gen1_Match198_1752240953.txt,,2025-07-11T14:13:06.134893
1,Gen1_Match200_1752240953,Gen1_Deck15,Gen1_Deck10,Gen1_Deck15,1,0,25.113818168640137,2447627,Gen1_Match200_1752240953.txt,,2025-07-11T14:13:07.905816
1,Gen1_Match201_1752240953,Gen1_Deck16,Gen1_Deck10,Gen1_Deck10,0,1,29.20411705970764,2447628,Gen1_Match201_1752240953.txt,,2025-07-11T14:13:27.816594
1,Gen1_Match202_1752240953,Gen1_Deck10,Gen1_Deck17,Gen1_Deck10,1,0,27.98262929916382,2447626,Gen1_Match202_1752240953.txt,,2025-07-11T14:13:34.117966
1,Gen1_Match203_1752240953,Gen1_Deck10,Gen1_Deck18,Gen1_Deck18,0,1,43.27881717681885,2447627,Gen1_Match203_1752240953.txt,,2025-07-11T14:13:51.185167
1,Gen1_Match204_1752240953,Gen1_Deck19,Gen1_Deck10,Gen1_Deck10,0,1,28.73953914642334,2447628,Gen1_Match204_1752240953.txt,,2025-07-11T14:13:56.556606
1,Gen1_Match205_1752240953,Gen1_Deck10,Gen1_Deck20,Gen1_Deck10,1,0,26.154166221618652,2447626,Gen1_Match205_1752240953.txt,,2025-07-11T14:14:00.272616
1,Gen1_Match206_1752240953,Gen1_Deck10,Gen1_Deck21,Gen1_Deck21,0,1,26.186681032180786,2447627,Gen1_Match206_1752240953.txt,,2025-07-11T14:14:17.372297
1,Gen1_Match209_1752240953,Gen1_Deck10,Gen1_Deck24,Gen1_Deck24,0,1,29.423029899597168,2447627,Gen1_Match209_1752240953.txt,,2025-07-11T14:14:46.795810
1,Gen1_Match208_1752240953,Gen1_Deck23,Gen1_Deck10,Gen1_Deck23,1,0,48.579240798950195,2447626,Gen1_Match208_1752240953.txt,,2025-07-11T14:14:48.852406
1,Gen1_Match207_1752240953,Gen1_Deck22,Gen1_Deck10,Gen1_Deck22,1,0,55.772061347961426,2447628,Gen1_Match207_1752240953.txt,,2025-07-11T14:14:52.329219
1,Gen1_Match210_1752240953,Gen1_Deck11,Gen1_Deck12,Gen1_Deck11,1,0,33.29628014564514,2447627,Gen1_Match210_1752240953.txt,,2025-07-11T14:15:20.092583
1,Gen1_Match211_1752240953,Gen1_Deck13,Gen1_Deck11,Gen1_Deck11,0,1,35.4609100818634,2447626,Gen1_Match211_1752240953.txt,,2025-07-11T14:15:24.313822
1,Gen1_Match212_1752240953,Gen1_Deck14,Gen1_Deck11,Gen1_Deck14,1,0,32.011857986450195,2447628,Gen1_Match212_1752240953.txt,,2025-07-11T14:15:24.341535
1,Gen1_Match213_1752240953,Gen1_Deck11,Gen1_Deck15,Gen1_Deck15,0,1,29.0110023021698,2447627,Gen1_Match213_1752240953.txt,,2025-07-11T14:15:49.104095
1,Gen1_Match215_1752240953,Gen1_Deck17,Gen1_Deck11,Gen1_Deck11,0,1,31.661948919296265,2447628,Gen1_Match215_1752240953.txt,,2025-07-11T14:15:56.003970
1,Gen1_Match214_1752240953,Gen1_Deck11,Gen1_Deck16,Gen1_Deck11,1,0,48.87394428253174,2447626,Gen1_Match214_1752240953.txt,,2025-07-11T14:16:13.188282
1,Gen1_Match216_1752240953,Gen1_Deck11,Gen1_Deck18,Gen1_Deck18,0,1,35.036760091781616,2447627,Gen1_Match216_1752240953.txt,,2025-07-11T14:16:24.141342
1,Gen1_Match217_1752240953,Gen1_Deck11,Gen1_Deck19,Gen1_Deck11,1,0,28.888038635253906,2447628,Gen1_Match217_1752240953.txt,,2025-07-11T14:16:24.892466
1,Gen1_Match219_1752240953,Gen1_Deck21,Gen1_Deck11,Gen1_Deck11,0,1,25.818768978118896,2447627,Gen1_Match219_1752240953.txt,,2025-07-11T14:16:49.960579
1,Gen1_Match218_1752240953,Gen1_Deck20,Gen1_Deck11,Gen1_Deck11,0,1,38.01573824882507,2447626,Gen1_Match218_1752240953.txt,,2025-07-11T14:16:51.204512
1,Gen1_Match220_1752240953,Gen1_Deck11,Gen1_Deck22,Gen1_Deck22,0,1,34.515419483184814,2447628,Gen1_Match220_1752240953.txt,,2025-07-11T14:16:59.408354
1,Gen1_Match221_1752240953,Gen1_Deck11,Gen1_Deck23,Gen1_Deck23,0,1,35.23151612281799,2447627,Gen1_Match221_1752240953.txt,,2025-07-11T14:17:25.192583
1,Gen1_Match223_1752240953,Gen1_Deck12,Gen1_Deck13,Gen1_Deck13,0,1,32.715182304382324,2447628,Gen1_Match223_1752240953.txt,,2025-07-11T14:17:32.124048
1,Gen1_Match222_1752240953,Gen1_Deck24,Gen1_Deck11,Gen1_Deck24,1,0,44.191540479660034,2447626,Gen1_Match222_1752240953.txt,,2025-07-11T14:17:35.396594
1,Gen1_Match224_1752240953,Gen1_Deck12,Gen1_Deck14,Gen1_Deck14,0,1,21.152798175811768,2447627,Gen1_Match224_1752240953.txt,,2025-07-11T14:17:46.345834
1,Gen1_Match225_1752240953,Gen1_Deck15,Gen1_Deck12,Gen1_Deck15,1,0,25.413008213043213,2447628,Gen1_Match225_1752240953.txt,,2025-07-11T14:17:57.537526
1,Gen1_Match226_1752240953,Gen1_Deck16,Gen1_Deck12,Gen1_Deck16,1,0,26.625304460525513,2447626,Gen1_Match226_1752240953.txt,,2025-07-11T14:18:02.022346
1,Gen1_Match227_1752240953,Gen1_Deck12,Gen1_Deck17,Gen1_Deck12,1,0,27.575004816055298,2447627,Gen1_Match227_1752240953.txt,,2025-07-11T14:18:13.921299
1,Gen1_Match228_1752240953,Gen1_Deck18,Gen1_Deck12,Gen1_Deck18,1,0,28.489277839660645,2447628,Gen1_Match228_1752240953.txt,,2025-07-11T14:18:26.027329
1,Gen1_Match229_1752240953,Gen1_Deck19,Gen1_Deck12,Gen1_Deck19,1,0,25.673121690750122,2447626,Gen1_Match229_1752240953.txt,,2025-07-11T14:18:27.695939
1,Gen1_Match230_1752240953,Gen1_Deck12,Gen1_Deck20,Gen1_Deck20,0,1,25.533612966537476,2447627,Gen1_Match230_1752240953.txt,,2025-07-11T14:18:39.455368
1,Gen1_Match232_1752240953,Gen1_Deck22,Gen1_Deck12,Gen1_Deck22,1,0,27.459402322769165,2447626,Gen1_Match232_1752240953.txt,,2025-07-11T14:18:55.155809
1,Gen1_Match231_1752240953,Gen1_Deck12,Gen1_Deck21,Gen1_Deck12,1,0,29.654240131378174,2447628,Gen1_Match231_1752240953.txt,,2025-07-11T14:18:55.682035
1,Gen1_Match233_1752240953,Gen1_Deck23,Gen1_Deck12,Gen1_Deck23,1,0,25.60559391975403,2447627,Gen1_Match233_1752240953.txt,,2025-07-11T14:19:05.061397
1,Gen1_Match234_1752240953,Gen1_Deck12,Gen1_Deck24,Gen1_Deck24,0,1,30.645262002944946,2447626,Gen1_Match234_1752240953.txt,,2025-07-11T14:19:25.801534
1,Gen1_Match236_1752240953,Gen1_Deck15,Gen1_Deck13,Gen1_Deck15,1,0,26.77150797843933,2447627,Gen1_Match236_1752240953.txt,,2025-07-11T14:19:31.833370
1,Gen1_Match235_1752240953,Gen1_Deck13,Gen1_Deck14,Gen1_Deck14,0,1,43.11695575714111,2447628,Gen1_Match235_1752240953.txt,,2025-07-11T14:19:38.799507
1,Gen1_Match237_1752240953,Gen1_Deck13,Gen1_Deck16,Gen1_Deck16,0,1,32.34403657913208,2447626,Gen1_Match237_1752240953.txt,,2025-07-11T14:19:58.146095
1,Gen1_Match238_1752240953,Gen1_Deck13,Gen1_Deck17,Gen1_Deck13,1,0,30.57831311225891,2447627,Gen1_Match238_1752240953.txt,,2025-07-11T14:20:02.412167
1,Gen1_Match239_1752240953,Gen1_Deck13,Gen1_Deck18,Gen1_Deck18,0,1,41.629220962524414,2447628,Gen1_Match239_1752240953.txt,,2025-07-11T14:20:20.429317
1,Gen1_Match240_1752240953,Gen1_Deck19,Gen1_Deck13,Gen1_Deck19,1,0,26.26791787147522,2447626,Gen1_Match240_1752240953.txt,,2025-07-11T14:20:24.414482
1,Gen1_Match241_1752240953,Gen1_Deck13,Gen1_Deck20,Gen1_Deck20,0,1,26.343596935272217,2447627,Gen1_Match241_1752240953.txt,,2025-07-11T14:20:28.756315
1,Gen1_Match243_1752240953,Gen1_Deck22,Gen1_Deck13,Gen1_Deck22,1,0,30.770256996154785,2447626,Gen1_Match243_1752240953.txt,,2025-07-11T14:20:55.185222
1,Gen1_Match244_1752240953,Gen1_Deck23,Gen1_Deck13,Gen1_Deck23,1,0,35.4602210521698,2447627,Gen1_Match244_1752240953.txt,,2025-07-11T14:21:04.217003
1,Gen1_Match242_1752240953,Gen1_Deck21,Gen1_Deck13,Gen1_Deck21,1,0,52.78389310836792,2447628,Gen1_Match242_1752240953.txt,,2025-07-11T14:21:13.213735
1,Gen1_Match246_1752240953,Gen1_Deck15,Gen1_Deck14,Gen1_Deck14,0,1,26.60297203063965,2447627,Gen1_Match246_1752240953.txt,,2025-07-11T14:21:30.820441
1,Gen1_Match245_1752240953,Gen1_Deck13,Gen1_Deck24,Gen1_Deck13,1,0,39.013370752334595,2447626,Gen1_Match245_1752240953.txt,,2025-07-11T14:21:34.199127
1,Gen1_Match247_1752240953,Gen1_Deck16,Gen1_Deck14,Gen1_Deck14,0,1,24.71546459197998,2447628,Gen1_Match247_1752240953.txt,,2025-07-11T14:21:37.929644
1,Gen1_Match249_1752240953,Gen1_Deck14,Gen1_Deck18,Gen1_Deck14,1,0,25.91322922706604,2447626,Gen1_Match249_1752240953.txt,,2025-07-11T14:22:00.112822
1,Gen1_Match250_1752240953,Gen1_Deck19,Gen1_Deck14,Gen1_Deck14,0,1,25.26740550994873,2447628,Gen1_Match250_1752240953.txt,,2025-07-11T14:22:03.197491
1,Gen1_Match248_1752240953,Gen1_Deck17,Gen1_Deck14,Gen1_Deck14,0,1,46.99378490447998,2447627,Gen1_Match248_1752240953.txt,,2025-07-11T14:22:17.814714
1,Gen1_Match252_1752240953,Gen1_Deck14,Gen1_Deck21,Gen1_Deck14,1,0,30.27740788459778,2447628,Gen1_Match252_1752240953.txt,,2025-07-11T14:22:33.475396
1,Gen1_Match251_1752240953,Gen1_Deck20,Gen1_Deck14,Gen1_Deck20,1,0,46.05529570579529,2447626,Gen1_Match251_1752240953.txt,,2025-07-11T14:22:46.168654
1,Gen1_Match254_1752240953,Gen1_Deck23,Gen1_Deck14,Gen1_Deck23,1,0,33.95284342765808,2447628,Gen1_Match254_1752240953.txt,,2025-07-11T14:23:07.428739
1,Gen1_Match255_1752240953,Gen1_Deck24,Gen1_Deck14,Gen1_Deck14,0,1,35.41935324668884,2447626,Gen1_Match255_1752240953.txt,,2025-07-11T14:23:21.588530
1,Gen1_Match256_1752240953,Gen1_Deck16,Gen1_Deck15,Gen1_Deck15,0,1,23.441954135894775,2447628,Gen1_Match256_1752240953.txt,,2025-07-11T14:23:30.871170
1,Gen1_Match253_1752240953,Gen1_Deck14,Gen1_Deck22,Gen1_Deck14,1,0,84.00280857086182,2447627,Gen1_Match253_1752240953.txt,,2025-07-11T14:23:41.818095
1,Gen1_Match257_1752240953,Gen1_Deck15,Gen1_Deck17,Gen1_Deck17,0,1,22.227569341659546,2447626,Gen1_Match257_1752240953.txt,,2025-07-11T14:23:43.816546
1,Gen1_Match260_1752240953,Gen1_Deck15,Gen1_Deck20,Gen1_Deck15,1,0,26.79093289375305,2447626,Gen1_Match260_1752240953.txt,,2025-07-11T14:24:10.607941
1,Gen1_Match259_1752240953,Gen1_Deck19,Gen1_Deck15,Gen1_Deck19,1,0,29.71600866317749,2447627,Gen1_Match259_1752240953.txt,,2025-07-11T14:24:11.534558
1,Gen1_Match261_1752240953,Gen1_Deck15,Gen1_Deck21,Gen1_Deck15,1,0,26.547321319580078,2447626,Gen1_Match261_1752240953.txt,,2025-07-11T14:24:37.155744
1,Gen1_Match262_1752240953,Gen1_Deck22,Gen1_Deck15,Gen1_Deck22,1,0,30.07974123954773,2447627,Gen1_Match262_1752240953.txt,,2025-07-11T14:24:41.614770
1,Gen1_Match264_1752240953,Gen1_Deck15,Gen1_Deck24,Gen1_Deck24,0,1,23.354496002197266,2447627,Gen1_Match264_1752240953.txt,,2025-07-11T14:25:04.969740
1,Gen1_Match258_1752240953,Gen1_Deck15,Gen1_Deck18,Gen1_Deck15,1,0,114.08639788627625,2447628,Gen1_Match258_1752240953.txt,,2025-07-11T14:25:24.958123
1,Gen1_Match263_1752240953,Gen1_Deck23,Gen1_Deck15,Gen1_Deck15,0,1,56.298768043518066,2447626,Gen1_Match263_1752240953.txt,,2025-07-11T14:25:33.455046
1,Gen1_Match265_1752240953,Gen1_Deck17,Gen1_Deck16,Gen1_Deck16,0,1,34.703797817230225,2447627,Gen1_Match265_1752240953.txt,,2025-07-11T14:25:39.674078
1,Gen1_Match266_1752240953,Gen1_Deck16,Gen1_Deck18,Gen1_Deck18,0,1,25.246477603912354,2447628,Gen1_Match266_1752240953.txt,,2025-07-11T14:25:50.205077
1,Gen1_Match267_1752240953,Gen1_Deck16,Gen1_Deck19,Gen1_Deck19,0,1,41.53075432777405,2447626,Gen1_Match267_1752240953.txt,,2025-07-11T14:26:14.986293
1,Gen1_Match268_1752240953,Gen1_Deck20,Gen1_Deck16,Gen1_Deck16,0,1,36.14304852485657,2447627,Gen1_Match268_1752240953.txt,,2025-07-11T14:26:15.817644
1,Gen1_Match269_1752240953,Gen1_Deck21,Gen1_Deck16,Gen1_Deck16,0,1,36.52336311340332,2447628,Gen1_Match269_1752240953.txt,,2025-07-11T14:26:26.729010
1,Gen1_Match272_1752240953,Gen1_Deck24,Gen1_Deck16,Gen1_Deck24,1,0,25.871985912322998,2447628,Gen1_Match272_1752240953.txt,,2025-07-11T14:26:52.601455
1,Gen1_Match270_1752240953,Gen1_Deck16,Gen1_Deck22,Gen1_Deck22,0,1,38.02112650871277,2447626,Gen1_Match270_1752240953.txt,,2025-07-11T14:26:53.008015
1,Gen1_Match271_1752240953,Gen1_Deck16,Gen1_Deck23,Gen1_Deck23,0,1,39.46728301048279,2447627,Gen1_Match271_1752240953.txt,,2025-07-11T14:26:55.285454
1,Gen1_Match274_1752240953,Gen1_Deck19,Gen1_Deck17,Gen1_Deck19,1,0,27.30976366996765,2447626,Gen1_Match274_1752240953.txt,,2025-07-11T14:27:20.318233
1,Gen1_Match273_1752240953,Gen1_Deck18,Gen1_Deck17,Gen1_Deck17,0,1,31.058990955352783,2447628,Gen1_Match273_1752240953.txt,,2025-07-11T14:27:23.660954
1,Gen1_Match275_1752240953,Gen1_Deck17,Gen1_Deck20,Gen1_Deck17,1,0,44.639108419418335,2447627,Gen1_Match275_1752240953.txt,,2025-07-11T14:27:39.925108
1,Gen1_Match277_1752240953,Gen1_Deck22,Gen1_Deck17,Gen1_Deck22,1,0,23.755125522613525,2447628,Gen1_Match277_1752240953.txt,,2025-07-11T14:27:47.416551
1,Gen1_Match278_1752240953,Gen1_Deck23,Gen1_Deck17,Gen1_Deck23,1,0,26.747392416000366,2447627,Gen1_Match278_1752240953.txt,,2025-07-11T14:28:06.672963
1,Gen1_Match276_1752240953,Gen1_Deck17,Gen1_Deck21,Gen1_Deck17,1,0,55.313812255859375,2447626,Gen1_Match276_1752240953.txt,,2025-07-11T14:28:15.632592
1,Gen1_Match279_1752240953,Gen1_Deck17,Gen1_Deck24,Gen1_Deck24,0,1,30.65233039855957,2447628,Gen1_Match279_1752240953.txt,,2025-07-11T14:28:18.069368
1,Gen1_Match280_1752240953,Gen1_Deck18,Gen1_Deck19,Gen1_Deck18,1,0,36.9764986038208,2447627,Gen1_Match280_1752240953.txt,,2025-07-11T14:28:43.649965
1,Gen1_Match282_1752240953,Gen1_Deck21,Gen1_Deck18,Gen1_Deck18,0,1,31.282708168029785,2447628,Gen1_Match282_1752240953.txt,,2025-07-11T14:28:49.352566
1,Gen1_Match281_1752240953,Gen1_Deck20,Gen1_Deck18,Gen1_Deck18,0,1,55.171013832092285,2447626,Gen1_Match281_1752240953.txt,,2025-07-11T14:29:10.804135
1,Gen1_Match283_1752240953,Gen1_Deck18,Gen1_Deck22,Gen1_Deck22,0,1,41.324389934539795,2447627,Gen1_Match283_1752240953.txt,,2025-07-11T14:29:24.974867
1,Gen1_Match285_1752240953,Gen1_Deck24,Gen1_Deck18,Gen1_Deck18,0,1,25.278264045715332,2447626,Gen1_Match285_1752240953.txt,,2025-07-11T14:29:36.082887
1,Gen1_Match284_1752240953,Gen1_Deck18,Gen1_Deck23,Gen1_Deck23,0,1,46.94563269615173,2447628,Gen1_Match284_1752240953.txt,,2025-07-11T14:29:36.298758
1,Gen1_Match286_1752240953,Gen1_Deck19,Gen1_Deck20,Gen1_Deck20,0,1,31.915498971939087,2447627,Gen1_Match286_1752240953.txt,,2025-07-11T14:29:56.890881
1,Gen1_Match287_1752240953,Gen1_Deck19,Gen1_Deck21,Gen1_Deck21,0,1,24.75031280517578,2447626,Gen1_Match287_1752240953.txt,,2025-07-11T14:30:00.833688
1,Gen1_Match289_1752240953,Gen1_Deck23,Gen1_Deck19,Gen1_Deck19,0,1,32.010936975479126,2447627,Gen1_Match289_1752240953.txt,,2025-07-11T14:30:28.902297
1,Gen1_Match288_1752240953,Gen1_Deck19,Gen1_Deck22,Gen1_Deck22,0,1,66.8813910484314,2447628,Gen1_Match288_1752240953.txt,,2025-07-11T14:30:43.180760
1,Gen1_Match290_1752240953,Gen1_Deck19,Gen1_Deck24,Gen1_Deck19,1,0,47.74383354187012,2447626,Gen1_Match290_1752240953.txt,,2025-07-11T14:30:48.578075
1,Gen1_Match291_1752240953,Gen1_Deck20,Gen1_Deck21,Gen1_Deck20,1,0,27.23849368095398,2447627,Gen1_Match291_1752240953.txt,,2025-07-11T14:30:56.141272
1,Gen1_Match292_1752240953,Gen1_Deck22,Gen1_Deck20,Gen1_Deck22,1,0,26.234851121902466,2447628,Gen1_Match292_1752240953.txt,,2025-07-11T14:31:09.416093
1,Gen1_Match293_1752240953,Gen1_Deck23,Gen1_Deck20,Gen1_Deck23,1,0,28.077884912490845,2447626,Gen1_Match293_1752240953.txt,,2025-07-11T14:31:16.656421
1,Gen1_Match294_1752240953,Gen1_Deck20,Gen1_Deck24,Gen1_Deck20,1,0,27.258736610412598,2447627,Gen1_Match294_1752240953.txt,,2025-07-11T14:31:23.400473
1,Gen1_Match296_1752240953,Gen1_Deck23,Gen1_Deck21,Gen1_Deck21,0,1,29.79535412788391,2447626,Gen1_Match296_1752240953.txt,,2025-07-11T14:31:46.452201
1,Gen1_Match297_1752240953,Gen1_Deck24,Gen1_Deck21,Gen1_Deck24,1,0,29.359813928604126,2447627,Gen1_Match297_1752240953.txt,,2025-07-11T14:31:52.760774
1,Gen1_Match295_1752240953,Gen1_Deck21,Gen1_Deck22,Gen1_Deck21,1,0,47.88395881652832,2447628,Gen1_Match295_1752240953.txt,,2025-07-11T14:31:57.300544
1,Gen1_Match298_1752240953,Gen1_Deck23,Gen1_Deck22,Gen1_Deck23,1,0,30.64928150177002,2447626,Gen1_Match298_1752240953.txt,,2025-07-11T14:32:17.101961
1,Gen1_Match299_1752240953,Gen1_Deck22,Gen1_Deck24,Gen1_Deck22,1,0,26.976901054382324,2447627,Gen1_Match299_1752240953.txt,,2025-07-11T14:32:19.738144
1,Gen1_Match300_1752240953,Gen1_Deck24,Gen1_Deck23,Gen1_Deck24,1,0,25.26674747467041,2447628,Gen1_Match300_1752240953.txt,,2025-07-11T14:32:22.568027
2,Gen2_Match2_1752244342,Gen2_Deck0,Gen2_Deck2,Gen2_Deck0,1,0,24.937346696853638,2570488,Gen2_Match2_1752244342.txt,,2025-07-11T14:32:47.560856
2,Gen2_Match3_1752244342,Gen2_Deck3,Gen2_Deck0,Gen2_Deck0,0,1,33.378939151763916,2570489,Gen2_Match3_1752244342.txt,,2025-07-11T14:32:56.002057
2,Gen2_Match1_1752244342,Gen2_Deck0,Gen2_Deck1,Gen2_Deck0,1,0,39.41984462738037,2570487,Gen2_Match1_1752244342.txt,,2025-07-11T14:33:02.037576
2,Gen2_Match4_1752244342,Gen2_Deck4,Gen2_Deck0,Gen2_Deck0,0,1,30.536379098892212,2570488,Gen2_Match4_1752244342.txt,,2025-07-11T14:33:18.098051
2,Gen2_Match5_1752244342,Gen2_Deck0,Gen2_Deck5,Gen2_Deck0,1,0,27.903764724731445,2570489,Gen2_Match5_1752244342.txt,,2025-07-11T14:33:23.906653
2,Gen2_Match6_1752244342,Gen2_Deck0,Gen2_Deck6,Gen2_Deck0,1,0,28.93432378768921,2570487,Gen2_Match6_1752244342.txt,,2025-07-11T14:33:30.972576
2,Gen2_Match7_1752244342,Gen2_Deck7,Gen2_Deck0,Gen2_Deck0,0,1,25.060377836227417,2570488,Gen2_Match7_1752244342.txt,,2025-07-11T14:33:43.159069
2,Gen2_Match8_1752244342,Gen2_Deck0,Gen2_Deck8,Gen2_Deck0,1,0,25.06470274925232,2570489,Gen2_Match8_1752244342.txt,,2025-07-11T14:33:48.971864
2,Gen2_Match9_1752244342,Gen2_Deck0,Gen2_Deck9,Gen2_Deck0,1,0,30.307390451431274,2570487,Gen2_Match9_1752244342.txt,,2025-07-11T14:34:01.280549
2,Gen2_Match10_1752244342,Gen2_Deck0,Gen2_Deck10,Gen2_Deck0,1,0,31.964808225631714,2570488,Gen2_Match10_1752244342.txt,,2025-07-11T14:34:15.124373
2,Gen2_Match11_1752244342,Gen2_Deck11,Gen2_Deck0,Gen2_Deck0,0,1,26.77735924720764,2570489,Gen2_Match11_1752244342.txt,,2025-07-11T14:34:15.749676
2,Gen2_Match12_1752244342,Gen2_Deck0,Gen2_Deck12,Gen2_Deck0,1,0,35.22742319107056,2570487,Gen2_Match12_1752244342.txt,,2025-07-11T14:34:36.508462
2,Gen2_Match13_1752244342,Gen2_Deck13,Gen2_Deck0,Gen2_Deck0,0,1,31.927578449249268,2570488,Gen2_Match13_1752244342.txt,,2025-07-11T14:34:47.052456
2,Gen2_Match14_1752244342,Gen2_Deck14,Gen2_Deck0,Gen2_Deck0,0,1,60.51444220542908,2570489,Gen2_Match14_1752244342.txt,,2025-07-11T14:35:16.264610
2,Gen2_Match16_1752244342,Gen2_Deck0,Gen2_Deck16,Gen2_Deck16,0,1,29.25252604484558,2570488,Gen2_Match16_1752244342.txt,,2025-07-11T14:35:16.305490
2,Gen2_Match17_1752244342,Gen2_Deck17,Gen2_Deck0,Gen2_Deck0,0,1,24.103329181671143,2570489,Gen2_Match17_1752244342.txt,,2025-07-11T14:35:40.368402
2,Gen2_Match18_1752244342,Gen2_Deck0,Gen2_Deck18,Gen2_Deck0,1,0,33.29722285270691,2570488,Gen2_Match18_1752244342.txt,,2025-07-11T14:35:49.603259
2,Gen2_Match19_1752244342,Gen2_Deck19,Gen2_Deck0,Gen2_Deck19,1,0,22.8720965385437,2570489,Gen2_Match19_1752244342.txt,,2025-07-11T14:36:03.241001
2,Gen2_Match20_1752244342,Gen2_Deck0,Gen2_Deck20,Gen2_Deck0,1,0,19.331543445587158,2570488,Gen2_Match20_1752244342.txt,,2025-07-11T14:36:08.935386
2,Gen2_Match15_1752244342,Gen2_Deck15,Gen2_Deck0,Gen2_Deck0,0,1,95.07558989524841,2570487,Gen2_Match15_1752244342.txt,,2025-07-11T14:36:11.584611
2,Gen2_Match23_1752244342,Gen2_Deck0,Gen2_Deck23,Gen2_Deck0,1,0,22.62737464904785,2570487,Gen2_Match23_1752244342.txt,,2025-07-11T14:36:34.212439
2,Gen2_Match21_1752244342,Gen2_Deck21,Gen2_Deck0,Gen2_Deck0,0,1,36.16705942153931,2570489,Gen2_Match21_1752244342.txt,,2025-07-11T14:36:39.408553
2,Gen2_Match22_1752244342,Gen2_Deck0,Gen2_Deck22,Gen2_Deck22,0,1,31.668577194213867,2570488,Gen2_Match22_1752244342.txt,,2025-07-11T14:36:40.604552
2,Gen2_Match24_1752244342,Gen2_Deck0,Gen2_Deck24,Gen2_Deck24,0,1,26.96428656578064,2570487,Gen2_Match24_1752244342.txt,,2025-07-11T14:37:01.177176
2,Gen2_Match25_1752244342,Gen2_Deck1,Gen2_Deck2,Gen2_Deck2,0,1,25.755032777786255,2570489,Gen2_Match25_1752244342.txt,,2025-07-11T14:37:05.164040
2,Gen2_Match28_1752244342,Gen2_Deck1,Gen2_Deck5,Gen2_Deck1,1,0,26.543814420700073,2570489,Gen2_Match28_1752244342.txt,,2025-07-11T14:37:31.708339
2,Gen2_Match26_1752244342,Gen2_Deck3,Gen2_Deck1,Gen2_Deck1,0,1,53.70063638687134,2570488,Gen2_Match26_1752244342.txt,,2025-07-11T14:37:34.305820
2,Gen2_Match27_1752244342,Gen2_Deck4,Gen2_Deck1,Gen2_Deck1,0,1,38.93072271347046,2570487,Gen2_Match27_1752244342.txt,,2025-07-11T14:37:40.108459
2,Gen2_Match29_1752244342,Gen2_Deck1,Gen2_Deck6,Gen2_Deck1,1,0,26.567861795425415,2570489,Gen2_Match29_1752244342.txt,,2025-07-11T14:37:58.276659
2,Gen2_Match30_1752244342,Gen2_Deck7,Gen2_Deck1,Gen2_Deck1,0,1,31.312172651290894,2570488,Gen2_Match30_1752244342.txt,,2025-07-11T14:38:05.618448
2,Gen2_Match31_1752244342,Gen2_Deck1,Gen2_Deck8,Gen2_Deck8,0,1,43.63210844993591,2570487,Gen2_Match31_1752244342.txt,,2025-07-11T14:38:23.741047
2,Gen2_Match33_1752244342,Gen2_Deck10,Gen2_Deck1,Gen2_Deck10,1,0,22.785553455352783,2570488,Gen2_Match33_1752244342.txt,,2025-07-11T14:38:28.404449
2,Gen2_Match32_1752244342,Gen2_Deck1,Gen2_Deck9,Gen2_Deck1,1,0,37.19404482841492,2570489,Gen2_Match32_1752244342.txt,,2025-07-11T14:38:35.471177
2,Gen2_Match35_1752244342,Gen2_Deck1,Gen2_Deck12,Gen2_Deck1,1,0,24.538064002990723,2570488,Gen2_Match35_1752244342.txt,,2025-07-11T14:38:52.942982
2,Gen2_Match36_1752244342,Gen2_Deck1,Gen2_Deck13,Gen2_Deck1,1,0,30.35691213607788,2570489,Gen2_Match36_1752244342.txt,,2025-07-11T14:39:05.828528
2,Gen2_Match34_1752244342,Gen2_Deck11,Gen2_Deck1,Gen2_Deck11,1,0,53.082680225372314,2570487,Gen2_Match34_1752244342.txt,,2025-07-11T14:39:16.824450
2,Gen2_Match37_1752244342,Gen2_Deck14,Gen2_Deck1,Gen2_Deck1,0,1,33.856197118759155,2570488,Gen2_Match37_1752244342.txt,,2025-07-11T14:39:26.799687
2,Gen2_Match38_1752244342,Gen2_Deck1,Gen2_Deck15,Gen2_Deck1,1,0,39.78351855278015,2570489,Gen2_Match38_1752244342.txt,,2025-07-11T14:39:45.612634
2,Gen2_Match39_1752244342,Gen2_Deck1,Gen2_Deck16,Gen2_Deck1,1,0,34.95333385467529,2570487,Gen2_Match39_1752244342.txt,,2025-07-11T14:39:51.778420
2,Gen2_Match40_1752244342,Gen2_Deck17,Gen2_Deck1,Gen2_Deck17,1,0,27.2151997089386,2570488,Gen2_Match40_1752244342.txt,,2025-07-11T14:39:54.015372
2,Gen2_Match42_1752244342,Gen2_Deck1,Gen2_Deck19,Gen2_Deck1,1,0,23.153674125671387,2570487,Gen2_Match42_1752244342.txt,,2025-07-11T14:40:14.932557
2,Gen2_Match43_1752244342,Gen2_Deck1,Gen2_Deck20,Gen2_Deck20,0,1,26.024564266204834,2570488,Gen2_Match43_1752244342.txt,,2025-07-11T14:40:20.040372
2,Gen2_Match41_1752244342,Gen2_Deck18,Gen2_Deck1,Gen2_Deck1,0,1,41.63928699493408,2570489,Gen2_Match41_1752244342.txt,,2025-07-11T14:40:27.252454
2,Gen2_Match44_1752244342,Gen2_Deck21,Gen2_Deck1,Gen2_Deck21,1,0,24.938324451446533,2570487,Gen2_Match44_1752244342.txt,,2025-07-11T14:40:39.871329
2,Gen2_Match45_1752244342,Gen2_Deck1,Gen2_Deck22,Gen2_Deck1,1,0,24.210615158081055,2570488,Gen2_Match45_1752244342.txt,,2025-07-11T14:40:44.251423
2,Gen2_Match46_1752244342,Gen2_Deck1,Gen2_Deck23,Gen2_Deck1,1,0,24.451472282409668,2570489,Gen2_Match46_1752244342.txt,,2025-07-11T14:40:51.704375
2,Gen2_Match48_1752244342,Gen2_Deck2,Gen2_Deck3,Gen2_Deck2,1,0,28.74103569984436,2570488,Gen2_Match48_1752244342.txt,,2025-07-11T14:41:12.992943
2,Gen2_Match47_1752244342,Gen2_Deck24,Gen2_Deck1,Gen2_Deck1,0,1,33.75894260406494,2570487,Gen2_Match47_1752244342.txt,,2025-07-11T14:41:13.630747
2,Gen2_Match49_1752244342,Gen2_Deck2,Gen2_Deck4,Gen2_Deck2,1,0,27.357272386550903,2570489,Gen2_Match49_1752244342.txt,,2025-07-11T14:41:19.062087
2,Gen2_Match50_1752244342,Gen2_Deck5,Gen2_Deck2,Gen2_Deck2,0,1,29.52545928955078,2570488,Gen2_Match50_1752244342.txt,,2025-07-11T14:41:42.518903
2,Gen2_Match52_1752244342,Gen2_Deck2,Gen2_Deck7,Gen2_Deck2,1,0,25.969832181930542,2570489,Gen2_Match52_1752244342.txt,,2025-07-11T14:41:45.032345
2,Gen2_Match51_1752244342,Gen2_Deck2,Gen2_Deck6,Gen2_Deck6,0,1,38.581148624420166,2570487,Gen2_Match51_1752244342.txt,,2025-07-11T14:41:52.219733
2,Gen2_Match53_1752244342,Gen2_Deck8,Gen2_Deck2,Gen2_Deck8,1,0,33.599186182022095,2570488,Gen2_Match53_1752244342.txt,,2025-07-11T14:42:16.118590
2,Gen2_Match54_1752244342,Gen2_Deck9,Gen2_Deck2,Gen2_Deck2,0,1,31.350611925125122,2570489,Gen2_Match54_1752244342.txt,,2025-07-11T14:42:16.383425
2,Gen2_Match55_1752244342,Gen2_Deck2,Gen2_Deck10,Gen2_Deck10,0,1,25.588151931762695,2570487,Gen2_Match55_1752244342.txt,,2025-07-11T14:42:17.808344
2,Gen2_Match56_1752244342,Gen2_Deck2,Gen2_Deck11,Gen2_Deck2,1,0,25.205179452896118,2570488,Gen2_Match56_1752244342.txt,,2025-07-11T14:42:41.324198
2,Gen2_Match57_1752244342,Gen2_Deck12,Gen2_Deck2,Gen2_Deck12,1,0,34.64211845397949,2570489,Gen2_Match57_1752244342.txt,,2025-07-11T14:42:51.025973
2,Gen2_Match58_1752244342,Gen2_Deck2,Gen2_Deck13,Gen2_Deck13,0,1,33.24682807922363,2570487,Gen2_Match58_1752244342.txt,,2025-07-11T14:42:51.055626
2,Gen2_Match59_1752244342,Gen2_Deck2,Gen2_Deck14,Gen2_Deck2,1,0,27.115833520889282,2570488,Gen2_Match59_1752244342.txt,,2025-07-11T14:43:08.440493
2,Gen2_Match61_1752244342,Gen2_Deck16,Gen2_Deck2,Gen2_Deck2,0,1,31.969754934310913,2570487,Gen2_Match61_1752244342.txt,,2025-07-11T14:43:23.025888
2,Gen2_Match62_1752244342,Gen2_Deck2,Gen2_Deck17,Gen2_Deck17,0,1,34.94048261642456,2570488,Gen2_Match62_1752244342.txt,,2025-07-11T14:43:43.381428
2,Gen2_Match63_1752244342,Gen2_Deck2,Gen2_Deck18,Gen2_Deck18,0,1,26.77376961708069,2570487,Gen2_Match63_1752244342.txt,,2025-07-11T14:43:49.800120
2,Gen2_Match60_1752244342,Gen2_Deck15,Gen2_Deck2,Gen2_Deck2,0,1,72.93545460700989,2570489,Gen2_Match60_1752244342.txt,,2025-07-11T14:44:03.962004
2,Gen2_Match64_1752244342,Gen2_Deck19,Gen2_Deck2,Gen2_Deck2,0,1,21.774759531021118,2570488,Gen2_Match64_1752244342.txt,,2025-07-11T14:44:05.156647
2,Gen2_Match65_1752244342,Gen2_Deck2,Gen2_Deck20,Gen2_Deck2,1,0,25.104803323745728,2570487,Gen2_Match65_1752244342.txt,,2025-07-11T14:44:14.905379
2,Gen2_Match66_1752244342,Gen2_Deck2,Gen2_Deck21,Gen2_Deck2,1,0,26.51686382293701,2570489,Gen2_Match66_1752244342.txt,,2025-07-11T14:44:30.479321
2,Gen2_Match67_1752244342,Gen2_Deck22,Gen2_Deck2,Gen2_Deck2,0,1,25.55673122406006,2570488,Gen2_Match67_1752244342.txt,,2025-07-11T14:44:30.713861
2,Gen2_Match68_1752244342,Gen2_Deck23,Gen2_Deck2,Gen2_Deck2,0,1,25.395375728607178,2570487,Gen2_Match68_1752244342.txt,,2025-07-11T14:44:40.301241
2,Gen2_Match69_1752244342,Gen2_Deck2,Gen2_Deck24,Gen2_Deck2,1,0,30.57597041130066,2570489,Gen2_Match69_1752244342.txt,,2025-07-11T14:45:01.055786
2,Gen2_Match70_1752244342,Gen2_Deck4,Gen2_Deck3,Gen2_Deck3,0,1,32.675819635391235,2570488,Gen2_Match70_1752244342.txt,,2025-07-11T14:45:03.390166
2,Gen2_Match71_1752244342,Gen2_Deck3,Gen2_Deck5,Gen2_Deck5,0,1,24.00541591644287,2570487,Gen2_Match71_1752244342.txt,,2025-07-11T14:45:04.307134
2,Gen2_Match73_1752244342,Gen2_Deck7,Gen2_Deck3,Gen2_Deck3,0,1,30.221877813339233,2570488,Gen2_Match73_1752244342.txt,,2025-07-11T14:45:33.612606
2,Gen2_Match72_1752244342,Gen2_Deck6,Gen2_Deck3,Gen2_Deck3,0,1,42.5362651348114,2570489,Gen2_Match72_1752244342.txt,,2025-07-11T14:45:43.592584
2,Gen2_Match74_1752244342,Gen2_Deck3,Gen2_Deck8,Gen2_Deck8,0,1,40.09609079360962,2570487,Gen2_Match74_1752244342.txt,,2025-07-11T14:45:44.403768
2,Gen2_Match77_1752244342,Gen2_Deck11,Gen2_Deck3,Gen2_Deck3,0,1,26.51188063621521,2570487,Gen2_Match77_1752244342.txt,,2025-07-11T14:46:10.916203
2,Gen2_Match76_1752244342,Gen2_Deck10,Gen2_Deck3,Gen2_Deck10,1,0,28.539761304855347,2570489,Gen2_Match76_1752244342.txt,,2025-07-11T14:46:12.132805
2,Gen2_Match78_1752244342,Gen2_Deck3,Gen2_Deck12,Gen2_Deck12,0,1,23.088119745254517,2570487,Gen2_Match78_1752244342.txt,,2025-07-11T14:46:34.004769
2,Gen2_Match75_1752244342,Gen2_Deck3,Gen2_Deck9,Gen2_Deck3,1,0,65.80342435836792,2570488,Gen2_Match75_1752244342.txt,,2025-07-11T14:46:39.416605
2,Gen2_Match79_1752244342,Gen2_Deck13,Gen2_Deck3,Gen2_Deck13,1,0,28.826390981674194,2570489,Gen2_Match79_1752244342.txt,,2025-07-11T14:46:40.959658
2,Gen2_Match80_1752244342,Gen2_Deck14,Gen2_Deck3,Gen2_Deck3,0,1,28.6994788646698,2570487,Gen2_Match80_1752244342.txt,,2025-07-11T14:47:02.704719
2,Gen2_Match81_1752244342,Gen2_Deck3,Gen2_Deck15,Gen2_Deck15,0,1,28.842140674591064,2570488,Gen2_Match81_1752244342.txt,,2025-07-11T14:47:08.259228
2,Gen2_Match82_1752244342,Gen2_Deck3,Gen2_Deck16,Gen2_Deck3,1,0,36.95691108703613,2570489,Gen2_Match82_1752244342.txt,,2025-07-11T14:47:17.917052
2,Gen2_Match83_1752244342,Gen2_Deck17,Gen2_Deck3,Gen2_Deck17,1,0,30.818298816680908,2570487,Gen2_Match83_1752244342.txt,,2025-07-11T14:47:33.523494
2,Gen2_Match85_1752244342,Gen2_Deck3,Gen2_Deck19,Gen2_Deck19,0,1,27.671032190322876,2570489,Gen2_Match85_1752244342.txt,,2025-07-11T14:47:45.588551
2,Gen2_Match84_1752244342,Gen2_Deck18,Gen2_Deck3,Gen2_Deck3,0,1,37.456775426864624,2570488,Gen2_Match84_1752244342.txt,,2025-07-11T14:47:45.716559
2,Gen2_Match86_1752244342,Gen2_Deck20,Gen2_Deck3,Gen2_Deck3,0,1,39.64147448539734,2570487,Gen2_Match86_1752244342.txt,,2025-07-11T14:48:13.165482
2,Gen2_Match88_1752244342,Gen2_Deck3,Gen2_Deck22,Gen2_Deck22,0,1,28.743394374847412,2570488,Gen2_Match88_1752244342.txt,,2025-07-11T14:48:14.460444
2,Gen2_Match87_1752244342,Gen2_Deck21,Gen2_Deck3,Gen2_Deck21,1,0,36.18339920043945,2570489,Gen2_Match87_1752244342.txt,,2025-07-11T14:48:21.772436
2,Gen2_Match90_1752244342,Gen2_Deck24,Gen2_Deck3,Gen2_Deck3,0,1,24.84364604949951,2570488,Gen2_Match90_1752244342.txt,,2025-07-11T14:48:39.304564
2,Gen2_Match89_1752244342,Gen2_Deck3,Gen2_Deck23,Gen2_Deck3,1,0,28.945492029190063,2570487,Gen2_Match89_1752244342.txt,,2025-07-11T14:48:42.111459
2,Gen2_Match91_1752244342,Gen2_Deck5,Gen2_Deck4,Gen2_Deck5,1,0,27.475434064865112,2570489,Gen2_Match91_1752244342.txt,,2025-07-11T14:48:49.248322
2,Gen2_Match92_1752244342,Gen2_Deck4,Gen2_Deck6,Gen2_Deck6,0,1,21.610920906066895,2570488,Gen2_Match92_1752244342.txt,,2025-07-11T14:49:00.915930
2,Gen2_Match94_1752244342,Gen2_Deck8,Gen2_Deck4,Gen2_Deck4,0,1,25.490158796310425,2570489,Gen2_Match94_1752244342.txt,,2025-07-11T14:49:14.738990
2,Gen2_Match93_1752244342,Gen2_Deck4,Gen2_Deck7,Gen2_Deck4,1,0,34.444332122802734,2570487,Gen2_Match93_1752244342.txt,,2025-07-11T14:49:16.556296
2,Gen2_Match95_1752244342,Gen2_Deck9,Gen2_Deck4,Gen2_Deck4,0,1,29.331535577774048,2570488,Gen2_Match95_1752244342.txt,,2025-07-11T14:49:30.273454
2,Gen2_Match96_1752244342,Gen2_Deck4,Gen2_Deck10,Gen2_Deck10,0,1,28.196908473968506,2570489,Gen2_Match96_1752244342.txt,,2025-07-11T14:49:42.936332
2,Gen2_Match97_1752244342,Gen2_Deck11,Gen2_Deck4,Gen2_Deck11,1,0,28.21954655647278,2570487,Gen2_Match97_1752244342.txt,,2025-07-11T14:49:44.776291
2,Gen2_Match98_1752244342,Gen2_Deck12,Gen2_Deck4,Gen2_Deck12,1,0,27.491416692733765,2570488,Gen2_Match98_1752244342.txt,,2025-07-11T14:49:57.765346
2,Gen2_Match99_1752244342,Gen2_Deck4,Gen2_Deck13,Gen2_Deck4,1,0,26.339736461639404,2570489,Gen2_Match99_1752244342.txt,,2025-07-11T14:50:09.276509
2,Gen2_Match100_1752244342,Gen2_Deck4,Gen2_Deck14,Gen2_Deck14,0,1,26.222707271575928,2570487,Gen2_Match100_1752244342.txt,,2025-07-11T14:50:10.999427
2,Gen2_Match101_1752244342,Gen2_Deck15,Gen2_Deck4,Gen2_Deck15,1,0,26.58532404899597,2570488,Gen2_Match101_1752244342.txt,,2025-07-11T14:50:24.351132
2,Gen2_Match102_1752244342,Gen2_Deck16,Gen2_Deck4,Gen2_Deck16,1,0,28.07142996788025,2570489,Gen2_Match102_1752244342.txt,,2025-07-11T14:50:37.348365
2,Gen2_Match103_1752244342,Gen2_Deck4,Gen2_Deck17,Gen2_Deck17,0,1,28.921327114105225,2570487,Gen2_Match103_1752244342.txt,,2025-07-11T14:50:39.921207
2,Gen2_Match104_1752244342,Gen2_Deck18,Gen2_Deck4,Gen2_Deck18,1,0,32.708775997161865,2570488,Gen2_Match104_1752244342.txt,,2025-07-11T14:50:57.060414
2,Gen2_Match106_1752244342,Gen2_Deck4,Gen2_Deck20,Gen2_Deck20,0,1,23.410009622573853,2570487,Gen2_Match106_1752244342.txt,,2025-07-11T14:51:03.331701
2,Gen2_Match105_1752244342,Gen2_Deck19,Gen2_Deck4,Gen2_Deck19,1,0,26.501230478286743,2570489,Gen2_Match105_1752244342.txt,,2025-07-11T14:51:03.849999
2,Gen2_Match107_1752244342,Gen2_Deck4,Gen2_Deck21,Gen2_Deck21,0,1,28.324989795684814,2570488,Gen2_Match107_1752244342.txt,,2025-07-11T14:51:25.385840
2,Gen2_Match108_1752244342,Gen2_Deck22,Gen2_Deck4,Gen2_Deck22,1,0,27.264167308807373,2570487,Gen2_Match108_1752244342.txt,,2025-07-11T14:51:30.596358
2,Gen2_Match109_1752244342,Gen2_Deck4,Gen2_Deck23,Gen2_Deck23,0,1,35.46891522407532,2570489,Gen2_Match109_1752244342.txt,,2025-07-11T14:51:39.319395
2,Gen2_Match110_1752244342,Gen2_Deck4,Gen2_Deck24,Gen2_Deck4,1,0,27.206758499145508,2570488,Gen2_Match110_1752244342.txt,,2025-07-11T14:51:52.593044
2,Gen2_Match111_1752244342,Gen2_Deck5,Gen2_Deck6,Gen2_Deck5,1,0,26.962894916534424,2570487,Gen2_Match111_1752244342.txt,,2025-07-11T14:51:57.559720
2,Gen2_Match112_1752244342,Gen2_Deck5,Gen2_Deck7,Gen2_Deck5,1,0,25.05248212814331,2570489,Gen2_Match112_1752244342.txt,,2025-07-11T14:52:04.372333
2,Gen2_Match113_1752244342,Gen2_Deck8,Gen2_Deck5,Gen2_Deck8,1,0,30.22492265701294,2570488,Gen2_Match113_1752244342.txt,,2025-07-11T14:52:22.818459
2,Gen2_Match114_1752244342,Gen2_Deck5,Gen2_Deck9,Gen2_Deck5,1,0,30.636091947555542,2570487,Gen2_Match114_1752244342.txt,,2025-07-11T14:52:28.196259
2,Gen2_Match115_1752244342,Gen2_Deck10,Gen2_Deck5,Gen2_Deck10,1,0,24.479851007461548,2570489,Gen2_Match115_1752244342.txt,,2025-07-11T14:52:28.852616
2,Gen2_Match117_1752244342,Gen2_Deck12,Gen2_Deck5,Gen2_Deck12,1,0,23.999799728393555,2570487,Gen2_Match117_1752244342.txt,,2025-07-11T14:52:52.196525
2,Gen2_Match116_1752244342,Gen2_Deck11,Gen2_Deck5,Gen2_Deck11,1,0,34.029547929763794,2570488,Gen2_Match116_1752244342.txt,,2025-07-11T14:52:56.848449
2,Gen2_Match118_1752244342,Gen2_Deck5,Gen2_Deck13,Gen2_Deck13,0,1,30.57721781730652,2570489,Gen2_Match118_1752244342.txt,,2025-07-11T14:52:59.430391
2,Gen2_Match119_1752244342,Gen2_Deck14,Gen2_Deck5,Gen2_Deck14,1,0,28.822378396987915,2570487,Gen2_Match119_1752244342.txt,,2025-07-11T14:53:21.019402
2,Gen2_Match121_1752244342,Gen2_Deck5,Gen2_Deck16,Gen2_Deck5,1,0,23.249573230743408,2570489,Gen2_Match121_1752244342.txt,,2025-07-11T14:53:22.680414
2,Gen2_Match120_1752244342,Gen2_Deck15,Gen2_Deck5,Gen2_Deck5,0,1,37.31350874900818,2570488,Gen2_Match120_1752244342.txt,,2025-07-11T14:53:34.162503
2,Gen2_Match122_1752244342,Gen2_Deck5,Gen2_Deck17,Gen2_Deck17,0,1,25.347129106521606,2570487,Gen2_Match122_1752244342.txt,,2025-07-11T14:53:46.366998
2,Gen2_Match123_1752244342,Gen2_Deck18,Gen2_Deck5,Gen2_Deck18,1,0,27.6786949634552,2570489,Gen2_Match123_1752244342.txt,,2025-07-11T14:53:50.359566
2,Gen2_Match124_1752244342,Gen2_Deck19,Gen2_Deck5,Gen2_Deck19,1,0,29.46548581123352,2570488,Gen2_Match124_1752244342.txt,,2025-07-11T14:54:03.628487
2,Gen2_Match125_1752244342,Gen2_Deck5,Gen2_Deck20,Gen2_Deck5,1,0,22.122528791427612,2570487,Gen2_Match125_1752244342.txt,,2025-07-11T14:54:08.489985
2,Gen2_Match126_1752244342,Gen2_Deck21,Gen2_Deck5,Gen2_Deck21,1,0,28.76443123817444,2570489,Gen2_Match126_1752244342.txt,,2025-07-11T14:54:19.124460
2,Gen2_Match127_1752244342,Gen2_Deck22,Gen2_Deck5,Gen2_Deck22,1,0,29.27453374862671,2570488,Gen2_Match127_1752244342.txt,,2025-07-11T14:54:32.903514
2,Gen2_Match128_1752244342,Gen2_Deck23,Gen2_Deck5,Gen2_Deck23,1,0,31.507338523864746,2570487,Gen2_Match128_1752244342.txt,,2025-07-11T14:54:39.997812
2,Gen2_Match129_1752244342,Gen2_Deck5,Gen2_Deck24,Gen2_Deck24,0,1,24.107404947280884,2570489,Gen2_Match129_1752244342.txt,,2025-07-11T14:54:43.232300
2,Gen2_Match132_1752244342,Gen2_Deck6,Gen2_Deck9,Gen2_Deck6,1,0,21.378567695617676,2570489,Gen2_Match132_1752244342.txt,,2025-07-11T14:55:04.611281
2,Gen2_Match131_1752244342,Gen2_Deck6,Gen2_Deck8,Gen2_Deck8,0,1,25.12851881980896,2570487,Gen2_Match131_1752244342.txt,,2025-07-11T14:55:05.126803
2,Gen2_Match130_1752244342,Gen2_Deck7,Gen2_Deck6,Gen2_Deck7,1,0,35.04124975204468,2570488,Gen2_Match130_1752244342.txt,,2025-07-11T14:55:07.945267
2,Gen2_Match134_1752244342,Gen2_Deck11,Gen2_Deck6,Gen2_Deck11,1,0,25.509063482284546,2570487,Gen2_Match134_1752244342.txt,,2025-07-11T14:55:30.636353
2,Gen2_Match133_1752244342,Gen2_Deck10,Gen2_Deck6,Gen2_Deck6,0,1,28.881797790527344,2570489,Gen2_Match133_1752244342.txt,,2025-07-11T14:55:33.493545
2,Gen2_Match135_1752244342,Gen2_Deck6,Gen2_Deck12,Gen2_Deck6,1,0,30.966602325439453,2570488,Gen2_Match135_1752244342.txt,,2025-07-11T14:55:38.912321
2,Gen2_Match136_1752244342,Gen2_Deck6,Gen2_Deck13,Gen2_Deck13,0,1,28.746781587600708,2570487,Gen2_Match136_1752244342.txt,,2025-07-11T14:55:59.383620
2,Gen2_Match138_1752244342,Gen2_Deck6,Gen2_Deck15,Gen2_Deck15,0,1,21.267337322235107,2570488,Gen2_Match138_1752244342.txt,,2025-07-11T14:56:00.180109
2,Gen2_Match137_1752244342,Gen2_Deck14,Gen2_Deck6,Gen2_Deck14,1,0,31.85062026977539,2570489,Gen2_Match137_1752244342.txt,,2025-07-11T14:56:05.344593
2,Gen2_Match140_1752244342,Gen2_Deck17,Gen2_Deck6,Gen2_Deck17,1,0,28.43321657180786,2570488,Gen2_Match140_1752244342.txt,,2025-07-11T14:56:28.613845
2,Gen2_Match139_1752244342,Gen2_Deck6,Gen2_Deck16,Gen2_Deck16,0,1,31.431201696395874,2570487,Gen2_Match139_1752244342.txt,,2025-07-11T14:56:30.815317
2,Gen2_Match141_1752244342,Gen2_Deck18,Gen2_Deck6,Gen2_Deck18,1,0,35.45520615577698,2570489,Gen2_Match141_1752244342.txt,,2025-07-11T14:56:40.814674
2,Gen2_Match143_1752244342,Gen2_Deck6,Gen2_Deck20,Gen2_Deck6,1,0,27.84876251220703,2570487,Gen2_Match143_1752244342.txt,,2025-07-11T14:56:58.664578
2,Gen2_Match142_1752244342,Gen2_Deck6,Gen2_Deck19,Gen2_Deck19,0,1,39.25413274765015,2570488,Gen2_Match142_1752244342.txt,,2025-07-11T14:57:07.868489
2,Gen2_Match144_1752244342,Gen2_Deck21,Gen2_Deck6,Gen2_Deck21,1,0,28.956459045410156,2570489,Gen2_Match144_1752244342.txt,,2025-07-11T14:57:09.771704
2,Gen2_Match145_1752244342,Gen2_Deck6,Gen2_Deck22,Gen2_Deck22,0,1,24.399425268173218,2570487,Gen2_Match145_1752244342.txt,,2025-07-11T14:57:23.064487
2,Gen2_Match146_1752244342,Gen2_Deck6,Gen2_Deck23,Gen2_Deck6,1,0,26.190173864364624,2570488,Gen2_Match146_1752244342.txt,,2025-07-11T14:57:34.059113
2,Gen2_Match148_1752244342,Gen2_Deck8,Gen2_Deck7,Gen2_Deck8,1,0,31.80802083015442,2570487,Gen2_Match148_1752244342.txt,,2025-07-11T14:57:54.872968
2,Gen2_Match147_1752244342,Gen2_Deck24,Gen2_Deck6,Gen2_Deck24,1,0,53.5544319152832,2570489,Gen2_Match147_1752244342.txt,,2025-07-11T14:58:03.326665
2,Gen2_Match149_1752244342,Gen2_Deck9,Gen2_Deck7,Gen2_Deck7,0,1,39.090177059173584,2570488,Gen2_Match149_1752244342.txt,,2025-07-11T14:58:13.149822
2,Gen2_Match150_1752244342,Gen2_Deck7,Gen2_Deck10,Gen2_Deck10,0,1,28.615508794784546,2570487,Gen2_Match150_1752244342.txt,,2025-07-11T14:58:23.488991
2,Gen2_Match151_1752244342,Gen2_Deck7,Gen2_Deck11,Gen2_Deck11,0,1,28.889061212539673,2570489,Gen2_Match151_1752244342.txt,,2025-07-11T14:58:32.216193
2,Gen2_Match152_1752244342,Gen2_Deck12,Gen2_Deck7,Gen2_Deck12,1,0,21.666105031967163,2570488,Gen2_Match152_1752244342.txt,,2025-07-11T14:58:34.816380
2,Gen2_Match153_1752244342,Gen2_Deck7,Gen2_Deck13,Gen2_Deck7,1,0,23.278945207595825,2570487,Gen2_Match153_1752244342.txt,,2025-07-11T14:58:46.768370
2,Gen2_Match154_1752244342,Gen2_Deck7,Gen2_Deck14,Gen2_Deck14,0,1,27.93405532836914,2570489,Gen2_Match154_1752244342.txt,,2025-07-11T14:59:00.150672
2,Gen2_Match155_1752244342,Gen2_Deck15,Gen2_Deck7,Gen2_Deck15,1,0,25.987498998641968,2570488,Gen2_Match155_1752244342.txt,,2025-07-11T14:59:00.804351
2,Gen2_Match156_1752244342,Gen2_Deck16,Gen2_Deck7,Gen2_Deck16,1,0,27.189734935760498,2570487,Gen2_Match156_1752244342.txt,,2025-07-11T14:59:13.958586
2,Gen2_Match157_1752244342,Gen2_Deck7,Gen2_Deck17,Gen2_Deck17,0,1,37.258609771728516,2570489,Gen2_Match157_1752244342.txt,,2025-07-11T14:59:37.409793
2,Gen2_Match158_1752244342,Gen2_Deck18,Gen2_Deck7,Gen2_Deck18,1,0,42.347373962402344,2570488,Gen2_Match158_1752244342.txt,,2025-07-11T14:59:43.152234
2,Gen2_Match159_1752244342,Gen2_Deck19,Gen2_Deck7,Gen2_Deck19,1,0,35.09501767158508,2570487,Gen2_Match159_1752244342.txt,,2025-07-11T14:59:49.054053
2,Gen2_Match160_1752244342,Gen2_Deck7,Gen2_Deck20,Gen2_Deck7,1,0,31.186171054840088,2570489,Gen2_Match160_1752244342.txt,,2025-07-11T15:00:08.596484
2,Gen2_Match161_1752244342,Gen2_Deck7,Gen2_Deck21,Gen2_Deck21,0,1,27.755200386047363,2570488,Gen2_Match161_1752244342.txt,,2025-07-11T15:00:10.907895
2,Gen2_Match162_1752244342,Gen2_Deck22,Gen2_Deck7,Gen2_Deck7,0,1,27.71397376060486,2570487,Gen2_Match162_1752244342.txt,,2025-07-11T15:00:16.768446
2,Gen2_Match163_1752244342,Gen2_Deck7,Gen2_Deck23,Gen2_Deck7,1,0,26.143544673919678,2570489,Gen2_Match163_1752244342.txt,,2025-07-11T15:00:34.740497
2,Gen2_Match164_1752244342,Gen2_Deck7,Gen2_Deck24,Gen2_Deck7,1,0,29.52428936958313,2570488,Gen2_Match164_1752244342.txt,,2025-07-11T15:00:40.432727
2,Gen2_Match165_1752244342,Gen2_Deck8,Gen2_Deck9,Gen2_Deck8,1,0,33.08609199523926,2570487,Gen2_Match165_1752244342.txt,,2025-07-11T15:00:49.855046
2,Gen2_Match167_1752244342,Gen2_Deck11,Gen2_Deck8,Gen2_Deck8,0,1,27.723284006118774,2570488,Gen2_Match167_1752244342.txt,,2025-07-11T15:01:08.156490
2,Gen2_Match166_1752244342,Gen2_Deck10,Gen2_Deck8,Gen2_Deck10,1,0,37.775338888168335,2570489,Gen2_Match166_1752244342.txt,,2025-07-11T15:01:12.516303
2,Gen2_Match168_1752244342,Gen2_Deck8,Gen2_Deck12,Gen2_Deck8,1,0,31.5233793258667,2570487,Gen2_Match168_1752244342.txt,,2025-07-11T15:01:21.378931
2,Gen2_Match169_1752244342,Gen2_Deck13,Gen2_Deck8,Gen2_Deck13,1,0,29.32128143310547,2570488,Gen2_Match169_1752244342.txt,,2025-07-11T15:01:37.478225
2,Gen2_Match170_1752244342,Gen2_Deck14,Gen2_Deck8,Gen2_Deck8,0,1,32.029961347579956,2570489,Gen2_Match170_1752244342.txt,,2025-07-11T15:01:44.546706
2,Gen2_Match171_1752244342,Gen2_Deck8,Gen2_Deck15,Gen2_Deck15,0,1,35.5689640045166,2570487,Gen2_Match171_1752244342.txt,,2025-07-11T15:01:56.948350
2,Gen2_Match172_1752244342,Gen2_Deck8,Gen2_Deck16,Gen2_Deck8,1,0,26.773964166641235,2570488,Gen2_Match172_1752244342.txt,,2025-07-11T15:02:04.252654
2,Gen2_Match173_1752244342,Gen2_Deck17,Gen2_Deck8,Gen2_Deck17,1,0,30.12922501564026,2570489,Gen2_Match173_1752244342.txt,,2025-07-11T15:02:14.676430
2,Gen2_Match174_1752244342,Gen2_Deck18,Gen2_Deck8,Gen2_Deck8,0,1,35.63944888114929,2570487,Gen2_Match174_1752244342.txt,,2025-07-11T15:02:32.588324
2,Gen2_Match175_1752244342,Gen2_Deck8,Gen2_Deck19,Gen2_Deck19,0,1,30.802250146865845,2570488,Gen2_Match175_1752244342.txt,,2025-07-11T15:02:35.055363
2,Gen2_Match176_1752244342,Gen2_Deck20,Gen2_Deck8,Gen2_Deck8,0,1,33.37177276611328,2570489,Gen2_Match176_1752244342.txt,,2025-07-11T15:02:48.048685
2,Gen2_Match178_1752244342,Gen2_Deck8,Gen2_Deck22,Gen2_Deck8,1,0,28.681071043014526,2570488,Gen2_Match178_1752244342.txt,,2025-07-11T15:03:03.736851
2,Gen2_Match177_1752244342,Gen2_Deck21,Gen2_Deck8,Gen2_Deck8,0,1,36.44212579727173,2570487,Gen2_Match177_1752244342.txt,,2025-07-11T15:03:09.030928
2,Gen2_Match179_1752244342,Gen2_Deck8,Gen2_Deck23,Gen2_Deck8,1,0,29.560534238815308,2570489,Gen2_Match179_1752244342.txt,,2025-07-11T15:03:17.609659
2,Gen2_Match181_1752244342,Gen2_Deck9,Gen2_Deck10,Gen2_Deck10,0,1,28.100295782089233,2570487,Gen2_Match181_1752244342.txt,,2025-07-11T15:03:37.131727
2,Gen2_Match182_1752244342,Gen2_Deck11,Gen2_Deck9,Gen2_Deck9,0,1,23.602760076522827,2570489,Gen2_Match182_1752244342.txt,,2025-07-11T15:03:41.212920
2,Gen2_Match180_1752244342,Gen2_Deck24,Gen2_Deck8,Gen2_Deck8,0,1,45.13508486747742,2570488,Gen2_Match180_1752244342.txt,,2025-07-11T15:03:48.872461
2,Gen2_Match183_1752244342,Gen2_Deck12,Gen2_Deck9,Gen2_Deck12,1,0,35.304136991500854,2570487,Gen2_Match183_1752244342.txt,,2025-07-11T15:04:12.436370
2,Gen2_Match185_1752244342,Gen2_Deck9,Gen2_Deck14,Gen2_Deck9,1,0,27.293152570724487,2570488,Gen2_Match185_1752244342.txt,,2025-07-11T15:04:16.166070
2,Gen2_Match184_1752244342,Gen2_Deck9,Gen2_Deck13,Gen2_Deck13,0,1,42.21114373207092,2570489,Gen2_Match184_1752244342.txt,,2025-07-11T15:04:23.424597
2,Gen2_Match186_1752244342,Gen2_Deck15,Gen2_Deck9,Gen2_Deck15,1,0,33.01717138290405,2570487,Gen2_Match186_1752244342.txt,,2025-07-11T15:04:45.454001
2,Gen2_Match188_1752244342,Gen2_Deck9,Gen2_Deck17,Gen2_Deck17,0,1,26.95944046974182,2570489,Gen2_Match188_1752244342.txt,,2025-07-11T15:04:50.384491
2,Gen2_Match187_1752244342,Gen2_Deck16,Gen2_Deck9,Gen2_Deck16,1,0,35.00762867927551,2570488,Gen2_Match187_1752244342.txt,,2025-07-11T15:04:51.174163
2,Gen2_Match189_1752244342,Gen2_Deck18,Gen2_Deck9,Gen2_Deck9,0,1,26.210081815719604,2570487,Gen2_Match189_1752244342.txt,,2025-07-11T15:05:11.664538
2,Gen2_Match191_1752244342,Gen2_Deck9,Gen2_Deck20,Gen2_Deck9,1,0,29.764742374420166,2570488,Gen2_Match191_1752244342.txt,,2025-07-11T15:05:20.939317
2,Gen2_Match190_1752244342,Gen2_Deck19,Gen2_Deck9,Gen2_Deck19,1,0,36.51686239242554,2570489,Gen2_Match190_1752244342.txt,,2025-07-11T15:05:26.901840
2,Gen2_Match192_1752244342,Gen2_Deck9,Gen2_Deck21,Gen2_Deck21,0,1,27.27413582801819,2570487,Gen2_Match192_1752244342.txt,,2025-07-11T15:05:38.939128
2,Gen2_Match194_1752244342,Gen2_Deck9,Gen2_Deck23,Gen2_Deck9,1,0,29.100540161132812,2570489,Gen2_Match194_1752244342.txt,,2025-07-11T15:05:56.002902
2,Gen2_Match193_1752244342,Gen2_Deck22,Gen2_Deck9,Gen2_Deck9,0,1,45.38087296485901,2570488,Gen2_Match193_1752244342.txt,,2025-07-11T15:06:06.320709
2,Gen2_Match196_1752244342,Gen2_Deck11,Gen2_Deck10,Gen2_Deck11,1,0,25.27281093597412,2570489,Gen2_Match196_1752244342.txt,,2025-07-11T15:06:21.276176
2,Gen2_Match195_1752244342,Gen2_Deck9,Gen2_Deck24,Gen2_Deck24,0,1,45.189857721328735,2570487,Gen2_Match195_1752244342.txt,,2025-07-11T15:06:24.129577
2,Gen2_Match197_1752244342,Gen2_Deck12,Gen2_Deck10,Gen2_Deck12,1,0,28.66332769393921,2570488,Gen2_Match197_1752244342.txt,,2025-07-11T15:06:34.984472
2,Gen2_Match199_1752244342,Gen2_Deck14,Gen2_Deck10,Gen2_Deck10,0,1,27.79505467414856,2570487,Gen2_Match199_1752244342.txt,,2025-07-11T15:06:51.925103
2,Gen2_Match198_1752244342,Gen2_Deck10,Gen2_Deck13,Gen2_Deck13,0,1,32.261372089385986,2570489,Gen2_Match198_1752244342.txt,,2025-07-11T15:06:53.538121
2,Gen2_Match202_1752244342,Gen2_Deck17,Gen2_Deck10,Gen2_Deck17,1,0,25.98481512069702,2570489,Gen2_Match202_1752244342.txt,,2025-07-11T15:07:19.523392
2,Gen2_Match201_1752244342,Gen2_Deck10,Gen2_Deck16,Gen2_Deck16,0,1,38.43335247039795,2570487,Gen2_Match201_1752244342.txt,,2025-07-11T15:07:30.358983
2,Gen2_Match204_1752244342,Gen2_Deck10,Gen2_Deck19,Gen2_Deck19,0,1,26.358931064605713,2570487,Gen2_Match204_1752244342.txt,,2025-07-11T15:07:56.718409
2,Gen2_Match203_1752244342,Gen2_Deck18,Gen2_Deck10,Gen2_Deck18,1,0,42.588637590408325,2570489,Gen2_Match203_1752244342.txt,,2025-07-11T15:08:02.112558
2,Gen2_Match205_1752244342,Gen2_Deck10,Gen2_Deck20,Gen2_Deck10,1,0,20.15362000465393,2570487,Gen2_Match205_1752244342.txt,,2025-07-11T15:08:16.872487
2,Gen2_Match206_1752244342,Gen2_Deck21,Gen2_Deck10,Gen2_Deck10,0,1,25.00869870185852,2570489,Gen2_Match206_1752244342.txt,,2025-07-11T15:08:27.121729
2,Gen2_Match207_1752244342,Gen2_Deck10,Gen2_Deck22,Gen2_Deck22,0,1,23.65551233291626,2570487,Gen2_Match207_1752244342.txt,,2025-07-11T15:08:40.528449
2,Gen2_Match200_1752244342,Gen2_Deck10,Gen2_Deck15,Gen2_Deck15,0,1,130.52352666854858,2570488,Gen2_Match200_1752244342.txt,,2025-07-11T15:08:45.508564
2,Gen2_Match208_1752244342,Gen2_Deck10,Gen2_Deck23,Gen2_Deck10,1,0,23.62527108192444,2570489,Gen2_Match208_1752244342.txt,,2025-07-11T15:08:50.747445
2,Gen2_Match209_1752244342,Gen2_Deck10,Gen2_Deck24,Gen2_Deck24,0,1,27.79951024055481,2570487,Gen2_Match209_1752244342.txt,,2025-07-11T15:09:08.328452
2,Gen2_Match210_1752244342,Gen2_Deck12,Gen2_Deck11,Gen2_Deck12,1,0,30.587512254714966,2570488,Gen2_Match210_1752244342.txt,,2025-07-11T15:09:16.096562
2,Gen2_Match211_1752244342,Gen2_Deck11,Gen2_Deck13,Gen2_Deck11,1,0,36.21994733810425,2570489,Gen2_Match211_1752244342.txt,,2025-07-11T15:09:26.967880
2,Gen2_Match212_1752244342,Gen2_Deck11,Gen2_Deck14,Gen2_Deck14,0,1,32.08992028236389,2570487,Gen2_Match212_1752244342.txt,,2025-07-11T15:09:40.418894
2,Gen2_Match213_1752244342,Gen2_Deck15,Gen2_Deck11,Gen2_Deck15,1,0,36.044031858444214,2570488,Gen2_Match213_1752244342.txt,,2025-07-11T15:09:52.141361
2,Gen2_Match214_1752244342,Gen2_Deck16,Gen2_Deck11,Gen2_Deck16,1,0,37.11340141296387,2570489,Gen2_Match214_1752244342.txt,,2025-07-11T15:10:04.081772
2,Gen2_Match215_1752244342,Gen2_Deck11,Gen2_Deck17,Gen2_Deck11,1,0,26.96803641319275,2570487,Gen2_Match215_1752244342.txt,,2025-07-11T15:10:07.387430
2,Gen2_Match216_1752244342,Gen2_Deck18,Gen2_Deck11,Gen2_Deck18,1,0,34.780579805374146,2570488,Gen2_Match216_1752244342.txt,,2025-07-11T15:10:26.922613
2,Gen2_Match218_1752244342,Gen2_Deck11,Gen2_Deck20,Gen2_Deck11,1,0,21.387839555740356,2570487,Gen2_Match218_1752244342.txt,,2025-07-11T15:10:28.775728
2,Gen2_Match217_1752244342,Gen2_Deck19,Gen2_Deck11,Gen2_Deck19,1,0,29.070317029953003,2570489,Gen2_Match217_1752244342.txt,,2025-07-11T15:10:33.152573
2,Gen2_Match219_1752244342,Gen2_Deck11,Gen2_Deck21,Gen2_Deck21,0,1,28.232680082321167,2570488,Gen2_Match219_1752244342.txt,,2025-07-11T15:10:55.156560
2,Gen2_Match220_1752244342,Gen2_Deck22,Gen2_Deck11,Gen2_Deck11,0,1,27.04483199119568,2570487,Gen2_Match220_1752244342.txt,,2025-07-11T15:10:55.821015
2,Gen2_Match221_1752244342,Gen2_Deck23,Gen2_Deck11,Gen2_Deck11,0,1,28.951526641845703,2570489,Gen2_Match221_1752244342.txt,,2025-07-11T15:11:02.104544
2,Gen2_Match223_1752244342,Gen2_Deck12,Gen2_Deck13,Gen2_Deck12,1,0,31.945152282714844,2570487,Gen2_Match223_1752244342.txt,,2025-07-11T15:11:27.766643
2,Gen2_Match222_1752244342,Gen2_Deck11,Gen2_Deck24,Gen2_Deck11,1,0,36.13950443267822,2570488,Gen2_Match222_1752244342.txt,,2025-07-11T15:11:31.296593
2,Gen2_Match224_1752244342,Gen2_Deck12,Gen2_Deck14,Gen2_Deck12,1,0,49.46409606933594,2570489,Gen2_Match224_1752244342.txt,,2025-07-11T15:11:51.569104
2,Gen2_Match225_1752244342,Gen2_Deck15,Gen2_Deck12,Gen2_Deck15,1,0,30.513078451156616,2570487,Gen2_Match225_1752244342.txt,,2025-07-11T15:11:58.280245
2,Gen2_Match227_1752244342,Gen2_Deck12,Gen2_Deck17,Gen2_Deck17,0,1,30.62920045852661,2570489,Gen2_Match227_1752244342.txt,,2025-07-11T15:12:22.198758
2,Gen2_Match228_1752244342,Gen2_Deck18,Gen2_Deck12,Gen2_Deck18,1,0,27.795003175735474,2570487,Gen2_Match228_1752244342.txt,,2025-07-11T15:12:26.075705
2,Gen2_Match229_1752244342,Gen2_Deck19,Gen2_Deck12,Gen2_Deck19,1,0,24.81382393836975,2570489,Gen2_Match229_1752244342.txt,,2025-07-11T15:12:47.013065
2,Gen2_Match230_1752244342,Gen2_Deck12,Gen2_Deck20,Gen2_Deck12,1,0,23.631441354751587,2570487,Gen2_Match230_1752244342.txt,,2025-07-11T15:12:49.707644
2,Gen2_Match232_1752244342,Gen2_Deck22,Gen2_Deck12,Gen2_Deck22,1,0,20.794097423553467,2570487,Gen2_Match232_1752244342.txt,,2025-07-11T15:13:10.502203
2,Gen2_Match231_1752244342,Gen2_Deck12,Gen2_Deck21,Gen2_Deck21,0,1,24.66239619255066,2570489,Gen2_Match231_1752244342.txt,,2025-07-11T15:13:11.675901
2,Gen2_Match233_1752244342,Gen2_Deck12,Gen2_Deck23,Gen2_Deck12,1,0,22.106714725494385,2570487,Gen2_Match233_1752244342.txt,,2025-07-11T15:13:32.609357
2,Gen2_Match226_1752244342,Gen2_Deck16,Gen2_Deck12,Gen2_Deck16,1,0,121.95429372787476,2570488,Gen2_Match226_1752244342.txt,,2025-07-11T15:13:33.251424
2,Gen2_Match234_1752244342,Gen2_Deck12,Gen2_Deck24,Gen2_Deck24,0,1,21.78789758682251,2570489,Gen2_Match234_1752244342.txt,,2025-07-11T15:13:33.464209
2,Gen2_Match237_1752244342,Gen2_Deck13,Gen2_Deck16,Gen2_Deck16,0,1,25.875880241394043,2570489,Gen2_Match237_1752244342.txt,,2025-07-11T15:13:59.340503
2,Gen2_Match236_1752244342,Gen2_Deck13,Gen2_Deck15,Gen2_Deck15,0,1,29.022777795791626,2570488,Gen2_Match236_1752244342.txt,,2025-07-11T15:14:02.274752
2,Gen2_Match235_1752244342,Gen2_Deck14,Gen2_Deck13,Gen2_Deck14,1,0,37.40649199485779,2570487,Gen2_Match235_1752244342.txt,,2025-07-11T15:14:10.016343
2,Gen2_Match238_1752244342,Gen2_Deck17,Gen2_Deck13,Gen2_Deck13,0,1,29.902904748916626,2570489,Gen2_Match238_1752244342.txt,,2025-07-11T15:14:29.243856
2,Gen2_Match239_1752244342,Gen2_Deck18,Gen2_Deck13,Gen2_Deck18,1,0,37.92000222206116,2570488,Gen2_Match239_1752244342.txt,,2025-07-11T15:14:40.195291
2,Gen2_Match240_1752244342,Gen2_Deck13,Gen2_Deck19,Gen2_Deck19,0,1,38.45278239250183,2570487,Gen2_Match240_1752244342.txt,,2025-07-11T15:14:48.469635
2,Gen2_Match242_1752244342,Gen2_Deck21,Gen2_Deck13,Gen2_Deck13,0,1,30.54085683822632,2570488,Gen2_Match242_1752244342.txt,,2025-07-11T15:15:10.736633
2,Gen2_Match243_1752244342,Gen2_Deck13,Gen2_Deck22,Gen2_Deck22,0,1,38.229811906814575,2570487,Gen2_Match243_1752244342.txt,,2025-07-11T15:15:26.699953
2,Gen2_Match244_1752244342,Gen2_Deck13,Gen2_Deck23,Gen2_Deck13,1,0,22.650786638259888,2570488,Gen2_Match244_1752244342.txt,,2025-07-11T15:15:33.387869
2,Gen2_Match241_1752244342,Gen2_Deck20,Gen2_Deck13,Gen2_Deck20,1,0,77.66024231910706,2570489,Gen2_Match241_1752244342.txt,,2025-07-11T15:15:46.904658
2,Gen2_Match245_1752244342,Gen2_Deck24,Gen2_Deck13,Gen2_Deck24,1,0,26.690793752670288,2570487,Gen2_Match245_1752244342.txt,,2025-07-11T15:15:53.391206
2,Gen2_Match246_1752244342,Gen2_Deck15,Gen2_Deck14,Gen2_Deck15,1,0,27.420121908187866,2570488,Gen2_Match246_1752244342.txt,,2025-07-11T15:16:00.808446
2,Gen2_Match247_1752244342,Gen2_Deck16,Gen2_Deck14,Gen2_Deck14,0,1,26.847268104553223,2570489,Gen2_Match247_1752244342.txt,,2025-07-11T15:16:13.752387
2,Gen2_Match248_1752244342,Gen2_Deck14,Gen2_Deck17,Gen2_Deck14,1,0,42.3167188167572,2570487,Gen2_Match248_1752244342.txt,,2025-07-11T15:16:35.708456
2,Gen2_Match249_1752244342,Gen2_Deck14,Gen2_Deck18,Gen2_Deck18,0,1,37.20743656158447,2570488,Gen2_Match249_1752244342.txt,,2025-07-11T15:16:38.016400
2,Gen2_Match250_1752244342,Gen2_Deck19,Gen2_Deck14,Gen2_Deck19,1,0,33.67554545402527,2570489,Gen2_Match250_1752244342.txt,,2025-07-11T15:16:47.428402
2,Gen2_Match252_1752244342,Gen2_Deck14,Gen2_Deck21,Gen2_Deck21,0,1,27.6280255317688,2570488,Gen2_Match252_1752244342.txt,,2025-07-11T15:17:05.644898
2,Gen2_Match251_1752244342,Gen2_Deck14,Gen2_Deck20,Gen2_Deck14,1,0,29.94879412651062,2570487,Gen2_Match251_1752244342.txt,,2025-07-11T15:17:05.657701
2,Gen2_Match253_1752244342,Gen2_Deck22,Gen2_Deck14,Gen2_Deck14,0,1,32.17069935798645,2570489,Gen2_Match253_1752244342.txt,,2025-07-11T15:17:19.599588
2,Gen2_Match254_1752244342,Gen2_Deck23,Gen2_Deck14,Gen2_Deck14,0,1,23.511892318725586,2570488,Gen2_Match254_1752244342.txt,,2025-07-11T15:17:29.157248
2,Gen2_Match255_1752244342,Gen2_Deck14,Gen2_Deck24,Gen2_Deck24,0,1,29.236668348312378,2570487,Gen2_Match255_1752244342.txt,,2025-07-11T15:17:34.894911
2,Gen2_Match256_1752244342,Gen2_Deck15,Gen2_Deck16,Gen2_Deck15,1,0,28.462168216705322,2570489,Gen2_Match256_1752244342.txt,,2025-07-11T15:17:48.062213
2,Gen2_Match257_1752244342,Gen2_Deck17,Gen2_Deck15,Gen2_Deck15,0,1,26.33061671257019,2570488,Gen2_Match257_1752244342.txt,,2025-07-11T15:17:55.488317
2,Gen2_Match258_1752244342,Gen2_Deck18,Gen2_Deck15,Gen2_Deck15,0,1,29.46496272087097,2570487,Gen2_Match258_1752244342.txt,,2025-07-11T15:18:04.360309
2,Gen2_Match259_1752244342,Gen2_Deck15,Gen2_Deck19,Gen2_Deck19,0,1,22.788864850997925,2570489,Gen2_Match259_1752244342.txt,,2025-07-11T15:18:10.851532
2,Gen2_Match260_1752244342,Gen2_Deck20,Gen2_Deck15,Gen2_Deck20,1,0,25.388201475143433,2570488,Gen2_Match260_1752244342.txt,,2025-07-11T15:18:20.876995
2,Gen2_Match262_1752244342,Gen2_Deck15,Gen2_Deck22,Gen2_Deck15,1,0,23.016499996185303,2570489,Gen2_Match262_1752244342.txt,,2025-07-11T15:18:33.868473
2,Gen2_Match261_1752244342,Gen2_Deck21,Gen2_Deck15,Gen2_Deck15,0,1,29.6125066280365,2570487,Gen2_Match261_1752244342.txt,,2025-07-11T15:18:33.973255
2,Gen2_Match263_1752244342,Gen2_Deck15,Gen2_Deck23,Gen2_Deck15,1,0,23.89614772796631,2570488,Gen2_Match263_1752244342.txt,,2025-07-11T15:18:44.773609
2,Gen2_Match265_1752244342,Gen2_Deck16,Gen2_Deck17,Gen2_Deck17,0,1,27.481154441833496,2570487,Gen2_Match265_1752244342.txt,,2025-07-11T15:19:01.454898
2,Gen2_Match266_1752244342,Gen2_Deck18,Gen2_Deck16,Gen2_Deck18,1,0,32.65945768356323,2570488,Gen2_Match266_1752244342.txt,,2025-07-11T15:19:17.433561
2,Gen2_Match264_1752244342,Gen2_Deck24,Gen2_Deck15,Gen2_Deck15,0,1,51.26815056800842,2570489,Gen2_Match264_1752244342.txt,,2025-07-11T15:19:25.137192
2,Gen2_Match267_1752244342,Gen2_Deck19,Gen2_Deck16,Gen2_Deck19,1,0,40.92169976234436,2570487,Gen2_Match267_1752244342.txt,,2025-07-11T15:19:42.377110
2,Gen2_Match268_1752244342,Gen2_Deck16,Gen2_Deck20,Gen2_Deck16,1,0,27.72435450553894,2570488,Gen2_Match268_1752244342.txt,,2025-07-11T15:19:45.158381
2,Gen2_Match269_1752244342,Gen2_Deck16,Gen2_Deck21,Gen2_Deck16,1,0,24.952622175216675,2570489,Gen2_Match269_1752244342.txt,,2025-07-11T15:19:50.090277
2,Gen2_Match271_1752244342,Gen2_Deck23,Gen2_Deck16,Gen2_Deck16,0,1,26.549431085586548,2570488,Gen2_Match271_1752244342.txt,,2025-07-11T15:20:11.708249
2,Gen2_Match270_1752244342,Gen2_Deck22,Gen2_Deck16,Gen2_Deck16,0,1,29.87229061126709,2570487,Gen2_Match270_1752244342.txt,,2025-07-11T15:20:12.249861
2,Gen2_Match274_1752244342,Gen2_Deck19,Gen2_Deck17,Gen2_Deck19,1,0,24.473461151123047,2570487,Gen2_Match274_1752244342.txt,,2025-07-11T15:20:36.723760
2,Gen2_Match272_1752244342,Gen2_Deck16,Gen2_Deck24,Gen2_Deck24,0,1,49.27137041091919,2570489,Gen2_Match272_1752244342.txt,,2025-07-11T15:20:39.362247
2,Gen2_Match273_1752244342,Gen2_Deck18,Gen2_Deck17,Gen2_Deck17,0,1,38.883676528930664,2570488,Gen2_Match273_1752244342.txt,,2025-07-11T15:20:50.592405
2,Gen2_Match276_1752244342,Gen2_Deck21,Gen2_Deck17,Gen2_Deck21,1,0,24.873753547668457,2570489,Gen2_Match276_1752244342.txt,,2025-07-11T15:21:04.236462
2,Gen2_Match275_1752244342,Gen2_Deck17,Gen2_Deck20,Gen2_Deck17,1,0,37.08434510231018,2570487,Gen2_Match275_1752244342.txt,,2025-07-11T15:21:13.808602
2,Gen2_Match277_1752244342,Gen2_Deck22,Gen2_Deck17,Gen2_Deck17,0,1,38.23771381378174,2570488,Gen2_Match277_1752244342.txt,,2025-07-11T15:21:28.830576
2,Gen2_Match278_1752244342,Gen2_Deck17,Gen2_Deck23,Gen2_Deck17,1,0,27.199495553970337,2570489,Gen2_Match278_1752244342.txt,,2025-07-11T15:21:31.436427
2,Gen2_Match279_1752244342,Gen2_Deck17,Gen2_Deck24,Gen2_Deck24,0,1,31.304906368255615,2570487,Gen2_Match279_1752244342.txt,,2025-07-11T15:21:45.113955
2,Gen2_Match280_1752244342,Gen2_Deck19,Gen2_Deck18,Gen2_Deck19,1,0,28.17292618751526,2570488,Gen2_Match280_1752244342.txt,,2025-07-11T15:21:57.003968
2,Gen2_Match281_1752244342,Gen2_Deck20,Gen2_Deck18,Gen2_Deck18,0,1,26.620980262756348,2570489,Gen2_Match281_1752244342.txt,,2025-07-11T15:21:58.057838
2,Gen2_Match282_1752244342,Gen2_Deck18,Gen2_Deck21,Gen2_Deck21,0,1,28.59550642967224,2570487,Gen2_Match282_1752244342.txt,,2025-07-11T15:22:13.709946
2,Gen2_Match284_1752244342,Gen2_Deck23,Gen2_Deck18,Gen2_Deck18,0,1,32.79838848114014,2570489,Gen2_Match284_1752244342.txt,,2025-07-11T15:22:30.856689
2,Gen2_Match283_1752244342,Gen2_Deck22,Gen2_Deck18,Gen2_Deck18,0,1,35.41581106185913,2570488,Gen2_Match283_1752244342.txt,,2025-07-11T15:22:32.420319
2,Gen2_Match285_1752244342,Gen2_Deck18,Gen2_Deck24,Gen2_Deck24,0,1,37.03386187553406,2570487,Gen2_Match285_1752244342.txt,,2025-07-11T15:22:50.744312
2,Gen2_Match287_1752244342,Gen2_Deck19,Gen2_Deck21,Gen2_Deck19,1,0,31.33151602745056,2570488,Gen2_Match287_1752244342.txt,,2025-07-11T15:23:03.752321
2,Gen2_Match286_1752244342,Gen2_Deck19,Gen2_Deck20,Gen2_Deck19,1,0,34.213356494903564,2570489,Gen2_Match286_1752244342.txt,,2025-07-11T15:23:05.070511
2,Gen2_Match288_1752244342,Gen2_Deck22,Gen2_Deck19,Gen2_Deck19,0,1,31.485190629959106,2570487,Gen2_Match288_1752244342.txt,,2025-07-11T15:23:22.229952
2,Gen2_Match289_1752244342,Gen2_Deck23,Gen2_Deck19,Gen2_Deck19,0,1,29.863531827926636,2570488,Gen2_Match289_1752244342.txt,,2025-07-11T15:23:33.616311
2,Gen2_Match290_1752244342,Gen2_Deck19,Gen2_Deck24,Gen2_Deck19,1,0,28.898160934448242,2570489,Gen2_Match290_1752244342.txt,,2025-07-11T15:23:33.969206
2,Gen2_Match291_1752244342,Gen2_Deck21,Gen2_Deck20,Gen2_Deck21,1,0,26.361127853393555,2570487,Gen2_Match291_1752244342.txt,,2025-07-11T15:23:48.591561
2,Gen2_Match292_1752244342,Gen2_Deck20,Gen2_Deck22,Gen2_Deck20,1,0,33.47480225563049,2570488,Gen2_Match292_1752244342.txt,,2025-07-11T15:24:07.091592
2,Gen2_Match294_1752244342,Gen2_Deck24,Gen2_Deck20,Gen2_Deck20,0,1,22.28597593307495,2570487,Gen2_Match294_1752244342.txt,,2025-07-11T15:24:10.877998
2,Gen2_Match293_1752244342,Gen2_Deck20,Gen2_Deck23,Gen2_Deck20,1,0,45.158713817596436,2570489,Gen2_Match293_1752244342.txt,,2025-07-11T15:24:19.128541
2,Gen2_Match296_1752244342,Gen2_Deck23,Gen2_Deck21,Gen2_Deck21,0,1,23.251872777938843,2570487,Gen2_Match296_1752244342.txt,,2025-07-11T15:24:34.130314
2,Gen2_Match295_1752244342,Gen2_Deck22,Gen2_Deck21,Gen2_Deck21,0,1,30.597235202789307,2570488,Gen2_Match295_1752244342.txt,,2025-07-11T15:24:37.689258
2,Gen2_Match297_1752244342,Gen2_Deck21,Gen2_Deck24,Gen2_Deck24,0,1,28.169150352478027,2570489,Gen2_Match297_1752244342.txt,,2025-07-11T15:24:47.298132
2,Gen2_Match298_1752244342,Gen2_Deck23,Gen2_Deck22,Gen2_Deck22,0,1,26.100457668304443,2570487,Gen2_Match298_1752244342.txt,,2025-07-11T15:25:00.231209
2,Gen2_Match299_1752244342,Gen2_Deck22,Gen2_Deck24,Gen2_Deck24,0,1,27.107988595962524,2570488,Gen2_Match299_1752244342.txt,,2025-07-11T15:25:04.797676
2,Gen2_Match300_1752244342,Gen2_Deck23,Gen2_Deck24,Gen2_Deck24,0,1,22.895312547683716,2570489,Gen2_Match300_1752244342.txt,,2025-07-11T15:25:10.194151
3,Gen3_Match3_1752247510,Gen3_Deck3,Gen3_Deck0,Gen3_Deck3,1,0,30.994701385498047,2687311,Gen3_Match3_1752247510.txt,,2025-07-11T15:25:41.234015
3,Gen3_Match2_1752247510,Gen3_Deck0,Gen3_Deck2,Gen3_Deck2,0,1,44.596336126327515,2687310,Gen3_Match2_1752247510.txt,,2025-07-11T15:25:54.833831
3,Gen3_Match4_1752247510,Gen3_Deck0,Gen3_Deck4,Gen3_Deck0,1,0,24.903018951416016,2687311,Gen3_Match4_1752247510.txt,,2025-07-11T15:26:06.137885
3,Gen3_Match1_1752247510,Gen3_Deck0,Gen3_Deck1,Gen3_Deck1,0,1,56.55764317512512,2687309,Gen3_Match1_1752247510.txt,,2025-07-11T15:26:06.794228
3,Gen3_Match5_1752247510,Gen3_Deck0,Gen3_Deck5,Gen3_Deck0,1,0,28.20355486869812,2687310,Gen3_Match5_1752247510.txt,,2025-07-11T15:26:23.038275
3,Gen3_Match7_1752247510,Gen3_Deck7,Gen3_Deck0,Gen3_Deck0,0,1,30.67606258392334,2687309,Gen3_Match7_1752247510.txt,,2025-07-11T15:26:37.471060
3,Gen3_Match6_1752247510,Gen3_Deck6,Gen3_Deck0,Gen3_Deck6,1,0,35.39175200462341,2687311,Gen3_Match6_1752247510.txt,,2025-07-11T15:26:41.530275
3,Gen3_Match9_1752247510,Gen3_Deck0,Gen3_Deck9,Gen3_Deck9,0,1,27.960985898971558,2687309,Gen3_Match9_1752247510.txt,,2025-07-11T15:27:05.432566
3,Gen3_Match10_1752247510,Gen3_Deck10,Gen3_Deck0,Gen3_Deck10,1,0,24.901261806488037,2687311,Gen3_Match10_1752247510.txt,,2025-07-11T15:27:06.432016
3,Gen3_Match8_1752247510,Gen3_Deck0,Gen3_Deck8,Gen3_Deck8,0,1,45.529664516448975,2687310,Gen3_Match8_1752247510.txt,,2025-07-11T15:27:08.568651
3,Gen3_Match12_1752247510,Gen3_Deck0,Gen3_Deck12,Gen3_Deck0,1,0,22.780049800872803,2687311,Gen3_Match12_1752247510.txt,,2025-07-11T15:27:29.212538
3,Gen3_Match11_1752247510,Gen3_Deck0,Gen3_Deck11,Gen3_Deck0,1,0,29.786778926849365,2687309,Gen3_Match11_1752247510.txt,,2025-07-11T15:27:35.219846
3,Gen3_Match15_1752247510,Gen3_Deck0,Gen3_Deck15,Gen3_Deck0,1,0,24.692033529281616,2687309,Gen3_Match15_1752247510.txt,,2025-07-11T15:27:59.912416
3,Gen3_Match14_1752247510,Gen3_Deck14,Gen3_Deck0,Gen3_Deck0,0,1,42.78898501396179,2687311,Gen3_Match14_1752247510.txt,,2025-07-11T15:28:12.002026
3,Gen3_Match13_1752247510,Gen3_Deck13,Gen3_Deck0,Gen3_Deck0,0,1,82.9513955116272,2687310,Gen3_Match13_1752247510.txt,,2025-07-11T15:28:31.520604
3,Gen3_Match16_1752247510,Gen3_Deck0,Gen3_Deck16,Gen3_Deck16,0,1,36.95125865936279,2687309,Gen3_Match16_1752247510.txt,,2025-07-11T15:28:36.864207
3,Gen3_Match17_1752247510,Gen3_Deck17,Gen3_Deck0,Gen3_Deck0,0,1,29.397425174713135,2687311,Gen3_Match17_1752247510.txt,,2025-07-11T15:28:41.610075
3,Gen3_Match18_1752247510,Gen3_Deck0,Gen3_Deck18,Gen3_Deck0,1,0,28.924951553344727,2687310,Gen3_Match18_1752247510.txt,,2025-07-11T15:29:00.446032
3,Gen3_Match20_1752247510,Gen3_Deck20,Gen3_Deck0,Gen3_Deck0,0,1,28.898954391479492,2687311,Gen3_Match20_1752247510.txt,,2025-07-11T15:29:10.509471
3,Gen3_Match19_1752247510,Gen3_Deck0,Gen3_Deck19,Gen3_Deck0,1,0,44.32239055633545,2687309,Gen3_Match19_1752247510.txt,,2025-07-11T15:29:21.187153
3,Gen3_Match22_1752247510,Gen3_Deck0,Gen3_Deck22,Gen3_Deck22,0,1,25.799209356307983,2687311,Gen3_Match22_1752247510.txt,,2025-07-11T15:29:36.309120
3,Gen3_Match21_1752247510,Gen3_Deck21,Gen3_Deck0,Gen3_Deck21,1,0,38.83333086967468,2687310,Gen3_Match21_1752247510.txt,,2025-07-11T15:29:39.279858
3,Gen3_Match23_1752247510,Gen3_Deck0,Gen3_Deck23,Gen3_Deck0,1,0,27.301175117492676,2687309,Gen3_Match23_1752247510.txt,,2025-07-11T15:29:48.488805
3,Gen3_Match24_1752247510,Gen3_Deck24,Gen3_Deck0,Gen3_Deck0,0,1,26.53335690498352,2687311,Gen3_Match24_1752247510.txt,,2025-07-11T15:30:02.842922
3,Gen3_Match26_1752247510,Gen3_Deck3,Gen3_Deck1,Gen3_Deck3,1,0,42.71908497810364,2687309,Gen3_Match26_1752247510.txt,,2025-07-11T15:30:31.208342
3,Gen3_Match27_1752247510,Gen3_Deck1,Gen3_Deck4,Gen3_Deck1,1,0,28.633087873458862,2687311,Gen3_Match27_1752247510.txt,,2025-07-11T15:30:31.476454
3,Gen3_Match25_1752247510,Gen3_Deck2,Gen3_Deck1,Gen3_Deck1,0,1,72.08200573921204,2687310,Gen3_Match25_1752247510.txt,,2025-07-11T15:30:51.362420
3,Gen3_Match28_1752247510,Gen3_Deck5,Gen3_Deck1,Gen3_Deck5,1,0,21.755666494369507,2687309,Gen3_Match28_1752247510.txt,,2025-07-11T15:30:52.964422
3,Gen3_Match29_1752247510,Gen3_Deck6,Gen3_Deck1,Gen3_Deck1,0,1,28.723735809326172,2687311,Gen3_Match29_1752247510.txt,,2025-07-11T15:31:00.200639
3,Gen3_Match30_1752247510,Gen3_Deck1,Gen3_Deck7,Gen3_Deck1,1,0,34.69343400001526,2687310,Gen3_Match30_1752247510.txt,,2025-07-11T15:31:26.056386
3,Gen3_Match31_1752247510,Gen3_Deck1,Gen3_Deck8,Gen3_Deck8,0,1,40.40597891807556,2687309,Gen3_Match31_1752247510.txt,,2025-07-11T15:31:33.370936
3,Gen3_Match33_1752247510,Gen3_Deck1,Gen3_Deck10,Gen3_Deck1,1,0,24.67043900489807,2687310,Gen3_Match33_1752247510.txt,,2025-07-11T15:31:50.727257
3,Gen3_Match34_1752247510,Gen3_Deck1,Gen3_Deck11,Gen3_Deck1,1,0,25.648975372314453,2687309,Gen3_Match34_1752247510.txt,,2025-07-11T15:31:59.020358
3,Gen3_Match32_1752247510,Gen3_Deck9,Gen3_Deck1,Gen3_Deck9,1,0,62.49656653404236,2687311,Gen3_Match32_1752247510.txt,,2025-07-11T15:32:02.697876
3,Gen3_Match35_1752247510,Gen3_Deck12,Gen3_Deck1,Gen3_Deck12,1,0,27.772672176361084,2687310,Gen3_Match35_1752247510.txt,,2025-07-11T15:32:18.500388
3,Gen3_Match36_1752247510,Gen3_Deck13,Gen3_Deck1,Gen3_Deck13,1,0,31.76558256149292,2687309,Gen3_Match36_1752247510.txt,,2025-07-11T15:32:30.786426
3,Gen3_Match37_1752247510,Gen3_Deck1,Gen3_Deck14,Gen3_Deck1,1,0,39.48603844642639,2687311,Gen3_Match37_1752247510.txt,,2025-07-11T15:32:42.184417
3,Gen3_Match38_1752247510,Gen3_Deck1,Gen3_Deck15,Gen3_Deck1,1,0,26.84460186958313,2687310,Gen3_Match38_1752247510.txt,,2025-07-11T15:32:45.345417
3,Gen3_Match39_1752247510,Gen3_Deck16,Gen3_Deck1,Gen3_Deck1,0,1,26.449560165405273,2687309,Gen3_Match39_1752247510.txt,,2025-07-11T15:32:57.236454
3,Gen3_Match41_1752247510,Gen3_Deck1,Gen3_Deck18,Gen3_Deck1,1,0,28.784122228622437,2687310,Gen3_Match41_1752247510.txt,,2025-07-11T15:33:14.130020
3,Gen3_Match42_1752247510,Gen3_Deck1,Gen3_Deck19,Gen3_Deck1,1,0,24.023629426956177,2687309,Gen3_Match42_1752247510.txt,,2025-07-11T15:33:21.260551
3,Gen3_Match40_1752247510,Gen3_Deck1,Gen3_Deck17,Gen3_Deck1,1,0,41.00743770599365,2687311,Gen3_Match40_1752247510.txt,,2025-07-11T15:33:23.192350
3,Gen3_Match43_1752247510,Gen3_Deck20,Gen3_Deck1,Gen3_Deck1,0,1,26.59365200996399,2687310,Gen3_Match43_1752247510.txt,,2025-07-11T15:33:40.724090
3,Gen3_Match44_1752247510,Gen3_Deck1,Gen3_Deck21,Gen3_Deck1,1,0,24.769080638885498,2687309,Gen3_Match44_1752247510.txt,,2025-07-11T15:33:46.030106
3,Gen3_Match45_1752247510,Gen3_Deck22,Gen3_Deck1,Gen3_Deck1,0,1,23.366531372070312,2687311,Gen3_Match45_1752247510.txt,,2025-07-11T15:33:46.559301
3,Gen3_Match47_1752247510,Gen3_Deck24,Gen3_Deck1,Gen3_Deck1,0,1,24.53416872024536,2687309,Gen3_Match47_1752247510.txt,,2025-07-11T15:34:10.564748
3,Gen3_Match46_1752247510,Gen3_Deck1,Gen3_Deck23,Gen3_Deck1,1,0,35.55227303504944,2687310,Gen3_Match46_1752247510.txt,,2025-07-11T15:34:16.276849
3,Gen3_Match48_1752247510,Gen3_Deck3,Gen3_Deck2,Gen3_Deck3,1,0,38.26544713973999,2687311,Gen3_Match48_1752247510.txt,,2025-07-11T15:34:24.825233
3,Gen3_Match49_1752247510,Gen3_Deck4,Gen3_Deck2,Gen3_Deck4,1,0,25.689725160598755,2687309,Gen3_Match49_1752247510.txt,,2025-07-11T15:34:36.255281
3,Gen3_Match50_1752247510,Gen3_Deck2,Gen3_Deck5,Gen3_Deck5,0,1,30.655112743377686,2687310,Gen3_Match50_1752247510.txt,,2025-07-11T15:34:46.932430
3,Gen3_Match52_1752247510,Gen3_Deck7,Gen3_Deck2,Gen3_Deck2,0,1,25.232602834701538,2687309,Gen3_Match52_1752247510.txt,,2025-07-11T15:35:01.488486
3,Gen3_Match53_1752247510,Gen3_Deck2,Gen3_Deck8,Gen3_Deck8,0,1,25.11579418182373,2687310,Gen3_Match53_1752247510.txt,,2025-07-11T15:35:12.048660
3,Gen3_Match51_1752247510,Gen3_Deck6,Gen3_Deck2,Gen3_Deck2,0,1,51.234683990478516,2687311,Gen3_Match51_1752247510.txt,,2025-07-11T15:35:16.060376
3,Gen3_Match55_1752247510,Gen3_Deck10,Gen3_Deck2,Gen3_Deck2,0,1,23.477240800857544,2687310,Gen3_Match55_1752247510.txt,,2025-07-11T15:35:35.526312
3,Gen3_Match54_1752247510,Gen3_Deck2,Gen3_Deck9,Gen3_Deck2,1,0,36.24340534210205,2687309,Gen3_Match54_1752247510.txt,,2025-07-11T15:35:37.732348
3,Gen3_Match57_1752247510,Gen3_Deck2,Gen3_Deck12,Gen3_Deck2,1,0,24.68694019317627,2687310,Gen3_Match57_1752247510.txt,,2025-07-11T15:36:00.213645
3,Gen3_Match58_1752247510,Gen3_Deck13,Gen3_Deck2,Gen3_Deck2,0,1,41.23650097846985,2687309,Gen3_Match58_1752247510.txt,,2025-07-11T15:36:18.969322
3,Gen3_Match59_1752247510,Gen3_Deck14,Gen3_Deck2,Gen3_Deck14,1,0,39.9832227230072,2687310,Gen3_Match59_1752247510.txt,,2025-07-11T15:36:40.197366
3,Gen3_Match60_1752247510,Gen3_Deck2,Gen3_Deck15,Gen3_Deck2,1,0,21.469563007354736,2687309,Gen3_Match60_1752247510.txt,,2025-07-11T15:36:40.439397
3,Gen3_Match61_1752247510,Gen3_Deck2,Gen3_Deck16,Gen3_Deck16,0,1,23.260506868362427,2687310,Gen3_Match61_1752247510.txt,,2025-07-11T15:37:03.458346
3,Gen3_Match56_1752247510,Gen3_Deck11,Gen3_Deck2,Gen3_Deck2,0,1,114.3035831451416,2687311,Gen3_Match56_1752247510.txt,,2025-07-11T15:37:10.364497
3,Gen3_Match62_1752247510,Gen3_Deck17,Gen3_Deck2,Gen3_Deck2,0,1,38.634302854537964,2687309,Gen3_Match62_1752247510.txt,,2025-07-11T15:37:19.074154
3,Gen3_Match63_1752247510,Gen3_Deck18,Gen3_Deck2,Gen3_Deck2,0,1,28.09247612953186,2687310,Gen3_Match63_1752247510.txt,,2025-07-11T15:37:31.551296
3,Gen3_Match64_1752247510,Gen3_Deck2,Gen3_Deck19,Gen3_Deck2,1,0,22.043265342712402,2687311,Gen3_Match64_1752247510.txt,,2025-07-11T15:37:32.408221
3,Gen3_Match65_1752247510,Gen3_Deck20,Gen3_Deck2,Gen3_Deck2,0,1,36.87372183799744,2687309,Gen3_Match65_1752247510.txt,,2025-07-11T15:37:55.948325
3,Gen3_Match67_1752247510,Gen3_Deck2,Gen3_Deck22,Gen3_Deck2,1,0,23.955605506896973,2687311,Gen3_Match67_1752247510.txt,,2025-07-11T15:37:56.364250
3,Gen3_Match66_1752247510,Gen3_Deck21,Gen3_Deck2,Gen3_Deck21,1,0,34.016584396362305,2687310,Gen3_Match66_1752247510.txt,,2025-07-11T15:38:05.568335
3,Gen3_Match68_1752247510,Gen3_Deck2,Gen3_Deck23,Gen3_Deck2,1,0,27.948042631149292,2687309,Gen3_Match68_1752247510.txt,,2025-07-11T15:38:23.896806
3,Gen3_Match69_1752247510,Gen3_Deck24,Gen3_Deck2,Gen3_Deck24,1,0,48.17883038520813,2687311,Gen3_Match69_1752247510.txt,,2025-07-11T15:38:44.543573
3,Gen3_Match70_1752247510,Gen3_Deck4,Gen3_Deck3,Gen3_Deck4,1,0,55.181031465530396,2687310,Gen3_Match70_1752247510.txt,,2025-07-11T15:39:00.749863
3,Gen3_Match71_1752247510,Gen3_Deck3,Gen3_Deck5,Gen3_Deck5,0,1,48.718100786209106,2687309,Gen3_Match71_1752247510.txt,,2025-07-11T15:39:12.615430
3,Gen3_Match72_1752247510,Gen3_Deck6,Gen3_Deck3,Gen3_Deck3,0,1,37.30823063850403,2687311,Gen3_Match72_1752247510.txt,,2025-07-11T15:39:21.852239
3,Gen3_Match73_1752247510,Gen3_Deck7,Gen3_Deck3,Gen3_Deck3,0,1,33.79525971412659,2687310,Gen3_Match73_1752247510.txt,,2025-07-11T15:39:34.545581
3,Gen3_Match75_1752247510,Gen3_Deck3,Gen3_Deck9,Gen3_Deck3,1,0,30.036005973815918,2687311,Gen3_Match75_1752247510.txt,,2025-07-11T15:39:51.888671
3,Gen3_Match74_1752247510,Gen3_Deck3,Gen3_Deck8,Gen3_Deck8,0,1,46.286866903305054,2687309,Gen3_Match74_1752247510.txt,,2025-07-11T15:39:58.902766
3,Gen3_Match76_1752247510,Gen3_Deck10,Gen3_Deck3,Gen3_Deck3,0,1,35.92948055267334,2687310,Gen3_Match76_1752247510.txt,,2025-07-11T15:40:10.475513
3,Gen3_Match77_1752247510,Gen3_Deck11,Gen3_Deck3,Gen3_Deck3,0,1,29.840160131454468,2687311,Gen3_Match77_1752247510.txt,,2025-07-11T15:40:21.729228
3,Gen3_Match78_1752247510,Gen3_Deck3,Gen3_Deck12,Gen3_Deck3,1,0,30.744970321655273,2687309,Gen3_Match78_1752247510.txt,,2025-07-11T15:40:29.648224
3,Gen3_Match81_1752247510,Gen3_Deck3,Gen3_Deck15,Gen3_Deck3,1,0,29.261842489242554,2687309,Gen3_Match81_1752247510.txt,,2025-07-11T15:40:58.910531
3,Gen3_Match80_1752247510,Gen3_Deck14,Gen3_Deck3,Gen3_Deck3,0,1,39.114686727523804,2687311,Gen3_Match80_1752247510.txt,,2025-07-11T15:41:00.844363
3,Gen3_Match82_1752247510,Gen3_Deck3,Gen3_Deck16,Gen3_Deck3,1,0,25.334068536758423,2687309,Gen3_Match82_1752247510.txt,,2025-07-11T15:41:24.245034
3,Gen3_Match83_1752247510,Gen3_Deck17,Gen3_Deck3,Gen3_Deck3,0,1,24.02670407295227,2687311,Gen3_Match83_1752247510.txt,,2025-07-11T15:41:24.871459
3,Gen3_Match79_1752247510,Gen3_Deck13,Gen3_Deck3,Gen3_Deck3,0,1,88.46441793441772,2687310,Gen3_Match79_1752247510.txt,,2025-07-11T15:41:38.940454
3,Gen3_Match84_1752247510,Gen3_Deck3,Gen3_Deck18,Gen3_Deck18,0,1,22.504698276519775,2687309,Gen3_Match84_1752247510.txt,,2025-07-11T15:41:46.750141
3,Gen3_Match85_1752247510,Gen3_Deck3,Gen3_Deck19,Gen3_Deck3,1,0,26.57561492919922,2687311,Gen3_Match85_1752247510.txt,,2025-07-11T15:41:51.447481
3,Gen3_Match87_1752247510,Gen3_Deck21,Gen3_Deck3,Gen3_Deck3,0,1,27.65174961090088,2687309,Gen3_Match87_1752247510.txt,,2025-07-11T15:42:14.402313
3,Gen3_Match88_1752247510,Gen3_Deck3,Gen3_Deck22,Gen3_Deck22,0,1,34.188307762145996,2687311,Gen3_Match88_1752247510.txt,,2025-07-11T15:42:25.636211
3,Gen3_Match89_1752247510,Gen3_Deck23,Gen3_Deck3,Gen3_Deck3,0,1,26.593305349349976,2687309,Gen3_Match89_1752247510.txt,,2025-07-11T15:42:40.996032
3,Gen3_Match90_1752247510,Gen3_Deck24,Gen3_Deck3,Gen3_Deck3,0,1,21.274206399917603,2687311,Gen3_Match90_1752247510.txt,,2025-07-11T15:42:46.910967
3,Gen3_Match91_1752247510,Gen3_Deck4,Gen3_Deck5,Gen3_Deck4,1,0,20.81187868118286,2687309,Gen3_Match91_1752247510.txt,,2025-07-11T15:43:01.808306
3,Gen3_Match92_1752247510,Gen3_Deck4,Gen3_Deck6,Gen3_Deck4,1,0,24.936524152755737,2687311,Gen3_Match92_1752247510.txt,,2025-07-11T15:43:11.848283
3,Gen3_Match94_1752247510,Gen3_Deck4,Gen3_Deck8,Gen3_Deck4,1,0,25.415465593338013,2687311,Gen3_Match94_1752247510.txt,,2025-07-11T15:43:37.264286
3,Gen3_Match93_1752247510,Gen3_Deck7,Gen3_Deck4,Gen3_Deck4,0,1,40.87958812713623,2687309,Gen3_Match93_1752247510.txt,,2025-07-11T15:43:42.688338
3,Gen3_Match86_1752247510,Gen3_Deck20,Gen3_Deck3,Gen3_Deck20,1,0,134.25184392929077,2687310,Gen3_Match86_1752247510.txt,,2025-07-11T15:43:53.192754
3,Gen3_Match96_1752247510,Gen3_Deck10,Gen3_Deck4,Gen3_Deck10,1,0,36.30963683128357,2687309,Gen3_Match96_1752247510.txt,,2025-07-11T15:44:18.998409
3,Gen3_Match95_1752247510,Gen3_Deck4,Gen3_Deck9,Gen3_Deck4,1,0,44.57773447036743,2687311,Gen3_Match95_1752247510.txt,,2025-07-11T15:44:21.842473
3,Gen3_Match97_1752247510,Gen3_Deck4,Gen3_Deck11,Gen3_Deck4,1,0,35.397425413131714,2687310,Gen3_Match97_1752247510.txt,,2025-07-11T15:44:28.590631
3,Gen3_Match98_1752247510,Gen3_Deck4,Gen3_Deck12,Gen3_Deck4,1,0,27.610793590545654,2687309,Gen3_Match98_1752247510.txt,,2025-07-11T15:44:46.609633
3,Gen3_Match100_1752247510,Gen3_Deck14,Gen3_Deck4,Gen3_Deck4,0,1,31.105273485183716,2687310,Gen3_Match100_1752247510.txt,,2025-07-11T15:44:59.696365
3,Gen3_Match99_1752247510,Gen3_Deck13,Gen3_Deck4,Gen3_Deck13,1,0,44.19116735458374,2687311,Gen3_Match99_1752247510.txt,,2025-07-11T15:45:06.034161
3,Gen3_Match101_1752247510,Gen3_Deck4,Gen3_Deck15,Gen3_Deck4,1,0,31.066203355789185,2687309,Gen3_Match101_1752247510.txt,,2025-07-11T15:45:17.676256
3,Gen3_Match102_1752247510,Gen3_Deck4,Gen3_Deck16,Gen3_Deck4,1,0,30.825174570083618,2687310,Gen3_Match102_1752247510.txt,,2025-07-11T15:45:30.522044
3,Gen3_Match103_1752247510,Gen3_Deck17,Gen3_Deck4,Gen3_Deck4,0,1,24.945072412490845,2687311,Gen3_Match103_1752247510.txt,,2025-07-11T15:45:30.979649
3,Gen3_Match104_1752247510,Gen3_Deck18,Gen3_Deck4,Gen3_Deck4,0,1,30.351649284362793,2687309,Gen3_Match104_1752247510.txt,,2025-07-11T15:45:48.028327
3,Gen3_Match105_1752247510,Gen3_Deck4,Gen3_Deck19,Gen3_Deck4,1,0,25.373840808868408,2687310,Gen3_Match105_1752247510.txt,,2025-07-11T15:45:55.896316
3,Gen3_Match106_1752247510,Gen3_Deck20,Gen3_Deck4,Gen3_Deck4,0,1,33.981128215789795,2687311,Gen3_Match106_1752247510.txt,,2025-07-11T15:46:04.961220
3,Gen3_Match108_1752247510,Gen3_Deck4,Gen3_Deck22,Gen3_Deck4,1,0,27.70755624771118,2687310,Gen3_Match108_1752247510.txt,,2025-07-11T15:46:23.604305
3,Gen3_Match109_1752247510,Gen3_Deck4,Gen3_Deck23,Gen3_Deck4,1,0,24.370087146759033,2687311,Gen3_Match109_1752247510.txt,,2025-07-11T15:46:29.331722
3,Gen3_Match107_1752247510,Gen3_Deck21,Gen3_Deck4,Gen3_Deck21,1,0,44.4715633392334,2687309,Gen3_Match107_1752247510.txt,,2025-07-11T15:46:32.500356
3,Gen3_Match110_1752247510,Gen3_Deck24,Gen3_Deck4,Gen3_Deck4,0,1,25.26821756362915,2687310,Gen3_Match110_1752247510.txt,,2025-07-11T15:46:48.872947
3,Gen3_Match112_1752247510,Gen3_Deck7,Gen3_Deck5,Gen3_Deck7,1,0,34.99554085731506,2687309,Gen3_Match112_1752247510.txt,,2025-07-11T15:47:07.496346
3,Gen3_Match111_1752247510,Gen3_Deck5,Gen3_Deck6,Gen3_Deck5,1,0,40.30172109603882,2687311,Gen3_Match111_1752247510.txt,,2025-07-11T15:47:09.633939
3,Gen3_Match113_1752247510,Gen3_Deck5,Gen3_Deck8,Gen3_Deck5,1,0,27.9869167804718,2687310,Gen3_Match113_1752247510.txt,,2025-07-11T15:47:16.860273
3,Gen3_Match115_1752247510,Gen3_Deck10,Gen3_Deck5,Gen3_Deck5,0,1,32.24481415748596,2687311,Gen3_Match115_1752247510.txt,,2025-07-11T15:47:41.879208
3,Gen3_Match114_1752247510,Gen3_Deck5,Gen3_Deck9,Gen3_Deck5,1,0,36.49975562095642,2687309,Gen3_Match114_1752247510.txt,,2025-07-11T15:47:43.996557
3,Gen3_Match116_1752247510,Gen3_Deck11,Gen3_Deck5,Gen3_Deck5,0,1,38.13047480583191,2687310,Gen3_Match116_1752247510.txt,,2025-07-11T15:47:54.991238
3,Gen3_Match117_1752247510,Gen3_Deck5,Gen3_Deck12,Gen3_Deck5,1,0,28.492994785308838,2687311,Gen3_Match117_1752247510.txt,,2025-07-11T15:48:10.372637
3,Gen3_Match118_1752247510,Gen3_Deck5,Gen3_Deck13,Gen3_Deck13,0,1,34.64150619506836,2687309,Gen3_Match118_1752247510.txt,,2025-07-11T15:48:18.638509
3,Gen3_Match119_1752247510,Gen3_Deck14,Gen3_Deck5,Gen3_Deck5,0,1,35.811554193496704,2687310,Gen3_Match119_1752247510.txt,,2025-07-11T15:48:30.803233
3,Gen3_Match121_1752247510,Gen3_Deck5,Gen3_Deck16,Gen3_Deck16,0,1,35.658129930496216,2687309,Gen3_Match121_1752247510.txt,,2025-07-11T15:48:54.297147
3,Gen3_Match120_1752247510,Gen3_Deck5,Gen3_Deck15,Gen3_Deck5,1,0,44.847113370895386,2687311,Gen3_Match120_1752247510.txt,,2025-07-11T15:48:55.220219
3,Gen3_Match122_1752247510,Gen3_Deck17,Gen3_Deck5,Gen3_Deck5,0,1,25.68585753440857,2687310,Gen3_Match122_1752247510.txt,,2025-07-11T15:48:56.489530
3,Gen3_Match123_1752247510,Gen3_Deck18,Gen3_Deck5,Gen3_Deck5,0,1,35.46425485610962,2687309,Gen3_Match123_1752247510.txt,,2025-07-11T15:49:29.761889
3,Gen3_Match124_1752247510,Gen3_Deck5,Gen3_Deck19,Gen3_Deck5,1,0,34.60002040863037,2687311,Gen3_Match124_1752247510.txt,,2025-07-11T15:49:29.820670
3,Gen3_Match125_1752247510,Gen3_Deck20,Gen3_Deck5,Gen3_Deck20,1,0,40.52227473258972,2687310,Gen3_Match125_1752247510.txt,,2025-07-11T15:49:37.012250
3,Gen3_Match127_1752247510,Gen3_Deck5,Gen3_Deck22,Gen3_Deck5,1,0,28.42346715927124,2687311,Gen3_Match127_1752247510.txt,,2025-07-11T15:49:58.244596
3,Gen3_Match128_1752247510,Gen3_Deck5,Gen3_Deck23,Gen3_Deck23,0,1,26.755679845809937,2687310,Gen3_Match128_1752247510.txt,,2025-07-11T15:50:03.768358
3,Gen3_Match126_1752247510,Gen3_Deck21,Gen3_Deck5,Gen3_Deck21,1,0,40.62219595909119,2687309,Gen3_Match126_1752247510.txt,,2025-07-11T15:50:10.384555
3,Gen3_Match129_1752247510,Gen3_Deck24,Gen3_Deck5,Gen3_Deck5,0,1,27.903384923934937,2687311,Gen3_Match129_1752247510.txt,,2025-07-11T15:50:26.148456
3,Gen3_Match130_1752247510,Gen3_Deck6,Gen3_Deck7,Gen3_Deck7,0,1,25.319325923919678,2687310,Gen3_Match130_1752247510.txt,,2025-07-11T15:50:29.088134
3,Gen3_Match131_1752247510,Gen3_Deck6,Gen3_Deck8,Gen3_Deck8,0,1,29.2409029006958,2687309,Gen3_Match131_1752247510.txt,,2025-07-11T15:50:39.625853
3,Gen3_Match132_1752247510,Gen3_Deck9,Gen3_Deck6,Gen3_Deck9,1,0,34.20208191871643,2687311,Gen3_Match132_1752247510.txt,,2025-07-11T15:51:00.351044
3,Gen3_Match133_1752247510,Gen3_Deck6,Gen3_Deck10,Gen3_Deck6,1,0,32.25730085372925,2687310,Gen3_Match133_1752247510.txt,,2025-07-11T15:51:01.345883
3,Gen3_Match134_1752247510,Gen3_Deck6,Gen3_Deck11,Gen3_Deck11,0,1,32.182230710983276,2687309,Gen3_Match134_1752247510.txt,,2025-07-11T15:51:11.808491
3,Gen3_Match135_1752247510,Gen3_Deck12,Gen3_Deck6,Gen3_Deck12,1,0,27.538654088974,2687311,Gen3_Match135_1752247510.txt,,2025-07-11T15:51:27.890155
3,Gen3_Match136_1752247510,Gen3_Deck13,Gen3_Deck6,Gen3_Deck13,1,0,28.46866512298584,2687310,Gen3_Match136_1752247510.txt,,2025-07-11T15:51:29.815007
3,Gen3_Match137_1752247510,Gen3_Deck6,Gen3_Deck14,Gen3_Deck6,1,0,35.90737700462341,2687309,Gen3_Match137_1752247510.txt,,2025-07-11T15:51:47.716319
3,Gen3_Match138_1752247510,Gen3_Deck15,Gen3_Deck6,Gen3_Deck15,1,0,30.036936283111572,2687311,Gen3_Match138_1752247510.txt,,2025-07-11T15:51:57.927581
3,Gen3_Match139_1752247510,Gen3_Deck16,Gen3_Deck6,Gen3_Deck16,1,0,32.44899797439575,2687310,Gen3_Match139_1752247510.txt,,2025-07-11T15:52:02.264514
3,Gen3_Match140_1752247510,Gen3_Deck6,Gen3_Deck17,Gen3_Deck17,0,1,26.827410459518433,2687309,Gen3_Match140_1752247510.txt,,2025-07-11T15:52:14.544137
3,Gen3_Match141_1752247510,Gen3_Deck6,Gen3_Deck18,Gen3_Deck18,0,1,25.762243032455444,2687311,Gen3_Match141_1752247510.txt,,2025-07-11T15:52:23.690240
3,Gen3_Match142_1752247510,Gen3_Deck19,Gen3_Deck6,Gen3_Deck6,0,1,34.672061920166016,2687310,Gen3_Match142_1752247510.txt,,2025-07-11T15:52:36.937116
3,Gen3_Match143_1752247510,Gen3_Deck20,Gen3_Deck6,Gen3_Deck20,1,0,23.06521701812744,2687309,Gen3_Match143_1752247510.txt,,2025-07-11T15:52:37.609754
3,Gen3_Match144_1752247510,Gen3_Deck6,Gen3_Deck21,Gen3_Deck21,0,1,30.419779300689697,2687311,Gen3_Match144_1752247510.txt,,2025-07-11T15:52:54.110461
3,Gen3_Match146_1752247510,Gen3_Deck23,Gen3_Deck6,Gen3_Deck23,1,0,28.21743083000183,2687309,Gen3_Match146_1752247510.txt,,2025-07-11T15:53:05.827595
3,Gen3_Match145_1752247510,Gen3_Deck22,Gen3_Deck6,Gen3_Deck22,1,0,34.901949882507324,2687310,Gen3_Match145_1752247510.txt,,2025-07-11T15:53:11.839532
3,Gen3_Match147_1752247510,Gen3_Deck6,Gen3_Deck24,Gen3_Deck6,1,0,50.043049335479736,2687311,Gen3_Match147_1752247510.txt,,2025-07-11T15:53:44.153961
3,Gen3_Match148_1752247510,Gen3_Deck7,Gen3_Deck8,Gen3_Deck8,0,1,42.50023579597473,2687309,Gen3_Match148_1752247510.txt,,2025-07-11T15:53:48.328286
3,Gen3_Match149_1752247510,Gen3_Deck7,Gen3_Deck9,Gen3_Deck7,1,0,43.04829025268555,2687310,Gen3_Match149_1752247510.txt,,2025-07-11T15:53:54.888310
3,Gen3_Match150_1752247510,Gen3_Deck10,Gen3_Deck7,Gen3_Deck10,1,0,26.771567344665527,2687311,Gen3_Match150_1752247510.txt,,2025-07-11T15:54:10.925983
3,Gen3_Match152_1752247510,Gen3_Deck7,Gen3_Deck12,Gen3_Deck7,1,0,28.69609761238098,2687310,Gen3_Match152_1752247510.txt,,2025-07-11T15:54:23.584830
3,Gen3_Match151_1752247510,Gen3_Deck11,Gen3_Deck7,Gen3_Deck7,0,1,42.539799451828,2687309,Gen3_Match151_1752247510.txt,,2025-07-11T15:54:30.868657
3,Gen3_Match155_1752247510,Gen3_Deck7,Gen3_Deck15,Gen3_Deck15,0,1,28.08336615562439,2687309,Gen3_Match155_1752247510.txt,,2025-07-11T15:54:58.952453
3,Gen3_Match154_1752247510,Gen3_Deck14,Gen3_Deck7,Gen3_Deck7,0,1,52.21968650817871,2687310,Gen3_Match154_1752247510.txt,,2025-07-11T15:55:15.805015
3,Gen3_Match153_1752247510,Gen3_Deck13,Gen3_Deck7,Gen3_Deck7,0,1,83.00907325744629,2687311,Gen3_Match153_1752247510.txt,,2025-07-11T15:55:33.935721
3,Gen3_Match156_1752247510,Gen3_Deck7,Gen3_Deck16,Gen3_Deck7,1,0,37.411864042282104,2687309,Gen3_Match156_1752247510.txt,,2025-07-11T15:55:36.364798
3,Gen3_Match158_1752247510,Gen3_Deck7,Gen3_Deck18,Gen3_Deck18,0,1,22.947827577590942,2687311,Gen3_Match158_1752247510.txt,,2025-07-11T15:55:56.883966
3,Gen3_Match157_1752247510,Gen3_Deck17,Gen3_Deck7,Gen3_Deck17,1,0,50.42927050590515,2687310,Gen3_Match157_1752247510.txt,,2025-07-11T15:56:06.234762
3,Gen3_Match159_1752247510,Gen3_Deck7,Gen3_Deck19,Gen3_Deck19,0,1,31.737513780593872,2687309,Gen3_Match159_1752247510.txt,,2025-07-11T15:56:08.102775
3,Gen3_Match160_1752247510,Gen3_Deck20,Gen3_Deck7,Gen3_Deck20,1,0,36.87616300582886,2687311,Gen3_Match160_1752247510.txt,,2025-07-11T15:56:33.760557
3,Gen3_Match161_1752247510,Gen3_Deck21,Gen3_Deck7,Gen3_Deck21,1,0,30.17808699607849,2687310,Gen3_Match161_1752247510.txt,,2025-07-11T15:56:36.413303
3,Gen3_Match162_1752247510,Gen3_Deck7,Gen3_Deck22,Gen3_Deck22,0,1,39.56328225135803,2687309,Gen3_Match162_1752247510.txt,,2025-07-11T15:56:47.666533
3,Gen3_Match163_1752247510,Gen3_Deck7,Gen3_Deck23,Gen3_Deck7,1,0,33.8389253616333,2687311,Gen3_Match163_1752247510.txt,,2025-07-11T15:57:07.599934
3,Gen3_Match164_1752247510,Gen3_Deck24,Gen3_Deck7,Gen3_Deck7,0,1,32.108494997024536,2687310,Gen3_Match164_1752247510.txt,,2025-07-11T15:57:08.522262
3,Gen3_Match165_1752247510,Gen3_Deck8,Gen3_Deck9,Gen3_Deck8,1,0,32.26092195510864,2687309,Gen3_Match165_1752247510.txt,,2025-07-11T15:57:19.927911
3,Gen3_Match166_1752247510,Gen3_Deck10,Gen3_Deck8,Gen3_Deck8,0,1,25.217411518096924,2687311,Gen3_Match166_1752247510.txt,,2025-07-11T15:57:32.817903
3,Gen3_Match167_1752247510,Gen3_Deck8,Gen3_Deck11,Gen3_Deck8,1,0,29.661423683166504,2687310,Gen3_Match167_1752247510.txt,,2025-07-11T15:57:38.184137
3,Gen3_Match168_1752247510,Gen3_Deck8,Gen3_Deck12,Gen3_Deck8,1,0,24.9641375541687,2687309,Gen3_Match168_1752247510.txt,,2025-07-11T15:57:44.892461
3,Gen3_Match169_1752247510,Gen3_Deck13,Gen3_Deck8,Gen3_Deck13,1,0,26.320095539093018,2687311,Gen3_Match169_1752247510.txt,,2025-07-11T15:57:59.138480
3,Gen3_Match170_1752247510,Gen3_Deck14,Gen3_Deck8,Gen3_Deck8,0,1,44.247745513916016,2687310,Gen3_Match170_1752247510.txt,,2025-07-11T15:58:22.432426
3,Gen3_Match172_1752247510,Gen3_Deck16,Gen3_Deck8,Gen3_Deck8,0,1,25.253404140472412,2687311,Gen3_Match172_1752247510.txt,,2025-07-11T15:58:24.392374
3,Gen3_Match171_1752247510,Gen3_Deck8,Gen3_Deck15,Gen3_Deck15,0,1,41.299543380737305,2687309,Gen3_Match171_1752247510.txt,,2025-07-11T15:58:26.192494
3,Gen3_Match173_1752247510,Gen3_Deck17,Gen3_Deck8,Gen3_Deck17,1,0,26.283507347106934,2687310,Gen3_Match173_1752247510.txt,,2025-07-11T15:58:48.716412
3,Gen3_Match175_1752247510,Gen3_Deck19,Gen3_Deck8,Gen3_Deck8,0,1,30.015376329421997,2687309,Gen3_Match175_1752247510.txt,,2025-07-11T15:58:56.208274
3,Gen3_Match174_1752247510,Gen3_Deck8,Gen3_Deck18,Gen3_Deck8,1,0,47.90757656097412,2687311,Gen3_Match174_1752247510.txt,,2025-07-11T15:59:12.300498
3,Gen3_Match176_1752247510,Gen3_Deck20,Gen3_Deck8,Gen3_Deck20,1,0,32.04813313484192,2687310,Gen3_Match176_1752247510.txt,,2025-07-11T15:59:20.765027
3,Gen3_Match177_1752247510,Gen3_Deck21,Gen3_Deck8,Gen3_Deck8,0,1,40.31573128700256,2687309,Gen3_Match177_1752247510.txt,,2025-07-11T15:59:36.524476
3,Gen3_Match178_1752247510,Gen3_Deck8,Gen3_Deck22,Gen3_Deck8,1,0,24.237106800079346,2687311,Gen3_Match178_1752247510.txt,,2025-07-11T15:59:36.538006
3,Gen3_Match179_1752247510,Gen3_Deck23,Gen3_Deck8,Gen3_Deck8,0,1,32.0149347782135,2687310,Gen3_Match179_1752247510.txt,,2025-07-11T15:59:52.780426
3,Gen3_Match181_1752247510,Gen3_Deck10,Gen3_Deck9,Gen3_Deck9,0,1,30.33250856399536,2687311,Gen3_Match181_1752247510.txt,,2025-07-11T16:00:06.871013
3,Gen3_Match182_1752247510,Gen3_Deck9,Gen3_Deck11,Gen3_Deck11,0,1,35.94759774208069,2687310,Gen3_Match182_1752247510.txt,,2025-07-11T16:00:28.728482
3,Gen3_Match183_1752247510,Gen3_Deck9,Gen3_Deck12,Gen3_Deck12,0,1,24.008166790008545,2687311,Gen3_Match183_1752247510.txt,,2025-07-11T16:00:30.879585
3,Gen3_Match180_1752247510,Gen3_Deck8,Gen3_Deck24,Gen3_Deck8,1,0,57.907854080200195,2687309,Gen3_Match180_1752247510.txt,,2025-07-11T16:00:34.432915
3,Gen3_Match184_1752247510,Gen3_Deck13,Gen3_Deck9,Gen3_Deck13,1,0,26.446186304092407,2687310,Gen3_Match184_1752247510.txt,,2025-07-11T16:00:55.175080
3,Gen3_Match185_1752247510,Gen3_Deck14,Gen3_Deck9,Gen3_Deck14,1,0,32.38852119445801,2687311,Gen3_Match185_1752247510.txt,,2025-07-11T16:01:03.268534
3,Gen3_Match186_1752247510,Gen3_Deck9,Gen3_Deck15,Gen3_Deck9,1,0,30.675771474838257,2687309,Gen3_Match186_1752247510.txt,,2025-07-11T16:01:05.109195
3,Gen3_Match187_1752247510,Gen3_Deck9,Gen3_Deck16,Gen3_Deck9,1,0,28.994813442230225,2687310,Gen3_Match187_1752247510.txt,,2025-07-11T16:01:24.170326
3,Gen3_Match188_1752247510,Gen3_Deck17,Gen3_Deck9,Gen3_Deck9,0,1,29.971336364746094,2687311,Gen3_Match188_1752247510.txt,,2025-07-11T16:01:33.240322
3,Gen3_Match189_1752247510,Gen3_Deck9,Gen3_Deck18,Gen3_Deck18,0,1,37.100842237472534,2687309,Gen3_Match189_1752247510.txt,,2025-07-11T16:01:42.210561
3,Gen3_Match190_1752247510,Gen3_Deck9,Gen3_Deck19,Gen3_Deck9,1,0,25.205666542053223,2687310,Gen3_Match190_1752247510.txt,,2025-07-11T16:01:49.376448
3,Gen3_Match191_1752247510,Gen3_Deck20,Gen3_Deck9,Gen3_Deck20,1,0,33.79993033409119,2687311,Gen3_Match191_1752247510.txt,,2025-07-11T16:02:07.040759
3,Gen3_Match192_1752247510,Gen3_Deck21,Gen3_Deck9,Gen3_Deck21,1,0,26.820967197418213,2687309,Gen3_Match192_1752247510.txt,,2025-07-11T16:02:09.032003
3,Gen3_Match193_1752247510,Gen3_Deck9,Gen3_Deck22,Gen3_Deck22,0,1,24.151634216308594,2687310,Gen3_Match193_1752247510.txt,,2025-07-11T16:02:13.528542
3,Gen3_Match195_1752247510,Gen3_Deck24,Gen3_Deck9,Gen3_Deck9,0,1,26.236141681671143,2687309,Gen3_Match195_1752247510.txt,,2025-07-11T16:02:35.268598
3,Gen3_Match196_1752247510,Gen3_Deck11,Gen3_Deck10,Gen3_Deck11,1,0,27.719340562820435,2687310,Gen3_Match196_1752247510.txt,,2025-07-11T16:02:41.248312
3,Gen3_Match194_1752247510,Gen3_Deck23,Gen3_Deck9,Gen3_Deck9,0,1,36.43116283416748,2687311,Gen3_Match194_1752247510.txt,,2025-07-11T16:02:43.472422
3,Gen3_Match198_1752247510,Gen3_Deck10,Gen3_Deck13,Gen3_Deck13,0,1,30.119658946990967,2687310,Gen3_Match198_1752247510.txt,,2025-07-11T16:03:11.368488
3,Gen3_Match197_1752247510,Gen3_Deck10,Gen3_Deck12,Gen3_Deck12,0,1,36.27138900756836,2687309,Gen3_Match197_1752247510.txt,,2025-07-11T16:03:11.540443
3,Gen3_Match199_1752247510,Gen3_Deck14,Gen3_Deck10,Gen3_Deck14,1,0,39.07842302322388,2687311,Gen3_Match199_1752247510.txt,,2025-07-11T16:03:22.568640
3,Gen3_Match201_1752247510,Gen3_Deck10,Gen3_Deck16,Gen3_Deck16,0,1,29.401479482650757,2687309,Gen3_Match201_1752247510.txt,,2025-07-11T16:03:40.942394
3,Gen3_Match200_1752247510,Gen3_Deck10,Gen3_Deck15,Gen3_Deck10,1,0,38.3341178894043,2687310,Gen3_Match200_1752247510.txt,,2025-07-11T16:03:49.703138
3,Gen3_Match202_1752247510,Gen3_Deck17,Gen3_Deck10,Gen3_Deck10,0,1,30.194438219070435,2687311,Gen3_Match202_1752247510.txt,,2025-07-11T16:03:52.763622
3,Gen3_Match203_1752247510,Gen3_Deck18,Gen3_Deck10,Gen3_Deck18,1,0,22.581862449645996,2687309,Gen3_Match203_1752247510.txt,,2025-07-11T16:04:03.524690
3,Gen3_Match204_1752247510,Gen3_Deck10,Gen3_Deck19,Gen3_Deck10,1,0,26.323168516159058,2687310,Gen3_Match204_1752247510.txt,,2025-07-11T16:04:16.026722
3,Gen3_Match205_1752247510,Gen3_Deck20,Gen3_Deck10,Gen3_Deck20,1,0,25.19637894630432,2687311,Gen3_Match205_1752247510.txt,,2025-07-11T16:04:17.960469
3,Gen3_Match206_1752247510,Gen3_Deck21,Gen3_Deck10,Gen3_Deck10,0,1,36.39931011199951,2687309,Gen3_Match206_1752247510.txt,,2025-07-11T16:04:39.924538
3,Gen3_Match207_1752247510,Gen3_Deck10,Gen3_Deck22,Gen3_Deck22,0,1,31.568973064422607,2687310,Gen3_Match207_1752247510.txt,,2025-07-11T16:04:47.596142
3,Gen3_Match208_1752247510,Gen3_Deck10,Gen3_Deck23,Gen3_Deck10,1,0,43.79900145530701,2687311,Gen3_Match208_1752247510.txt,,2025-07-11T16:05:01.760062
3,Gen3_Match209_1752247510,Gen3_Deck24,Gen3_Deck10,Gen3_Deck24,1,0,32.27050471305847,2687309,Gen3_Match209_1752247510.txt,,2025-07-11T16:05:12.195523
3,Gen3_Match210_1752247510,Gen3_Deck12,Gen3_Deck11,Gen3_Deck12,1,0,37.241490840911865,2687310,Gen3_Match210_1752247510.txt,,2025-07-11T16:05:24.838130
3,Gen3_Match211_1752247510,Gen3_Deck11,Gen3_Deck13,Gen3_Deck13,0,1,30.888689279556274,2687311,Gen3_Match211_1752247510.txt,,2025-07-11T16:05:32.649232
3,Gen3_Match212_1752247510,Gen3_Deck14,Gen3_Deck11,Gen3_Deck14,1,0,29.556448459625244,2687309,Gen3_Match212_1752247510.txt,,2025-07-11T16:05:41.752446
3,Gen3_Match215_1752247510,Gen3_Deck11,Gen3_Deck17,Gen3_Deck17,0,1,22.519567728042603,2687309,Gen3_Match215_1752247510.txt,,2025-07-11T16:06:04.272462
3,Gen3_Match213_1752247510,Gen3_Deck15,Gen3_Deck11,Gen3_Deck11,0,1,55.94834613800049,2687310,Gen3_Match213_1752247510.txt,,2025-07-11T16:06:20.787086
3,Gen3_Match216_1752247510,Gen3_Deck18,Gen3_Deck11,Gen3_Deck11,0,1,21.591529607772827,2687309,Gen3_Match216_1752247510.txt,,2025-07-11T16:06:25.864453
3,Gen3_Match217_1752247510,Gen3_Deck19,Gen3_Deck11,Gen3_Deck19,1,0,33.008634090423584,2687310,Gen3_Match217_1752247510.txt,,2025-07-11T16:06:53.796208
3,Gen3_Match218_1752247510,Gen3_Deck11,Gen3_Deck20,Gen3_Deck20,0,1,30.24410581588745,2687309,Gen3_Match218_1752247510.txt,,2025-07-11T16:06:56.109028
3,Gen3_Match219_1752247510,Gen3_Deck11,Gen3_Deck21,Gen3_Deck21,0,1,18.01816439628601,2687310,Gen3_Match219_1752247510.txt,,2025-07-11T16:07:11.814839
3,Gen3_Match220_1752247510,Gen3_Deck22,Gen3_Deck11,Gen3_Deck22,1,0,26.13637089729309,2687309,Gen3_Match220_1752247510.txt,,2025-07-11T16:07:22.245876
3,Gen3_Match214_1752247510,Gen3_Deck16,Gen3_Deck11,Gen3_Deck11,0,1,117.97874283790588,2687311,Gen3_Match214_1752247510.txt,,2025-07-11T16:07:30.628461
3,Gen3_Match221_1752247510,Gen3_Deck23,Gen3_Deck11,Gen3_Deck23,1,0,20.32294511795044,2687310,Gen3_Match221_1752247510.txt,,2025-07-11T16:07:32.138224
3,Gen3_Match222_1752247510,Gen3_Deck11,Gen3_Deck24,Gen3_Deck24,0,1,25.49416422843933,2687309,Gen3_Match222_1752247510.txt,,2025-07-11T16:07:47.740496
3,Gen3_Match223_1752247510,Gen3_Deck13,Gen3_Deck12,Gen3_Deck13,1,0,30.10939311981201,2687311,Gen3_Match223_1752247510.txt,,2025-07-11T16:08:00.738320
3,Gen3_Match224_1752247510,Gen3_Deck14,Gen3_Deck12,Gen3_Deck12,0,1,32.020543336868286,2687310,Gen3_Match224_1752247510.txt,,2025-07-11T16:08:04.159268
3,Gen3_Match225_1752247510,Gen3_Deck12,Gen3_Deck15,Gen3_Deck15,0,1,30.795358896255493,2687309,Gen3_Match225_1752247510.txt,,2025-07-11T16:08:18.536453
3,Gen3_Match226_1752247510,Gen3_Deck12,Gen3_Deck16,Gen3_Deck16,0,1,26.041508197784424,2687311,Gen3_Match226_1752247510.txt,,2025-07-11T16:08:26.780262
3,Gen3_Match227_1752247510,Gen3_Deck17,Gen3_Deck12,Gen3_Deck17,1,0,28.052584648132324,2687310,Gen3_Match227_1752247510.txt,,2025-07-11T16:08:32.212291
3,Gen3_Match229_1752247510,Gen3_Deck12,Gen3_Deck19,Gen3_Deck19,0,1,27.887839317321777,2687311,Gen3_Match229_1752247510.txt,,2025-07-11T16:08:54.668570
3,Gen3_Match228_1752247510,Gen3_Deck12,Gen3_Deck18,Gen3_Deck12,1,0,36.51475787162781,2687309,Gen3_Match228_1752247510.txt,,2025-07-11T16:08:55.051720
3,Gen3_Match230_1752247510,Gen3_Deck20,Gen3_Deck12,Gen3_Deck20,1,0,24.406644344329834,2687310,Gen3_Match230_1752247510.txt,,2025-07-11T16:08:56.619406
3,Gen3_Match233_1752247510,Gen3_Deck12,Gen3_Deck23,Gen3_Deck23,0,1,30.74594235420227,2687310,Gen3_Match233_1752247510.txt,,2025-07-11T16:09:27.365853
3,Gen3_Match232_1752247510,Gen3_Deck12,Gen3_Deck22,Gen3_Deck12,1,0,32.89455819129944,2687309,Gen3_Match232_1752247510.txt,,2025-07-11T16:09:27.946843
3,Gen3_Match231_1752247510,Gen3_Deck21,Gen3_Deck12,Gen3_Deck21,1,0,50.61488747596741,2687311,Gen3_Match231_1752247510.txt,,2025-07-11T16:09:45.284013
3,Gen3_Match234_1752247510,Gen3_Deck24,Gen3_Deck12,Gen3_Deck24,1,0,24.44222927093506,2687310,Gen3_Match234_1752247510.txt,,2025-07-11T16:09:51.808541
3,Gen3_Match235_1752247510,Gen3_Deck13,Gen3_Deck14,Gen3_Deck13,1,0,29.12121868133545,2687309,Gen3_Match235_1752247510.txt,,2025-07-11T16:09:57.068534
3,Gen3_Match236_1752247510,Gen3_Deck13,Gen3_Deck15,Gen3_Deck15,0,1,27.920547485351562,2687311,Gen3_Match236_1752247510.txt,,2025-07-11T16:10:13.205058
3,Gen3_Match238_1752247510,Gen3_Deck13,Gen3_Deck17,Gen3_Deck13,1,0,25.57144284248352,2687309,Gen3_Match238_1752247510.txt,,2025-07-11T16:10:22.640396
3,Gen3_Match237_1752247510,Gen3_Deck16,Gen3_Deck13,Gen3_Deck13,0,1,37.3896484375,2687310,Gen3_Match237_1752247510.txt,,2025-07-11T16:10:29.198638
3,Gen3_Match239_1752247510,Gen3_Deck13,Gen3_Deck18,Gen3_Deck13,1,0,22.8828444480896,2687311,Gen3_Match239_1752247510.txt,,2025-07-11T16:10:36.088376
3,Gen3_Match240_1752247510,Gen3_Deck19,Gen3_Deck13,Gen3_Deck13,0,1,27.013169050216675,2687309,Gen3_Match240_1752247510.txt,,2025-07-11T16:10:49.653989
3,Gen3_Match242_1752247510,Gen3_Deck13,Gen3_Deck21,Gen3_Deck21,0,1,24.77174663543701,2687311,Gen3_Match242_1752247510.txt,,2025-07-11T16:11:00.860585
3,Gen3_Match243_1752247510,Gen3_Deck13,Gen3_Deck22,Gen3_Deck13,1,0,26.794378995895386,2687309,Gen3_Match243_1752247510.txt,,2025-07-11T16:11:16.448823
3,Gen3_Match244_1752247510,Gen3_Deck23,Gen3_Deck13,Gen3_Deck13,0,1,29.774415731430054,2687311,Gen3_Match244_1752247510.txt,,2025-07-11T16:11:30.635472
3,Gen3_Match241_1752247510,Gen3_Deck20,Gen3_Deck13,Gen3_Deck20,1,0,62.95344400405884,2687310,Gen3_Match241_1752247510.txt,,2025-07-11T16:11:32.152640
3,Gen3_Match245_1752247510,Gen3_Deck13,Gen3_Deck24,Gen3_Deck13,1,0,22.02061414718628,2687309,Gen3_Match245_1752247510.txt,,2025-07-11T16:11:38.469895
3,Gen3_Match246_1752247510,Gen3_Deck14,Gen3_Deck15,Gen3_Deck15,0,1,24.284610509872437,2687311,Gen3_Match246_1752247510.txt,,2025-07-11T16:11:54.920540
3,Gen3_Match247_1752247510,Gen3_Deck14,Gen3_Deck16,Gen3_Deck16,0,1,37.55543851852417,2687310,Gen3_Match247_1752247510.txt,,2025-07-11T16:12:09.708589
3,Gen3_Match248_1752247510,Gen3_Deck17,Gen3_Deck14,Gen3_Deck17,1,0,43.86622166633606,2687309,Gen3_Match248_1752247510.txt,,2025-07-11T16:12:22.336617
3,Gen3_Match249_1752247510,Gen3_Deck18,Gen3_Deck14,Gen3_Deck18,1,0,45.36351799964905,2687311,Gen3_Match249_1752247510.txt,,2025-07-11T16:12:40.284671
3,Gen3_Match250_1752247510,Gen3_Deck14,Gen3_Deck19,Gen3_Deck19,0,1,31.943449020385742,2687310,Gen3_Match250_1752247510.txt,,2025-07-11T16:12:41.670985
3,Gen3_Match252_1752247510,Gen3_Deck21,Gen3_Deck14,Gen3_Deck21,1,0,26.1336932182312,2687311,Gen3_Match252_1752247510.txt,,2025-07-11T16:13:06.418796
3,Gen3_Match253_1752247510,Gen3_Deck14,Gen3_Deck22,Gen3_Deck22,0,1,29.33198308944702,2687310,Gen3_Match253_1752247510.txt,,2025-07-11T16:13:11.016242
3,Gen3_Match251_1752247510,Gen3_Deck14,Gen3_Deck20,Gen3_Deck20,0,1,59.23535132408142,2687309,Gen3_Match251_1752247510.txt,,2025-07-11T16:13:21.581407
3,Gen3_Match255_1752247510,Gen3_Deck24,Gen3_Deck14,Gen3_Deck24,1,0,25.421327590942383,2687310,Gen3_Match255_1752247510.txt,,2025-07-11T16:13:36.438163
3,Gen3_Match254_1752247510,Gen3_Deck14,Gen3_Deck23,Gen3_Deck23,0,1,30.347412824630737,2687311,Gen3_Match254_1752247510.txt,,2025-07-11T16:13:36.766656
3,Gen3_Match256_1752247510,Gen3_Deck15,Gen3_Deck16,Gen3_Deck16,0,1,24.85860300064087,2687309,Gen3_Match256_1752247510.txt,,2025-07-11T16:13:46.440460
3,Gen3_Match257_1752247510,Gen3_Deck17,Gen3_Deck15,Gen3_Deck17,1,0,33.88680982589722,2687310,Gen3_Match257_1752247510.txt,,2025-07-11T16:14:10.325493
3,Gen3_Match259_1752247510,Gen3_Deck15,Gen3_Deck19,Gen3_Deck15,1,0,24.371490240097046,2687309,Gen3_Match259_1752247510.txt,,2025-07-11T16:14:10.812384
3,Gen3_Match258_1752247510,Gen3_Deck18,Gen3_Deck15,Gen3_Deck18,1,0,53.40443134307861,2687311,Gen3_Match258_1752247510.txt,,2025-07-11T16:14:30.171667
3,Gen3_Match260_1752247510,Gen3_Deck20,Gen3_Deck15,Gen3_Deck20,1,0,27.1802179813385,2687310,Gen3_Match260_1752247510.txt,,2025-07-11T16:14:37.506155
3,Gen3_Match261_1752247510,Gen3_Deck21,Gen3_Deck15,Gen3_Deck21,1,0,28.159412145614624,2687309,Gen3_Match261_1752247510.txt,,2025-07-11T16:14:38.972274
3,Gen3_Match264_1752247510,Gen3_Deck24,Gen3_Deck15,Gen3_Deck15,0,1,24.807030200958252,2687309,Gen3_Match264_1752247510.txt,,2025-07-11T16:15:03.779734
3,Gen3_Match263_1752247510,Gen3_Deck15,Gen3_Deck23,Gen3_Deck15,1,0,28.273727416992188,2687310,Gen3_Match263_1752247510.txt,,2025-07-11T16:15:05.780318
3,Gen3_Match262_1752247510,Gen3_Deck15,Gen3_Deck22,Gen3_Deck22,0,1,40.08819532394409,2687311,Gen3_Match262_1752247510.txt,,2025-07-11T16:15:10.260352
3,Gen3_Match265_1752247510,Gen3_Deck16,Gen3_Deck17,Gen3_Deck17,0,1,30.23164987564087,2687309,Gen3_Match265_1752247510.txt,,2025-07-11T16:15:34.011802
3,Gen3_Match267_1752247510,Gen3_Deck16,Gen3_Deck19,Gen3_Deck16,1,0,28.839388608932495,2687311,Gen3_Match267_1752247510.txt,,2025-07-11T16:15:39.100156
3,Gen3_Match266_1752247510,Gen3_Deck18,Gen3_Deck16,Gen3_Deck16,0,1,47.927247285842896,2687310,Gen3_Match266_1752247510.txt,,2025-07-11T16:15:53.708050
3,Gen3_Match269_1752247510,Gen3_Deck21,Gen3_Deck16,Gen3_Deck16,0,1,24.042590379714966,2687311,Gen3_Match269_1752247510.txt,,2025-07-11T16:16:03.143153
3,Gen3_Match268_1752247510,Gen3_Deck16,Gen3_Deck20,Gen3_Deck20,0,1,46.20021605491638,2687309,Gen3_Match268_1752247510.txt,,2025-07-11T16:16:20.212537
3,Gen3_Match270_1752247510,Gen3_Deck22,Gen3_Deck16,Gen3_Deck22,1,0,30.99993586540222,2687310,Gen3_Match270_1752247510.txt,,2025-07-11T16:16:24.708428
3,Gen3_Match272_1752247510,Gen3_Deck16,Gen3_Deck24,Gen3_Deck16,1,0,24.815444707870483,2687309,Gen3_Match272_1752247510.txt,,2025-07-11T16:16:45.028438
3,Gen3_Match273_1752247510,Gen3_Deck17,Gen3_Deck18,Gen3_Deck17,1,0,22.587496757507324,2687310,Gen3_Match273_1752247510.txt,,2025-07-11T16:16:47.296358
3,Gen3_Match271_1752247510,Gen3_Deck16,Gen3_Deck23,Gen3_Deck16,1,0,56.78211212158203,2687311,Gen3_Match271_1752247510.txt,,2025-07-11T16:16:59.925746
3,Gen3_Match274_1752247510,Gen3_Deck17,Gen3_Deck19,Gen3_Deck17,1,0,29.44538903236389,2687309,Gen3_Match274_1752247510.txt,,2025-07-11T16:17:14.474256
3,Gen3_Match275_1752247510,Gen3_Deck20,Gen3_Deck17,Gen3_Deck20,1,0,29.70112895965576,2687310,Gen3_Match275_1752247510.txt,,2025-07-11T16:17:16.997930
3,Gen3_Match276_1752247510,Gen3_Deck21,Gen3_Deck17,Gen3_Deck17,0,1,28.577473163604736,2687311,Gen3_Match276_1752247510.txt,,2025-07-11T16:17:28.503649
3,Gen3_Match278_1752247510,Gen3_Deck17,Gen3_Deck23,Gen3_Deck23,0,1,26.005436182022095,2687310,Gen3_Match278_1752247510.txt,,2025-07-11T16:17:43.003787
3,Gen3_Match277_1752247510,Gen3_Deck17,Gen3_Deck22,Gen3_Deck17,1,0,41.3711998462677,2687309,Gen3_Match277_1752247510.txt,,2025-07-11T16:17:55.845986
3,Gen3_Match279_1752247510,Gen3_Deck24,Gen3_Deck17,Gen3_Deck17,0,1,32.69300174713135,2687311,Gen3_Match279_1752247510.txt,,2025-07-11T16:18:01.197112
3,Gen3_Match280_1752247510,Gen3_Deck19,Gen3_Deck18,Gen3_Deck18,0,1,31.666342735290527,2687310,Gen3_Match280_1752247510.txt,,2025-07-11T16:18:14.670593
3,Gen3_Match281_1752247510,Gen3_Deck18,Gen3_Deck20,Gen3_Deck20,0,1,28.16533136367798,2687309,Gen3_Match281_1752247510.txt,,2025-07-11T16:18:24.011778
3,Gen3_Match282_1752247510,Gen3_Deck18,Gen3_Deck21,Gen3_Deck21,0,1,27.05867314338684,2687311,Gen3_Match282_1752247510.txt,,2025-07-11T16:18:28.256222
3,Gen3_Match283_1752247510,Gen3_Deck22,Gen3_Deck18,Gen3_Deck22,1,0,30.519187688827515,2687310,Gen3_Match283_1752247510.txt,,2025-07-11T16:18:45.190261
3,Gen3_Match284_1752247510,Gen3_Deck23,Gen3_Deck18,Gen3_Deck23,1,0,23.76482582092285,2687309,Gen3_Match284_1752247510.txt,,2025-07-11T16:18:47.777059
3,Gen3_Match285_1752247510,Gen3_Deck18,Gen3_Deck24,Gen3_Deck18,1,0,21.6132595539093,2687311,Gen3_Match285_1752247510.txt,,2025-07-11T16:18:49.869887
3,Gen3_Match286_1752247510,Gen3_Deck20,Gen3_Deck19,Gen3_Deck20,1,0,28.11550498008728,2687310,Gen3_Match286_1752247510.txt,,2025-07-11T16:19:13.306222
3,Gen3_Match287_1752247510,Gen3_Deck21,Gen3_Deck19,Gen3_Deck21,1,0,27.546820163726807,2687309,Gen3_Match287_1752247510.txt,,2025-07-11T16:19:15.324341
3,Gen3_Match288_1752247510,Gen3_Deck19,Gen3_Deck22,Gen3_Deck22,0,1,26.760844469070435,2687311,Gen3_Match288_1752247510.txt,,2025-07-11T16:19:16.631198
3,Gen3_Match290_1752247510,Gen3_Deck24,Gen3_Deck19,Gen3_Deck19,0,1,27.4395112991333,2687309,Gen3_Match290_1752247510.txt,,2025-07-11T16:19:42.764292
3,Gen3_Match289_1752247510,Gen3_Deck19,Gen3_Deck23,Gen3_Deck23,0,1,37.67167949676514,2687310,Gen3_Match289_1752247510.txt,,2025-07-11T16:19:50.978399
3,Gen3_Match292_1752247510,Gen3_Deck20,Gen3_Deck22,Gen3_Deck20,1,0,23.60870599746704,2687309,Gen3_Match292_1752247510.txt,,2025-07-11T16:20:06.373397
3,Gen3_Match293_1752247510,Gen3_Deck20,Gen3_Deck23,Gen3_Deck20,1,0,27.264642477035522,2687310,Gen3_Match293_1752247510.txt,,2025-07-11T16:20:18.243513
3,Gen3_Match294_1752247510,Gen3_Deck24,Gen3_Deck20,Gen3_Deck20,0,1,28.077964782714844,2687309,Gen3_Match294_1752247510.txt,,2025-07-11T16:20:34.451783
3,Gen3_Match295_1752247510,Gen3_Deck22,Gen3_Deck21,Gen3_Deck21,0,1,20.14815640449524,2687310,Gen3_Match295_1752247510.txt,,2025-07-11T16:20:38.392055
3,Gen3_Match291_1752247510,Gen3_Deck21,Gen3_Deck20,Gen3_Deck20,0,1,94.65314197540283,2687311,Gen3_Match291_1752247510.txt,,2025-07-11T16:20:51.284841
3,Gen3_Match297_1752247510,Gen3_Deck24,Gen3_Deck21,Gen3_Deck21,0,1,20.543614864349365,2687310,Gen3_Match297_1752247510.txt,,2025-07-11T16:20:58.936075
3,Gen3_Match296_1752247510,Gen3_Deck21,Gen3_Deck23,Gen3_Deck21,1,0,44.15061569213867,2687309,Gen3_Match296_1752247510.txt,,2025-07-11T16:21:18.602870
3,Gen3_Match298_1752247510,Gen3_Deck22,Gen3_Deck23,Gen3_Deck23,0,1,33.423195362091064,2687311,Gen3_Match298_1752247510.txt,,2025-07-11T16:21:24.708472
3,Gen3_Match300_1752247510,Gen3_Deck23,Gen3_Deck24,Gen3_Deck23,1,0,18.52907681465149,2687309,Gen3_Match300_1752247510.txt,,2025-07-11T16:21:37.132418
3,Gen3_Match299_1752247510,Gen3_Deck24,Gen3_Deck22,Gen3_Deck22,0,1,41.225377321243286,2687310,Gen3_Match299_1752247510.txt,,2025-07-11T16:21:40.162303
4,Gen4_Match2_1752250900,Gen4_Deck2,Gen4_Deck0,Gen4_Deck2,1,0,26.120179653167725,2807898,Gen4_Match2_1752250900.txt,,2025-07-11T16:22:06.335219
4,Gen4_Match1_1752250900,Gen4_Deck1,Gen4_Deck0,Gen4_Deck1,1,0,33.01105523109436,2807897,Gen4_Match1_1752250900.txt,,2025-07-11T16:22:13.224576
4,Gen4_Match3_1752250900,Gen4_Deck0,Gen4_Deck3,Gen4_Deck3,0,1,38.936201333999634,2807899,Gen4_Match3_1752250900.txt,,2025-07-11T16:22:19.151546
4,Gen4_Match4_1752250900,Gen4_Deck4,Gen4_Deck0,Gen4_Deck0,0,1,30.564507246017456,2807898,Gen4_Match4_1752250900.txt,,2025-07-11T16:22:36.900510
4,Gen4_Match5_1752250900,Gen4_Deck5,Gen4_Deck0,Gen4_Deck0,0,1,29.55911684036255,2807897,Gen4_Match5_1752250900.txt,,2025-07-11T16:22:42.784468
4,Gen4_Match6_1752250900,Gen4_Deck0,Gen4_Deck6,Gen4_Deck6,0,1,31.02436590194702,2807899,Gen4_Match6_1752250900.txt,,2025-07-11T16:22:50.176519
4,Gen4_Match8_1752250900,Gen4_Deck8,Gen4_Deck0,Gen4_Deck8,1,0,23.116976737976074,2807897,Gen4_Match8_1752250900.txt,,2025-07-11T16:23:05.901879
4,Gen4_Match7_1752250900,Gen4_Deck0,Gen4_Deck7,Gen4_Deck7,0,1,35.68956971168518,2807898,Gen4_Match7_1752250900.txt,,2025-07-11T16:23:12.590706
4,Gen4_Match11_1752250900,Gen4_Deck11,Gen4_Deck0,Gen4_Deck11,1,0,24.44923686981201,2807898,Gen4_Match11_1752250900.txt,,2025-07-11T16:23:37.040395
4,Gen4_Match10_1752250900,Gen4_Deck0,Gen4_Deck10,Gen4_Deck0,1,0,32.34211087226868,2807897,Gen4_Match10_1752250900.txt,,2025-07-11T16:23:38.244457
4,Gen4_Match12_1752250900,Gen4_Deck12,Gen4_Deck0,Gen4_Deck0,0,1,25.748445987701416,2807898,Gen4_Match12_1752250900.txt,,2025-07-11T16:24:02.789276
4,Gen4_Match13_1752250900,Gen4_Deck0,Gen4_Deck13,Gen4_Deck0,1,0,26.463633060455322,2807897,Gen4_Match13_1752250900.txt,,2025-07-11T16:24:04.708562
4,Gen4_Match14_1752250900,Gen4_Deck0,Gen4_Deck14,Gen4_Deck0,1,0,20.1493878364563,2807898,Gen4_Match14_1752250900.txt,,2025-07-11T16:24:22.939081
4,Gen4_Match9_1752250900,Gen4_Deck9,Gen4_Deck0,Gen4_Deck0,0,1,94.6075656414032,2807899,Gen4_Match9_1752250900.txt,,2025-07-11T16:24:24.784773
4,Gen4_Match15_1752250900,Gen4_Deck15,Gen4_Deck0,Gen4_Deck0,0,1,24.26752471923828,2807897,Gen4_Match15_1752250900.txt,,2025-07-11T16:24:28.976567
4,Gen4_Match16_1752250900,Gen4_Deck16,Gen4_Deck0,Gen4_Deck16,1,0,33.31312322616577,2807898,Gen4_Match16_1752250900.txt,,2025-07-11T16:24:56.252720
4,Gen4_Match18_1752250900,Gen4_Deck18,Gen4_Deck0,Gen4_Deck0,0,1,30.091917037963867,2807897,Gen4_Match18_1752250900.txt,,2025-07-11T16:24:59.068957
4,Gen4_Match19_1752250900,Gen4_Deck19,Gen4_Deck0,Gen4_Deck0,0,1,22.78502106666565,2807898,Gen4_Match19_1752250900.txt,,2025-07-11T16:25:19.038187
4,Gen4_Match20_1752250900,Gen4_Deck0,Gen4_Deck20,Gen4_Deck0,1,0,38.199023485183716,2807897,Gen4_Match20_1752250900.txt,,2025-07-11T16:25:37.268548
4,Gen4_Match21_1752250900,Gen4_Deck0,Gen4_Deck21,Gen4_Deck0,1,0,28.30193781852722,2807898,Gen4_Match21_1752250900.txt,,2025-07-11T16:25:47.340598
4,Gen4_Match22_1752250900,Gen4_Deck22,Gen4_Deck0,Gen4_Deck0,0,1,24.910197019577026,2807897,Gen4_Match22_1752250900.txt,,2025-07-11T16:26:02.179231
4,Gen4_Match23_1752250900,Gen4_Deck23,Gen4_Deck0,Gen4_Deck0,0,1,31.148621082305908,2807898,Gen4_Match23_1752250900.txt,,2025-07-11T16:26:18.489693
4,Gen4_Match24_1752250900,Gen4_Deck0,Gen4_Deck24,Gen4_Deck24,0,1,24.615111351013184,2807897,Gen4_Match24_1752250900.txt,,2025-07-11T16:26:26.794878
4,Gen4_Match17_1752250900,Gen4_Deck0,Gen4_Deck17,Gen4_Deck17,0,1,122.9675681591034,2807899,Gen4_Match17_1752250900.txt,,2025-07-11T16:26:27.752949
4,Gen4_Match25_1752250900,Gen4_Deck2,Gen4_Deck1,Gen4_Deck1,0,1,26.583261966705322,2807898,Gen4_Match25_1752250900.txt,,2025-07-11T16:26:45.073501
4,Gen4_Match26_1752250900,Gen4_Deck1,Gen4_Deck3,Gen4_Deck1,1,0,26.86254334449768,2807897,Gen4_Match26_1752250900.txt,,2025-07-11T16:26:53.657959
4,Gen4_Match27_1752250900,Gen4_Deck1,Gen4_Deck4,Gen4_Deck1,1,0,27.356297492980957,2807899,Gen4_Match27_1752250900.txt,,2025-07-11T16:26:55.109700
4,Gen4_Match28_1752250900,Gen4_Deck5,Gen4_Deck1,Gen4_Deck1,0,1,34.23039436340332,2807898,Gen4_Match28_1752250900.txt,,2025-07-11T16:27:19.304352
4,Gen4_Match29_1752250900,Gen4_Deck6,Gen4_Deck1,Gen4_Deck1,0,1,27.857882976531982,2807897,Gen4_Match29_1752250900.txt,,2025-07-11T16:27:21.516343
4,Gen4_Match30_1752250900,Gen4_Deck1,Gen4_Deck7,Gen4_Deck1,1,0,27.01443338394165,2807899,Gen4_Match30_1752250900.txt,,2025-07-11T16:27:22.124544
4,Gen4_Match31_1752250900,Gen4_Deck8,Gen4_Deck1,Gen4_Deck1,0,1,35.010042905807495,2807898,Gen4_Match31_1752250900.txt,,2025-07-11T16:27:54.314902
4,Gen4_Match32_1752250900,Gen4_Deck9,Gen4_Deck1,Gen4_Deck1,0,1,46.62075424194336,2807897,Gen4_Match32_1752250900.txt,,2025-07-11T16:28:08.137603
4,Gen4_Match33_1752250900,Gen4_Deck1,Gen4_Deck10,Gen4_Deck1,1,0,47.81320023536682,2807899,Gen4_Match33_1752250900.txt,,2025-07-11T16:28:09.938211
4,Gen4_Match34_1752250900,Gen4_Deck1,Gen4_Deck11,Gen4_Deck1,1,0,35.71706700325012,2807898,Gen4_Match34_1752250900.txt,,2025-07-11T16:28:30.032416
4,Gen4_Match36_1752250900,Gen4_Deck13,Gen4_Deck1,Gen4_Deck13,1,0,30.612643241882324,2807899,Gen4_Match36_1752250900.txt,,2025-07-11T16:28:40.551279
4,Gen4_Match38_1752250900,Gen4_Deck15,Gen4_Deck1,Gen4_Deck1,0,1,27.9644513130188,2807899,Gen4_Match38_1752250900.txt,,2025-07-11T16:29:08.516148
4,Gen4_Match39_1752250900,Gen4_Deck16,Gen4_Deck1,Gen4_Deck1,0,1,21.57604670524597,2807899,Gen4_Match39_1752250900.txt,,2025-07-11T16:29:30.092650
4,Gen4_Match35_1752250900,Gen4_Deck12,Gen4_Deck1,Gen4_Deck12,1,0,125.01765251159668,2807897,Gen4_Match35_1752250900.txt,,2025-07-11T16:30:13.156382
4,Gen4_Match40_1752250900,Gen4_Deck1,Gen4_Deck17,Gen4_Deck1,1,0,48.57534337043762,2807899,Gen4_Match40_1752250900.txt,,2025-07-11T16:30:18.668510
4,Gen4_Match41_1752250900,Gen4_Deck1,Gen4_Deck18,Gen4_Deck1,1,0,18.96733045578003,2807897,Gen4_Match41_1752250900.txt,,2025-07-11T16:30:32.124319
4,Gen4_Match37_1752250900,Gen4_Deck1,Gen4_Deck14,Gen4_Deck1,1,0,123.94110059738159,2807898,Gen4_Match37_1752250900.txt,,2025-07-11T16:30:33.974079
4,Gen4_Match42_1752250900,Gen4_Deck19,Gen4_Deck1,Gen4_Deck1,0,1,37.22498059272766,2807899,Gen4_Match42_1752250900.txt,,2025-07-11T16:30:55.893959
4,Gen4_Match43_1752250900,Gen4_Deck20,Gen4_Deck1,Gen4_Deck1,0,1,29.05961537361145,2807897,Gen4_Match43_1752250900.txt,,2025-07-11T16:31:01.184397
4,Gen4_Match45_1752250900,Gen4_Deck22,Gen4_Deck1,Gen4_Deck1,0,1,28.76999855041504,2807899,Gen4_Match45_1752250900.txt,,2025-07-11T16:31:24.664402
4,Gen4_Match46_1752250900,Gen4_Deck23,Gen4_Deck1,Gen4_Deck1,0,1,24.289125204086304,2807897,Gen4_Match46_1752250900.txt,,2025-07-11T16:31:25.473934
4,Gen4_Match47_1752250900,Gen4_Deck1,Gen4_Deck24,Gen4_Deck1,1,0,25.17063307762146,2807899,Gen4_Match47_1752250900.txt,,2025-07-11T16:31:49.835451
4,Gen4_Match48_1752250900,Gen4_Deck3,Gen4_Deck2,Gen4_Deck3,1,0,31.741928339004517,2807897,Gen4_Match48_1752250900.txt,,2025-07-11T16:31:57.216315
4,Gen4_Match49_1752250900,Gen4_Deck2,Gen4_Deck4,Gen4_Deck2,1,0,24.683292388916016,2807899,Gen4_Match49_1752250900.txt,,2025-07-11T16:32:14.519186
4,Gen4_Match51_1752250900,Gen4_Deck6,Gen4_Deck2,Gen4_Deck6,1,0,21.038193225860596,2807899,Gen4_Match51_1752250900.txt,,2025-07-11T16:32:35.557766
4,Gen4_Match50_1752250900,Gen4_Deck5,Gen4_Deck2,Gen4_Deck2,0,1,41.004106283187866,2807897,Gen4_Match50_1752250900.txt,,2025-07-11T16:32:38.220916
4,Gen4_Match44_1752250900,Gen4_Deck1,Gen4_Deck21,Gen4_Deck1,1,0,135.36743474006653,2807898,Gen4_Match44_1752250900.txt,,2025-07-11T16:32:49.341988
4,Gen4_Match52_1752250900,Gen4_Deck7,Gen4_Deck2,Gen4_Deck7,1,0,25.526214838027954,2807899,Gen4_Match52_1752250900.txt,,2025-07-11T16:33:01.084386
4,Gen4_Match53_1752250900,Gen4_Deck2,Gen4_Deck8,Gen4_Deck2,1,0,25.245649099349976,2807897,Gen4_Match53_1752250900.txt,,2025-07-11T16:33:03.467020
4,Gen4_Match55_1752250900,Gen4_Deck10,Gen4_Deck2,Gen4_Deck2,0,1,26.03951072692871,2807899,Gen4_Match55_1752250900.txt,,2025-07-11T16:33:27.124309
4,Gen4_Match54_1752250900,Gen4_Deck9,Gen4_Deck2,Gen4_Deck2,0,1,50.1999990940094,2807898,Gen4_Match54_1752250900.txt,,2025-07-11T16:33:39.542508
4,Gen4_Match56_1752250900,Gen4_Deck11,Gen4_Deck2,Gen4_Deck11,1,0,37.32474732398987,2807897,Gen4_Match56_1752250900.txt,,2025-07-11T16:33:40.792264
4,Gen4_Match57_1752250900,Gen4_Deck2,Gen4_Deck12,Gen4_Deck2,1,0,26.382616996765137,2807899,Gen4_Match57_1752250900.txt,,2025-07-11T16:33:53.507353
4,Gen4_Match59_1752250900,Gen4_Deck14,Gen4_Deck2,Gen4_Deck2,0,1,25.4388325214386,2807897,Gen4_Match59_1752250900.txt,,2025-07-11T16:34:06.231560
4,Gen4_Match60_1752250900,Gen4_Deck2,Gen4_Deck15,Gen4_Deck2,1,0,30.859228372573853,2807899,Gen4_Match60_1752250900.txt,,2025-07-11T16:34:24.367095
4,Gen4_Match61_1752250900,Gen4_Deck16,Gen4_Deck2,Gen4_Deck2,0,1,27.211317539215088,2807897,Gen4_Match61_1752250900.txt,,2025-07-11T16:34:33.443308
4,Gen4_Match62_1752250900,Gen4_Deck17,Gen4_Deck2,Gen4_Deck2,0,1,31.432586669921875,2807899,Gen4_Match62_1752250900.txt,,2025-07-11T16:34:55.800172
4,Gen4_Match63_1752250900,Gen4_Deck18,Gen4_Deck2,Gen4_Deck18,1,0,25.357352256774902,2807897,Gen4_Match63_1752250900.txt,,2025-07-11T16:34:58.801084
4,Gen4_Match58_1752250900,Gen4_Deck13,Gen4_Deck2,Gen4_Deck2,0,1,81.7815511226654,2807898,Gen4_Match58_1752250900.txt,,2025-07-11T16:35:01.324570
4,Gen4_Match64_1752250900,Gen4_Deck2,Gen4_Deck19,Gen4_Deck19,0,1,32.16774249076843,2807899,Gen4_Match64_1752250900.txt,,2025-07-11T16:35:27.968477
4,Gen4_Match66_1752250900,Gen4_Deck2,Gen4_Deck21,Gen4_Deck2,1,0,35.01539134979248,2807898,Gen4_Match66_1752250900.txt,,2025-07-11T16:35:36.340434
4,Gen4_Match65_1752250900,Gen4_Deck20,Gen4_Deck2,Gen4_Deck20,1,0,44.42375588417053,2807897,Gen4_Match65_1752250900.txt,,2025-07-11T16:35:43.225373
4,Gen4_Match68_1752250900,Gen4_Deck2,Gen4_Deck23,Gen4_Deck2,1,0,33.85140538215637,2807898,Gen4_Match68_1752250900.txt,,2025-07-11T16:36:10.192318
4,Gen4_Match67_1752250900,Gen4_Deck2,Gen4_Deck22,Gen4_Deck2,1,0,45.049773931503296,2807899,Gen4_Match67_1752250900.txt,,2025-07-11T16:36:13.018750
4,Gen4_Match69_1752250900,Gen4_Deck24,Gen4_Deck2,Gen4_Deck24,1,0,33.72190022468567,2807897,Gen4_Match69_1752250900.txt,,2025-07-11T16:36:16.947744
4,Gen4_Match71_1752250900,Gen4_Deck5,Gen4_Deck3,Gen4_Deck5,1,0,24.67361307144165,2807899,Gen4_Match71_1752250900.txt,,2025-07-11T16:36:37.692850
4,Gen4_Match70_1752250900,Gen4_Deck3,Gen4_Deck4,Gen4_Deck4,0,1,33.1255145072937,2807898,Gen4_Match70_1752250900.txt,,2025-07-11T16:36:43.318361
4,Gen4_Match74_1752250900,Gen4_Deck8,Gen4_Deck3,Gen4_Deck3,0,1,22.705644607543945,2807898,Gen4_Match74_1752250900.txt,,2025-07-11T16:37:06.024522
4,Gen4_Match73_1752250900,Gen4_Deck3,Gen4_Deck7,Gen4_Deck7,0,1,32.425169944763184,2807899,Gen4_Match73_1752250900.txt,,2025-07-11T16:37:10.118513
4,Gen4_Match72_1752250900,Gen4_Deck3,Gen4_Deck6,Gen4_Deck3,1,0,59.08810114860535,2807897,Gen4_Match72_1752250900.txt,,2025-07-11T16:37:16.036306
4,Gen4_Match75_1752250900,Gen4_Deck9,Gen4_Deck3,Gen4_Deck3,0,1,24.099482774734497,2807898,Gen4_Match75_1752250900.txt,,2025-07-11T16:37:30.124457
4,Gen4_Match76_1752250900,Gen4_Deck3,Gen4_Deck10,Gen4_Deck3,1,0,22.32540488243103,2807899,Gen4_Match76_1752250900.txt,,2025-07-11T16:37:32.444322
4,Gen4_Match77_1752250900,Gen4_Deck3,Gen4_Deck11,Gen4_Deck3,1,0,31.66066288948059,2807897,Gen4_Match77_1752250900.txt,,2025-07-11T16:37:47.697445
4,Gen4_Match79_1752250900,Gen4_Deck3,Gen4_Deck13,Gen4_Deck3,1,0,29.4675133228302,2807899,Gen4_Match79_1752250900.txt,,2025-07-11T16:38:01.912275
4,Gen4_Match78_1752250900,Gen4_Deck12,Gen4_Deck3,Gen4_Deck12,1,0,41.054633378982544,2807898,Gen4_Match78_1752250900.txt,,2025-07-11T16:38:11.179614
4,Gen4_Match80_1752250900,Gen4_Deck3,Gen4_Deck14,Gen4_Deck3,1,0,31.388428926467896,2807897,Gen4_Match80_1752250900.txt,,2025-07-11T16:38:19.086379
4,Gen4_Match81_1752250900,Gen4_Deck15,Gen4_Deck3,Gen4_Deck3,0,1,28.369011402130127,2807899,Gen4_Match81_1752250900.txt,,2025-07-11T16:38:30.281735
4,Gen4_Match83_1752250900,Gen4_Deck3,Gen4_Deck17,Gen4_Deck17,0,1,27.12346839904785,2807897,Gen4_Match83_1752250900.txt,,2025-07-11T16:38:46.210338
4,Gen4_Match82_1752250900,Gen4_Deck16,Gen4_Deck3,Gen4_Deck16,1,0,45.06088471412659,2807898,Gen4_Match82_1752250900.txt,,2025-07-11T16:38:56.241002
4,Gen4_Match84_1752250900,Gen4_Deck3,Gen4_Deck18,Gen4_Deck3,1,0,33.03428602218628,2807899,Gen4_Match84_1752250900.txt,,2025-07-11T16:39:03.316426
4,Gen4_Match85_1752250900,Gen4_Deck19,Gen4_Deck3,Gen4_Deck3,0,1,25.806883811950684,2807897,Gen4_Match85_1752250900.txt,,2025-07-11T16:39:12.017671
4,Gen4_Match86_1752250900,Gen4_Deck3,Gen4_Deck20,Gen4_Deck3,1,0,37.18905711174011,2807898,Gen4_Match86_1752250900.txt,,2025-07-11T16:39:33.430571
4,Gen4_Match88_1752250900,Gen4_Deck22,Gen4_Deck3,Gen4_Deck3,0,1,23.70618200302124,2807897,Gen4_Match88_1752250900.txt,,2025-07-11T16:39:35.724283
4,Gen4_Match87_1752250900,Gen4_Deck3,Gen4_Deck21,Gen4_Deck21,0,1,41.795313358306885,2807899,Gen4_Match87_1752250900.txt,,2025-07-11T16:39:45.112200
4,Gen4_Match90_1752250900,Gen4_Deck3,Gen4_Deck24,Gen4_Deck24,0,1,34.21166944503784,2807897,Gen4_Match90_1752250900.txt,,2025-07-11T16:40:09.936387
4,Gen4_Match91_1752250900,Gen4_Deck4,Gen4_Deck5,Gen4_Deck5,0,1,27.127787590026855,2807899,Gen4_Match91_1752250900.txt,,2025-07-11T16:40:12.269875
4,Gen4_Match89_1752250900,Gen4_Deck23,Gen4_Deck3,Gen4_Deck23,1,0,39.558324098587036,2807898,Gen4_Match89_1752250900.txt,,2025-07-11T16:40:12.989380
4,Gen4_Match92_1752250900,Gen4_Deck6,Gen4_Deck4,Gen4_Deck6,1,0,27.884883880615234,2807897,Gen4_Match92_1752250900.txt,,2025-07-11T16:40:37.821710
4,Gen4_Match93_1752250900,Gen4_Deck7,Gen4_Deck4,Gen4_Deck7,1,0,26.519415378570557,2807899,Gen4_Match93_1752250900.txt,,2025-07-11T16:40:38.789747
4,Gen4_Match94_1752250900,Gen4_Deck4,Gen4_Deck8,Gen4_Deck8,0,1,38.238455295562744,2807898,Gen4_Match94_1752250900.txt,,2025-07-11T16:40:51.228285
4,Gen4_Match96_1752250900,Gen4_Deck10,Gen4_Deck4,Gen4_Deck10,1,0,37.450096130371094,2807899,Gen4_Match96_1752250900.txt,,2025-07-11T16:41:16.240285
4,Gen4_Match97_1752250900,Gen4_Deck4,Gen4_Deck11,Gen4_Deck11,0,1,27.44539713859558,2807898,Gen4_Match97_1752250900.txt,,2025-07-11T16:41:18.674140
4,Gen4_Match95_1752250900,Gen4_Deck4,Gen4_Deck9,Gen4_Deck9,0,1,59.37399673461914,2807897,Gen4_Match95_1752250900.txt,,2025-07-11T16:41:37.196359
4,Gen4_Match98_1752250900,Gen4_Deck4,Gen4_Deck12,Gen4_Deck4,1,0,29.160651922225952,2807899,Gen4_Match98_1752250900.txt,,2025-07-11T16:41:45.401369
4,Gen4_Match99_1752250900,Gen4_Deck13,Gen4_Deck4,Gen4_Deck13,1,0,36.87674403190613,2807898,Gen4_Match99_1752250900.txt,,2025-07-11T16:41:55.551376
4,Gen4_Match101_1752250900,Gen4_Deck4,Gen4_Deck15,Gen4_Deck15,0,1,24.154762268066406,2807899,Gen4_Match101_1752250900.txt,,2025-07-11T16:42:09.556620
4,Gen4_Match102_1752250900,Gen4_Deck4,Gen4_Deck16,Gen4_Deck4,1,0,31.47521686553955,2807898,Gen4_Match102_1752250900.txt,,2025-07-11T16:42:27.027087
4,Gen4_Match100_1752250900,Gen4_Deck14,Gen4_Deck4,Gen4_Deck4,0,1,53.408512115478516,2807897,Gen4_Match100_1752250900.txt,,2025-07-11T16:42:30.605497
4,Gen4_Match103_1752250900,Gen4_Deck17,Gen4_Deck4,Gen4_Deck17,1,0,26.063401460647583,2807899,Gen4_Match103_1752250900.txt,,2025-07-11T16:42:35.620510
4,Gen4_Match105_1752250900,Gen4_Deck4,Gen4_Deck19,Gen4_Deck19,0,1,29.950598001480103,2807897,Gen4_Match105_1752250900.txt,,2025-07-11T16:43:00.556539
4,Gen4_Match104_1752250900,Gen4_Deck4,Gen4_Deck18,Gen4_Deck18,0,1,36.116644620895386,2807898,Gen4_Match104_1752250900.txt,,2025-07-11T16:43:03.144201
4,Gen4_Match106_1752250900,Gen4_Deck20,Gen4_Deck4,Gen4_Deck4,0,1,37.26477813720703,2807899,Gen4_Match106_1752250900.txt,,2025-07-11T16:43:12.885805
4,Gen4_Match108_1752250900,Gen4_Deck4,Gen4_Deck22,Gen4_Deck4,1,0,30.428816318511963,2807898,Gen4_Match108_1752250900.txt,,2025-07-11T16:43:33.573466
4,Gen4_Match107_1752250900,Gen4_Deck21,Gen4_Deck4,Gen4_Deck21,1,0,34.58722448348999,2807897,Gen4_Match107_1752250900.txt,,2025-07-11T16:43:35.144208
4,Gen4_Match109_1752250900,Gen4_Deck23,Gen4_Deck4,Gen4_Deck23,1,0,27.32765030860901,2807899,Gen4_Match109_1752250900.txt,,2025-07-11T16:43:40.213916
4,Gen4_Match111_1752250900,Gen4_Deck6,Gen4_Deck5,Gen4_Deck6,1,0,25.898996829986572,2807897,Gen4_Match111_1752250900.txt,,2025-07-11T16:44:01.043642
4,Gen4_Match112_1752250900,Gen4_Deck5,Gen4_Deck7,Gen4_Deck7,0,1,26.47398328781128,2807899,Gen4_Match112_1752250900.txt,,2025-07-11T16:44:06.688316
4,Gen4_Match113_1752250900,Gen4_Deck8,Gen4_Deck5,Gen4_Deck5,0,1,27.78023338317871,2807897,Gen4_Match113_1752250900.txt,,2025-07-11T16:44:28.824348
4,Gen4_Match110_1752250900,Gen4_Deck24,Gen4_Deck4,Gen4_Deck4,0,1,55.72002649307251,2807898,Gen4_Match110_1752250900.txt,,2025-07-11T16:44:29.294146
4,Gen4_Match114_1752250900,Gen4_Deck9,Gen4_Deck5,Gen4_Deck9,1,0,34.23744773864746,2807899,Gen4_Match114_1752250900.txt,,2025-07-11T16:44:40.926194
4,Gen4_Match115_1752250900,Gen4_Deck5,Gen4_Deck10,Gen4_Deck10,0,1,27.409390926361084,2807897,Gen4_Match115_1752250900.txt,,2025-07-11T16:44:56.234202
4,Gen4_Match116_1752250900,Gen4_Deck5,Gen4_Deck11,Gen4_Deck5,1,0,33.53047704696655,2807898,Gen4_Match116_1752250900.txt,,2025-07-11T16:45:02.825108
4,Gen4_Match117_1752250900,Gen4_Deck12,Gen4_Deck5,Gen4_Deck12,1,0,27.18965482711792,2807899,Gen4_Match117_1752250900.txt,,2025-07-11T16:45:08.116230
4,Gen4_Match118_1752250900,Gen4_Deck13,Gen4_Deck5,Gen4_Deck13,1,0,25.366175174713135,2807897,Gen4_Match118_1752250900.txt,,2025-07-11T16:45:21.600810
4,Gen4_Match119_1752250900,Gen4_Deck5,Gen4_Deck14,Gen4_Deck14,0,1,28.354904651641846,2807898,Gen4_Match119_1752250900.txt,,2025-07-11T16:45:31.180442
4,Gen4_Match120_1752250900,Gen4_Deck5,Gen4_Deck15,Gen4_Deck5,1,0,40.329140424728394,2807899,Gen4_Match120_1752250900.txt,,2025-07-11T16:45:48.445875
4,Gen4_Match121_1752250900,Gen4_Deck16,Gen4_Deck5,Gen4_Deck16,1,0,36.947086334228516,2807897,Gen4_Match121_1752250900.txt,,2025-07-11T16:45:58.548373
4,Gen4_Match122_1752250900,Gen4_Deck5,Gen4_Deck17,Gen4_Deck5,1,0,41.03356647491455,2807898,Gen4_Match122_1752250900.txt,,2025-07-11T16:46:12.214483
4,Gen4_Match123_1752250900,Gen4_Deck5,Gen4_Deck18,Gen4_Deck18,0,1,27.07728099822998,2807899,Gen4_Match123_1752250900.txt,,2025-07-11T16:46:15.523579
4,Gen4_Match124_1752250900,Gen4_Deck19,Gen4_Deck5,Gen4_Deck5,0,1,41.19989061355591,2807897,Gen4_Match124_1752250900.txt,,2025-07-11T16:46:39.748742
4,Gen4_Match126_1752250900,Gen4_Deck5,Gen4_Deck21,Gen4_Deck5,1,0,35.79926323890686,2807899,Gen4_Match126_1752250900.txt,,2025-07-11T16:46:51.323502
4,Gen4_Match125_1752250900,Gen4_Deck5,Gen4_Deck20,Gen4_Deck5,1,0,39.97471785545349,2807898,Gen4_Match125_1752250900.txt,,2025-07-11T16:46:52.189694
4,Gen4_Match127_1752250900,Gen4_Deck22,Gen4_Deck5,Gen4_Deck5,0,1,24.695136785507202,2807897,Gen4_Match127_1752250900.txt,,2025-07-11T16:47:04.444288
4,Gen4_Match129_1752250900,Gen4_Deck5,Gen4_Deck24,Gen4_Deck24,0,1,30.47731351852417,2807898,Gen4_Match129_1752250900.txt,,2025-07-11T16:47:22.667434
4,Gen4_Match128_1752250900,Gen4_Deck23,Gen4_Deck5,Gen4_Deck23,1,0,31.51217818260193,2807899,Gen4_Match128_1752250900.txt,,2025-07-11T16:47:22.836241
4,Gen4_Match131_1752250900,Gen4_Deck8,Gen4_Deck6,Gen4_Deck8,1,0,35.688586711883545,2807898,Gen4_Match131_1752250900.txt,,2025-07-11T16:47:58.356462
4,Gen4_Match132_1752250900,Gen4_Deck9,Gen4_Deck6,Gen4_Deck9,1,0,41.330044984817505,2807899,Gen4_Match132_1752250900.txt,,2025-07-11T16:48:04.166782
4,Gen4_Match133_1752250900,Gen4_Deck6,Gen4_Deck10,Gen4_Deck10,0,1,21.677248001098633,2807898,Gen4_Match133_1752250900.txt,,2025-07-11T16:48:20.034146
4,Gen4_Match134_1752250900,Gen4_Deck6,Gen4_Deck11,Gen4_Deck11,0,1,24.7612407207489,2807899,Gen4_Match134_1752250900.txt,,2025-07-11T16:48:28.928526
4,Gen4_Match136_1752250900,Gen4_Deck13,Gen4_Deck6,Gen4_Deck6,0,1,22.02326798439026,2807899,Gen4_Match136_1752250900.txt,,2025-07-11T16:48:50.952220
4,Gen4_Match135_1752250900,Gen4_Deck12,Gen4_Deck6,Gen4_Deck6,0,1,34.545785665512085,2807898,Gen4_Match135_1752250900.txt,,2025-07-11T16:48:54.580383
4,Gen4_Match137_1752250900,Gen4_Deck6,Gen4_Deck14,Gen4_Deck6,1,0,21.523664236068726,2807899,Gen4_Match137_1752250900.txt,,2025-07-11T16:49:12.476293
4,Gen4_Match130_1752250900,Gen4_Deck6,Gen4_Deck7,Gen4_Deck6,1,0,133.6396200656891,2807897,Gen4_Match130_1752250900.txt,,2025-07-11T16:49:18.084426
4,Gen4_Match138_1752250900,Gen4_Deck15,Gen4_Deck6,Gen4_Deck6,0,1,40.37767720222473,2807898,Gen4_Match138_1752250900.txt,,2025-07-11T16:49:34.958499
4,Gen4_Match140_1752250900,Gen4_Deck6,Gen4_Deck17,Gen4_Deck17,0,1,37.88857626914978,2807897,Gen4_Match140_1752250900.txt,,2025-07-11T16:49:55.973454
4,Gen4_Match139_1752250900,Gen4_Deck16,Gen4_Deck6,Gen4_Deck6,0,1,43.53702163696289,2807899,Gen4_Match139_1752250900.txt,,2025-07-11T16:49:56.013837
4,Gen4_Match141_1752250900,Gen4_Deck6,Gen4_Deck18,Gen4_Deck6,1,0,39.17350697517395,2807898,Gen4_Match141_1752250900.txt,,2025-07-11T16:50:14.132421
4,Gen4_Match143_1752250900,Gen4_Deck20,Gen4_Deck6,Gen4_Deck6,0,1,27.613438367843628,2807899,Gen4_Match143_1752250900.txt,,2025-07-11T16:50:23.627672
4,Gen4_Match142_1752250900,Gen4_Deck19,Gen4_Deck6,Gen4_Deck6,0,1,27.87657332420349,2807897,Gen4_Match142_1752250900.txt,,2025-07-11T16:50:23.850454
4,Gen4_Match144_1752250900,Gen4_Deck6,Gen4_Deck21,Gen4_Deck6,1,0,26.881940841674805,2807898,Gen4_Match144_1752250900.txt,,2025-07-11T16:50:41.014792
4,Gen4_Match145_1752250900,Gen4_Deck22,Gen4_Deck6,Gen4_Deck6,0,1,28.255220413208008,2807899,Gen4_Match145_1752250900.txt,,2025-07-11T16:50:51.883294
4,Gen4_Match146_1752250900,Gen4_Deck23,Gen4_Deck6,Gen4_Deck6,0,1,30.99899911880493,2807897,Gen4_Match146_1752250900.txt,,2025-07-11T16:50:54.849880
4,Gen4_Match147_1752250900,Gen4_Deck6,Gen4_Deck24,Gen4_Deck24,0,1,30.633350372314453,2807898,Gen4_Match147_1752250900.txt,,2025-07-11T16:51:11.648601
4,Gen4_Match149_1752250900,Gen4_Deck9,Gen4_Deck7,Gen4_Deck9,1,0,25.05798363685608,2807897,Gen4_Match149_1752250900.txt,,2025-07-11T16:51:19.908339
4,Gen4_Match148_1752250900,Gen4_Deck7,Gen4_Deck8,Gen4_Deck8,0,1,30.5956392288208,2807899,Gen4_Match148_1752250900.txt,,2025-07-11T16:51:22.479331
4,Gen4_Match152_1752250900,Gen4_Deck7,Gen4_Deck12,Gen4_Deck7,1,0,23.050217866897583,2807899,Gen4_Match152_1752250900.txt,,2025-07-11T16:51:45.529950
4,Gen4_Match151_1752250900,Gen4_Deck7,Gen4_Deck11,Gen4_Deck11,0,1,35.50585389137268,2807897,Gen4_Match151_1752250900.txt,,2025-07-11T16:51:55.414620
4,Gen4_Match150_1752250900,Gen4_Deck7,Gen4_Deck10,Gen4_Deck7,1,0,63.76462960243225,2807898,Gen4_Match150_1752250900.txt,,2025-07-11T16:52:15.413680
4,Gen4_Match154_1752250900,Gen4_Deck7,Gen4_Deck14,Gen4_Deck14,0,1,32.91325402259827,2807897,Gen4_Match154_1752250900.txt,,2025-07-11T16:52:28.328349
4,Gen4_Match155_1752250900,Gen4_Deck7,Gen4_Deck15,Gen4_Deck7,1,0,21.655407190322876,2807898,Gen4_Match155_1752250900.txt,,2025-07-11T16:52:37.069502
4,Gen4_Match153_1752250900,Gen4_Deck13,Gen4_Deck7,Gen4_Deck7,0,1,61.17000150680542,2807899,Gen4_Match153_1752250900.txt,,2025-07-11T16:52:46.700458
4,Gen4_Match156_1752250900,Gen4_Deck16,Gen4_Deck7,Gen4_Deck7,0,1,24.851255416870117,2807897,Gen4_Match156_1752250900.txt,,2025-07-11T16:52:53.180011
4,Gen4_Match157_1752250900,Gen4_Deck17,Gen4_Deck7,Gen4_Deck7,0,1,27.039579153060913,2807898,Gen4_Match157_1752250900.txt,,2025-07-11T16:53:04.109492
4,Gen4_Match159_1752250900,Gen4_Deck7,Gen4_Deck19,Gen4_Deck7,1,0,26.283895015716553,2807897,Gen4_Match159_1752250900.txt,,2025-07-11T16:53:19.464383
4,Gen4_Match160_1752250900,Gen4_Deck20,Gen4_Deck7,Gen4_Deck7,0,1,25.6074059009552,2807898,Gen4_Match160_1752250900.txt,,2025-07-11T16:53:29.717379
4,Gen4_Match158_1752250900,Gen4_Deck7,Gen4_Deck18,Gen4_Deck18,0,1,43.04641389846802,2807899,Gen4_Match158_1752250900.txt,,2025-07-11T16:53:29.747290
4,Gen4_Match163_1752250900,Gen4_Deck23,Gen4_Deck7,Gen4_Deck23,1,0,23.092679023742676,2807899,Gen4_Match163_1752250900.txt,,2025-07-11T16:53:52.840392
4,Gen4_Match161_1752250900,Gen4_Deck7,Gen4_Deck21,Gen4_Deck7,1,0,35.95135521888733,2807897,Gen4_Match161_1752250900.txt,,2025-07-11T16:53:55.416209
4,Gen4_Match162_1752250900,Gen4_Deck7,Gen4_Deck22,Gen4_Deck7,1,0,26.79067325592041,2807898,Gen4_Match162_1752250900.txt,,2025-07-11T16:53:56.508504
4,Gen4_Match164_1752250900,Gen4_Deck24,Gen4_Deck7,Gen4_Deck7,0,1,26.087055444717407,2807899,Gen4_Match164_1752250900.txt,,2025-07-11T16:54:18.927900
4,Gen4_Match166_1752250900,Gen4_Deck8,Gen4_Deck10,Gen4_Deck10,0,1,27.315528392791748,2807898,Gen4_Match166_1752250900.txt,,2025-07-11T16:54:23.824442
4,Gen4_Match165_1752250900,Gen4_Deck9,Gen4_Deck8,Gen4_Deck9,1,0,46.321362018585205,2807897,Gen4_Match165_1752250900.txt,,2025-07-11T16:54:41.738080
4,Gen4_Match168_1752250900,Gen4_Deck12,Gen4_Deck8,Gen4_Deck8,0,1,27.83137035369873,2807898,Gen4_Match168_1752250900.txt,,2025-07-11T16:54:51.656233
4,Gen4_Match169_1752250900,Gen4_Deck8,Gen4_Deck13,Gen4_Deck8,1,0,34.05319142341614,2807897,Gen4_Match169_1752250900.txt,,2025-07-11T16:55:15.791726
4,Gen4_Match170_1752250900,Gen4_Deck8,Gen4_Deck14,Gen4_Deck8,1,0,36.350422859191895,2807898,Gen4_Match170_1752250900.txt,,2025-07-11T16:55:28.007121
4,Gen4_Match172_1752250900,Gen4_Deck16,Gen4_Deck8,Gen4_Deck16,1,0,25.37286686897278,2807898,Gen4_Match172_1752250900.txt,,2025-07-11T16:55:53.380464
4,Gen4_Match171_1752250900,Gen4_Deck15,Gen4_Deck8,Gen4_Deck8,0,1,38.471977949142456,2807897,Gen4_Match171_1752250900.txt,,2025-07-11T16:55:54.264171
4,Gen4_Match173_1752250900,Gen4_Deck8,Gen4_Deck17,Gen4_Deck8,1,0,27.42782187461853,2807898,Gen4_Match173_1752250900.txt,,2025-07-11T16:56:20.808799
4,Gen4_Match167_1752250900,Gen4_Deck8,Gen4_Deck11,Gen4_Deck8,1,0,129.96815824508667,2807899,Gen4_Match167_1752250900.txt,,2025-07-11T16:56:28.896632
4,Gen4_Match175_1752250900,Gen4_Deck19,Gen4_Deck8,Gen4_Deck8,0,1,26.871625900268555,2807898,Gen4_Match175_1752250900.txt,,2025-07-11T16:56:47.680930
4,Gen4_Match176_1752250900,Gen4_Deck8,Gen4_Deck20,Gen4_Deck20,0,1,25.531326293945312,2807899,Gen4_Match176_1752250900.txt,,2025-07-11T16:56:54.428374
4,Gen4_Match177_1752250900,Gen4_Deck8,Gen4_Deck21,Gen4_Deck21,0,1,25.707255363464355,2807898,Gen4_Match177_1752250900.txt,,2025-07-11T16:57:13.388681
4,Gen4_Match178_1752250900,Gen4_Deck22,Gen4_Deck8,Gen4_Deck8,0,1,26.20946431159973,2807899,Gen4_Match178_1752250900.txt,,2025-07-11T16:57:20.638238
4,Gen4_Match179_1752250900,Gen4_Deck23,Gen4_Deck8,Gen4_Deck8,0,1,24.922117948532104,2807898,Gen4_Match179_1752250900.txt,,2025-07-11T16:57:38.311288
4,Gen4_Match180_1752250900,Gen4_Deck8,Gen4_Deck24,Gen4_Deck24,0,1,30.737365245819092,2807899,Gen4_Match180_1752250900.txt,,2025-07-11T16:57:51.376061
4,Gen4_Match181_1752250900,Gen4_Deck10,Gen4_Deck9,Gen4_Deck9,0,1,23.85662269592285,2807898,Gen4_Match181_1752250900.txt,,2025-07-11T16:58:02.168354
4,Gen4_Match174_1752250900,Gen4_Deck8,Gen4_Deck18,Gen4_Deck8,1,0,131.61176300048828,2807897,Gen4_Match174_1752250900.txt,,2025-07-11T16:58:05.876433
4,Gen4_Match183_1752250900,Gen4_Deck9,Gen4_Deck12,Gen4_Deck12,0,1,34.65166521072388,2807898,Gen4_Match183_1752250900.txt,,2025-07-11T16:58:36.820517
4,Gen4_Match184_1752250900,Gen4_Deck13,Gen4_Deck9,Gen4_Deck9,0,1,31.40566325187683,2807897,Gen4_Match184_1752250900.txt,,2025-07-11T16:58:37.282575
4,Gen4_Match182_1752250900,Gen4_Deck9,Gen4_Deck11,Gen4_Deck9,1,0,54.40816593170166,2807899,Gen4_Match182_1752250900.txt,,2025-07-11T16:58:45.784752
4,Gen4_Match186_1752250900,Gen4_Deck9,Gen4_Deck15,Gen4_Deck9,1,0,30.61215353012085,2807897,Gen4_Match186_1752250900.txt,,2025-07-11T16:59:07.895180
4,Gen4_Match185_1752250900,Gen4_Deck14,Gen4_Deck9,Gen4_Deck9,0,1,32.47840714454651,2807898,Gen4_Match185_1752250900.txt,,2025-07-11T16:59:09.299414
4,Gen4_Match187_1752250900,Gen4_Deck9,Gen4_Deck16,Gen4_Deck16,0,1,34.3500280380249,2807899,Gen4_Match187_1752250900.txt,,2025-07-11T16:59:20.135407
4,Gen4_Match189_1752250900,Gen4_Deck9,Gen4_Deck18,Gen4_Deck18,0,1,36.66176104545593,2807898,Gen4_Match189_1752250900.txt,,2025-07-11T16:59:45.961792
4,Gen4_Match188_1752250900,Gen4_Deck17,Gen4_Deck9,Gen4_Deck9,0,1,48.436702728271484,2807897,Gen4_Match188_1752250900.txt,,2025-07-11T16:59:56.332381
4,Gen4_Match190_1752250900,Gen4_Deck9,Gen4_Deck19,Gen4_Deck9,1,0,40.49021244049072,2807899,Gen4_Match190_1752250900.txt,,2025-07-11T17:00:00.626153
4,Gen4_Match192_1752250900,Gen4_Deck21,Gen4_Deck9,Gen4_Deck21,1,0,36.7070791721344,2807897,Gen4_Match192_1752250900.txt,,2025-07-11T17:00:33.039923
4,Gen4_Match193_1752250900,Gen4_Deck9,Gen4_Deck22,Gen4_Deck9,1,0,33.846144676208496,2807899,Gen4_Match193_1752250900.txt,,2025-07-11T17:00:34.472736
4,Gen4_Match191_1752250900,Gen4_Deck20,Gen4_Deck9,Gen4_Deck9,0,1,57.22576904296875,2807898,Gen4_Match191_1752250900.txt,,2025-07-11T17:00:43.188115
4,Gen4_Match194_1752250900,Gen4_Deck23,Gen4_Deck9,Gen4_Deck9,0,1,24.536739587783813,2807897,Gen4_Match194_1752250900.txt,,2025-07-11T17:00:57.577073
4,Gen4_Match195_1752250900,Gen4_Deck24,Gen4_Deck9,Gen4_Deck9,0,1,29.21658229827881,2807899,Gen4_Match195_1752250900.txt,,2025-07-11T17:01:03.689745
4,Gen4_Match196_1752250900,Gen4_Deck10,Gen4_Deck11,Gen4_Deck10,1,0,33.83898854255676,2807898,Gen4_Match196_1752250900.txt,,2025-07-11T17:01:17.027591
4,Gen4_Match198_1752250900,Gen4_Deck13,Gen4_Deck10,Gen4_Deck10,0,1,26.56611967086792,2807899,Gen4_Match198_1752250900.txt,,2025-07-11T17:01:30.256271
4,Gen4_Match197_1752250900,Gen4_Deck12,Gen4_Deck10,Gen4_Deck12,1,0,35.162689208984375,2807897,Gen4_Match197_1752250900.txt,,2025-07-11T17:01:32.740252
4,Gen4_Match200_1752250900,Gen4_Deck15,Gen4_Deck10,Gen4_Deck10,0,1,27.558201789855957,2807899,Gen4_Match200_1752250900.txt,,2025-07-11T17:01:57.815098
4,Gen4_Match201_1752250900,Gen4_Deck16,Gen4_Deck10,Gen4_Deck10,0,1,27.44608998298645,2807897,Gen4_Match201_1752250900.txt,,2025-07-11T17:02:00.186878
4,Gen4_Match199_1752250900,Gen4_Deck10,Gen4_Deck14,Gen4_Deck10,1,0,63.387192487716675,2807898,Gen4_Match199_1752250900.txt,,2025-07-11T17:02:20.415349
4,Gen4_Match203_1752250900,Gen4_Deck10,Gen4_Deck18,Gen4_Deck18,0,1,26.509056329727173,2807897,Gen4_Match203_1752250900.txt,,2025-07-11T17:02:26.696408
4,Gen4_Match204_1752250900,Gen4_Deck19,Gen4_Deck10,Gen4_Deck10,0,1,27.667022705078125,2807898,Gen4_Match204_1752250900.txt,,2025-07-11T17:02:48.083036
4,Gen4_Match206_1752250900,Gen4_Deck10,Gen4_Deck21,Gen4_Deck10,1,0,20.267293214797974,2807898,Gen4_Match206_1752250900.txt,,2025-07-11T17:03:08.351136
4,Gen4_Match205_1752250900,Gen4_Deck10,Gen4_Deck20,Gen4_Deck20,0,1,45.17563796043396,2807897,Gen4_Match205_1752250900.txt,,2025-07-11T17:03:11.872588
4,Gen4_Match207_1752250900,Gen4_Deck22,Gen4_Deck10,Gen4_Deck10,0,1,25.5368332862854,2807898,Gen4_Match207_1752250900.txt,,2025-07-11T17:03:33.888493
4,Gen4_Match202_1752250900,Gen4_Deck10,Gen4_Deck17,Gen4_Deck10,1,0,100.01681232452393,2807899,Gen4_Match202_1752250900.txt,,2025-07-11T17:03:37.832469
4,Gen4_Match209_1752250900,Gen4_Deck10,Gen4_Deck24,Gen4_Deck24,0,1,25.20208716392517,2807898,Gen4_Match209_1752250900.txt,,2025-07-11T17:03:59.091130
4,Gen4_Match210_1752250900,Gen4_Deck11,Gen4_Deck12,Gen4_Deck11,1,0,23.63168430328369,2807899,Gen4_Match210_1752250900.txt,,2025-07-11T17:04:01.464598
4,Gen4_Match211_1752250900,Gen4_Deck13,Gen4_Deck11,Gen4_Deck13,1,0,26.745461463928223,2807898,Gen4_Match211_1752250900.txt,,2025-07-11T17:04:25.837064
4,Gen4_Match212_1752250900,Gen4_Deck14,Gen4_Deck11,Gen4_Deck11,0,1,46.9595046043396,2807899,Gen4_Match212_1752250900.txt,,2025-07-11T17:04:48.424595
4,Gen4_Match213_1752250900,Gen4_Deck11,Gen4_Deck15,Gen4_Deck11,1,0,23.377330780029297,2807898,Gen4_Match213_1752250900.txt,,2025-07-11T17:04:49.214900
4,Gen4_Match215_1752250900,Gen4_Deck17,Gen4_Deck11,Gen4_Deck17,1,0,20.37157940864563,2807898,Gen4_Match215_1752250900.txt,,2025-07-11T17:05:09.586921
4,Gen4_Match208_1752250900,Gen4_Deck23,Gen4_Deck10,Gen4_Deck23,1,0,124.89942169189453,2807897,Gen4_Match208_1752250900.txt,,2025-07-11T17:05:16.772609
4,Gen4_Match216_1752250900,Gen4_Deck11,Gen4_Deck18,Gen4_Deck11,1,0,23.695044994354248,2807898,Gen4_Match216_1752250900.txt,,2025-07-11T17:05:33.282396
4,Gen4_Match214_1752250900,Gen4_Deck11,Gen4_Deck16,Gen4_Deck11,1,0,45.29938793182373,2807899,Gen4_Match214_1752250900.txt,,2025-07-11T17:05:33.724446
4,Gen4_Match217_1752250900,Gen4_Deck11,Gen4_Deck19,Gen4_Deck19,0,1,24.096023321151733,2807897,Gen4_Match217_1752250900.txt,,2025-07-11T17:05:40.869100
4,Gen4_Match218_1752250900,Gen4_Deck20,Gen4_Deck11,Gen4_Deck11,0,1,28.857752323150635,2807898,Gen4_Match218_1752250900.txt,,2025-07-11T17:06:02.140565
4,Gen4_Match219_1752250900,Gen4_Deck21,Gen4_Deck11,Gen4_Deck11,0,1,32.12651610374451,2807899,Gen4_Match219_1752250900.txt,,2025-07-11T17:06:05.851445
4,Gen4_Match220_1752250900,Gen4_Deck11,Gen4_Deck22,Gen4_Deck22,0,1,36.89096403121948,2807897,Gen4_Match220_1752250900.txt,,2025-07-11T17:06:17.760586
4,Gen4_Match221_1752250900,Gen4_Deck11,Gen4_Deck23,Gen4_Deck11,1,0,29.065109729766846,2807898,Gen4_Match221_1752250900.txt,,2025-07-11T17:06:31.206131
4,Gen4_Match222_1752250900,Gen4_Deck24,Gen4_Deck11,Gen4_Deck24,1,0,26.547287940979004,2807899,Gen4_Match222_1752250900.txt,,2025-07-11T17:06:32.399141
4,Gen4_Match223_1752250900,Gen4_Deck13,Gen4_Deck12,Gen4_Deck13,1,0,35.23661184310913,2807897,Gen4_Match223_1752250900.txt,,2025-07-11T17:06:52.997705
4,Gen4_Match225_1752250900,Gen4_Deck15,Gen4_Deck12,Gen4_Deck12,0,1,29.58073329925537,2807899,Gen4_Match225_1752250900.txt,,2025-07-11T17:07:01.980294
4,Gen4_Match224_1752250900,Gen4_Deck12,Gen4_Deck14,Gen4_Deck14,0,1,35.09392237663269,2807898,Gen4_Match224_1752250900.txt,,2025-07-11T17:07:06.300532
4,Gen4_Match226_1752250900,Gen4_Deck16,Gen4_Deck12,Gen4_Deck16,1,0,22.357269287109375,2807897,Gen4_Match226_1752250900.txt,,2025-07-11T17:07:15.355431
4,Gen4_Match228_1752250900,Gen4_Deck12,Gen4_Deck18,Gen4_Deck12,1,0,29.177155256271362,2807898,Gen4_Match228_1752250900.txt,,2025-07-11T17:07:35.478164
4,Gen4_Match227_1752250900,Gen4_Deck17,Gen4_Deck12,Gen4_Deck17,1,0,37.11854362487793,2807899,Gen4_Match227_1752250900.txt,,2025-07-11T17:07:39.099301
4,Gen4_Match229_1752250900,Gen4_Deck19,Gen4_Deck12,Gen4_Deck12,0,1,25.311450958251953,2807897,Gen4_Match229_1752250900.txt,,2025-07-11T17:07:40.667370
4,Gen4_Match230_1752250900,Gen4_Deck12,Gen4_Deck20,Gen4_Deck12,1,0,23.747430324554443,2807898,Gen4_Match230_1752250900.txt,,2025-07-11T17:07:59.226034
4,Gen4_Match232_1752250900,Gen4_Deck12,Gen4_Deck22,Gen4_Deck12,1,0,27.080313444137573,2807897,Gen4_Match232_1752250900.txt,,2025-07-11T17:08:07.748126
4,Gen4_Match231_1752250900,Gen4_Deck12,Gen4_Deck21,Gen4_Deck12,1,0,33.17102909088135,2807899,Gen4_Match231_1752250900.txt,,2025-07-11T17:08:12.270784
4,Gen4_Match233_1752250900,Gen4_Deck23,Gen4_Deck12,Gen4_Deck12,0,1,28.06619167327881,2807898,Gen4_Match233_1752250900.txt,,2025-07-11T17:08:27.292716
4,Gen4_Match235_1752250900,Gen4_Deck13,Gen4_Deck14,Gen4_Deck13,1,0,30.042161226272583,2807899,Gen4_Match235_1752250900.txt,,2025-07-11T17:08:42.313485
4,Gen4_Match236_1752250900,Gen4_Deck15,Gen4_Deck13,Gen4_Deck15,1,0,21.363287687301636,2807898,Gen4_Match236_1752250900.txt,,2025-07-11T17:08:48.656453
4,Gen4_Match234_1752250900,Gen4_Deck12,Gen4_Deck24,Gen4_Deck24,0,1,41.27767634391785,2807897,Gen4_Match234_1752250900.txt,,2025-07-11T17:08:49.026354
4,Gen4_Match237_1752250900,Gen4_Deck16,Gen4_Deck13,Gen4_Deck16,1,0,27.11467933654785,2807899,Gen4_Match237_1752250900.txt,,2025-07-11T17:09:09.428662
4,Gen4_Match239_1752250900,Gen4_Deck13,Gen4_Deck18,Gen4_Deck13,1,0,28.470494031906128,2807897,Gen4_Match239_1752250900.txt,,2025-07-11T17:09:17.497345
4,Gen4_Match238_1752250900,Gen4_Deck13,Gen4_Deck17,Gen4_Deck17,0,1,54.534048318862915,2807898,Gen4_Match238_1752250900.txt,,2025-07-11T17:09:43.191037
4,Gen4_Match240_1752250900,Gen4_Deck19,Gen4_Deck13,Gen4_Deck19,1,0,34.85520124435425,2807899,Gen4_Match240_1752250900.txt,,2025-07-11T17:09:44.284373
4,Gen4_Match241_1752250900,Gen4_Deck13,Gen4_Deck20,Gen4_Deck20,0,1,50.580241680145264,2807897,Gen4_Match241_1752250900.txt,,2025-07-11T17:10:08.078067
4,Gen4_Match243_1752250900,Gen4_Deck22,Gen4_Deck13,Gen4_Deck13,0,1,29.09168553352356,2807899,Gen4_Match243_1752250900.txt,,2025-07-11T17:10:13.376538
4,Gen4_Match242_1752250900,Gen4_Deck13,Gen4_Deck21,Gen4_Deck13,1,0,40.965173959732056,2807898,Gen4_Match242_1752250900.txt,,2025-07-11T17:10:24.156703
4,Gen4_Match244_1752250900,Gen4_Deck23,Gen4_Deck13,Gen4_Deck23,1,0,40.668498277664185,2807897,Gen4_Match244_1752250900.txt,,2025-07-11T17:10:48.747114
4,Gen4_Match246_1752250900,Gen4_Deck14,Gen4_Deck15,Gen4_Deck15,0,1,26.83136534690857,2807898,Gen4_Match246_1752250900.txt,,2025-07-11T17:10:50.988540
4,Gen4_Match247_1752250900,Gen4_Deck14,Gen4_Deck16,Gen4_Deck16,0,1,19.228253841400146,2807897,Gen4_Match247_1752250900.txt,,2025-07-11T17:11:07.975812
4,Gen4_Match245_1752250900,Gen4_Deck13,Gen4_Deck24,Gen4_Deck13,1,0,54.967315435409546,2807899,Gen4_Match245_1752250900.txt,,2025-07-11T17:11:08.344348
4,Gen4_Match249_1752250900,Gen4_Deck18,Gen4_Deck14,Gen4_Deck18,1,0,27.41531753540039,2807897,Gen4_Match249_1752250900.txt,,2025-07-11T17:11:35.391611
4,Gen4_Match250_1752250900,Gen4_Deck14,Gen4_Deck19,Gen4_Deck19,0,1,27.990381240844727,2807899,Gen4_Match250_1752250900.txt,,2025-07-11T17:11:36.335197
4,Gen4_Match248_1752250900,Gen4_Deck17,Gen4_Deck14,Gen4_Deck17,1,0,56.05279064178467,2807898,Gen4_Match248_1752250900.txt,,2025-07-11T17:11:47.041826
4,Gen4_Match252_1752250900,Gen4_Deck21,Gen4_Deck14,Gen4_Deck14,0,1,32.40308380126953,2807899,Gen4_Match252_1752250900.txt,,2025-07-11T17:12:08.738784
4,Gen4_Match251_1752250900,Gen4_Deck20,Gen4_Deck14,Gen4_Deck14,0,1,37.08963656425476,2807897,Gen4_Match251_1752250900.txt,,2025-07-11T17:12:12.481773
4,Gen4_Match253_1752250900,Gen4_Deck14,Gen4_Deck22,Gen4_Deck22,0,1,30.04525899887085,2807898,Gen4_Match253_1752250900.txt,,2025-07-11T17:12:17.087573
4,Gen4_Match254_1752250900,Gen4_Deck14,Gen4_Deck23,Gen4_Deck14,1,0,27.705119848251343,2807899,Gen4_Match254_1752250900.txt,,2025-07-11T17:12:36.444492
4,Gen4_Match255_1752250900,Gen4_Deck24,Gen4_Deck14,Gen4_Deck14,0,1,29.978599786758423,2807897,Gen4_Match255_1752250900.txt,,2025-07-11T17:12:42.460850
4,Gen4_Match256_1752250900,Gen4_Deck16,Gen4_Deck15,Gen4_Deck16,1,0,38.46838402748108,2807898,Gen4_Match256_1752250900.txt,,2025-07-11T17:12:55.556446
4,Gen4_Match257_1752250900,Gen4_Deck15,Gen4_Deck17,Gen4_Deck17,0,1,24.663533687591553,2807899,Gen4_Match257_1752250900.txt,,2025-07-11T17:13:01.108473
4,Gen4_Match258_1752250900,Gen4_Deck15,Gen4_Deck18,Gen4_Deck15,1,0,27.471084594726562,2807897,Gen4_Match258_1752250900.txt,,2025-07-11T17:13:10.083508
4,Gen4_Match260_1752250900,Gen4_Deck15,Gen4_Deck20,Gen4_Deck20,0,1,25.48074436187744,2807899,Gen4_Match260_1752250900.txt,,2025-07-11T17:13:26.589705
4,Gen4_Match259_1752250900,Gen4_Deck19,Gen4_Deck15,Gen4_Deck19,1,0,32.46333360671997,2807898,Gen4_Match259_1752250900.txt,,2025-07-11T17:13:28.020234
4,Gen4_Match262_1752250900,Gen4_Deck22,Gen4_Deck15,Gen4_Deck15,0,1,24.641868591308594,2807899,Gen4_Match262_1752250900.txt,,2025-07-11T17:13:51.232007
4,Gen4_Match261_1752250900,Gen4_Deck15,Gen4_Deck21,Gen4_Deck21,0,1,45.53654861450195,2807897,Gen4_Match261_1752250900.txt,,2025-07-11T17:13:55.620574
4,Gen4_Match263_1752250900,Gen4_Deck23,Gen4_Deck15,Gen4_Deck23,1,0,34.46374177932739,2807898,Gen4_Match263_1752250900.txt,,2025-07-11T17:14:02.484445
4,Gen4_Match264_1752250900,Gen4_Deck15,Gen4_Deck24,Gen4_Deck24,0,1,33.03649854660034,2807899,Gen4_Match264_1752250900.txt,,2025-07-11T17:14:24.269051
4,Gen4_Match265_1752250900,Gen4_Deck17,Gen4_Deck16,Gen4_Deck17,1,0,40.66405463218689,2807897,Gen4_Match265_1752250900.txt,,2025-07-11T17:14:36.285156
4,Gen4_Match266_1752250900,Gen4_Deck16,Gen4_Deck18,Gen4_Deck18,0,1,37.94072866439819,2807898,Gen4_Match266_1752250900.txt,,2025-07-11T17:14:40.425752
4,Gen4_Match267_1752250900,Gen4_Deck16,Gen4_Deck19,Gen4_Deck16,1,0,29.11020278930664,2807899,Gen4_Match267_1752250900.txt,,2025-07-11T17:14:53.379670
4,Gen4_Match268_1752250900,Gen4_Deck20,Gen4_Deck16,Gen4_Deck20,1,0,36.15790104866028,2807897,Gen4_Match268_1752250900.txt,,2025-07-11T17:15:12.443573
4,Gen4_Match269_1752250900,Gen4_Deck21,Gen4_Deck16,Gen4_Deck21,1,0,32.39854645729065,2807898,Gen4_Match269_1752250900.txt,,2025-07-11T17:15:12.824764
4,Gen4_Match270_1752250900,Gen4_Deck16,Gen4_Deck22,Gen4_Deck16,1,0,35.563210010528564,2807899,Gen4_Match270_1752250900.txt,,2025-07-11T17:15:28.943373
4,Gen4_Match272_1752250900,Gen4_Deck24,Gen4_Deck16,Gen4_Deck16,0,1,26.187644243240356,2807898,Gen4_Match272_1752250900.txt,,2025-07-11T17:15:39.012841
4,Gen4_Match271_1752250900,Gen4_Deck16,Gen4_Deck23,Gen4_Deck23,0,1,33.67027497291565,2807897,Gen4_Match271_1752250900.txt,,2025-07-11T17:15:46.114327
4,Gen4_Match274_1752250900,Gen4_Deck19,Gen4_Deck17,Gen4_Deck17,0,1,24.75195574760437,2807898,Gen4_Match274_1752250900.txt,,2025-07-11T17:16:03.765216
4,Gen4_Match273_1752250900,Gen4_Deck17,Gen4_Deck18,Gen4_Deck18,0,1,34.98057746887207,2807899,Gen4_Match273_1752250900.txt,,2025-07-11T17:16:03.924435
4,Gen4_Match277_1752250900,Gen4_Deck17,Gen4_Deck22,Gen4_Deck17,1,0,51.10248517990112,2807899,Gen4_Match277_1752250900.txt,,2025-07-11T17:16:55.027395
4,Gen4_Match278_1752250900,Gen4_Deck23,Gen4_Deck17,Gen4_Deck17,0,1,18.250016927719116,2807899,Gen4_Match278_1752250900.txt,,2025-07-11T17:17:13.277870
4,Gen4_Match276_1752250900,Gen4_Deck17,Gen4_Deck21,Gen4_Deck17,1,0,69.69441652297974,2807898,Gen4_Match276_1752250900.txt,,2025-07-11T17:17:13.460123
4,Gen4_Match279_1752250900,Gen4_Deck17,Gen4_Deck24,Gen4_Deck17,1,0,21.41020107269287,2807899,Gen4_Match279_1752250900.txt,,2025-07-11T17:17:34.688555
4,Gen4_Match280_1752250900,Gen4_Deck18,Gen4_Deck19,Gen4_Deck18,1,0,37.041738986968994,2807898,Gen4_Match280_1752250900.txt,,2025-07-11T17:17:50.502386
4,Gen4_Match281_1752250900,Gen4_Deck20,Gen4_Deck18,Gen4_Deck18,0,1,24.35780954360962,2807899,Gen4_Match281_1752250900.txt,,2025-07-11T17:17:59.046900
4,Gen4_Match275_1752250900,Gen4_Deck17,Gen4_Deck20,Gen4_Deck17,1,0,134.56578397750854,2807897,Gen4_Match275_1752250900.txt,,2025-07-11T17:18:00.680794
4,Gen4_Match282_1752250900,Gen4_Deck21,Gen4_Deck18,Gen4_Deck21,1,0,29.013550519943237,2807898,Gen4_Match282_1752250900.txt,,2025-07-11T17:18:19.516434
4,Gen4_Match283_1752250900,Gen4_Deck18,Gen4_Deck22,Gen4_Deck18,1,0,30.596323251724243,2807899,Gen4_Match283_1752250900.txt,,2025-07-11T17:18:29.643703
4,Gen4_Match284_1752250900,Gen4_Deck18,Gen4_Deck23,Gen4_Deck18,1,0,32.65345549583435,2807897,Gen4_Match284_1752250900.txt,,2025-07-11T17:18:33.334747
4,Gen4_Match285_1752250900,Gen4_Deck24,Gen4_Deck18,Gen4_Deck18,0,1,31.395646333694458,2807898,Gen4_Match285_1752250900.txt,,2025-07-11T17:18:50.912587
4,Gen4_Match286_1752250900,Gen4_Deck20,Gen4_Deck19,Gen4_Deck19,0,1,30.76008129119873,2807899,Gen4_Match286_1752250900.txt,,2025-07-11T17:19:00.404264
4,Gen4_Match288_1752250900,Gen4_Deck19,Gen4_Deck22,Gen4_Deck19,1,0,25.952184438705444,2807898,Gen4_Match288_1752250900.txt,,2025-07-11T17:19:16.865196
4,Gen4_Match287_1752250900,Gen4_Deck21,Gen4_Deck19,Gen4_Deck21,1,0,49.699583768844604,2807897,Gen4_Match287_1752250900.txt,,2025-07-11T17:19:23.034914
4,Gen4_Match289_1752250900,Gen4_Deck19,Gen4_Deck23,Gen4_Deck19,1,0,36.00804877281189,2807899,Gen4_Match289_1752250900.txt,,2025-07-11T17:19:36.412805
4,Gen4_Match290_1752250900,Gen4_Deck24,Gen4_Deck19,Gen4_Deck24,1,0,25.01075553894043,2807898,Gen4_Match290_1752250900.txt,,2025-07-11T17:19:41.876417
4,Gen4_Match291_1752250900,Gen4_Deck20,Gen4_Deck21,Gen4_Deck21,0,1,33.74506211280823,2807897,Gen4_Match291_1752250900.txt,,2025-07-11T17:19:56.780467
4,Gen4_Match292_1752250900,Gen4_Deck22,Gen4_Deck20,Gen4_Deck20,0,1,29.411237955093384,2807899,Gen4_Match292_1752250900.txt,,2025-07-11T17:20:05.824512
4,Gen4_Match293_1752250900,Gen4_Deck23,Gen4_Deck20,Gen4_Deck23,1,0,33.51549005508423,2807898,Gen4_Match293_1752250900.txt,,2025-07-11T17:20:15.392425
4,Gen4_Match295_1752250900,Gen4_Deck21,Gen4_Deck22,Gen4_Deck21,1,0,34.5275194644928,2807899,Gen4_Match295_1752250900.txt,,2025-07-11T17:20:40.352542
4,Gen4_Match296_1752250900,Gen4_Deck21,Gen4_Deck23,Gen4_Deck23,0,1,24.967854499816895,2807898,Gen4_Match296_1752250900.txt,,2025-07-11T17:20:40.360710
4,Gen4_Match294_1752250900,Gen4_Deck20,Gen4_Deck24,Gen4_Deck24,0,1,49.167641401290894,2807897,Gen4_Match294_1752250900.txt,,2025-07-11T17:20:45.948629
4,Gen4_Match299_1752250900,Gen4_Deck22,Gen4_Deck24,Gen4_Deck22,1,0,24.67207384109497,2807897,Gen4_Match299_1752250900.txt,,2025-07-11T17:21:10.621142
4,Gen4_Match298_1752250900,Gen4_Deck23,Gen4_Deck22,Gen4_Deck23,1,0,30.5488178730011,2807898,Gen4_Match298_1752250900.txt,,2025-07-11T17:21:10.909978
4,Gen4_Match297_1752250900,Gen4_Deck24,Gen4_Deck21,Gen4_Deck24,1,0,38.69616937637329,2807899,Gen4_Match297_1752250900.txt,,2025-07-11T17:21:19.049206
4,Gen4_Match300_1752250900,Gen4_Deck24,Gen4_Deck23,Gen4_Deck24,1,0,15.630242824554443,2807897,Gen4_Match300_1752250900.txt,,2025-07-11T17:21:26.252075
5,Gen5_Match2_1752254486,Gen5_Deck2,Gen5_Deck0,Gen5_Deck0,0,1,34.9616162776947,2928627,Gen5_Match2_1752254486.txt,,2025-07-11T17:22:01.260733
5,Gen5_Match3_1752254486,Gen5_Deck0,Gen5_Deck3,Gen5_Deck0,1,0,36.58452534675598,2928628,Gen5_Match3_1752254486.txt,,2025-07-11T17:22:02.884595
5,Gen5_Match5_1752254486,Gen5_Deck5,Gen5_Deck0,Gen5_Deck0,0,1,29.73697066307068,2928628,Gen5_Match5_1752254486.txt,,2025-07-11T17:22:32.622446
5,Gen5_Match6_1752254486,Gen5_Deck0,Gen5_Deck6,Gen5_Deck6,0,1,19.237874746322632,2928628,Gen5_Match6_1752254486.txt,,2025-07-11T17:22:51.860947
5,Gen5_Match1_1752254486,Gen5_Deck1,Gen5_Deck0,Gen5_Deck1,1,0,85.72404289245605,2928626,Gen5_Match1_1752254486.txt,,2025-07-11T17:22:52.022574
5,Gen5_Match7_1752254486,Gen5_Deck0,Gen5_Deck7,Gen5_Deck7,0,1,21.939109802246094,2928628,Gen5_Match7_1752254486.txt,,2025-07-11T17:23:13.800536
5,Gen5_Match8_1752254486,Gen5_Deck8,Gen5_Deck0,Gen5_Deck0,0,1,22.98110270500183,2928626,Gen5_Match8_1752254486.txt,,2025-07-11T17:23:15.004447
5,Gen5_Match10_1752254486,Gen5_Deck0,Gen5_Deck10,Gen5_Deck10,0,1,24.385897874832153,2928626,Gen5_Match10_1752254486.txt,,2025-07-11T17:23:39.390944
5,Gen5_Match11_1752254486,Gen5_Deck11,Gen5_Deck0,Gen5_Deck0,0,1,23.526995182037354,2928626,Gen5_Match11_1752254486.txt,,2025-07-11T17:24:02.918474
5,Gen5_Match4_1752254486,Gen5_Deck4,Gen5_Deck0,Gen5_Deck0,0,1,128.53089904785156,2928627,Gen5_Match4_1752254486.txt,,2025-07-11T17:24:09.792640
5,Gen5_Match12_1752254486,Gen5_Deck12,Gen5_Deck0,Gen5_Deck12,1,0,27.877421617507935,2928626,Gen5_Match12_1752254486.txt,,2025-07-11T17:24:30.796397
5,Gen5_Match9_1752254486,Gen5_Deck9,Gen5_Deck0,Gen5_Deck0,0,1,82.71560382843018,2928628,Gen5_Match9_1752254486.txt,,2025-07-11T17:24:36.516771
5,Gen5_Match13_1752254486,Gen5_Deck0,Gen5_Deck13,Gen5_Deck0,1,0,36.53545808792114,2928627,Gen5_Match13_1752254486.txt,,2025-07-11T17:24:46.328630
5,Gen5_Match14_1752254486,Gen5_Deck0,Gen5_Deck14,Gen5_Deck14,0,1,27.555161952972412,2928626,Gen5_Match14_1752254486.txt,,2025-07-11T17:24:58.352222
5,Gen5_Match15_1752254486,Gen5_Deck15,Gen5_Deck0,Gen5_Deck0,0,1,35.3401415348053,2928628,Gen5_Match15_1752254486.txt,,2025-07-11T17:25:11.857409
5,Gen5_Match16_1752254486,Gen5_Deck16,Gen5_Deck0,Gen5_Deck0,0,1,32.92752647399902,2928627,Gen5_Match16_1752254486.txt,,2025-07-11T17:25:19.256672
5,Gen5_Match17_1752254486,Gen5_Deck0,Gen5_Deck17,Gen5_Deck0,1,0,31.67772102355957,2928626,Gen5_Match17_1752254486.txt,,2025-07-11T17:25:30.030524
5,Gen5_Match18_1752254486,Gen5_Deck18,Gen5_Deck0,Gen5_Deck0,0,1,44.74850296974182,2928628,Gen5_Match18_1752254486.txt,,2025-07-11T17:25:56.606455
5,Gen5_Match19_1752254486,Gen5_Deck19,Gen5_Deck0,Gen5_Deck19,1,0,37.87523031234741,2928627,Gen5_Match19_1752254486.txt,,2025-07-11T17:25:57.132405
5,Gen5_Match20_1752254486,Gen5_Deck0,Gen5_Deck20,Gen5_Deck0,1,0,51.08303499221802,2928626,Gen5_Match20_1752254486.txt,,2025-07-11T17:26:21.114082
5,Gen5_Match22_1752254486,Gen5_Deck22,Gen5_Deck0,Gen5_Deck22,1,0,25.367008209228516,2928627,Gen5_Match22_1752254486.txt,,2025-07-11T17:26:22.499856
5,Gen5_Match23_1752254486,Gen5_Deck23,Gen5_Deck0,Gen5_Deck0,0,1,30.585889101028442,2928626,Gen5_Match23_1752254486.txt,,2025-07-11T17:26:51.700466
5,Gen5_Match21_1752254486,Gen5_Deck0,Gen5_Deck21,Gen5_Deck21,0,1,60.90950918197632,2928628,Gen5_Match21_1752254486.txt,,2025-07-11T17:26:57.516558
5,Gen5_Match24_1752254486,Gen5_Deck0,Gen5_Deck24,Gen5_Deck24,0,1,55.70033311843872,2928627,Gen5_Match24_1752254486.txt,,2025-07-11T17:27:18.200704
5,Gen5_Match26_1752254486,Gen5_Deck3,Gen5_Deck1,Gen5_Deck1,0,1,40.343424558639526,2928628,Gen5_Match26_1752254486.txt,,2025-07-11T17:27:37.860480
5,Gen5_Match25_1752254486,Gen5_Deck1,Gen5_Deck2,Gen5_Deck1,1,0,49.01542329788208,2928626,Gen5_Match25_1752254486.txt,,2025-07-11T17:27:40.716377
5,Gen5_Match28_1752254486,Gen5_Deck1,Gen5_Deck5,Gen5_Deck1,1,0,31.814006090164185,2928628,Gen5_Match28_1752254486.txt,,2025-07-11T17:28:09.675057
5,Gen5_Match27_1752254486,Gen5_Deck4,Gen5_Deck1,Gen5_Deck4,1,0,55.67545413970947,2928627,Gen5_Match27_1752254486.txt,,2025-07-11T17:28:13.876702
5,Gen5_Match29_1752254486,Gen5_Deck1,Gen5_Deck6,Gen5_Deck6,0,1,38.79160022735596,2928626,Gen5_Match29_1752254486.txt,,2025-07-11T17:28:19.508524
5,Gen5_Match30_1752254486,Gen5_Deck7,Gen5_Deck1,Gen5_Deck7,1,0,27.424920558929443,2928628,Gen5_Match30_1752254486.txt,,2025-07-11T17:28:37.100471
5,Gen5_Match32_1752254486,Gen5_Deck1,Gen5_Deck9,Gen5_Deck1,1,0,24.274348735809326,2928626,Gen5_Match32_1752254486.txt,,2025-07-11T17:28:43.783317
5,Gen5_Match33_1752254486,Gen5_Deck10,Gen5_Deck1,Gen5_Deck1,0,1,25.682496547698975,2928628,Gen5_Match33_1752254486.txt,,2025-07-11T17:29:02.783446
5,Gen5_Match34_1752254486,Gen5_Deck11,Gen5_Deck1,Gen5_Deck1,0,1,34.626402378082275,2928626,Gen5_Match34_1752254486.txt,,2025-07-11T17:29:18.410216
5,Gen5_Match35_1752254486,Gen5_Deck1,Gen5_Deck12,Gen5_Deck1,1,0,31.248297929763794,2928628,Gen5_Match35_1752254486.txt,,2025-07-11T17:29:34.032183
5,Gen5_Match36_1752254486,Gen5_Deck1,Gen5_Deck13,Gen5_Deck1,1,0,33.41674828529358,2928626,Gen5_Match36_1752254486.txt,,2025-07-11T17:29:51.827460
5,Gen5_Match37_1752254486,Gen5_Deck14,Gen5_Deck1,Gen5_Deck14,1,0,21.347493886947632,2928628,Gen5_Match37_1752254486.txt,,2025-07-11T17:29:55.380097
5,Gen5_Match31_1752254486,Gen5_Deck1,Gen5_Deck8,Gen5_Deck1,1,0,111.56274914741516,2928627,Gen5_Match31_1752254486.txt,,2025-07-11T17:30:05.440065
5,Gen5_Match38_1752254486,Gen5_Deck1,Gen5_Deck15,Gen5_Deck1,1,0,38.622979402542114,2928626,Gen5_Match38_1752254486.txt,,2025-07-11T17:30:30.450987
5,Gen5_Match40_1752254486,Gen5_Deck17,Gen5_Deck1,Gen5_Deck1,0,1,29.559051752090454,2928627,Gen5_Match40_1752254486.txt,,2025-07-11T17:30:34.999603
5,Gen5_Match39_1752254486,Gen5_Deck1,Gen5_Deck16,Gen5_Deck1,1,0,48.86398911476135,2928628,Gen5_Match39_1752254486.txt,,2025-07-11T17:30:44.244633
5,Gen5_Match42_1752254486,Gen5_Deck1,Gen5_Deck19,Gen5_Deck1,1,0,22.86658263206482,2928627,Gen5_Match42_1752254486.txt,,2025-07-11T17:30:57.866666
5,Gen5_Match41_1752254486,Gen5_Deck18,Gen5_Deck1,Gen5_Deck1,0,1,46.8563768863678,2928626,Gen5_Match41_1752254486.txt,,2025-07-11T17:31:17.307890
5,Gen5_Match43_1752254486,Gen5_Deck1,Gen5_Deck20,Gen5_Deck1,1,0,36.071988105773926,2928628,Gen5_Match43_1752254486.txt,,2025-07-11T17:31:20.317113
5,Gen5_Match46_1752254486,Gen5_Deck1,Gen5_Deck23,Gen5_Deck1,1,0,21.26900362968445,2928628,Gen5_Match46_1752254486.txt,,2025-07-11T17:31:41.586585
5,Gen5_Match44_1752254486,Gen5_Deck21,Gen5_Deck1,Gen5_Deck21,1,0,48.73327708244324,2928627,Gen5_Match44_1752254486.txt,,2025-07-11T17:31:46.600498
5,Gen5_Match45_1752254486,Gen5_Deck1,Gen5_Deck22,Gen5_Deck1,1,0,40.91153287887573,2928626,Gen5_Match45_1752254486.txt,,2025-07-11T17:31:58.220019
5,Gen5_Match47_1752254486,Gen5_Deck24,Gen5_Deck1,Gen5_Deck1,0,1,55.24977159500122,2928628,Gen5_Match47_1752254486.txt,,2025-07-11T17:32:36.836963
5,Gen5_Match49_1752254486,Gen5_Deck2,Gen5_Deck4,Gen5_Deck2,1,0,42.59786653518677,2928626,Gen5_Match49_1752254486.txt,,2025-07-11T17:32:40.818395
5,Gen5_Match48_1752254486,Gen5_Deck2,Gen5_Deck3,Gen5_Deck2,1,0,68.69627737998962,2928627,Gen5_Match48_1752254486.txt,,2025-07-11T17:32:55.297296
5,Gen5_Match52_1752254486,Gen5_Deck2,Gen5_Deck7,Gen5_Deck2,1,0,21.15031147003174,2928627,Gen5_Match52_1752254486.txt,,2025-07-11T17:33:16.448060
5,Gen5_Match51_1752254486,Gen5_Deck2,Gen5_Deck6,Gen5_Deck6,0,1,37.74571371078491,2928626,Gen5_Match51_1752254486.txt,,2025-07-11T17:33:18.564641
5,Gen5_Match50_1752254486,Gen5_Deck5,Gen5_Deck2,Gen5_Deck2,0,1,48.279117584228516,2928628,Gen5_Match50_1752254486.txt,,2025-07-11T17:33:25.116692
5,Gen5_Match53_1752254486,Gen5_Deck8,Gen5_Deck2,Gen5_Deck2,0,1,28.272048711776733,2928627,Gen5_Match53_1752254486.txt,,2025-07-11T17:33:44.720566
5,Gen5_Match54_1752254486,Gen5_Deck9,Gen5_Deck2,Gen5_Deck2,0,1,26.94737458229065,2928626,Gen5_Match54_1752254486.txt,,2025-07-11T17:33:45.512466
5,Gen5_Match55_1752254486,Gen5_Deck2,Gen5_Deck10,Gen5_Deck10,0,1,32.471211433410645,2928628,Gen5_Match55_1752254486.txt,,2025-07-11T17:33:57.588373
5,Gen5_Match57_1752254486,Gen5_Deck12,Gen5_Deck2,Gen5_Deck12,1,0,31.464590311050415,2928626,Gen5_Match57_1752254486.txt,,2025-07-11T17:34:16.977492
5,Gen5_Match56_1752254486,Gen5_Deck2,Gen5_Deck11,Gen5_Deck2,1,0,42.13542032241821,2928627,Gen5_Match56_1752254486.txt,,2025-07-11T17:34:26.856492
5,Gen5_Match58_1752254486,Gen5_Deck2,Gen5_Deck13,Gen5_Deck13,0,1,32.5650053024292,2928628,Gen5_Match58_1752254486.txt,,2025-07-11T17:34:30.153846
5,Gen5_Match59_1752254486,Gen5_Deck2,Gen5_Deck14,Gen5_Deck14,0,1,24.342369556427002,2928626,Gen5_Match59_1752254486.txt,,2025-07-11T17:34:41.320284
5,Gen5_Match60_1752254486,Gen5_Deck15,Gen5_Deck2,Gen5_Deck15,1,0,27.33544373512268,2928627,Gen5_Match60_1752254486.txt,,2025-07-11T17:34:54.192406
5,Gen5_Match61_1752254486,Gen5_Deck16,Gen5_Deck2,Gen5_Deck16,1,0,36.42026925086975,2928628,Gen5_Match61_1752254486.txt,,2025-07-11T17:35:06.574603
5,Gen5_Match62_1752254486,Gen5_Deck2,Gen5_Deck17,Gen5_Deck2,1,0,30.795767068862915,2928626,Gen5_Match62_1752254486.txt,,2025-07-11T17:35:12.116501
5,Gen5_Match65_1752254486,Gen5_Deck2,Gen5_Deck20,Gen5_Deck2,1,0,24.479655027389526,2928626,Gen5_Match65_1752254486.txt,,2025-07-11T17:35:36.596642
5,Gen5_Match63_1752254486,Gen5_Deck2,Gen5_Deck18,Gen5_Deck18,0,1,44.22672128677368,2928627,Gen5_Match63_1752254486.txt,,2025-07-11T17:35:38.419632
5,Gen5_Match67_1752254486,Gen5_Deck22,Gen5_Deck2,Gen5_Deck2,0,1,36.47245001792908,2928627,Gen5_Match67_1752254486.txt,,2025-07-11T17:36:14.892626
5,Gen5_Match64_1752254486,Gen5_Deck19,Gen5_Deck2,Gen5_Deck19,1,0,71.78810715675354,2928628,Gen5_Match64_1752254486.txt,,2025-07-11T17:36:18.363345
5,Gen5_Match66_1752254486,Gen5_Deck2,Gen5_Deck21,Gen5_Deck2,1,0,43.49137210845947,2928626,Gen5_Match66_1752254486.txt,,2025-07-11T17:36:20.088554
5,Gen5_Match68_1752254486,Gen5_Deck23,Gen5_Deck2,Gen5_Deck2,0,1,30.350839138031006,2928627,Gen5_Match68_1752254486.txt,,2025-07-11T17:36:45.243942
5,Gen5_Match69_1752254486,Gen5_Deck2,Gen5_Deck24,Gen5_Deck2,1,0,28.95200490951538,2928628,Gen5_Match69_1752254486.txt,,2025-07-11T17:36:47.315821
5,Gen5_Match70_1752254486,Gen5_Deck4,Gen5_Deck3,Gen5_Deck3,0,1,47.72387337684631,2928626,Gen5_Match70_1752254486.txt,,2025-07-11T17:37:07.813034
5,Gen5_Match71_1752254486,Gen5_Deck3,Gen5_Deck5,Gen5_Deck3,1,0,27.14796233177185,2928627,Gen5_Match71_1752254486.txt,,2025-07-11T17:37:12.392361
5,Gen5_Match72_1752254486,Gen5_Deck6,Gen5_Deck3,Gen5_Deck6,1,0,36.42247700691223,2928628,Gen5_Match72_1752254486.txt,,2025-07-11T17:37:23.738794
5,Gen5_Match74_1752254486,Gen5_Deck8,Gen5_Deck3,Gen5_Deck3,0,1,27.673820972442627,2928627,Gen5_Match74_1752254486.txt,,2025-07-11T17:37:40.066646
5,Gen5_Match73_1752254486,Gen5_Deck3,Gen5_Deck7,Gen5_Deck7,0,1,40.159098863601685,2928626,Gen5_Match73_1752254486.txt,,2025-07-11T17:37:47.972647
5,Gen5_Match75_1752254486,Gen5_Deck3,Gen5_Deck9,Gen5_Deck3,1,0,33.4942991733551,2928628,Gen5_Match75_1752254486.txt,,2025-07-11T17:37:57.233576
5,Gen5_Match77_1752254486,Gen5_Deck11,Gen5_Deck3,Gen5_Deck3,0,1,29.2913920879364,2928626,Gen5_Match77_1752254486.txt,,2025-07-11T17:38:17.264476
5,Gen5_Match78_1752254486,Gen5_Deck12,Gen5_Deck3,Gen5_Deck3,0,1,26.262493133544922,2928628,Gen5_Match78_1752254486.txt,,2025-07-11T17:38:23.496534
5,Gen5_Match76_1752254486,Gen5_Deck10,Gen5_Deck3,Gen5_Deck10,1,0,45.1137330532074,2928627,Gen5_Match76_1752254486.txt,,2025-07-11T17:38:25.180932
5,Gen5_Match79_1752254486,Gen5_Deck3,Gen5_Deck13,Gen5_Deck13,0,1,31.611571788787842,2928626,Gen5_Match79_1752254486.txt,,2025-07-11T17:38:48.876511
5,Gen5_Match80_1752254486,Gen5_Deck14,Gen5_Deck3,Gen5_Deck14,1,0,32.247875452041626,2928628,Gen5_Match80_1752254486.txt,,2025-07-11T17:38:55.744883
5,Gen5_Match81_1752254486,Gen5_Deck15,Gen5_Deck3,Gen5_Deck15,1,0,45.39515280723572,2928627,Gen5_Match81_1752254486.txt,,2025-07-11T17:39:10.576600
5,Gen5_Match83_1752254486,Gen5_Deck3,Gen5_Deck17,Gen5_Deck3,1,0,35.53251624107361,2928628,Gen5_Match83_1752254486.txt,,2025-07-11T17:39:31.277878
5,Gen5_Match82_1752254486,Gen5_Deck3,Gen5_Deck16,Gen5_Deck16,0,1,44.554527282714844,2928626,Gen5_Match82_1752254486.txt,,2025-07-11T17:39:33.431552
5,Gen5_Match84_1752254486,Gen5_Deck18,Gen5_Deck3,Gen5_Deck18,1,0,24.05272126197815,2928627,Gen5_Match84_1752254486.txt,,2025-07-11T17:39:34.629863
5,Gen5_Match85_1752254486,Gen5_Deck3,Gen5_Deck19,Gen5_Deck19,0,1,24.823389768600464,2928628,Gen5_Match85_1752254486.txt,,2025-07-11T17:39:56.101704
5,Gen5_Match86_1752254486,Gen5_Deck3,Gen5_Deck20,Gen5_Deck3,1,0,33.77677917480469,2928626,Gen5_Match86_1752254486.txt,,2025-07-11T17:40:07.208915
5,Gen5_Match87_1752254486,Gen5_Deck21,Gen5_Deck3,Gen5_Deck3,0,1,35.65842056274414,2928627,Gen5_Match87_1752254486.txt,,2025-07-11T17:40:10.288798
5,Gen5_Match88_1752254486,Gen5_Deck3,Gen5_Deck22,Gen5_Deck22,0,1,27.469820737838745,2928628,Gen5_Match88_1752254486.txt,,2025-07-11T17:40:23.572005
5,Gen5_Match89_1752254486,Gen5_Deck3,Gen5_Deck23,Gen5_Deck3,1,0,28.059199571609497,2928626,Gen5_Match89_1752254486.txt,,2025-07-11T17:40:35.268615
5,Gen5_Match90_1752254486,Gen5_Deck3,Gen5_Deck24,Gen5_Deck24,0,1,28.97869849205017,2928627,Gen5_Match90_1752254486.txt,,2025-07-11T17:40:39.268002
5,Gen5_Match91_1752254486,Gen5_Deck5,Gen5_Deck4,Gen5_Deck4,0,1,44.69989275932312,2928628,Gen5_Match91_1752254486.txt,,2025-07-11T17:41:08.272406
5,Gen5_Match93_1752254486,Gen5_Deck4,Gen5_Deck7,Gen5_Deck4,1,0,33.47607660293579,2928627,Gen5_Match93_1752254486.txt,,2025-07-11T17:41:12.744601
5,Gen5_Match92_1752254486,Gen5_Deck4,Gen5_Deck6,Gen5_Deck6,0,1,40.7153377532959,2928626,Gen5_Match92_1752254486.txt,,2025-07-11T17:41:15.984466
5,Gen5_Match94_1752254486,Gen5_Deck8,Gen5_Deck4,Gen5_Deck4,0,1,25.21170449256897,2928628,Gen5_Match94_1752254486.txt,,2025-07-11T17:41:33.484579
5,Gen5_Match95_1752254486,Gen5_Deck9,Gen5_Deck4,Gen5_Deck4,0,1,31.62944459915161,2928627,Gen5_Match95_1752254486.txt,,2025-07-11T17:41:44.374545
5,Gen5_Match96_1752254486,Gen5_Deck4,Gen5_Deck10,Gen5_Deck10,0,1,39.75530934333801,2928626,Gen5_Match96_1752254486.txt,,2025-07-11T17:41:55.740275
5,Gen5_Match97_1752254486,Gen5_Deck11,Gen5_Deck4,Gen5_Deck4,0,1,35.91802501678467,2928628,Gen5_Match97_1752254486.txt,,2025-07-11T17:42:09.403106
5,Gen5_Match98_1752254486,Gen5_Deck12,Gen5_Deck4,Gen5_Deck4,0,1,35.78839182853699,2928627,Gen5_Match98_1752254486.txt,,2025-07-11T17:42:20.163459
5,Gen5_Match99_1752254486,Gen5_Deck4,Gen5_Deck13,Gen5_Deck13,0,1,24.58501696586609,2928626,Gen5_Match99_1752254486.txt,,2025-07-11T17:42:20.325740
5,Gen5_Match101_1752254486,Gen5_Deck15,Gen5_Deck4,Gen5_Deck15,1,0,31.0647029876709,2928627,Gen5_Match101_1752254486.txt,,2025-07-11T17:42:51.228665
5,Gen5_Match103_1752254486,Gen5_Deck4,Gen5_Deck17,Gen5_Deck17,0,1,26.68443012237549,2928627,Gen5_Match103_1752254486.txt,,2025-07-11T17:43:17.913596
5,Gen5_Match104_1752254486,Gen5_Deck18,Gen5_Deck4,Gen5_Deck4,0,1,19.67231273651123,2928627,Gen5_Match104_1752254486.txt,,2025-07-11T17:43:37.586375
5,Gen5_Match105_1752254486,Gen5_Deck19,Gen5_Deck4,Gen5_Deck4,0,1,25.424745321273804,2928627,Gen5_Match105_1752254486.txt,,2025-07-11T17:44:03.011919
5,Gen5_Match102_1752254486,Gen5_Deck16,Gen5_Deck4,Gen5_Deck4,0,1,102.74702787399292,2928626,Gen5_Match102_1752254486.txt,,2025-07-11T17:44:03.073334
5,Gen5_Match100_1752254486,Gen5_Deck4,Gen5_Deck14,Gen5_Deck4,1,0,135.0457305908203,2928628,Gen5_Match100_1752254486.txt,,2025-07-11T17:44:24.449444
5,Gen5_Match107_1752254486,Gen5_Deck4,Gen5_Deck21,Gen5_Deck4,1,0,27.278841972351074,2928626,Gen5_Match107_1752254486.txt,,2025-07-11T17:44:30.352684
5,Gen5_Match106_1752254486,Gen5_Deck4,Gen5_Deck20,Gen5_Deck4,1,0,29.663087606430054,2928627,Gen5_Match106_1752254486.txt,,2025-07-11T17:44:32.675660
5,Gen5_Match110_1752254486,Gen5_Deck4,Gen5_Deck24,Gen5_Deck24,0,1,32.7232928276062,2928627,Gen5_Match110_1752254486.txt,,2025-07-11T17:45:05.399439
5,Gen5_Match108_1752254486,Gen5_Deck22,Gen5_Deck4,Gen5_Deck22,1,0,45.454649925231934,2928628,Gen5_Match108_1752254486.txt,,2025-07-11T17:45:09.904629
5,Gen5_Match109_1752254486,Gen5_Deck4,Gen5_Deck23,Gen5_Deck23,0,1,45.88938355445862,2928626,Gen5_Match109_1752254486.txt,,2025-07-11T17:45:16.242625
5,Gen5_Match112_1752254486,Gen5_Deck5,Gen5_Deck7,Gen5_Deck5,1,0,25.1314537525177,2928628,Gen5_Match112_1752254486.txt,,2025-07-11T17:45:35.036551
5,Gen5_Match113_1752254486,Gen5_Deck8,Gen5_Deck5,Gen5_Deck5,0,1,37.22517418861389,2928626,Gen5_Match113_1752254486.txt,,2025-07-11T17:45:53.468449
5,Gen5_Match114_1752254486,Gen5_Deck9,Gen5_Deck5,Gen5_Deck9,1,0,25.91140580177307,2928628,Gen5_Match114_1752254486.txt,,2025-07-11T17:46:00.948420
5,Gen5_Match115_1752254486,Gen5_Deck5,Gen5_Deck10,Gen5_Deck5,1,0,24.2136869430542,2928626,Gen5_Match115_1752254486.txt,,2025-07-11T17:46:17.682633
5,Gen5_Match116_1752254486,Gen5_Deck5,Gen5_Deck11,Gen5_Deck11,0,1,21.983662843704224,2928628,Gen5_Match116_1752254486.txt,,2025-07-11T17:46:22.932556
5,Gen5_Match117_1752254486,Gen5_Deck12,Gen5_Deck5,Gen5_Deck5,0,1,22.07737374305725,2928626,Gen5_Match117_1752254486.txt,,2025-07-11T17:46:39.760516
5,Gen5_Match118_1752254486,Gen5_Deck13,Gen5_Deck5,Gen5_Deck5,0,1,37.73426866531372,2928628,Gen5_Match118_1752254486.txt,,2025-07-11T17:47:00.667363
5,Gen5_Match119_1752254486,Gen5_Deck5,Gen5_Deck14,Gen5_Deck14,0,1,23.556466341018677,2928626,Gen5_Match119_1752254486.txt,,2025-07-11T17:47:03.317472
5,Gen5_Match111_1752254486,Gen5_Deck6,Gen5_Deck5,Gen5_Deck6,1,0,133.43035054206848,2928627,Gen5_Match111_1752254486.txt,,2025-07-11T17:47:18.830362
5,Gen5_Match120_1752254486,Gen5_Deck15,Gen5_Deck5,Gen5_Deck5,0,1,36.68020534515381,2928628,Gen5_Match120_1752254486.txt,,2025-07-11T17:47:37.348110
5,Gen5_Match122_1752254486,Gen5_Deck5,Gen5_Deck17,Gen5_Deck5,1,0,33.39555072784424,2928627,Gen5_Match122_1752254486.txt,,2025-07-11T17:47:52.226442
5,Gen5_Match123_1752254486,Gen5_Deck5,Gen5_Deck18,Gen5_Deck18,0,1,21.031975030899048,2928628,Gen5_Match123_1752254486.txt,,2025-07-11T17:47:58.380555
5,Gen5_Match121_1752254486,Gen5_Deck16,Gen5_Deck5,Gen5_Deck5,0,1,56.19576573371887,2928626,Gen5_Match121_1752254486.txt,,2025-07-11T17:47:59.513787
5,Gen5_Match124_1752254486,Gen5_Deck19,Gen5_Deck5,Gen5_Deck5,0,1,32.67487359046936,2928627,Gen5_Match124_1752254486.txt,,2025-07-11T17:48:24.901840
5,Gen5_Match125_1752254486,Gen5_Deck5,Gen5_Deck20,Gen5_Deck20,0,1,38.54694056510925,2928628,Gen5_Match125_1752254486.txt,,2025-07-11T17:48:36.928007
5,Gen5_Match127_1752254486,Gen5_Deck22,Gen5_Deck5,Gen5_Deck22,1,0,33.67840337753296,2928627,Gen5_Match127_1752254486.txt,,2025-07-11T17:48:58.580876
5,Gen5_Match126_1752254486,Gen5_Deck5,Gen5_Deck21,Gen5_Deck5,1,0,74.38529753684998,2928626,Gen5_Match126_1752254486.txt,,2025-07-11T17:49:13.899817
5,Gen5_Match128_1752254486,Gen5_Deck23,Gen5_Deck5,Gen5_Deck23,1,0,44.20396590232849,2928628,Gen5_Match128_1752254486.txt,,2025-07-11T17:49:21.132531
5,Gen5_Match129_1752254486,Gen5_Deck5,Gen5_Deck24,Gen5_Deck24,0,1,36.1832857131958,2928627,Gen5_Match129_1752254486.txt,,2025-07-11T17:49:34.764717
5,Gen5_Match131_1752254486,Gen5_Deck6,Gen5_Deck8,Gen5_Deck6,1,0,26.107053756713867,2928628,Gen5_Match131_1752254486.txt,,2025-07-11T17:49:47.240053
5,Gen5_Match130_1752254486,Gen5_Deck7,Gen5_Deck6,Gen5_Deck7,1,0,45.30831956863403,2928626,Gen5_Match130_1752254486.txt,,2025-07-11T17:49:59.208686
5,Gen5_Match132_1752254486,Gen5_Deck6,Gen5_Deck9,Gen5_Deck6,1,0,34.37990856170654,2928627,Gen5_Match132_1752254486.txt,,2025-07-11T17:50:09.145130
5,Gen5_Match133_1752254486,Gen5_Deck10,Gen5_Deck6,Gen5_Deck6,0,1,26.162673711776733,2928628,Gen5_Match133_1752254486.txt,,2025-07-11T17:50:13.403198
5,Gen5_Match136_1752254486,Gen5_Deck6,Gen5_Deck13,Gen5_Deck13,0,1,34.006696701049805,2928628,Gen5_Match136_1752254486.txt,,2025-07-11T17:50:47.410389
5,Gen5_Match134_1752254486,Gen5_Deck11,Gen5_Deck6,Gen5_Deck6,0,1,56.52560830116272,2928626,Gen5_Match134_1752254486.txt,,2025-07-11T17:50:55.735059
5,Gen5_Match137_1752254486,Gen5_Deck14,Gen5_Deck6,Gen5_Deck14,1,0,26.193689584732056,2928628,Gen5_Match137_1752254486.txt,,2025-07-11T17:51:13.604548
5,Gen5_Match138_1752254486,Gen5_Deck6,Gen5_Deck15,Gen5_Deck15,0,1,26.26626968383789,2928626,Gen5_Match138_1752254486.txt,,2025-07-11T17:51:22.001811
5,Gen5_Match135_1752254486,Gen5_Deck6,Gen5_Deck12,Gen5_Deck6,1,0,94.80590009689331,2928627,Gen5_Match135_1752254486.txt,,2025-07-11T17:51:43.951776
5,Gen5_Match139_1752254486,Gen5_Deck6,Gen5_Deck16,Gen5_Deck6,1,0,42.199520111083984,2928628,Gen5_Match139_1752254486.txt,,2025-07-11T17:51:55.804604
5,Gen5_Match140_1752254486,Gen5_Deck17,Gen5_Deck6,Gen5_Deck6,0,1,48.84624361991882,2928626,Gen5_Match140_1752254486.txt,,2025-07-11T17:52:10.848601
5,Gen5_Match142_1752254486,Gen5_Deck6,Gen5_Deck19,Gen5_Deck19,0,1,26.17360782623291,2928628,Gen5_Match142_1752254486.txt,,2025-07-11T17:52:21.978702
5,Gen5_Match144_1752254486,Gen5_Deck21,Gen5_Deck6,Gen5_Deck21,1,0,24.86052894592285,2928628,Gen5_Match144_1752254486.txt,,2025-07-11T17:52:46.839755
5,Gen5_Match143_1752254486,Gen5_Deck6,Gen5_Deck20,Gen5_Deck6,1,0,36.63062071800232,2928626,Gen5_Match143_1752254486.txt,,2025-07-11T17:52:47.479757
5,Gen5_Match145_1752254486,Gen5_Deck6,Gen5_Deck22,Gen5_Deck22,0,1,21.387399673461914,2928628,Gen5_Match145_1752254486.txt,,2025-07-11T17:53:08.227868
5,Gen5_Match146_1752254486,Gen5_Deck6,Gen5_Deck23,Gen5_Deck23,0,1,20.981773614883423,2928626,Gen5_Match146_1752254486.txt,,2025-07-11T17:53:08.462196
5,Gen5_Match141_1752254486,Gen5_Deck18,Gen5_Deck6,Gen5_Deck6,0,1,85.18944382667542,2928627,Gen5_Match141_1752254486.txt,,2025-07-11T17:53:09.141924
5,Gen5_Match148_1752254486,Gen5_Deck8,Gen5_Deck7,Gen5_Deck7,0,1,27.923964500427246,2928626,Gen5_Match148_1752254486.txt,,2025-07-11T17:53:36.386867
5,Gen5_Match149_1752254486,Gen5_Deck9,Gen5_Deck7,Gen5_Deck7,0,1,53.51817297935486,2928627,Gen5_Match149_1752254486.txt,,2025-07-11T17:54:02.660620
5,Gen5_Match150_1752254486,Gen5_Deck7,Gen5_Deck10,Gen5_Deck10,0,1,32.38642954826355,2928626,Gen5_Match150_1752254486.txt,,2025-07-11T17:54:08.774164
5,Gen5_Match151_1752254486,Gen5_Deck7,Gen5_Deck11,Gen5_Deck7,1,0,27.139503240585327,2928627,Gen5_Match151_1752254486.txt,,2025-07-11T17:54:29.800635
5,Gen5_Match152_1752254486,Gen5_Deck12,Gen5_Deck7,Gen5_Deck7,0,1,24.43819260597229,2928626,Gen5_Match152_1752254486.txt,,2025-07-11T17:54:33.212973
5,Gen5_Match147_1752254486,Gen5_Deck24,Gen5_Deck6,Gen5_Deck6,0,1,98.35102343559265,2928628,Gen5_Match147_1752254486.txt,,2025-07-11T17:54:46.579673
5,Gen5_Match153_1752254486,Gen5_Deck7,Gen5_Deck13,Gen5_Deck13,0,1,31.387259483337402,2928627,Gen5_Match153_1752254486.txt,,2025-07-11T17:55:01.188385
5,Gen5_Match155_1752254486,Gen5_Deck15,Gen5_Deck7,Gen5_Deck7,0,1,30.842872381210327,2928628,Gen5_Match155_1752254486.txt,,2025-07-11T17:55:17.423049
5,Gen5_Match154_1752254486,Gen5_Deck7,Gen5_Deck14,Gen5_Deck14,0,1,48.451355934143066,2928626,Gen5_Match154_1752254486.txt,,2025-07-11T17:55:21.664859
5,Gen5_Match156_1752254486,Gen5_Deck16,Gen5_Deck7,Gen5_Deck16,1,0,25.02770233154297,2928627,Gen5_Match156_1752254486.txt,,2025-07-11T17:55:26.216550
5,Gen5_Match157_1752254486,Gen5_Deck7,Gen5_Deck17,Gen5_Deck7,1,0,31.13775944709778,2928628,Gen5_Match157_1752254486.txt,,2025-07-11T17:55:48.561314
5,Gen5_Match159_1752254486,Gen5_Deck19,Gen5_Deck7,Gen5_Deck19,1,0,26.7916259765625,2928627,Gen5_Match159_1752254486.txt,,2025-07-11T17:55:53.008630
5,Gen5_Match158_1752254486,Gen5_Deck18,Gen5_Deck7,Gen5_Deck7,0,1,45.71244525909424,2928626,Gen5_Match158_1752254486.txt,,2025-07-11T17:56:07.377875
5,Gen5_Match160_1752254486,Gen5_Deck7,Gen5_Deck20,Gen5_Deck7,1,0,27.850712537765503,2928628,Gen5_Match160_1752254486.txt,,2025-07-11T17:56:16.412495
5,Gen5_Match161_1752254486,Gen5_Deck7,Gen5_Deck21,Gen5_Deck7,1,0,32.38765048980713,2928627,Gen5_Match161_1752254486.txt,,2025-07-11T17:56:25.396814
5,Gen5_Match162_1752254486,Gen5_Deck22,Gen5_Deck7,Gen5_Deck22,1,0,34.43019485473633,2928626,Gen5_Match162_1752254486.txt,,2025-07-11T17:56:41.808619
5,Gen5_Match163_1752254486,Gen5_Deck23,Gen5_Deck7,Gen5_Deck7,0,1,25.628496646881104,2928628,Gen5_Match163_1752254486.txt,,2025-07-11T17:56:42.041490
5,Gen5_Match164_1752254486,Gen5_Deck7,Gen5_Deck24,Gen5_Deck24,0,1,40.56733202934265,2928627,Gen5_Match164_1752254486.txt,,2025-07-11T17:57:05.964667
5,Gen5_Match165_1752254486,Gen5_Deck8,Gen5_Deck9,Gen5_Deck9,0,1,26.34432077407837,2928626,Gen5_Match165_1752254486.txt,,2025-07-11T17:57:08.153429
5,Gen5_Match166_1752254486,Gen5_Deck10,Gen5_Deck8,Gen5_Deck10,1,0,26.2265145778656,2928628,Gen5_Match166_1752254486.txt,,2025-07-11T17:57:08.268490
5,Gen5_Match167_1752254486,Gen5_Deck11,Gen5_Deck8,Gen5_Deck8,0,1,27.28748893737793,2928627,Gen5_Match167_1752254486.txt,,2025-07-11T17:57:33.252623
5,Gen5_Match169_1752254486,Gen5_Deck8,Gen5_Deck13,Gen5_Deck13,0,1,31.39777183532715,2928628,Gen5_Match169_1752254486.txt,,2025-07-11T17:57:39.666763
5,Gen5_Match170_1752254486,Gen5_Deck14,Gen5_Deck8,Gen5_Deck14,1,0,28.921646118164062,2928627,Gen5_Match170_1752254486.txt,,2025-07-11T17:58:02.174871
5,Gen5_Match171_1752254486,Gen5_Deck8,Gen5_Deck15,Gen5_Deck8,1,0,34.330804109573364,2928628,Gen5_Match171_1752254486.txt,,2025-07-11T17:58:13.998099
5,Gen5_Match173_1752254486,Gen5_Deck17,Gen5_Deck8,Gen5_Deck17,1,0,24.77637267112732,2928628,Gen5_Match173_1752254486.txt,,2025-07-11T17:58:38.775005
5,Gen5_Match168_1752254486,Gen5_Deck8,Gen5_Deck12,Gen5_Deck8,1,0,95.24677062034607,2928626,Gen5_Match168_1752254486.txt,,2025-07-11T17:58:43.400837
5,Gen5_Match174_1752254486,Gen5_Deck18,Gen5_Deck8,Gen5_Deck8,0,1,22.77712106704712,2928628,Gen5_Match174_1752254486.txt,,2025-07-11T17:59:01.552623
5,Gen5_Match175_1752254486,Gen5_Deck8,Gen5_Deck19,Gen5_Deck19,0,1,24.087201356887817,2928626,Gen5_Match175_1752254486.txt,,2025-07-11T17:59:07.488515
5,Gen5_Match172_1752254486,Gen5_Deck8,Gen5_Deck16,Gen5_Deck8,1,0,65.65941596031189,2928627,Gen5_Match172_1752254486.txt,,2025-07-11T17:59:07.835054
5,Gen5_Match178_1752254486,Gen5_Deck8,Gen5_Deck22,Gen5_Deck22,0,1,29.735991716384888,2928627,Gen5_Match178_1752254486.txt,,2025-07-11T17:59:37.571545
5,Gen5_Match176_1752254486,Gen5_Deck20,Gen5_Deck8,Gen5_Deck20,1,0,46.885931968688965,2928628,Gen5_Match176_1752254486.txt,,2025-07-11T17:59:48.439287
5,Gen5_Match177_1752254486,Gen5_Deck21,Gen5_Deck8,Gen5_Deck21,1,0,42.68759274482727,2928626,Gen5_Match177_1752254486.txt,,2025-07-11T17:59:50.176695
5,Gen5_Match181_1752254486,Gen5_Deck9,Gen5_Deck10,Gen5_Deck10,0,1,25.02645492553711,2928626,Gen5_Match181_1752254486.txt,,2025-07-11T18:00:15.203662
5,Gen5_Match180_1752254486,Gen5_Deck24,Gen5_Deck8,Gen5_Deck24,1,0,33.44526648521423,2928628,Gen5_Match180_1752254486.txt,,2025-07-11T18:00:21.885129
5,Gen5_Match179_1752254486,Gen5_Deck8,Gen5_Deck23,Gen5_Deck8,1,0,62.93029451370239,2928627,Gen5_Match179_1752254486.txt,,2025-07-11T18:00:40.502490
5,Gen5_Match182_1752254486,Gen5_Deck11,Gen5_Deck9,Gen5_Deck9,0,1,46.90559434890747,2928626,Gen5_Match182_1752254486.txt,,2025-07-11T18:01:02.109796
5,Gen5_Match183_1752254486,Gen5_Deck12,Gen5_Deck9,Gen5_Deck9,0,1,41.70137596130371,2928628,Gen5_Match183_1752254486.txt,,2025-07-11T18:01:03.587044
5,Gen5_Match184_1752254486,Gen5_Deck9,Gen5_Deck13,Gen5_Deck13,0,1,28.84482502937317,2928627,Gen5_Match184_1752254486.txt,,2025-07-11T18:01:09.347807
5,Gen5_Match185_1752254486,Gen5_Deck9,Gen5_Deck14,Gen5_Deck9,1,0,30.1544132232666,2928626,Gen5_Match185_1752254486.txt,,2025-07-11T18:01:32.264745
5,Gen5_Match187_1752254486,Gen5_Deck16,Gen5_Deck9,Gen5_Deck9,0,1,30.31816840171814,2928627,Gen5_Match187_1752254486.txt,,2025-07-11T18:01:39.666457
5,Gen5_Match188_1752254486,Gen5_Deck9,Gen5_Deck17,Gen5_Deck9,1,0,28.928380012512207,2928626,Gen5_Match188_1752254486.txt,,2025-07-11T18:02:01.193618
5,Gen5_Match186_1752254486,Gen5_Deck15,Gen5_Deck9,Gen5_Deck9,0,1,62.13308358192444,2928628,Gen5_Match186_1752254486.txt,,2025-07-11T18:02:05.720677
5,Gen5_Match189_1752254486,Gen5_Deck18,Gen5_Deck9,Gen5_Deck9,0,1,26.547594785690308,2928627,Gen5_Match189_1752254486.txt,,2025-07-11T18:02:06.214552
5,Gen5_Match191_1752254486,Gen5_Deck9,Gen5_Deck20,Gen5_Deck20,0,1,24.235432624816895,2928628,Gen5_Match191_1752254486.txt,,2025-07-11T18:02:29.956571
5,Gen5_Match190_1752254486,Gen5_Deck19,Gen5_Deck9,Gen5_Deck9,0,1,31.346388578414917,2928626,Gen5_Match190_1752254486.txt,,2025-07-11T18:02:32.540483
5,Gen5_Match192_1752254486,Gen5_Deck9,Gen5_Deck21,Gen5_Deck9,1,0,30.159249305725098,2928627,Gen5_Match192_1752254486.txt,,2025-07-11T18:02:36.374282
5,Gen5_Match195_1752254486,Gen5_Deck9,Gen5_Deck24,Gen5_Deck24,0,1,25.055737733840942,2928627,Gen5_Match195_1752254486.txt,,2025-07-11T18:03:01.430479
5,Gen5_Match193_1752254486,Gen5_Deck22,Gen5_Deck9,Gen5_Deck9,0,1,34.406508922576904,2928628,Gen5_Match193_1752254486.txt,,2025-07-11T18:03:04.363609
5,Gen5_Match194_1752254486,Gen5_Deck9,Gen5_Deck23,Gen5_Deck23,0,1,45.42152762413025,2928626,Gen5_Match194_1752254486.txt,,2025-07-11T18:03:17.962581
5,Gen5_Match196_1752254486,Gen5_Deck11,Gen5_Deck10,Gen5_Deck10,0,1,29.84556269645691,2928627,Gen5_Match196_1752254486.txt,,2025-07-11T18:03:31.276534
5,Gen5_Match197_1752254486,Gen5_Deck12,Gen5_Deck10,Gen5_Deck10,0,1,28.972506523132324,2928628,Gen5_Match197_1752254486.txt,,2025-07-11T18:03:33.336581
5,Gen5_Match198_1752254486,Gen5_Deck13,Gen5_Deck10,Gen5_Deck10,0,1,26.55175232887268,2928626,Gen5_Match198_1752254486.txt,,2025-07-11T18:03:44.514787
5,Gen5_Match199_1752254486,Gen5_Deck10,Gen5_Deck14,Gen5_Deck14,0,1,30.67578935623169,2928627,Gen5_Match199_1752254486.txt,,2025-07-11T18:04:01.952803
5,Gen5_Match200_1752254486,Gen5_Deck15,Gen5_Deck10,Gen5_Deck10,0,1,29.767630338668823,2928628,Gen5_Match200_1752254486.txt,,2025-07-11T18:04:03.104695
5,Gen5_Match201_1752254486,Gen5_Deck16,Gen5_Deck10,Gen5_Deck16,1,0,30.084824323654175,2928626,Gen5_Match201_1752254486.txt,,2025-07-11T18:04:14.600090
5,Gen5_Match202_1752254486,Gen5_Deck10,Gen5_Deck17,Gen5_Deck17,0,1,34.077298164367676,2928627,Gen5_Match202_1752254486.txt,,2025-07-11T18:04:36.030600
5,Gen5_Match204_1752254486,Gen5_Deck19,Gen5_Deck10,Gen5_Deck19,1,0,29.031795740127563,2928626,Gen5_Match204_1752254486.txt,,2025-07-11T18:04:43.632365
5,Gen5_Match203_1752254486,Gen5_Deck10,Gen5_Deck18,Gen5_Deck10,1,0,45.323221921920776,2928628,Gen5_Match203_1752254486.txt,,2025-07-11T18:04:48.428437
5,Gen5_Match206_1752254486,Gen5_Deck10,Gen5_Deck21,Gen5_Deck10,1,0,27.907548666000366,2928626,Gen5_Match206_1752254486.txt,,2025-07-11T18:05:11.540387
5,Gen5_Match207_1752254486,Gen5_Deck22,Gen5_Deck10,Gen5_Deck22,1,0,28.636888027191162,2928628,Gen5_Match207_1752254486.txt,,2025-07-11T18:05:17.065821
5,Gen5_Match205_1752254486,Gen5_Deck10,Gen5_Deck20,Gen5_Deck10,1,0,59.197380781173706,2928627,Gen5_Match205_1752254486.txt,,2025-07-11T18:05:35.228546
5,Gen5_Match209_1752254486,Gen5_Deck10,Gen5_Deck24,Gen5_Deck24,0,1,31.298130989074707,2928628,Gen5_Match209_1752254486.txt,,2025-07-11T18:05:48.364477
5,Gen5_Match210_1752254486,Gen5_Deck12,Gen5_Deck11,Gen5_Deck12,1,0,27.206289052963257,2928627,Gen5_Match210_1752254486.txt,,2025-07-11T18:06:02.435316
5,Gen5_Match208_1752254486,Gen5_Deck23,Gen5_Deck10,Gen5_Deck23,1,0,51.31878876686096,2928626,Gen5_Match208_1752254486.txt,,2025-07-11T18:06:02.859693
5,Gen5_Match211_1752254486,Gen5_Deck11,Gen5_Deck13,Gen5_Deck13,0,1,29.023401021957397,2928628,Gen5_Match211_1752254486.txt,,2025-07-11T18:06:17.388395
5,Gen5_Match213_1752254486,Gen5_Deck11,Gen5_Deck15,Gen5_Deck15,0,1,35.8324248790741,2928626,Gen5_Match213_1752254486.txt,,2025-07-11T18:06:38.692624
5,Gen5_Match212_1752254486,Gen5_Deck11,Gen5_Deck14,Gen5_Deck14,0,1,43.63869595527649,2928627,Gen5_Match212_1752254486.txt,,2025-07-11T18:06:46.074530
5,Gen5_Match214_1752254486,Gen5_Deck16,Gen5_Deck11,Gen5_Deck11,0,1,37.53199815750122,2928628,Gen5_Match214_1752254486.txt,,2025-07-11T18:06:54.920906
5,Gen5_Match215_1752254486,Gen5_Deck11,Gen5_Deck17,Gen5_Deck17,0,1,31.37931728363037,2928626,Gen5_Match215_1752254486.txt,,2025-07-11T18:07:10.072422
5,Gen5_Match217_1752254486,Gen5_Deck11,Gen5_Deck19,Gen5_Deck19,0,1,34.34809398651123,2928628,Gen5_Match217_1752254486.txt,,2025-07-11T18:07:29.269501
5,Gen5_Match216_1752254486,Gen5_Deck18,Gen5_Deck11,Gen5_Deck11,0,1,43.29845452308655,2928627,Gen5_Match216_1752254486.txt,,2025-07-11T18:07:29.373491
5,Gen5_Match218_1752254486,Gen5_Deck20,Gen5_Deck11,Gen5_Deck20,1,0,36.32278323173523,2928626,Gen5_Match218_1752254486.txt,,2025-07-11T18:07:46.395760
5,Gen5_Match220_1752254486,Gen5_Deck22,Gen5_Deck11,Gen5_Deck22,1,0,33.77708411216736,2928627,Gen5_Match220_1752254486.txt,,2025-07-11T18:08:03.151093
5,Gen5_Match219_1752254486,Gen5_Deck11,Gen5_Deck21,Gen5_Deck21,0,1,63.31068205833435,2928628,Gen5_Match219_1752254486.txt,,2025-07-11T18:08:32.580799
5,Gen5_Match222_1752254486,Gen5_Deck11,Gen5_Deck24,Gen5_Deck11,1,0,35.05223727226257,2928627,Gen5_Match222_1752254486.txt,,2025-07-11T18:08:38.204143
5,Gen5_Match221_1752254486,Gen5_Deck23,Gen5_Deck11,Gen5_Deck23,1,0,75.95139074325562,2928626,Gen5_Match221_1752254486.txt,,2025-07-11T18:09:02.347855
5,Gen5_Match224_1752254486,Gen5_Deck12,Gen5_Deck14,Gen5_Deck14,0,1,25.012369632720947,2928627,Gen5_Match224_1752254486.txt,,2025-07-11T18:09:03.217026
5,Gen5_Match225_1752254486,Gen5_Deck15,Gen5_Deck12,Gen5_Deck12,0,1,30.324148178100586,2928626,Gen5_Match225_1752254486.txt,,2025-07-11T18:09:32.672509
5,Gen5_Match223_1752254486,Gen5_Deck12,Gen5_Deck13,Gen5_Deck13,0,1,61.577205657958984,2928628,Gen5_Match223_1752254486.txt,,2025-07-11T18:09:34.158579
5,Gen5_Match226_1752254486,Gen5_Deck16,Gen5_Deck12,Gen5_Deck16,1,0,46.807021141052246,2928627,Gen5_Match226_1752254486.txt,,2025-07-11T18:09:50.024673
5,Gen5_Match228_1752254486,Gen5_Deck18,Gen5_Deck12,Gen5_Deck12,0,1,26.641327142715454,2928628,Gen5_Match228_1752254486.txt,,2025-07-11T18:10:00.800352
5,Gen5_Match227_1752254486,Gen5_Deck12,Gen5_Deck17,Gen5_Deck17,0,1,42.44767904281616,2928626,Gen5_Match227_1752254486.txt,,2025-07-11T18:10:15.120695
5,Gen5_Match230_1752254486,Gen5_Deck12,Gen5_Deck20,Gen5_Deck12,1,0,26.339599609375,2928628,Gen5_Match230_1752254486.txt,,2025-07-11T18:10:27.140393
5,Gen5_Match229_1752254486,Gen5_Deck19,Gen5_Deck12,Gen5_Deck12,0,1,38.28483438491821,2928627,Gen5_Match229_1752254486.txt,,2025-07-11T18:10:28.310029
5,Gen5_Match231_1752254486,Gen5_Deck12,Gen5_Deck21,Gen5_Deck21,0,1,33.81576132774353,2928626,Gen5_Match231_1752254486.txt,,2025-07-11T18:10:48.936958
5,Gen5_Match232_1752254486,Gen5_Deck22,Gen5_Deck12,Gen5_Deck22,1,0,28.29170560836792,2928628,Gen5_Match232_1752254486.txt,,2025-07-11T18:10:55.432545
5,Gen5_Match233_1752254486,Gen5_Deck23,Gen5_Deck12,Gen5_Deck23,1,0,46.06105852127075,2928627,Gen5_Match233_1752254486.txt,,2025-07-11T18:11:14.371620
5,Gen5_Match234_1752254486,Gen5_Deck12,Gen5_Deck24,Gen5_Deck24,0,1,30.951824188232422,2928626,Gen5_Match234_1752254486.txt,,2025-07-11T18:11:19.889298
5,Gen5_Match235_1752254486,Gen5_Deck14,Gen5_Deck13,Gen5_Deck13,0,1,26.017640352249146,2928628,Gen5_Match235_1752254486.txt,,2025-07-11T18:11:21.450632
5,Gen5_Match237_1752254486,Gen5_Deck13,Gen5_Deck16,Gen5_Deck13,1,0,23.97520637512207,2928626,Gen5_Match237_1752254486.txt,,2025-07-11T18:11:43.864989
5,Gen5_Match238_1752254486,Gen5_Deck17,Gen5_Deck13,Gen5_Deck17,1,0,32.489312410354614,2928628,Gen5_Match238_1752254486.txt,,2025-07-11T18:11:53.940458
5,Gen5_Match240_1752254486,Gen5_Deck13,Gen5_Deck19,Gen5_Deck13,1,0,28.467543840408325,2928628,Gen5_Match240_1752254486.txt,,2025-07-11T18:12:22.408507
5,Gen5_Match239_1752254486,Gen5_Deck18,Gen5_Deck13,Gen5_Deck13,0,1,39.33964943885803,2928626,Gen5_Match239_1752254486.txt,,2025-07-11T18:12:23.205223
5,Gen5_Match241_1752254486,Gen5_Deck20,Gen5_Deck13,Gen5_Deck20,1,0,25.55577063560486,2928628,Gen5_Match241_1752254486.txt,,2025-07-11T18:12:47.964799
5,Gen5_Match243_1752254486,Gen5_Deck13,Gen5_Deck22,Gen5_Deck13,1,0,20.811805248260498,2928628,Gen5_Match243_1752254486.txt,,2025-07-11T18:13:08.777087
5,Gen5_Match242_1752254486,Gen5_Deck21,Gen5_Deck13,Gen5_Deck13,0,1,54.58678841590881,2928626,Gen5_Match242_1752254486.txt,,2025-07-11T18:13:17.792522
5,Gen5_Match236_1752254486,Gen5_Deck13,Gen5_Deck15,Gen5_Deck13,1,0,134.45214009284973,2928627,Gen5_Match236_1752254486.txt,,2025-07-11T18:13:28.824399
5,Gen5_Match245_1752254486,Gen5_Deck24,Gen5_Deck13,Gen5_Deck13,0,1,24.22823476791382,2928626,Gen5_Match245_1752254486.txt,,2025-07-11T18:13:42.021220
5,Gen5_Match246_1752254486,Gen5_Deck15,Gen5_Deck14,Gen5_Deck15,1,0,31.783583164215088,2928627,Gen5_Match246_1752254486.txt,,2025-07-11T18:14:00.608466
5,Gen5_Match247_1752254486,Gen5_Deck16,Gen5_Deck14,Gen5_Deck14,0,1,36.962862730026245,2928626,Gen5_Match247_1752254486.txt,,2025-07-11T18:14:18.984574
5,Gen5_Match248_1752254486,Gen5_Deck14,Gen5_Deck17,Gen5_Deck14,1,0,31.451645374298096,2928627,Gen5_Match248_1752254486.txt,,2025-07-11T18:14:32.060609
5,Gen5_Match250_1752254486,Gen5_Deck19,Gen5_Deck14,Gen5_Deck14,0,1,30.675071954727173,2928627,Gen5_Match250_1752254486.txt,,2025-07-11T18:15:02.736196
5,Gen5_Match244_1752254486,Gen5_Deck13,Gen5_Deck23,Gen5_Deck13,1,0,126.3139967918396,2928628,Gen5_Match244_1752254486.txt,,2025-07-11T18:15:15.091695
5,Gen5_Match251_1752254486,Gen5_Deck14,Gen5_Deck20,Gen5_Deck20,0,1,19.095773220062256,2928627,Gen5_Match251_1752254486.txt,,2025-07-11T18:15:21.832414
5,Gen5_Match252_1752254486,Gen5_Deck14,Gen5_Deck21,Gen5_Deck14,1,0,32.00586557388306,2928628,Gen5_Match252_1752254486.txt,,2025-07-11T18:15:47.098094
5,Gen5_Match253_1752254486,Gen5_Deck22,Gen5_Deck14,Gen5_Deck22,1,0,31.094663858413696,2928627,Gen5_Match253_1752254486.txt,,2025-07-11T18:15:52.927621
5,Gen5_Match255_1752254486,Gen5_Deck14,Gen5_Deck24,Gen5_Deck24,0,1,24.033353567123413,2928627,Gen5_Match255_1752254486.txt,,2025-07-11T18:16:16.961479
5,Gen5_Match254_1752254486,Gen5_Deck23,Gen5_Deck14,Gen5_Deck14,0,1,33.76470351219177,2928628,Gen5_Match254_1752254486.txt,,2025-07-11T18:16:20.863426
5,Gen5_Match249_1752254486,Gen5_Deck14,Gen5_Deck18,Gen5_Deck14,1,0,130.67137622833252,2928626,Gen5_Match249_1752254486.txt,,2025-07-11T18:16:29.656533
5,Gen5_Match257_1752254486,Gen5_Deck15,Gen5_Deck17,Gen5_Deck15,1,0,25.146325826644897,2928628,Gen5_Match257_1752254486.txt,,2025-07-11T18:16:46.010220
5,Gen5_Match258_1752254486,Gen5_Deck15,Gen5_Deck18,Gen5_Deck18,0,1,33.1829731464386,2928626,Gen5_Match258_1752254486.txt,,2025-07-11T18:17:02.839954
5,Gen5_Match256_1752254486,Gen5_Deck15,Gen5_Deck16,Gen5_Deck16,0,1,53.79842829704285,2928627,Gen5_Match256_1752254486.txt,,2025-07-11T18:17:10.760448
5,Gen5_Match260_1752254486,Gen5_Deck15,Gen5_Deck20,Gen5_Deck15,1,0,29.32129955291748,2928626,Gen5_Match260_1752254486.txt,,2025-07-11T18:17:32.161741
5,Gen5_Match259_1752254486,Gen5_Deck19,Gen5_Deck15,Gen5_Deck15,0,1,47.58881592750549,2928628,Gen5_Match259_1752254486.txt,,2025-07-11T18:17:33.599576
5,Gen5_Match261_1752254486,Gen5_Deck15,Gen5_Deck21,Gen5_Deck15,1,0,23.896700620651245,2928627,Gen5_Match261_1752254486.txt,,2025-07-11T18:17:34.657625
5,Gen5_Match263_1752254486,Gen5_Deck23,Gen5_Deck15,Gen5_Deck15,0,1,30.452488899230957,2928628,Gen5_Match263_1752254486.txt,,2025-07-11T18:18:04.052551
5,Gen5_Match264_1752254486,Gen5_Deck15,Gen5_Deck24,Gen5_Deck24,0,1,38.71034526824951,2928627,Gen5_Match264_1752254486.txt,,2025-07-11T18:18:13.368517
5,Gen5_Match262_1752254486,Gen5_Deck22,Gen5_Deck15,Gen5_Deck22,1,0,44.753408908843994,2928626,Gen5_Match262_1752254486.txt,,2025-07-11T18:18:16.915692
5,Gen5_Match266_1752254486,Gen5_Deck18,Gen5_Deck16,Gen5_Deck16,0,1,30.115161657333374,2928627,Gen5_Match266_1752254486.txt,,2025-07-11T18:18:43.484181
5,Gen5_Match267_1752254486,Gen5_Deck19,Gen5_Deck16,Gen5_Deck19,1,0,43.36670207977295,2928626,Gen5_Match267_1752254486.txt,,2025-07-11T18:19:00.282955
5,Gen5_Match269_1752254486,Gen5_Deck16,Gen5_Deck21,Gen5_Deck16,1,0,25.140925645828247,2928626,Gen5_Match269_1752254486.txt,,2025-07-11T18:19:25.424414
5,Gen5_Match268_1752254486,Gen5_Deck20,Gen5_Deck16,Gen5_Deck16,0,1,43.044607639312744,2928627,Gen5_Match268_1752254486.txt,,2025-07-11T18:19:26.529309
5,Gen5_Match265_1752254486,Gen5_Deck16,Gen5_Deck17,Gen5_Deck16,1,0,111.10169863700867,2928628,Gen5_Match265_1752254486.txt,,2025-07-11T18:19:55.154879
5,Gen5_Match271_1752254486,Gen5_Deck23,Gen5_Deck16,Gen5_Deck23,1,0,29.432527542114258,2928627,Gen5_Match271_1752254486.txt,,2025-07-11T18:19:55.962373
5,Gen5_Match273_1752254486,Gen5_Deck18,Gen5_Deck17,Gen5_Deck17,0,1,26.944676160812378,2928627,Gen5_Match273_1752254486.txt,,2025-07-11T18:20:22.907519
5,Gen5_Match272_1752254486,Gen5_Deck16,Gen5_Deck24,Gen5_Deck24,0,1,35.87498164176941,2928628,Gen5_Match272_1752254486.txt,,2025-07-11T18:20:31.030351
5,Gen5_Match270_1752254486,Gen5_Deck22,Gen5_Deck16,Gen5_Deck16,0,1,65.7791039943695,2928626,Gen5_Match270_1752254486.txt,,2025-07-11T18:20:31.204107
5,Gen5_Match275_1752254486,Gen5_Deck17,Gen5_Deck20,Gen5_Deck17,1,0,25.994510650634766,2928628,Gen5_Match275_1752254486.txt,,2025-07-11T18:20:57.025307
5,Gen5_Match277_1752254486,Gen5_Deck22,Gen5_Deck17,Gen5_Deck22,1,0,20.39792037010193,2928628,Gen5_Match277_1752254486.txt,,2025-07-11T18:21:17.423636
5,Gen5_Match276_1752254486,Gen5_Deck17,Gen5_Deck21,Gen5_Deck17,1,0,71.94440054893494,2928626,Gen5_Match276_1752254486.txt,,2025-07-11T18:21:43.149059
5,Gen5_Match278_1752254486,Gen5_Deck23,Gen5_Deck17,Gen5_Deck17,0,1,42.3606641292572,2928628,Gen5_Match278_1752254486.txt,,2025-07-11T18:21:59.784816
5,Gen5_Match279_1752254486,Gen5_Deck17,Gen5_Deck24,Gen5_Deck24,0,1,22.833048343658447,2928626,Gen5_Match279_1752254486.txt,,2025-07-11T18:22:05.982581
5,Gen5_Match274_1752254486,Gen5_Deck19,Gen5_Deck17,Gen5_Deck19,1,0,110.12065267562866,2928627,Gen5_Match274_1752254486.txt,,2025-07-11T18:22:13.028780
5,Gen5_Match280_1752254486,Gen5_Deck18,Gen5_Deck19,Gen5_Deck18,1,0,24.17915654182434,2928628,Gen5_Match280_1752254486.txt,,2025-07-11T18:22:23.964465
5,Gen5_Match281_1752254486,Gen5_Deck20,Gen5_Deck18,Gen5_Deck18,0,1,26.463265657424927,2928626,Gen5_Match281_1752254486.txt,,2025-07-11T18:22:32.446317
5,Gen5_Match282_1752254486,Gen5_Deck21,Gen5_Deck18,Gen5_Deck21,1,0,35.996986389160156,2928627,Gen5_Match282_1752254486.txt,,2025-07-11T18:22:49.026275
5,Gen5_Match283_1752254486,Gen5_Deck18,Gen5_Deck22,Gen5_Deck22,0,1,33.00765419006348,2928628,Gen5_Match283_1752254486.txt,,2025-07-11T18:22:56.972589
5,Gen5_Match284_1752254486,Gen5_Deck23,Gen5_Deck18,Gen5_Deck18,0,1,26.028799772262573,2928626,Gen5_Match284_1752254486.txt,,2025-07-11T18:22:58.475578
5,Gen5_Match286_1752254486,Gen5_Deck19,Gen5_Deck20,Gen5_Deck19,1,0,33.54896259307861,2928628,Gen5_Match286_1752254486.txt,,2025-07-11T18:23:30.522055
5,Gen5_Match285_1752254486,Gen5_Deck24,Gen5_Deck18,Gen5_Deck24,1,0,51.29780650138855,2928627,Gen5_Match285_1752254486.txt,,2025-07-11T18:23:40.324643
5,Gen5_Match289_1752254486,Gen5_Deck23,Gen5_Deck19,Gen5_Deck23,1,0,28.42986512184143,2928627,Gen5_Match289_1752254486.txt,,2025-07-11T18:24:08.755006
5,Gen5_Match287_1752254486,Gen5_Deck19,Gen5_Deck21,Gen5_Deck21,0,1,81.72247505187988,2928626,Gen5_Match287_1752254486.txt,,2025-07-11T18:24:20.198600
5,Gen5_Match290_1752254486,Gen5_Deck19,Gen5_Deck24,Gen5_Deck24,0,1,22.669034719467163,2928627,Gen5_Match290_1752254486.txt,,2025-07-11T18:24:31.424519
5,Gen5_Match292_1752254486,Gen5_Deck20,Gen5_Deck22,Gen5_Deck22,0,1,23.77906370162964,2928627,Gen5_Match292_1752254486.txt,,2025-07-11T18:24:55.204145
5,Gen5_Match293_1752254486,Gen5_Deck23,Gen5_Deck20,Gen5_Deck23,1,0,29.25078845024109,2928627,Gen5_Match293_1752254486.txt,,2025-07-11T18:25:24.455433
5,Gen5_Match291_1752254486,Gen5_Deck21,Gen5_Deck20,Gen5_Deck21,1,0,66.1840763092041,2928626,Gen5_Match291_1752254486.txt,,2025-07-11T18:25:26.383278
5,Gen5_Match288_1752254486,Gen5_Deck22,Gen5_Deck19,Gen5_Deck22,1,0,115.87798953056335,2928628,Gen5_Match288_1752254486.txt,,2025-07-11T18:25:26.400605
5,Gen5_Match294_1752254486,Gen5_Deck20,Gen5_Deck24,Gen5_Deck24,0,1,35.12731409072876,2928627,Gen5_Match294_1752254486.txt,,2025-07-11T18:25:59.583258
5,Gen5_Match295_1752254486,Gen5_Deck22,Gen5_Deck21,Gen5_Deck22,1,0,33.83839797973633,2928626,Gen5_Match295_1752254486.txt,,2025-07-11T18:26:00.222196
5,Gen5_Match298_1752254486,Gen5_Deck23,Gen5_Deck22,Gen5_Deck22,0,1,28.069979906082153,2928626,Gen5_Match298_1752254486.txt,,2025-07-11T18:26:28.292685
5,Gen5_Match297_1752254486,Gen5_Deck21,Gen5_Deck24,Gen5_Deck24,0,1,35.259127140045166,2928627,Gen5_Match297_1752254486.txt,,2025-07-11T18:26:34.842944
5,Gen5_Match299_1752254486,Gen5_Deck22,Gen5_Deck24,Gen5_Deck24,0,1,33.20551133155823,2928626,Gen5_Match299_1752254486.txt,,2025-07-11T18:27:01.498712
5,Gen5_Match296_1752254486,Gen5_Deck23,Gen5_Deck21,Gen5_Deck23,1,0,102.41824674606323,2928628,Gen5_Match296_1752254486.txt,,2025-07-11T18:27:08.819763
5,Gen5_Match300_1752254486,Gen5_Deck23,Gen5_Deck24,Gen5_Deck23,1,0,35.21419978141785,2928627,Gen5_Match300_1752254486.txt,,2025-07-11T18:27:10.058013
6,Gen6_Match1_1752258435,Gen6_Deck0,Gen6_Deck1,Gen6_Deck1,0,1,37.18178081512451,3056712,Gen6_Match1_1752258435.txt,,2025-07-11T18:27:52.265246
6,Gen6_Match3_1752258435,Gen6_Deck3,Gen6_Deck0,Gen6_Deck3,1,0,39.578202962875366,3056714,Gen6_Match3_1752258435.txt,,2025-07-11T18:27:54.662454
6,Gen6_Match2_1752258435,Gen6_Deck0,Gen6_Deck2,Gen6_Deck2,0,1,48.49681067466736,3056713,Gen6_Match2_1752258435.txt,,2025-07-11T18:28:03.580831
6,Gen6_Match5_1752258435,Gen6_Deck0,Gen6_Deck5,Gen6_Deck0,1,0,43.449223041534424,3056714,Gen6_Match5_1752258435.txt,,2025-07-11T18:28:38.112664
6,Gen6_Match4_1752258435,Gen6_Deck0,Gen6_Deck4,Gen6_Deck4,0,1,60.316039085388184,3056712,Gen6_Match4_1752258435.txt,,2025-07-11T18:28:52.582249
6,Gen6_Match6_1752258435,Gen6_Deck6,Gen6_Deck0,Gen6_Deck0,0,1,64.83000421524048,3056713,Gen6_Match6_1752258435.txt,,2025-07-11T18:29:08.411600
6,Gen6_Match7_1752258435,Gen6_Deck7,Gen6_Deck0,Gen6_Deck0,0,1,34.023197889328,3056714,Gen6_Match7_1752258435.txt,,2025-07-11T18:29:12.136483
6,Gen6_Match8_1752258435,Gen6_Deck0,Gen6_Deck8,Gen6_Deck8,0,1,37.54590916633606,3056712,Gen6_Match8_1752258435.txt,,2025-07-11T18:29:30.128744
6,Gen6_Match9_1752258435,Gen6_Deck0,Gen6_Deck9,Gen6_Deck9,0,1,32.18261766433716,3056713,Gen6_Match9_1752258435.txt,,2025-07-11T18:29:40.594906
6,Gen6_Match10_1752258435,Gen6_Deck10,Gen6_Deck0,Gen6_Deck10,1,0,33.893951416015625,3056714,Gen6_Match10_1752258435.txt,,2025-07-11T18:29:46.030999
6,Gen6_Match11_1752258435,Gen6_Deck0,Gen6_Deck11,Gen6_Deck0,1,0,43.26330018043518,3056712,Gen6_Match11_1752258435.txt,,2025-07-11T18:30:13.392664
6,Gen6_Match12_1752258435,Gen6_Deck0,Gen6_Deck12,Gen6_Deck0,1,0,40.99615693092346,3056713,Gen6_Match12_1752258435.txt,,2025-07-11T18:30:21.591596
6,Gen6_Match13_1752258435,Gen6_Deck13,Gen6_Deck0,Gen6_Deck13,1,0,42.91701555252075,3056714,Gen6_Match13_1752258435.txt,,2025-07-11T18:30:28.948607
6,Gen6_Match16_1752258435,Gen6_Deck0,Gen6_Deck16,Gen6_Deck16,0,1,24.827430486679077,3056714,Gen6_Match16_1752258435.txt,,2025-07-11T18:30:53.776519
6,Gen6_Match14_1752258435,Gen6_Deck14,Gen6_Deck0,Gen6_Deck14,1,0,47.12683987617493,3056712,Gen6_Match14_1752258435.txt,,2025-07-11T18:31:00.520245
6,Gen6_Match18_1752258435,Gen6_Deck0,Gen6_Deck18,Gen6_Deck0,1,0,35.36517596244812,3056712,Gen6_Match18_1752258435.txt,,2025-07-11T18:31:35.885964
6,Gen6_Match15_1752258435,Gen6_Deck0,Gen6_Deck15,Gen6_Deck0,1,0,77.68108248710632,3056713,Gen6_Match15_1752258435.txt,,2025-07-11T18:31:39.273337
6,Gen6_Match17_1752258435,Gen6_Deck17,Gen6_Deck0,Gen6_Deck17,1,0,50.4753942489624,3056714,Gen6_Match17_1752258435.txt,,2025-07-11T18:31:44.252439
6,Gen6_Match20_1752258435,Gen6_Deck20,Gen6_Deck0,Gen6_Deck0,0,1,26.594677448272705,3056713,Gen6_Match20_1752258435.txt,,2025-07-11T18:32:05.868501
6,Gen6_Match21_1752258435,Gen6_Deck21,Gen6_Deck0,Gen6_Deck21,1,0,35.313905239105225,3056714,Gen6_Match21_1752258435.txt,,2025-07-11T18:32:19.566866
6,Gen6_Match22_1752258435,Gen6_Deck0,Gen6_Deck22,Gen6_Deck0,1,0,33.171722650527954,3056713,Gen6_Match22_1752258435.txt,,2025-07-11T18:32:39.040748
6,Gen6_Match24_1752258435,Gen6_Deck24,Gen6_Deck0,Gen6_Deck0,0,1,29.671354055404663,3056713,Gen6_Match24_1752258435.txt,,2025-07-11T18:33:08.712639
6,Gen6_Match23_1752258435,Gen6_Deck0,Gen6_Deck23,Gen6_Deck23,0,1,56.209229946136475,3056714,Gen6_Match23_1752258435.txt,,2025-07-11T18:33:15.776607
6,Gen6_Match19_1752258435,Gen6_Deck0,Gen6_Deck19,Gen6_Deck0,1,0,108.06271719932556,3056712,Gen6_Match19_1752258435.txt,,2025-07-11T18:33:23.949273
6,Gen6_Match25_1752258435,Gen6_Deck1,Gen6_Deck2,Gen6_Deck2,0,1,23.680193662643433,3056713,Gen6_Match25_1752258435.txt,,2025-07-11T18:33:32.393332
6,Gen6_Match27_1752258435,Gen6_Deck4,Gen6_Deck1,Gen6_Deck1,0,1,30.378718376159668,3056712,Gen6_Match27_1752258435.txt,,2025-07-11T18:33:54.328476
6,Gen6_Match29_1752258435,Gen6_Deck6,Gen6_Deck1,Gen6_Deck1,0,1,20.844475984573364,3056712,Gen6_Match29_1752258435.txt,,2025-07-11T18:34:15.173404
6,Gen6_Match26_1752258435,Gen6_Deck3,Gen6_Deck1,Gen6_Deck3,1,0,60.39536643028259,3056714,Gen6_Match26_1752258435.txt,,2025-07-11T18:34:16.172533
6,Gen6_Match28_1752258435,Gen6_Deck1,Gen6_Deck5,Gen6_Deck1,1,0,44.85831594467163,3056713,Gen6_Match28_1752258435.txt,,2025-07-11T18:34:17.252204
6,Gen6_Match31_1752258435,Gen6_Deck1,Gen6_Deck8,Gen6_Deck1,1,0,26.007508039474487,3056714,Gen6_Match31_1752258435.txt,,2025-07-11T18:34:42.180521
6,Gen6_Match30_1752258435,Gen6_Deck7,Gen6_Deck1,Gen6_Deck1,0,1,28.336065530776978,3056712,Gen6_Match30_1752258435.txt,,2025-07-11T18:34:43.509948
6,Gen6_Match33_1752258435,Gen6_Deck10,Gen6_Deck1,Gen6_Deck10,1,0,34.49292230606079,3056714,Gen6_Match33_1752258435.txt,,2025-07-11T18:35:16.673995
6,Gen6_Match34_1752258435,Gen6_Deck11,Gen6_Deck1,Gen6_Deck1,0,1,38.01010727882385,3056712,Gen6_Match34_1752258435.txt,,2025-07-11T18:35:21.520608
6,Gen6_Match36_1752258435,Gen6_Deck1,Gen6_Deck13,Gen6_Deck1,1,0,33.75114035606384,3056712,Gen6_Match36_1752258435.txt,,2025-07-11T18:35:55.272282
6,Gen6_Match35_1752258435,Gen6_Deck1,Gen6_Deck12,Gen6_Deck1,1,0,40.25002431869507,3056714,Gen6_Match35_1752258435.txt,,2025-07-11T18:35:56.924541
6,Gen6_Match32_1752258435,Gen6_Deck1,Gen6_Deck9,Gen6_Deck1,1,0,101.15969800949097,3056713,Gen6_Match32_1752258435.txt,,2025-07-11T18:35:58.412531
6,Gen6_Match38_1752258435,Gen6_Deck1,Gen6_Deck15,Gen6_Deck1,1,0,26.040940761566162,3056714,Gen6_Match38_1752258435.txt,,2025-07-11T18:36:22.965928
6,Gen6_Match39_1752258435,Gen6_Deck1,Gen6_Deck16,Gen6_Deck1,1,0,36.17551589012146,3056713,Gen6_Match39_1752258435.txt,,2025-07-11T18:36:34.588734
6,Gen6_Match37_1752258435,Gen6_Deck14,Gen6_Deck1,Gen6_Deck14,1,0,41.34337306022644,3056712,Gen6_Match37_1752258435.txt,,2025-07-11T18:36:36.616200
6,Gen6_Match40_1752258435,Gen6_Deck17,Gen6_Deck1,Gen6_Deck17,1,0,35.95018291473389,3056714,Gen6_Match40_1752258435.txt,,2025-07-11T18:36:58.916609
6,Gen6_Match41_1752258435,Gen6_Deck18,Gen6_Deck1,Gen6_Deck18,1,0,36.522645711898804,3056713,Gen6_Match41_1752258435.txt,,2025-07-11T18:37:11.112197
6,Gen6_Match44_1752258435,Gen6_Deck21,Gen6_Deck1,Gen6_Deck1,0,1,23.077351093292236,3056713,Gen6_Match44_1752258435.txt,,2025-07-11T18:37:34.190017
6,Gen6_Match43_1752258435,Gen6_Deck1,Gen6_Deck20,Gen6_Deck20,0,1,39.89946508407593,3056714,Gen6_Match43_1752258435.txt,,2025-07-11T18:37:38.816588
6,Gen6_Match45_1752258435,Gen6_Deck1,Gen6_Deck22,Gen6_Deck1,1,0,23.162066221237183,3056713,Gen6_Match45_1752258435.txt,,2025-07-11T18:37:57.352587
6,Gen6_Match46_1752258435,Gen6_Deck1,Gen6_Deck23,Gen6_Deck1,1,0,40.74319839477539,3056714,Gen6_Match46_1752258435.txt,,2025-07-11T18:38:19.560321
6,Gen6_Match42_1752258435,Gen6_Deck1,Gen6_Deck19,Gen6_Deck1,1,0,103.01230597496033,3056712,Gen6_Match42_1752258435.txt,,2025-07-11T18:38:19.629204
6,Gen6_Match47_1752258435,Gen6_Deck24,Gen6_Deck1,Gen6_Deck1,0,1,37.12204837799072,3056713,Gen6_Match47_1752258435.txt,,2025-07-11T18:38:34.475181
6,Gen6_Match48_1752258435,Gen6_Deck3,Gen6_Deck2,Gen6_Deck2,0,1,28.252336978912354,3056714,Gen6_Match48_1752258435.txt,,2025-07-11T18:38:47.813166
6,Gen6_Match49_1752258435,Gen6_Deck4,Gen6_Deck2,Gen6_Deck4,1,0,38.54453182220459,3056712,Gen6_Match49_1752258435.txt,,2025-07-11T18:38:58.174257
6,Gen6_Match50_1752258435,Gen6_Deck2,Gen6_Deck5,Gen6_Deck5,0,1,26.122259855270386,3056713,Gen6_Match50_1752258435.txt,,2025-07-11T18:39:00.597930
6,Gen6_Match52_1752258435,Gen6_Deck7,Gen6_Deck2,Gen6_Deck2,0,1,23.6903657913208,3056712,Gen6_Match52_1752258435.txt,,2025-07-11T18:39:21.865047
6,Gen6_Match54_1752258435,Gen6_Deck2,Gen6_Deck9,Gen6_Deck9,0,1,29.593619108200073,3056712,Gen6_Match54_1752258435.txt,,2025-07-11T18:39:51.459217
6,Gen6_Match53_1752258435,Gen6_Deck2,Gen6_Deck8,Gen6_Deck2,1,0,55.4181604385376,3056713,Gen6_Match53_1752258435.txt,,2025-07-11T18:39:56.016682
6,Gen6_Match55_1752258435,Gen6_Deck2,Gen6_Deck10,Gen6_Deck10,0,1,20.043989658355713,3056712,Gen6_Match55_1752258435.txt,,2025-07-11T18:40:11.503711
6,Gen6_Match51_1752258435,Gen6_Deck2,Gen6_Deck6,Gen6_Deck6,0,1,86.16310334205627,3056714,Gen6_Match51_1752258435.txt,,2025-07-11T18:40:13.976923
6,Gen6_Match56_1752258435,Gen6_Deck11,Gen6_Deck2,Gen6_Deck2,0,1,35.99586081504822,3056713,Gen6_Match56_1752258435.txt,,2025-07-11T18:40:32.013177
6,Gen6_Match57_1752258435,Gen6_Deck2,Gen6_Deck12,Gen6_Deck2,1,0,34.11078071594238,3056712,Gen6_Match57_1752258435.txt,,2025-07-11T18:40:45.615021
6,Gen6_Match59_1752258435,Gen6_Deck14,Gen6_Deck2,Gen6_Deck14,1,0,37.246846199035645,3056713,Gen6_Match59_1752258435.txt,,2025-07-11T18:41:09.260615
6,Gen6_Match58_1752258435,Gen6_Deck13,Gen6_Deck2,Gen6_Deck13,1,0,60.272971630096436,3056714,Gen6_Match58_1752258435.txt,,2025-07-11T18:41:14.250483
6,Gen6_Match60_1752258435,Gen6_Deck15,Gen6_Deck2,Gen6_Deck2,0,1,37.003318548202515,3056712,Gen6_Match60_1752258435.txt,,2025-07-11T18:41:22.618968
6,Gen6_Match61_1752258435,Gen6_Deck2,Gen6_Deck16,Gen6_Deck16,0,1,35.11837458610535,3056713,Gen6_Match61_1752258435.txt,,2025-07-11T18:41:44.379490
6,Gen6_Match62_1752258435,Gen6_Deck17,Gen6_Deck2,Gen6_Deck17,1,0,34.721954345703125,3056714,Gen6_Match62_1752258435.txt,,2025-07-11T18:41:48.972965
6,Gen6_Match63_1752258435,Gen6_Deck18,Gen6_Deck2,Gen6_Deck2,0,1,42.05314230918884,3056712,Gen6_Match63_1752258435.txt,,2025-07-11T18:42:04.672658
6,Gen6_Match64_1752258435,Gen6_Deck2,Gen6_Deck19,Gen6_Deck2,1,0,27.96451425552368,3056713,Gen6_Match64_1752258435.txt,,2025-07-11T18:42:12.344504
6,Gen6_Match65_1752258435,Gen6_Deck2,Gen6_Deck20,Gen6_Deck2,1,0,27.847094535827637,3056714,Gen6_Match65_1752258435.txt,,2025-07-11T18:42:16.820549
6,Gen6_Match66_1752258435,Gen6_Deck21,Gen6_Deck2,Gen6_Deck2,0,1,23.890106678009033,3056712,Gen6_Match66_1752258435.txt,,2025-07-11T18:42:28.563196
6,Gen6_Match67_1752258435,Gen6_Deck22,Gen6_Deck2,Gen6_Deck22,1,0,30.68441677093506,3056713,Gen6_Match67_1752258435.txt,,2025-07-11T18:42:43.029398
6,Gen6_Match68_1752258435,Gen6_Deck2,Gen6_Deck23,Gen6_Deck2,1,0,26.874025106430054,3056714,Gen6_Match68_1752258435.txt,,2025-07-11T18:42:43.695075
6,Gen6_Match69_1752258435,Gen6_Deck24,Gen6_Deck2,Gen6_Deck24,1,0,27.024670839309692,3056712,Gen6_Match69_1752258435.txt,,2025-07-11T18:42:55.588319
6,Gen6_Match71_1752258435,Gen6_Deck3,Gen6_Deck5,Gen6_Deck5,0,1,28.075830698013306,3056714,Gen6_Match71_1752258435.txt,,2025-07-11T18:43:11.771399
6,Gen6_Match70_1752258435,Gen6_Deck4,Gen6_Deck3,Gen6_Deck3,0,1,28.990084648132324,3056713,Gen6_Match70_1752258435.txt,,2025-07-11T18:43:12.019961
6,Gen6_Match72_1752258435,Gen6_Deck6,Gen6_Deck3,Gen6_Deck3,0,1,43.379863023757935,3056712,Gen6_Match72_1752258435.txt,,2025-07-11T18:43:38.968683
6,Gen6_Match73_1752258435,Gen6_Deck7,Gen6_Deck3,Gen6_Deck3,0,1,37.255876302719116,3056714,Gen6_Match73_1752258435.txt,,2025-07-11T18:43:49.027869
6,Gen6_Match74_1752258435,Gen6_Deck3,Gen6_Deck8,Gen6_Deck8,0,1,53.55404305458069,3056713,Gen6_Match74_1752258435.txt,,2025-07-11T18:44:05.574592
6,Gen6_Match75_1752258435,Gen6_Deck3,Gen6_Deck9,Gen6_Deck9,0,1,29.603109121322632,3056712,Gen6_Match75_1752258435.txt,,2025-07-11T18:44:08.572315
6,Gen6_Match76_1752258435,Gen6_Deck10,Gen6_Deck3,Gen6_Deck3,0,1,27.676129817962646,3056714,Gen6_Match76_1752258435.txt,,2025-07-11T18:44:16.704503
6,Gen6_Match78_1752258435,Gen6_Deck3,Gen6_Deck12,Gen6_Deck12,0,1,50.0700523853302,3056712,Gen6_Match78_1752258435.txt,,2025-07-11T18:44:58.642905
6,Gen6_Match77_1752258435,Gen6_Deck11,Gen6_Deck3,Gen6_Deck3,0,1,62.40031337738037,3056713,Gen6_Match77_1752258435.txt,,2025-07-11T18:45:07.975584
6,Gen6_Match79_1752258435,Gen6_Deck13,Gen6_Deck3,Gen6_Deck13,1,0,75.81564497947693,3056714,Gen6_Match79_1752258435.txt,,2025-07-11T18:45:32.520821
6,Gen6_Match81_1752258435,Gen6_Deck3,Gen6_Deck15,Gen6_Deck3,1,0,25.068402528762817,3056713,Gen6_Match81_1752258435.txt,,2025-07-11T18:45:33.044434
6,Gen6_Match80_1752258435,Gen6_Deck14,Gen6_Deck3,Gen6_Deck14,1,0,50.83723282814026,3056712,Gen6_Match80_1752258435.txt,,2025-07-11T18:45:49.480759
6,Gen6_Match83_1752258435,Gen6_Deck17,Gen6_Deck3,Gen6_Deck17,1,0,29.11254572868347,3056713,Gen6_Match83_1752258435.txt,,2025-07-11T18:46:02.157441
6,Gen6_Match82_1752258435,Gen6_Deck3,Gen6_Deck16,Gen6_Deck16,0,1,30.315778970718384,3056714,Gen6_Match82_1752258435.txt,,2025-07-11T18:46:02.837079
6,Gen6_Match84_1752258435,Gen6_Deck18,Gen6_Deck3,Gen6_Deck3,0,1,39.20325708389282,3056712,Gen6_Match84_1752258435.txt,,2025-07-11T18:46:28.684666
6,Gen6_Match86_1752258435,Gen6_Deck20,Gen6_Deck3,Gen6_Deck20,1,0,27.64256501197815,3056714,Gen6_Match86_1752258435.txt,,2025-07-11T18:46:30.480123
6,Gen6_Match85_1752258435,Gen6_Deck3,Gen6_Deck19,Gen6_Deck3,1,0,28.72062373161316,3056713,Gen6_Match85_1752258435.txt,,2025-07-11T18:46:30.878559
6,Gen6_Match88_1752258435,Gen6_Deck3,Gen6_Deck22,Gen6_Deck22,0,1,25.97991180419922,3056714,Gen6_Match88_1752258435.txt,,2025-07-11T18:46:56.460576
6,Gen6_Match87_1752258435,Gen6_Deck21,Gen6_Deck3,Gen6_Deck21,1,0,34.15141201019287,3056712,Gen6_Match87_1752258435.txt,,2025-07-11T18:47:02.836587
6,Gen6_Match89_1752258435,Gen6_Deck3,Gen6_Deck23,Gen6_Deck3,1,0,34.43565535545349,3056713,Gen6_Match89_1752258435.txt,,2025-07-11T18:47:05.314702
6,Gen6_Match90_1752258435,Gen6_Deck24,Gen6_Deck3,Gen6_Deck24,1,0,27.051321268081665,3056714,Gen6_Match90_1752258435.txt,,2025-07-11T18:47:23.512355
6,Gen6_Match91_1752258435,Gen6_Deck4,Gen6_Deck5,Gen6_Deck4,1,0,30.60326075553894,3056712,Gen6_Match91_1752258435.txt,,2025-07-11T18:47:33.440368
6,Gen6_Match92_1752258435,Gen6_Deck4,Gen6_Deck6,Gen6_Deck4,1,0,44.86274743080139,3056713,Gen6_Match92_1752258435.txt,,2025-07-11T18:47:50.177996
6,Gen6_Match93_1752258435,Gen6_Deck4,Gen6_Deck7,Gen6_Deck7,0,1,39.29066753387451,3056714,Gen6_Match93_1752258435.txt,,2025-07-11T18:48:02.803629
6,Gen6_Match95_1752258435,Gen6_Deck4,Gen6_Deck9,Gen6_Deck4,1,0,26.241769313812256,3056713,Gen6_Match95_1752258435.txt,,2025-07-11T18:48:16.420186
6,Gen6_Match96_1752258435,Gen6_Deck4,Gen6_Deck10,Gen6_Deck10,0,1,31.022650957107544,3056714,Gen6_Match96_1752258435.txt,,2025-07-11T18:48:33.826734
6,Gen6_Match97_1752258435,Gen6_Deck11,Gen6_Deck4,Gen6_Deck4,0,1,28.8765230178833,3056713,Gen6_Match97_1752258435.txt,,2025-07-11T18:48:45.297176
6,Gen6_Match98_1752258435,Gen6_Deck12,Gen6_Deck4,Gen6_Deck4,0,1,20.333107709884644,3056714,Gen6_Match98_1752258435.txt,,2025-07-11T18:48:54.160291
6,Gen6_Match94_1752258435,Gen6_Deck8,Gen6_Deck4,Gen6_Deck8,1,0,90.04887390136719,3056712,Gen6_Match94_1752258435.txt,,2025-07-11T18:49:03.489786
6,Gen6_Match100_1752258435,Gen6_Deck4,Gen6_Deck14,Gen6_Deck4,1,0,31.32363748550415,3056714,Gen6_Match100_1752258435.txt,,2025-07-11T18:49:25.484410
6,Gen6_Match101_1752258435,Gen6_Deck15,Gen6_Deck4,Gen6_Deck15,1,0,37.28554081916809,3056712,Gen6_Match101_1752258435.txt,,2025-07-11T18:49:40.775817
6,Gen6_Match102_1752258435,Gen6_Deck16,Gen6_Deck4,Gen6_Deck4,0,1,21.807732105255127,3056714,Gen6_Match102_1752258435.txt,,2025-07-11T18:49:47.292642
6,Gen6_Match99_1752258435,Gen6_Deck4,Gen6_Deck13,Gen6_Deck4,1,0,73.22907614707947,3056713,Gen6_Match99_1752258435.txt,,2025-07-11T18:49:58.526837
6,Gen6_Match104_1752258435,Gen6_Deck18,Gen6_Deck4,Gen6_Deck4,0,1,19.592657327651978,3056714,Gen6_Match104_1752258435.txt,,2025-07-11T18:50:06.885744
6,Gen6_Match103_1752258435,Gen6_Deck4,Gen6_Deck17,Gen6_Deck17,0,1,33.65609383583069,3056712,Gen6_Match103_1752258435.txt,,2025-07-11T18:50:14.432389
6,Gen6_Match105_1752258435,Gen6_Deck19,Gen6_Deck4,Gen6_Deck4,0,1,23.661487817764282,3056713,Gen6_Match105_1752258435.txt,,2025-07-11T18:50:22.188755
6,Gen6_Match106_1752258435,Gen6_Deck4,Gen6_Deck20,Gen6_Deck4,1,0,34.333954095840454,3056714,Gen6_Match106_1752258435.txt,,2025-07-11T18:50:41.220163
6,Gen6_Match107_1752258435,Gen6_Deck4,Gen6_Deck21,Gen6_Deck4,1,0,29.832472801208496,3056712,Gen6_Match107_1752258435.txt,,2025-07-11T18:50:44.265303
6,Gen6_Match108_1752258435,Gen6_Deck22,Gen6_Deck4,Gen6_Deck4,0,1,26.266300201416016,3056713,Gen6_Match108_1752258435.txt,,2025-07-11T18:50:48.455522
6,Gen6_Match109_1752258435,Gen6_Deck4,Gen6_Deck23,Gen6_Deck23,0,1,26.81954050064087,3056714,Gen6_Match109_1752258435.txt,,2025-07-11T18:51:08.040146
6,Gen6_Match111_1752258435,Gen6_Deck5,Gen6_Deck6,Gen6_Deck5,1,0,27.596428394317627,3056713,Gen6_Match111_1752258435.txt,,2025-07-11T18:51:16.052511
6,Gen6_Match113_1752258435,Gen6_Deck5,Gen6_Deck8,Gen6_Deck8,0,1,26.68224787712097,3056713,Gen6_Match113_1752258435.txt,,2025-07-11T18:51:42.735216
6,Gen6_Match112_1752258435,Gen6_Deck7,Gen6_Deck5,Gen6_Deck7,1,0,35.95986485481262,3056714,Gen6_Match112_1752258435.txt,,2025-07-11T18:51:44.000485
6,Gen6_Match110_1752258435,Gen6_Deck4,Gen6_Deck24,Gen6_Deck4,1,0,79.05269145965576,3056712,Gen6_Match110_1752258435.txt,,2025-07-11T18:52:03.318595
6,Gen6_Match114_1752258435,Gen6_Deck5,Gen6_Deck9,Gen6_Deck9,0,1,29.426907777786255,3056713,Gen6_Match114_1752258435.txt,,2025-07-11T18:52:12.162653
6,Gen6_Match117_1752258435,Gen6_Deck5,Gen6_Deck12,Gen6_Deck5,1,0,34.70416712760925,3056713,Gen6_Match117_1752258435.txt,,2025-07-11T18:52:46.867401
6,Gen6_Match116_1752258435,Gen6_Deck11,Gen6_Deck5,Gen6_Deck11,1,0,52.7936224937439,3056712,Gen6_Match116_1752258435.txt,,2025-07-11T18:52:56.112862
6,Gen6_Match115_1752258435,Gen6_Deck10,Gen6_Deck5,Gen6_Deck10,1,0,81.93280363082886,3056714,Gen6_Match115_1752258435.txt,,2025-07-11T18:53:05.933909
6,Gen6_Match119_1752258435,Gen6_Deck14,Gen6_Deck5,Gen6_Deck14,1,0,21.50425100326538,3056712,Gen6_Match119_1752258435.txt,,2025-07-11T18:53:17.617562
6,Gen6_Match118_1752258435,Gen6_Deck5,Gen6_Deck13,Gen6_Deck5,1,0,38.41253352165222,3056713,Gen6_Match118_1752258435.txt,,2025-07-11T18:53:25.280438
6,Gen6_Match120_1752258435,Gen6_Deck5,Gen6_Deck15,Gen6_Deck5,1,0,44.80290985107422,3056714,Gen6_Match120_1752258435.txt,,2025-07-11T18:53:50.737341
6,Gen6_Match121_1752258435,Gen6_Deck5,Gen6_Deck16,Gen6_Deck16,0,1,42.49586820602417,3056712,Gen6_Match121_1752258435.txt,,2025-07-11T18:54:00.113924
6,Gen6_Match122_1752258435,Gen6_Deck17,Gen6_Deck5,Gen6_Deck5,0,1,43.18573212623596,3056713,Gen6_Match122_1752258435.txt,,2025-07-11T18:54:08.466680
6,Gen6_Match123_1752258435,Gen6_Deck18,Gen6_Deck5,Gen6_Deck5,0,1,26.95851445198059,3056714,Gen6_Match123_1752258435.txt,,2025-07-11T18:54:17.696390
6,Gen6_Match124_1752258435,Gen6_Deck5,Gen6_Deck19,Gen6_Deck19,0,1,30.943035125732422,3056712,Gen6_Match124_1752258435.txt,,2025-07-11T18:54:31.057429
6,Gen6_Match125_1752258435,Gen6_Deck20,Gen6_Deck5,Gen6_Deck5,0,1,30.23351502418518,3056713,Gen6_Match125_1752258435.txt,,2025-07-11T18:54:38.700685
6,Gen6_Match126_1752258435,Gen6_Deck21,Gen6_Deck5,Gen6_Deck5,0,1,26.687654972076416,3056714,Gen6_Match126_1752258435.txt,,2025-07-11T18:54:44.384512
6,Gen6_Match127_1752258435,Gen6_Deck5,Gen6_Deck22,Gen6_Deck5,1,0,35.97460174560547,3056712,Gen6_Match127_1752258435.txt,,2025-07-11T18:55:07.032552
6,Gen6_Match130_1752258435,Gen6_Deck6,Gen6_Deck7,Gen6_Deck7,0,1,24.072571516036987,3056712,Gen6_Match130_1752258435.txt,,2025-07-11T18:55:31.105600
6,Gen6_Match129_1752258435,Gen6_Deck24,Gen6_Deck5,Gen6_Deck5,0,1,64.33156394958496,3056714,Gen6_Match129_1752258435.txt,,2025-07-11T18:55:48.716611
6,Gen6_Match131_1752258435,Gen6_Deck6,Gen6_Deck8,Gen6_Deck8,0,1,19.762495517730713,3056712,Gen6_Match131_1752258435.txt,,2025-07-11T18:55:50.868584
6,Gen6_Match133_1752258435,Gen6_Deck10,Gen6_Deck6,Gen6_Deck6,0,1,21.623343467712402,3056712,Gen6_Match133_1752258435.txt,,2025-07-11T18:56:12.492421
6,Gen6_Match132_1752258435,Gen6_Deck6,Gen6_Deck9,Gen6_Deck6,1,0,24.308735609054565,3056714,Gen6_Match132_1752258435.txt,,2025-07-11T18:56:13.025839
6,Gen6_Match128_1752258435,Gen6_Deck5,Gen6_Deck23,Gen6_Deck23,0,1,96.66623377799988,3056713,Gen6_Match128_1752258435.txt,,2025-07-11T18:56:15.367481
6,Gen6_Match134_1752258435,Gen6_Deck6,Gen6_Deck11,Gen6_Deck6,1,0,25.747339248657227,3056712,Gen6_Match134_1752258435.txt,,2025-07-11T18:56:38.240245
6,Gen6_Match136_1752258435,Gen6_Deck6,Gen6_Deck13,Gen6_Deck13,0,1,43.95225286483765,3056713,Gen6_Match136_1752258435.txt,,2025-07-11T18:56:59.320279
6,Gen6_Match135_1752258435,Gen6_Deck6,Gen6_Deck12,Gen6_Deck12,0,1,51.921998023986816,3056714,Gen6_Match135_1752258435.txt,,2025-07-11T18:57:04.948432
6,Gen6_Match137_1752258435,Gen6_Deck14,Gen6_Deck6,Gen6_Deck6,0,1,29.262094497680664,3056712,Gen6_Match137_1752258435.txt,,2025-07-11T18:57:07.502905
6,Gen6_Match138_1752258435,Gen6_Deck6,Gen6_Deck15,Gen6_Deck15,0,1,26.378636837005615,3056713,Gen6_Match138_1752258435.txt,,2025-07-11T18:57:25.699393
6,Gen6_Match140_1752258435,Gen6_Deck17,Gen6_Deck6,Gen6_Deck6,0,1,30.358148336410522,3056712,Gen6_Match140_1752258435.txt,,2025-07-11T18:57:37.861522
6,Gen6_Match142_1752258435,Gen6_Deck6,Gen6_Deck19,Gen6_Deck19,0,1,24.790332078933716,3056712,Gen6_Match142_1752258435.txt,,2025-07-11T18:58:02.652327
6,Gen6_Match141_1752258435,Gen6_Deck18,Gen6_Deck6,Gen6_Deck6,0,1,44.32852077484131,3056713,Gen6_Match141_1752258435.txt,,2025-07-11T18:58:10.028415
6,Gen6_Match144_1752258435,Gen6_Deck21,Gen6_Deck6,Gen6_Deck21,1,0,21.682477951049805,3056713,Gen6_Match144_1752258435.txt,,2025-07-11T18:58:31.711327
6,Gen6_Match145_1752258435,Gen6_Deck6,Gen6_Deck22,Gen6_Deck6,1,0,22.977633714675903,3056713,Gen6_Match145_1752258435.txt,,2025-07-11T18:58:54.689412
6,Gen6_Match143_1752258435,Gen6_Deck6,Gen6_Deck20,Gen6_Deck6,1,0,53.54811382293701,3056712,Gen6_Match143_1752258435.txt,,2025-07-11T18:58:56.200956
6,Gen6_Match139_1752258435,Gen6_Deck6,Gen6_Deck16,Gen6_Deck6,1,0,133.2049491405487,3056714,Gen6_Match139_1752258435.txt,,2025-07-11T18:59:18.154040
6,Gen6_Match147_1752258435,Gen6_Deck24,Gen6_Deck6,Gen6_Deck6,0,1,30.03500199317932,3056712,Gen6_Match147_1752258435.txt,,2025-07-11T18:59:26.236426
6,Gen6_Match148_1752258435,Gen6_Deck7,Gen6_Deck8,Gen6_Deck8,0,1,24.953286170959473,3056714,Gen6_Match148_1752258435.txt,,2025-07-11T18:59:43.107795
6,Gen6_Match149_1752258435,Gen6_Deck7,Gen6_Deck9,Gen6_Deck9,0,1,29.378464698791504,3056712,Gen6_Match149_1752258435.txt,,2025-07-11T18:59:55.615364
6,Gen6_Match150_1752258435,Gen6_Deck10,Gen6_Deck7,Gen6_Deck10,1,0,21.220096588134766,3056714,Gen6_Match150_1752258435.txt,,2025-07-11T19:00:04.328355
6,Gen6_Match151_1752258435,Gen6_Deck11,Gen6_Deck7,Gen6_Deck7,0,1,25.00615906715393,3056712,Gen6_Match151_1752258435.txt,,2025-07-11T19:00:20.622026
6,Gen6_Match152_1752258435,Gen6_Deck7,Gen6_Deck12,Gen6_Deck12,0,1,20.41960859298706,3056714,Gen6_Match152_1752258435.txt,,2025-07-11T19:00:24.748419
6,Gen6_Match154_1752258435,Gen6_Deck14,Gen6_Deck7,Gen6_Deck14,1,0,35.50965642929077,3056714,Gen6_Match154_1752258435.txt,,2025-07-11T19:01:00.258560
6,Gen6_Match146_1752258435,Gen6_Deck6,Gen6_Deck23,Gen6_Deck6,1,0,130.97859406471252,3056713,Gen6_Match146_1752258435.txt,,2025-07-11T19:01:05.668539
6,Gen6_Match156_1752258435,Gen6_Deck7,Gen6_Deck16,Gen6_Deck7,1,0,27.96532702445984,3056713,Gen6_Match156_1752258435.txt,,2025-07-11T19:01:33.634334
6,Gen6_Match153_1752258435,Gen6_Deck13,Gen6_Deck7,Gen6_Deck13,1,0,89.06707334518433,3056712,Gen6_Match153_1752258435.txt,,2025-07-11T19:01:49.689684
6,Gen6_Match155_1752258435,Gen6_Deck15,Gen6_Deck7,Gen6_Deck7,0,1,55.729344844818115,3056714,Gen6_Match155_1752258435.txt,,2025-07-11T19:01:55.988499
6,Gen6_Match157_1752258435,Gen6_Deck17,Gen6_Deck7,Gen6_Deck17,1,0,34.7412428855896,3056713,Gen6_Match157_1752258435.txt,,2025-07-11T19:02:08.376098
6,Gen6_Match158_1752258435,Gen6_Deck7,Gen6_Deck18,Gen6_Deck18,0,1,27.29037070274353,3056712,Gen6_Match158_1752258435.txt,,2025-07-11T19:02:16.980490
6,Gen6_Match159_1752258435,Gen6_Deck7,Gen6_Deck19,Gen6_Deck19,0,1,45.350040435791016,3056714,Gen6_Match159_1752258435.txt,,2025-07-11T19:02:41.339047
6,Gen6_Match161_1752258435,Gen6_Deck21,Gen6_Deck7,Gen6_Deck7,0,1,25.15545153617859,3056712,Gen6_Match161_1752258435.txt,,2025-07-11T19:02:42.136371
6,Gen6_Match160_1752258435,Gen6_Deck7,Gen6_Deck20,Gen6_Deck20,0,1,45.715800046920776,3056713,Gen6_Match160_1752258435.txt,,2025-07-11T19:02:54.092405
6,Gen6_Match163_1752258435,Gen6_Deck7,Gen6_Deck23,Gen6_Deck23,0,1,31.59814715385437,3056712,Gen6_Match163_1752258435.txt,,2025-07-11T19:03:13.735114
6,Gen6_Match162_1752258435,Gen6_Deck7,Gen6_Deck22,Gen6_Deck7,1,0,43.901355266571045,3056714,Gen6_Match162_1752258435.txt,,2025-07-11T19:03:25.240894
6,Gen6_Match164_1752258435,Gen6_Deck24,Gen6_Deck7,Gen6_Deck24,1,0,31.152201890945435,3056713,Gen6_Match164_1752258435.txt,,2025-07-11T19:03:25.245129
6,Gen6_Match165_1752258435,Gen6_Deck8,Gen6_Deck9,Gen6_Deck8,1,0,33.956777572631836,3056712,Gen6_Match165_1752258435.txt,,2025-07-11T19:03:47.692378
6,Gen6_Match166_1752258435,Gen6_Deck10,Gen6_Deck8,Gen6_Deck8,0,1,32.563011169433594,3056714,Gen6_Match166_1752258435.txt,,2025-07-11T19:03:57.804407
6,Gen6_Match167_1752258435,Gen6_Deck11,Gen6_Deck8,Gen6_Deck11,1,0,41.72596716880798,3056713,Gen6_Match167_1752258435.txt,,2025-07-11T19:04:06.971637
6,Gen6_Match168_1752258435,Gen6_Deck8,Gen6_Deck12,Gen6_Deck8,1,0,34.26768350601196,3056712,Gen6_Match168_1752258435.txt,,2025-07-11T19:04:21.960538
6,Gen6_Match170_1752258435,Gen6_Deck14,Gen6_Deck8,Gen6_Deck8,0,1,28.112548112869263,3056713,Gen6_Match170_1752258435.txt,,2025-07-11T19:04:35.084603
6,Gen6_Match169_1752258435,Gen6_Deck13,Gen6_Deck8,Gen6_Deck13,1,0,45.50675296783447,3056714,Gen6_Match169_1752258435.txt,,2025-07-11T19:04:43.311665
6,Gen6_Match173_1752258435,Gen6_Deck17,Gen6_Deck8,Gen6_Deck17,1,0,35.063990354537964,3056714,Gen6_Match173_1752258435.txt,,2025-07-11T19:05:18.376404
6,Gen6_Match172_1752258435,Gen6_Deck8,Gen6_Deck16,Gen6_Deck8,1,0,54.11995577812195,3056713,Gen6_Match172_1752258435.txt,,2025-07-11T19:05:29.205013
6,Gen6_Match171_1752258435,Gen6_Deck8,Gen6_Deck15,Gen6_Deck8,1,0,82.42342019081116,3056712,Gen6_Match171_1752258435.txt,,2025-07-11T19:05:44.384500
6,Gen6_Match174_1752258435,Gen6_Deck18,Gen6_Deck8,Gen6_Deck8,0,1,27.831312656402588,3056714,Gen6_Match174_1752258435.txt,,2025-07-11T19:05:46.208374
6,Gen6_Match175_1752258435,Gen6_Deck8,Gen6_Deck19,Gen6_Deck19,0,1,31.64047360420227,3056713,Gen6_Match175_1752258435.txt,,2025-07-11T19:06:00.845967
6,Gen6_Match176_1752258435,Gen6_Deck20,Gen6_Deck8,Gen6_Deck8,0,1,30.12363576889038,3056712,Gen6_Match176_1752258435.txt,,2025-07-11T19:06:14.508598
6,Gen6_Match177_1752258435,Gen6_Deck21,Gen6_Deck8,Gen6_Deck8,0,1,32.19649386405945,3056714,Gen6_Match177_1752258435.txt,,2025-07-11T19:06:18.405328
6,Gen6_Match179_1752258435,Gen6_Deck8,Gen6_Deck23,Gen6_Deck23,0,1,34.97014403343201,3056712,Gen6_Match179_1752258435.txt,,2025-07-11T19:06:49.479330
6,Gen6_Match178_1752258435,Gen6_Deck8,Gen6_Deck22,Gen6_Deck8,1,0,57.49137353897095,3056713,Gen6_Match178_1752258435.txt,,2025-07-11T19:06:58.338120
6,Gen6_Match181_1752258435,Gen6_Deck10,Gen6_Deck9,Gen6_Deck9,0,1,25.458170175552368,3056712,Gen6_Match181_1752258435.txt,,2025-07-11T19:07:14.938047
6,Gen6_Match182_1752258435,Gen6_Deck11,Gen6_Deck9,Gen6_Deck11,1,0,21.74966812133789,3056713,Gen6_Match182_1752258435.txt,,2025-07-11T19:07:20.088419
6,Gen6_Match180_1752258435,Gen6_Deck24,Gen6_Deck8,Gen6_Deck8,0,1,74.49514412879944,3056714,Gen6_Match180_1752258435.txt,,2025-07-11T19:07:32.901150
6,Gen6_Match183_1752258435,Gen6_Deck12,Gen6_Deck9,Gen6_Deck12,1,0,28.917808294296265,3056712,Gen6_Match183_1752258435.txt,,2025-07-11T19:07:43.856347
6,Gen6_Match184_1752258435,Gen6_Deck9,Gen6_Deck13,Gen6_Deck13,0,1,24.096824407577515,3056713,Gen6_Match184_1752258435.txt,,2025-07-11T19:07:44.185745
6,Gen6_Match185_1752258435,Gen6_Deck14,Gen6_Deck9,Gen6_Deck14,1,0,31.742827653884888,3056714,Gen6_Match185_1752258435.txt,,2025-07-11T19:08:04.644554
6,Gen6_Match186_1752258435,Gen6_Deck9,Gen6_Deck15,Gen6_Deck9,1,0,26.60805606842041,3056712,Gen6_Match186_1752258435.txt,,2025-07-11T19:08:10.464837
6,Gen6_Match188_1752258435,Gen6_Deck9,Gen6_Deck17,Gen6_Deck9,1,0,31.64219880104065,3056714,Gen6_Match188_1752258435.txt,,2025-07-11T19:08:36.287492
6,Gen6_Match189_1752258435,Gen6_Deck18,Gen6_Deck9,Gen6_Deck9,0,1,29.449328660964966,3056712,Gen6_Match189_1752258435.txt,,2025-07-11T19:08:39.914658
6,Gen6_Match187_1752258435,Gen6_Deck16,Gen6_Deck9,Gen6_Deck9,0,1,68.17043709754944,3056713,Gen6_Match187_1752258435.txt,,2025-07-11T19:08:52.356738
6,Gen6_Match190_1752258435,Gen6_Deck9,Gen6_Deck19,Gen6_Deck19,0,1,38.394954681396484,3056714,Gen6_Match190_1752258435.txt,,2025-07-11T19:09:14.683077
6,Gen6_Match192_1752258435,Gen6_Deck9,Gen6_Deck21,Gen6_Deck21,0,1,33.91045260429382,3056713,Gen6_Match192_1752258435.txt,,2025-07-11T19:09:26.267710
6,Gen6_Match191_1752258435,Gen6_Deck9,Gen6_Deck20,Gen6_Deck9,1,0,59.40519452095032,3056712,Gen6_Match191_1752258435.txt,,2025-07-11T19:09:39.320382
6,Gen6_Match193_1752258435,Gen6_Deck22,Gen6_Deck9,Gen6_Deck22,1,0,36.40996193885803,3056714,Gen6_Match193_1752258435.txt,,2025-07-11T19:09:51.093485
6,Gen6_Match194_1752258435,Gen6_Deck9,Gen6_Deck23,Gen6_Deck23,0,1,33.90039396286011,3056713,Gen6_Match194_1752258435.txt,,2025-07-11T19:10:00.168747
6,Gen6_Match197_1752258435,Gen6_Deck10,Gen6_Deck12,Gen6_Deck10,1,0,26.567951202392578,3056713,Gen6_Match197_1752258435.txt,,2025-07-11T19:10:26.737224
6,Gen6_Match195_1752258435,Gen6_Deck9,Gen6_Deck24,Gen6_Deck24,0,1,47.448081493377686,3056712,Gen6_Match195_1752258435.txt,,2025-07-11T19:10:26.768942
6,Gen6_Match199_1752258435,Gen6_Deck14,Gen6_Deck10,Gen6_Deck10,0,1,26.330850839614868,3056712,Gen6_Match199_1752258435.txt,,2025-07-11T19:10:53.100262
6,Gen6_Match198_1752258435,Gen6_Deck10,Gen6_Deck13,Gen6_Deck10,1,0,29.4298574924469,3056713,Gen6_Match198_1752258435.txt,,2025-07-11T19:10:56.167559
6,Gen6_Match200_1752258435,Gen6_Deck10,Gen6_Deck15,Gen6_Deck15,0,1,22.884392976760864,3056712,Gen6_Match200_1752258435.txt,,2025-07-11T19:11:15.985104
6,Gen6_Match201_1752258435,Gen6_Deck10,Gen6_Deck16,Gen6_Deck16,0,1,22.070778369903564,3056713,Gen6_Match201_1752258435.txt,,2025-07-11T19:11:18.238840
6,Gen6_Match196_1752258435,Gen6_Deck11,Gen6_Deck10,Gen6_Deck10,0,1,98.04643821716309,3056714,Gen6_Match196_1752258435.txt,,2025-07-11T19:11:29.140468
6,Gen6_Match203_1752258435,Gen6_Deck18,Gen6_Deck10,Gen6_Deck10,0,1,27.383891582489014,3056713,Gen6_Match203_1752258435.txt,,2025-07-11T19:11:45.623230
6,Gen6_Match202_1752258435,Gen6_Deck17,Gen6_Deck10,Gen6_Deck10,0,1,30.31545114517212,3056712,Gen6_Match202_1752258435.txt,,2025-07-11T19:11:46.301017
6,Gen6_Match206_1752258435,Gen6_Deck21,Gen6_Deck10,Gen6_Deck10,0,1,33.054166078567505,3056712,Gen6_Match206_1752258435.txt,,2025-07-11T19:12:19.355637
6,Gen6_Match205_1752258435,Gen6_Deck20,Gen6_Deck10,Gen6_Deck10,0,1,46.95690584182739,3056713,Gen6_Match205_1752258435.txt,,2025-07-11T19:12:32.580628
6,Gen6_Match208_1752258435,Gen6_Deck10,Gen6_Deck23,Gen6_Deck10,1,0,30.76505208015442,3056713,Gen6_Match208_1752258435.txt,,2025-07-11T19:13:03.346175
6,Gen6_Match204_1752258435,Gen6_Deck10,Gen6_Deck19,Gen6_Deck10,1,0,107.74356484413147,3056714,Gen6_Match204_1752258435.txt,,2025-07-11T19:13:16.884653
6,Gen6_Match207_1752258435,Gen6_Deck10,Gen6_Deck22,Gen6_Deck22,0,1,64.49391293525696,3056712,Gen6_Match207_1752258435.txt,,2025-07-11T19:13:23.850067
6,Gen6_Match209_1752258435,Gen6_Deck24,Gen6_Deck10,Gen6_Deck24,1,0,22.2913715839386,3056713,Gen6_Match209_1752258435.txt,,2025-07-11T19:13:25.638005
6,Gen6_Match210_1752258435,Gen6_Deck12,Gen6_Deck11,Gen6_Deck12,1,0,49.490315198898315,3056714,Gen6_Match210_1752258435.txt,,2025-07-11T19:14:06.375662
6,Gen6_Match211_1752258435,Gen6_Deck11,Gen6_Deck13,Gen6_Deck13,0,1,59.213871717453,3056712,Gen6_Match211_1752258435.txt,,2025-07-11T19:14:23.064564
6,Gen6_Match213_1752258435,Gen6_Deck15,Gen6_Deck11,Gen6_Deck15,1,0,18.288114070892334,3056714,Gen6_Match213_1752258435.txt,,2025-07-11T19:14:24.664202
6,Gen6_Match214_1752258435,Gen6_Deck16,Gen6_Deck11,Gen6_Deck11,0,1,33.583909034729004,3056712,Gen6_Match214_1752258435.txt,,2025-07-11T19:14:56.649201
6,Gen6_Match215_1752258435,Gen6_Deck11,Gen6_Deck17,Gen6_Deck11,1,0,39.83993625640869,3056714,Gen6_Match215_1752258435.txt,,2025-07-11T19:15:04.504705
6,Gen6_Match216_1752258435,Gen6_Deck18,Gen6_Deck11,Gen6_Deck11,0,1,29.76256489753723,3056712,Gen6_Match216_1752258435.txt,,2025-07-11T19:15:26.412427
6,Gen6_Match217_1752258435,Gen6_Deck19,Gen6_Deck11,Gen6_Deck19,1,0,27.143452405929565,3056714,Gen6_Match217_1752258435.txt,,2025-07-11T19:15:31.648692
6,Gen6_Match212_1752258435,Gen6_Deck11,Gen6_Deck14,Gen6_Deck11,1,0,134.02479887008667,3056713,Gen6_Match212_1752258435.txt,,2025-07-11T19:15:39.663463
6,Gen6_Match218_1752258435,Gen6_Deck11,Gen6_Deck20,Gen6_Deck20,0,1,21.907707452774048,3056712,Gen6_Match218_1752258435.txt,,2025-07-11T19:15:48.320564
6,Gen6_Match219_1752258435,Gen6_Deck11,Gen6_Deck21,Gen6_Deck11,1,0,24.459389209747314,3056714,Gen6_Match219_1752258435.txt,,2025-07-11T19:15:56.108541
6,Gen6_Match220_1752258435,Gen6_Deck22,Gen6_Deck11,Gen6_Deck11,0,1,25.416586875915527,3056713,Gen6_Match220_1752258435.txt,,2025-07-11T19:16:05.080507
6,Gen6_Match221_1752258435,Gen6_Deck23,Gen6_Deck11,Gen6_Deck11,0,1,35.28172755241394,3056712,Gen6_Match221_1752258435.txt,,2025-07-11T19:16:23.602797
6,Gen6_Match222_1752258435,Gen6_Deck11,Gen6_Deck24,Gen6_Deck24,0,1,36.332576751708984,3056714,Gen6_Match222_1752258435.txt,,2025-07-11T19:16:32.441643
6,Gen6_Match223_1752258435,Gen6_Deck13,Gen6_Deck12,Gen6_Deck13,1,0,33.044891357421875,3056713,Gen6_Match223_1752258435.txt,,2025-07-11T19:16:38.125898
6,Gen6_Match224_1752258435,Gen6_Deck14,Gen6_Deck12,Gen6_Deck14,1,0,23.881122589111328,3056712,Gen6_Match224_1752258435.txt,,2025-07-11T19:16:47.484413
6,Gen6_Match225_1752258435,Gen6_Deck12,Gen6_Deck15,Gen6_Deck12,1,0,27.10633611679077,3056714,Gen6_Match225_1752258435.txt,,2025-07-11T19:16:59.548441
6,Gen6_Match226_1752258435,Gen6_Deck12,Gen6_Deck16,Gen6_Deck12,1,0,29.53506875038147,3056713,Gen6_Match226_1752258435.txt,,2025-07-11T19:17:07.661472
6,Gen6_Match227_1752258435,Gen6_Deck17,Gen6_Deck12,Gen6_Deck12,0,1,36.07999229431152,3056712,Gen6_Match227_1752258435.txt,,2025-07-11T19:17:23.564947
6,Gen6_Match228_1752258435,Gen6_Deck12,Gen6_Deck18,Gen6_Deck12,1,0,35.779951333999634,3056714,Gen6_Match228_1752258435.txt,,2025-07-11T19:17:35.328905
6,Gen6_Match229_1752258435,Gen6_Deck12,Gen6_Deck19,Gen6_Deck19,0,1,40.74547719955444,3056713,Gen6_Match229_1752258435.txt,,2025-07-11T19:17:48.407487
6,Gen6_Match230_1752258435,Gen6_Deck20,Gen6_Deck12,Gen6_Deck12,0,1,35.573707580566406,3056712,Gen6_Match230_1752258435.txt,,2025-07-11T19:17:59.139332
6,Gen6_Match231_1752258435,Gen6_Deck21,Gen6_Deck12,Gen6_Deck21,1,0,31.258185148239136,3056714,Gen6_Match231_1752258435.txt,,2025-07-11T19:18:06.587559
6,Gen6_Match232_1752258435,Gen6_Deck12,Gen6_Deck22,Gen6_Deck12,1,0,24.293440580368042,3056713,Gen6_Match232_1752258435.txt,,2025-07-11T19:18:12.701371
6,Gen6_Match234_1752258435,Gen6_Deck24,Gen6_Deck12,Gen6_Deck12,0,1,33.50837206840515,3056714,Gen6_Match234_1752258435.txt,,2025-07-11T19:18:40.096447
6,Gen6_Match233_1752258435,Gen6_Deck12,Gen6_Deck23,Gen6_Deck23,0,1,59.81306004524231,3056712,Gen6_Match233_1752258435.txt,,2025-07-11T19:18:58.953050
6,Gen6_Match236_1752258435,Gen6_Deck13,Gen6_Deck15,Gen6_Deck13,1,0,20.533719062805176,3056714,Gen6_Match236_1752258435.txt,,2025-07-11T19:19:00.630708
6,Gen6_Match235_1752258435,Gen6_Deck14,Gen6_Deck13,Gen6_Deck14,1,0,65.76240634918213,3056713,Gen6_Match235_1752258435.txt,,2025-07-11T19:19:18.464407
6,Gen6_Match238_1752258435,Gen6_Deck17,Gen6_Deck13,Gen6_Deck13,0,1,24.689165115356445,3056714,Gen6_Match238_1752258435.txt,,2025-07-11T19:19:25.320395
6,Gen6_Match239_1752258435,Gen6_Deck18,Gen6_Deck13,Gen6_Deck18,1,0,41.86376714706421,3056713,Gen6_Match239_1752258435.txt,,2025-07-11T19:20:00.328708
6,Gen6_Match240_1752258435,Gen6_Deck13,Gen6_Deck19,Gen6_Deck13,1,0,56.46366357803345,3056714,Gen6_Match240_1752258435.txt,,2025-07-11T19:20:21.784599
6,Gen6_Match241_1752258435,Gen6_Deck20,Gen6_Deck13,Gen6_Deck13,0,1,21.75255298614502,3056713,Gen6_Match241_1752258435.txt,,2025-07-11T19:20:22.081786
6,Gen6_Match242_1752258435,Gen6_Deck21,Gen6_Deck13,Gen6_Deck13,0,1,22.759512901306152,3056714,Gen6_Match242_1752258435.txt,,2025-07-11T19:20:44.544635
6,Gen6_Match237_1752258435,Gen6_Deck13,Gen6_Deck16,Gen6_Deck16,0,1,116.05074763298035,3056712,Gen6_Match237_1752258435.txt,,2025-07-11T19:20:55.004343
6,Gen6_Match243_1752258435,Gen6_Deck13,Gen6_Deck22,Gen6_Deck13,1,0,42.36776947975159,3056713,Gen6_Match243_1752258435.txt,,2025-07-11T19:21:04.450065
6,Gen6_Match245_1752258435,Gen6_Deck24,Gen6_Deck13,Gen6_Deck24,1,0,29.799215078353882,3056712,Gen6_Match245_1752258435.txt,,2025-07-11T19:21:24.804086
6,Gen6_Match244_1752258435,Gen6_Deck13,Gen6_Deck23,Gen6_Deck23,0,1,46.23132920265198,3056714,Gen6_Match244_1752258435.txt,,2025-07-11T19:21:30.776481
6,Gen6_Match247_1752258435,Gen6_Deck16,Gen6_Deck14,Gen6_Deck14,0,1,27.831840753555298,3056712,Gen6_Match247_1752258435.txt,,2025-07-11T19:21:52.636378
6,Gen6_Match248_1752258435,Gen6_Deck14,Gen6_Deck17,Gen6_Deck17,0,1,34.56716203689575,3056714,Gen6_Match248_1752258435.txt,,2025-07-11T19:22:05.344180
6,Gen6_Match249_1752258435,Gen6_Deck18,Gen6_Deck14,Gen6_Deck14,0,1,31.147044897079468,3056712,Gen6_Match249_1752258435.txt,,2025-07-11T19:22:23.783895
6,Gen6_Match250_1752258435,Gen6_Deck14,Gen6_Deck19,Gen6_Deck14,1,0,25.903883457183838,3056714,Gen6_Match250_1752258435.txt,,2025-07-11T19:22:31.248528
6,Gen6_Match252_1752258435,Gen6_Deck14,Gen6_Deck21,Gen6_Deck14,1,0,27.30751943588257,3056714,Gen6_Match252_1752258435.txt,,2025-07-11T19:22:58.556556
6,Gen6_Match251_1752258435,Gen6_Deck14,Gen6_Deck20,Gen6_Deck14,1,0,36.158512353897095,3056712,Gen6_Match251_1752258435.txt,,2025-07-11T19:22:59.942915
6,Gen6_Match246_1752258435,Gen6_Deck15,Gen6_Deck14,Gen6_Deck15,1,0,133.11312890052795,3056713,Gen6_Match246_1752258435.txt,,2025-07-11T19:23:17.563721
6,Gen6_Match253_1752258435,Gen6_Deck22,Gen6_Deck14,Gen6_Deck14,0,1,43.503347635269165,3056714,Gen6_Match253_1752258435.txt,,2025-07-11T19:23:42.060482
6,Gen6_Match255_1752258435,Gen6_Deck14,Gen6_Deck24,Gen6_Deck24,0,1,34.662989377975464,3056713,Gen6_Match255_1752258435.txt,,2025-07-11T19:23:52.227206
6,Gen6_Match254_1752258435,Gen6_Deck14,Gen6_Deck23,Gen6_Deck14,1,0,60.3986496925354,3056712,Gen6_Match254_1752258435.txt,,2025-07-11T19:24:00.342156
6,Gen6_Match257_1752258435,Gen6_Deck17,Gen6_Deck15,Gen6_Deck15,0,1,24.206405639648438,3056713,Gen6_Match257_1752258435.txt,,2025-07-11T19:24:16.434084
6,Gen6_Match256_1752258435,Gen6_Deck15,Gen6_Deck16,Gen6_Deck16,0,1,34.3787579536438,3056714,Gen6_Match256_1752258435.txt,,2025-07-11T19:24:16.439662
6,Gen6_Match258_1752258435,Gen6_Deck18,Gen6_Deck15,Gen6_Deck15,0,1,27.20811414718628,3056712,Gen6_Match258_1752258435.txt,,2025-07-11T19:24:27.550787
6,Gen6_Match259_1752258435,Gen6_Deck15,Gen6_Deck19,Gen6_Deck19,0,1,40.035523891448975,3056713,Gen6_Match259_1752258435.txt,,2025-07-11T19:24:56.470232
6,Gen6_Match260_1752258435,Gen6_Deck20,Gen6_Deck15,Gen6_Deck15,0,1,41.90453362464905,3056714,Gen6_Match260_1752258435.txt,,2025-07-11T19:24:58.344679
6,Gen6_Match263_1752258435,Gen6_Deck15,Gen6_Deck23,Gen6_Deck23,0,1,24.591370820999146,3056714,Gen6_Match263_1752258435.txt,,2025-07-11T19:25:22.936544
6,Gen6_Match262_1752258435,Gen6_Deck15,Gen6_Deck22,Gen6_Deck15,1,0,39.855509757995605,3056713,Gen6_Match262_1752258435.txt,,2025-07-11T19:25:36.326252
6,Gen6_Match264_1752258435,Gen6_Deck24,Gen6_Deck15,Gen6_Deck24,1,0,34.595301151275635,3056714,Gen6_Match264_1752258435.txt,,2025-07-11T19:25:57.532455
6,Gen6_Match265_1752258435,Gen6_Deck16,Gen6_Deck17,Gen6_Deck16,1,0,26.23623490333557,3056713,Gen6_Match265_1752258435.txt,,2025-07-11T19:26:02.562990
6,Gen6_Match266_1752258435,Gen6_Deck18,Gen6_Deck16,Gen6_Deck18,1,0,25.29892635345459,3056714,Gen6_Match266_1752258435.txt,,2025-07-11T19:26:22.831875
6,Gen6_Match261_1752258435,Gen6_Deck21,Gen6_Deck15,Gen6_Deck21,1,0,133.2903332710266,3056712,Gen6_Match261_1752258435.txt,,2025-07-11T19:26:40.841734
6,Gen6_Match268_1752258435,Gen6_Deck16,Gen6_Deck20,Gen6_Deck16,1,0,23.352059364318848,3056714,Gen6_Match268_1752258435.txt,,2025-07-11T19:26:46.184399
6,Gen6_Match267_1752258435,Gen6_Deck19,Gen6_Deck16,Gen6_Deck19,1,0,58.05064916610718,3056713,Gen6_Match267_1752258435.txt,,2025-07-11T19:27:00.614171
6,Gen6_Match269_1752258435,Gen6_Deck16,Gen6_Deck21,Gen6_Deck16,1,0,21.14188504219055,3056712,Gen6_Match269_1752258435.txt,,2025-07-11T19:27:01.984085
6,Gen6_Match270_1752258435,Gen6_Deck22,Gen6_Deck16,Gen6_Deck16,0,1,25.7876455783844,3056714,Gen6_Match270_1752258435.txt,,2025-07-11T19:27:11.972513
6,Gen6_Match272_1752258435,Gen6_Deck16,Gen6_Deck24,Gen6_Deck24,0,1,35.56239438056946,3056712,Gen6_Match272_1752258435.txt,,2025-07-11T19:27:37.547026
6,Gen6_Match271_1752258435,Gen6_Deck23,Gen6_Deck16,Gen6_Deck16,0,1,37.69729280471802,3056713,Gen6_Match271_1752258435.txt,,2025-07-11T19:27:38.311990
6,Gen6_Match273_1752258435,Gen6_Deck17,Gen6_Deck18,Gen6_Deck17,1,0,43.115429401397705,3056714,Gen6_Match273_1752258435.txt,,2025-07-11T19:27:55.088445
6,Gen6_Match275_1752258435,Gen6_Deck20,Gen6_Deck17,Gen6_Deck17,0,1,31.208213090896606,3056713,Gen6_Match275_1752258435.txt,,2025-07-11T19:28:09.520724
6,Gen6_Match276_1752258435,Gen6_Deck21,Gen6_Deck17,Gen6_Deck17,0,1,47.43549919128418,3056714,Gen6_Match276_1752258435.txt,,2025-07-11T19:28:42.524430
6,Gen6_Match277_1752258435,Gen6_Deck17,Gen6_Deck22,Gen6_Deck17,1,0,38.11131739616394,3056713,Gen6_Match277_1752258435.txt,,2025-07-11T19:28:47.632554
6,Gen6_Match278_1752258435,Gen6_Deck17,Gen6_Deck23,Gen6_Deck17,1,0,22.33433747291565,3056714,Gen6_Match278_1752258435.txt,,2025-07-11T19:29:04.859222
6,Gen6_Match279_1752258435,Gen6_Deck24,Gen6_Deck17,Gen6_Deck24,1,0,40.06713652610779,3056713,Gen6_Match279_1752258435.txt,,2025-07-11T19:29:27.700227
6,Gen6_Match280_1752258435,Gen6_Deck19,Gen6_Deck18,Gen6_Deck19,1,0,25.139301538467407,3056714,Gen6_Match280_1752258435.txt,,2025-07-11T19:29:29.999082
6,Gen6_Match274_1752258435,Gen6_Deck17,Gen6_Deck19,Gen6_Deck19,0,1,127.04131245613098,3056712,Gen6_Match274_1752258435.txt,,2025-07-11T19:29:44.589018
6,Gen6_Match282_1752258435,Gen6_Deck18,Gen6_Deck21,Gen6_Deck18,1,0,21.168976545333862,3056714,Gen6_Match282_1752258435.txt,,2025-07-11T19:29:51.168523
6,Gen6_Match283_1752258435,Gen6_Deck22,Gen6_Deck18,Gen6_Deck18,0,1,27.231101274490356,3056712,Gen6_Match283_1752258435.txt,,2025-07-11T19:30:11.820639
6,Gen6_Match284_1752258435,Gen6_Deck23,Gen6_Deck18,Gen6_Deck23,1,0,29.771772623062134,3056714,Gen6_Match284_1752258435.txt,,2025-07-11T19:30:20.940983
6,Gen6_Match281_1752258435,Gen6_Deck18,Gen6_Deck20,Gen6_Deck20,0,1,58.86981678009033,3056713,Gen6_Match281_1752258435.txt,,2025-07-11T19:30:26.570524
6,Gen6_Match285_1752258435,Gen6_Deck18,Gen6_Deck24,Gen6_Deck24,0,1,25.50513195991516,3056712,Gen6_Match285_1752258435.txt,,2025-07-11T19:30:37.326271
6,Gen6_Match286_1752258435,Gen6_Deck19,Gen6_Deck20,Gen6_Deck19,1,0,31.417752265930176,3056714,Gen6_Match286_1752258435.txt,,2025-07-11T19:30:52.359256
6,Gen6_Match287_1752258435,Gen6_Deck19,Gen6_Deck21,Gen6_Deck21,0,1,34.96957755088806,3056713,Gen6_Match287_1752258435.txt,,2025-07-11T19:31:01.540680
6,Gen6_Match288_1752258435,Gen6_Deck22,Gen6_Deck19,Gen6_Deck22,1,0,28.67879891395569,3056712,Gen6_Match288_1752258435.txt,,2025-07-11T19:31:06.005575
6,Gen6_Match289_1752258435,Gen6_Deck19,Gen6_Deck23,Gen6_Deck23,0,1,34.273669958114624,3056714,Gen6_Match289_1752258435.txt,,2025-07-11T19:31:26.633399
6,Gen6_Match291_1752258435,Gen6_Deck21,Gen6_Deck20,Gen6_Deck20,0,1,24.243372201919556,3056712,Gen6_Match291_1752258435.txt,,2025-07-11T19:31:30.249419
6,Gen6_Match290_1752258435,Gen6_Deck24,Gen6_Deck19,Gen6_Deck24,1,0,29.55426597595215,3056713,Gen6_Match290_1752258435.txt,,2025-07-11T19:31:31.095393
6,Gen6_Match292_1752258435,Gen6_Deck20,Gen6_Deck22,Gen6_Deck20,1,0,31.798389434814453,3056714,Gen6_Match292_1752258435.txt,,2025-07-11T19:31:58.432276
6,Gen6_Match293_1752258435,Gen6_Deck20,Gen6_Deck23,Gen6_Deck23,0,1,30.725269556045532,3056712,Gen6_Match293_1752258435.txt,,2025-07-11T19:32:00.975170
6,Gen6_Match294_1752258435,Gen6_Deck24,Gen6_Deck20,Gen6_Deck24,1,0,46.094849824905396,3056713,Gen6_Match294_1752258435.txt,,2025-07-11T19:32:17.190759
6,Gen6_Match297_1752258435,Gen6_Deck21,Gen6_Deck24,Gen6_Deck24,0,1,22.7494535446167,3056713,Gen6_Match297_1752258435.txt,,2025-07-11T19:32:39.940673
6,Gen6_Match295_1752258435,Gen6_Deck22,Gen6_Deck21,Gen6_Deck22,1,0,51.58364701271057,3056714,Gen6_Match295_1752258435.txt,,2025-07-11T19:32:50.016435
6,Gen6_Match296_1752258435,Gen6_Deck23,Gen6_Deck21,Gen6_Deck23,1,0,60.564918994903564,3056712,Gen6_Match296_1752258435.txt,,2025-07-11T19:33:01.540591
6,Gen6_Match298_1752258435,Gen6_Deck22,Gen6_Deck23,Gen6_Deck22,1,0,36.858421087265015,3056713,Gen6_Match298_1752258435.txt,,2025-07-11T19:33:16.799532
6,Gen6_Match299_1752258435,Gen6_Deck24,Gen6_Deck22,Gen6_Deck24,1,0,26.952783346176147,3056714,Gen6_Match299_1752258435.txt,,2025-07-11T19:33:16.969718
6,Gen6_Match300_1752258435,Gen6_Deck23,Gen6_Deck24,Gen6_Deck23,1,0,23.594729900360107,3056712,Gen6_Match300_1752258435.txt,,2025-07-11T19:33:25.136012
7,Gen7_Match1_1752262405,Gen7_Deck1,Gen7_Deck0,Gen7_Deck0,0,1,33.32486271858215,3183990,Gen7_Match1_1752262405.txt,,2025-07-11T19:33:58.502377
7,Gen7_Match3_1752262405,Gen7_Deck3,Gen7_Deck0,Gen7_Deck0,0,1,59.11750674247742,3183992,Gen7_Match3_1752262405.txt,,2025-07-11T19:34:24.297804
7,Gen7_Match4_1752262405,Gen7_Deck0,Gen7_Deck4,Gen7_Deck4,0,1,36.92176651954651,3183990,Gen7_Match4_1752262405.txt,,2025-07-11T19:34:35.425150
7,Gen7_Match5_1752262405,Gen7_Deck5,Gen7_Deck0,Gen7_Deck5,1,0,20.44582176208496,3183992,Gen7_Match5_1752262405.txt,,2025-07-11T19:34:44.744378
7,Gen7_Match6_1752262405,Gen7_Deck6,Gen7_Deck0,Gen7_Deck6,1,0,27.43926453590393,3183990,Gen7_Match6_1752262405.txt,,2025-07-11T19:35:02.865059
7,Gen7_Match2_1752262405,Gen7_Deck0,Gen7_Deck2,Gen7_Deck0,1,0,101.31469655036926,3183991,Gen7_Match2_1752262405.txt,,2025-07-11T19:35:06.493151
7,Gen7_Match8_1752262405,Gen7_Deck0,Gen7_Deck8,Gen7_Deck8,0,1,31.344725370407104,3183990,Gen7_Match8_1752262405.txt,,2025-07-11T19:35:34.210357
7,Gen7_Match7_1752262405,Gen7_Deck7,Gen7_Deck0,Gen7_Deck0,0,1,75.77498173713684,3183992,Gen7_Match7_1752262405.txt,,2025-07-11T19:36:00.519925
7,Gen7_Match10_1752262405,Gen7_Deck10,Gen7_Deck0,Gen7_Deck0,0,1,39.19114708900452,3183990,Gen7_Match10_1752262405.txt,,2025-07-11T19:36:13.402012
7,Gen7_Match12_1752262405,Gen7_Deck0,Gen7_Deck12,Gen7_Deck12,0,1,26.471750020980835,3183990,Gen7_Match12_1752262405.txt,,2025-07-11T19:36:39.874243
7,Gen7_Match9_1752262405,Gen7_Deck9,Gen7_Deck0,Gen7_Deck9,1,0,105.48593258857727,3183991,Gen7_Match9_1752262405.txt,,2025-07-11T19:36:51.980112
7,Gen7_Match13_1752262405,Gen7_Deck13,Gen7_Deck0,Gen7_Deck0,0,1,30.825778245925903,3183990,Gen7_Match13_1752262405.txt,,2025-07-11T19:37:10.700526
7,Gen7_Match14_1752262405,Gen7_Deck0,Gen7_Deck14,Gen7_Deck0,1,0,24.332225799560547,3183991,Gen7_Match14_1752262405.txt,,2025-07-11T19:37:16.312875
7,Gen7_Match11_1752262405,Gen7_Deck0,Gen7_Deck11,Gen7_Deck11,0,1,79.56573009490967,3183992,Gen7_Match11_1752262405.txt,,2025-07-11T19:37:20.086298
7,Gen7_Match16_1752262405,Gen7_Deck16,Gen7_Deck0,Gen7_Deck16,1,0,30.42714524269104,3183991,Gen7_Match16_1752262405.txt,,2025-07-11T19:37:46.740520
7,Gen7_Match17_1752262405,Gen7_Deck17,Gen7_Deck0,Gen7_Deck17,1,0,34.1565477848053,3183992,Gen7_Match17_1752262405.txt,,2025-07-11T19:37:54.243341
7,Gen7_Match15_1752262405,Gen7_Deck0,Gen7_Deck15,Gen7_Deck0,1,0,56.29115009307861,3183990,Gen7_Match15_1752262405.txt,,2025-07-11T19:38:06.992258
7,Gen7_Match19_1752262405,Gen7_Deck0,Gen7_Deck19,Gen7_Deck19,0,1,39.32862448692322,3183992,Gen7_Match19_1752262405.txt,,2025-07-11T19:38:33.572445
7,Gen7_Match20_1752262405,Gen7_Deck20,Gen7_Deck0,Gen7_Deck20,1,0,33.73084354400635,3183990,Gen7_Match20_1752262405.txt,,2025-07-11T19:38:40.723618
7,Gen7_Match18_1752262405,Gen7_Deck0,Gen7_Deck18,Gen7_Deck18,0,1,61.147462368011475,3183991,Gen7_Match18_1752262405.txt,,2025-07-11T19:38:47.888530
7,Gen7_Match21_1752262405,Gen7_Deck0,Gen7_Deck21,Gen7_Deck0,1,0,26.307530403137207,3183992,Gen7_Match21_1752262405.txt,,2025-07-11T19:38:59.880432
7,Gen7_Match22_1752262405,Gen7_Deck0,Gen7_Deck22,Gen7_Deck0,1,0,39.61639928817749,3183990,Gen7_Match22_1752262405.txt,,2025-07-11T19:39:20.340520
7,Gen7_Match24_1752262405,Gen7_Deck24,Gen7_Deck0,Gen7_Deck24,1,0,24.583367586135864,3183992,Gen7_Match24_1752262405.txt,,2025-07-11T19:39:24.464261
7,Gen7_Match23_1752262405,Gen7_Deck0,Gen7_Deck23,Gen7_Deck0,1,0,50.91768026351929,3183991,Gen7_Match23_1752262405.txt,,2025-07-11T19:39:38.806777
7,Gen7_Match25_1752262405,Gen7_Deck2,Gen7_Deck1,Gen7_Deck1,0,1,39.430962562561035,3183990,Gen7_Match25_1752262405.txt,,2025-07-11T19:39:59.772035
7,Gen7_Match27_1752262405,Gen7_Deck1,Gen7_Deck4,Gen7_Deck1,1,0,26.069201231002808,3183991,Gen7_Match27_1752262405.txt,,2025-07-11T19:40:04.876488
7,Gen7_Match26_1752262405,Gen7_Deck1,Gen7_Deck3,Gen7_Deck3,0,1,44.46367383003235,3183992,Gen7_Match26_1752262405.txt,,2025-07-11T19:40:08.928445
7,Gen7_Match28_1752262405,Gen7_Deck5,Gen7_Deck1,Gen7_Deck5,1,0,30.8470516204834,3183990,Gen7_Match28_1752262405.txt,,2025-07-11T19:40:30.619574
7,Gen7_Match30_1752262405,Gen7_Deck1,Gen7_Deck7,Gen7_Deck7,0,1,34.30153727531433,3183992,Gen7_Match30_1752262405.txt,,2025-07-11T19:40:43.230483
7,Gen7_Match29_1752262405,Gen7_Deck6,Gen7_Deck1,Gen7_Deck6,1,0,50.86601662635803,3183991,Gen7_Match29_1752262405.txt,,2025-07-11T19:40:55.743117
7,Gen7_Match31_1752262405,Gen7_Deck8,Gen7_Deck1,Gen7_Deck8,1,0,30.90559959411621,3183990,Gen7_Match31_1752262405.txt,,2025-07-11T19:41:01.525659
7,Gen7_Match32_1752262405,Gen7_Deck9,Gen7_Deck1,Gen7_Deck9,1,0,36.24556756019592,3183992,Gen7_Match32_1752262405.txt,,2025-07-11T19:41:19.476546
7,Gen7_Match33_1752262405,Gen7_Deck1,Gen7_Deck10,Gen7_Deck1,1,0,63.90984606742859,3183991,Gen7_Match33_1752262405.txt,,2025-07-11T19:41:59.653590
7,Gen7_Match34_1752262405,Gen7_Deck1,Gen7_Deck11,Gen7_Deck1,1,0,73.17027449607849,3183990,Gen7_Match34_1752262405.txt,,2025-07-11T19:42:14.696416
7,Gen7_Match36_1752262405,Gen7_Deck13,Gen7_Deck1,Gen7_Deck1,0,1,28.254589080810547,3183991,Gen7_Match36_1752262405.txt,,2025-07-11T19:42:27.908757
7,Gen7_Match35_1752262405,Gen7_Deck12,Gen7_Deck1,Gen7_Deck1,0,1,91.76154232025146,3183992,Gen7_Match35_1752262405.txt,,2025-07-11T19:42:51.238706
7,Gen7_Match38_1752262405,Gen7_Deck15,Gen7_Deck1,Gen7_Deck1,0,1,24.582422494888306,3183991,Gen7_Match38_1752262405.txt,,2025-07-11T19:42:52.491663
7,Gen7_Match37_1752262405,Gen7_Deck1,Gen7_Deck14,Gen7_Deck1,1,0,41.88682770729065,3183990,Gen7_Match37_1752262405.txt,,2025-07-11T19:42:56.583851
7,Gen7_Match40_1752262405,Gen7_Deck1,Gen7_Deck17,Gen7_Deck1,1,0,29.784099340438843,3183991,Gen7_Match40_1752262405.txt,,2025-07-11T19:43:22.276276
7,Gen7_Match39_1752262405,Gen7_Deck16,Gen7_Deck1,Gen7_Deck1,0,1,41.335983991622925,3183992,Gen7_Match39_1752262405.txt,,2025-07-11T19:43:32.575263
7,Gen7_Match41_1752262405,Gen7_Deck1,Gen7_Deck18,Gen7_Deck1,1,0,43.460066080093384,3183990,Gen7_Match41_1752262405.txt,,2025-07-11T19:43:40.044471
7,Gen7_Match43_1752262405,Gen7_Deck20,Gen7_Deck1,Gen7_Deck1,0,1,28.750216007232666,3183992,Gen7_Match43_1752262405.txt,,2025-07-11T19:44:01.325975
7,Gen7_Match44_1752262405,Gen7_Deck1,Gen7_Deck21,Gen7_Deck1,1,0,40.183666944503784,3183990,Gen7_Match44_1752262405.txt,,2025-07-11T19:44:20.228646
7,Gen7_Match42_1752262405,Gen7_Deck19,Gen7_Deck1,Gen7_Deck19,1,0,58.23935866355896,3183991,Gen7_Match42_1752262405.txt,,2025-07-11T19:44:20.516168
7,Gen7_Match45_1752262405,Gen7_Deck22,Gen7_Deck1,Gen7_Deck1,0,1,26.130193948745728,3183992,Gen7_Match45_1752262405.txt,,2025-07-11T19:44:27.456628
7,Gen7_Match46_1752262405,Gen7_Deck23,Gen7_Deck1,Gen7_Deck23,1,0,30.056076526641846,3183990,Gen7_Match46_1752262405.txt,,2025-07-11T19:44:50.285209
7,Gen7_Match47_1752262405,Gen7_Deck1,Gen7_Deck24,Gen7_Deck24,0,1,30.1114239692688,3183991,Gen7_Match47_1752262405.txt,,2025-07-11T19:44:50.628067
7,Gen7_Match48_1752262405,Gen7_Deck3,Gen7_Deck2,Gen7_Deck2,0,1,31.031282424926758,3183992,Gen7_Match48_1752262405.txt,,2025-07-11T19:44:58.488396
7,Gen7_Match49_1752262405,Gen7_Deck4,Gen7_Deck2,Gen7_Deck4,1,0,28.780805587768555,3183990,Gen7_Match49_1752262405.txt,,2025-07-11T19:45:19.066470
7,Gen7_Match51_1752262405,Gen7_Deck6,Gen7_Deck2,Gen7_Deck2,0,1,31.512970685958862,3183992,Gen7_Match51_1752262405.txt,,2025-07-11T19:45:30.001837
7,Gen7_Match50_1752262405,Gen7_Deck2,Gen7_Deck5,Gen7_Deck5,0,1,68.0048041343689,3183991,Gen7_Match50_1752262405.txt,,2025-07-11T19:45:58.633491
7,Gen7_Match52_1752262405,Gen7_Deck7,Gen7_Deck2,Gen7_Deck7,1,0,45.48663139343262,3183990,Gen7_Match52_1752262405.txt,,2025-07-11T19:46:04.553591
7,Gen7_Match53_1752262405,Gen7_Deck2,Gen7_Deck8,Gen7_Deck2,1,0,45.25435185432434,3183992,Gen7_Match53_1752262405.txt,,2025-07-11T19:46:15.256781
7,Gen7_Match54_1752262405,Gen7_Deck2,Gen7_Deck9,Gen7_Deck9,0,1,34.08904480934143,3183991,Gen7_Match54_1752262405.txt,,2025-07-11T19:46:32.723093
7,Gen7_Match55_1752262405,Gen7_Deck10,Gen7_Deck2,Gen7_Deck10,1,0,40.80639958381653,3183990,Gen7_Match55_1752262405.txt,,2025-07-11T19:46:45.360528
7,Gen7_Match56_1752262405,Gen7_Deck11,Gen7_Deck2,Gen7_Deck11,1,0,37.47531056404114,3183992,Gen7_Match56_1752262405.txt,,2025-07-11T19:46:52.732620
7,Gen7_Match57_1752262405,Gen7_Deck2,Gen7_Deck12,Gen7_Deck2,1,0,26.824174165725708,3183991,Gen7_Match57_1752262405.txt,,2025-07-11T19:46:59.547731
7,Gen7_Match60_1752262405,Gen7_Deck2,Gen7_Deck15,Gen7_Deck2,1,0,24.086973190307617,3183991,Gen7_Match60_1752262405.txt,,2025-07-11T19:47:23.635110
7,Gen7_Match58_1752262405,Gen7_Deck13,Gen7_Deck2,Gen7_Deck13,1,0,42.291622161865234,3183990,Gen7_Match58_1752262405.txt,,2025-07-11T19:47:27.652681
7,Gen7_Match59_1752262405,Gen7_Deck14,Gen7_Deck2,Gen7_Deck14,1,0,50.24445676803589,3183992,Gen7_Match59_1752262405.txt,,2025-07-11T19:47:42.977696
7,Gen7_Match61_1752262405,Gen7_Deck2,Gen7_Deck16,Gen7_Deck2,1,0,25.012808084487915,3183991,Gen7_Match61_1752262405.txt,,2025-07-11T19:47:48.648387
7,Gen7_Match62_1752262405,Gen7_Deck17,Gen7_Deck2,Gen7_Deck17,1,0,25.72795557975769,3183990,Gen7_Match62_1752262405.txt,,2025-07-11T19:47:53.381170
7,Gen7_Match63_1752262405,Gen7_Deck18,Gen7_Deck2,Gen7_Deck2,0,1,31.094219207763672,3183992,Gen7_Match63_1752262405.txt,,2025-07-11T19:48:14.072405
7,Gen7_Match64_1752262405,Gen7_Deck2,Gen7_Deck19,Gen7_Deck19,0,1,27.51693820953369,3183991,Gen7_Match64_1752262405.txt,,2025-07-11T19:48:16.165834
7,Gen7_Match65_1752262405,Gen7_Deck20,Gen7_Deck2,Gen7_Deck2,0,1,28.978904962539673,3183990,Gen7_Match65_1752262405.txt,,2025-07-11T19:48:22.360586
7,Gen7_Match67_1752262405,Gen7_Deck2,Gen7_Deck22,Gen7_Deck2,1,0,30.44284963607788,3183991,Gen7_Match67_1752262405.txt,,2025-07-11T19:48:46.609197
7,Gen7_Match66_1752262405,Gen7_Deck21,Gen7_Deck2,Gen7_Deck21,1,0,32.98752498626709,3183992,Gen7_Match66_1752262405.txt,,2025-07-11T19:48:47.060432
7,Gen7_Match70_1752262405,Gen7_Deck3,Gen7_Deck4,Gen7_Deck4,0,1,24.734731912612915,3183992,Gen7_Match70_1752262405.txt,,2025-07-11T19:49:11.795637
7,Gen7_Match68_1752262405,Gen7_Deck2,Gen7_Deck23,Gen7_Deck2,1,0,53.24333882331848,3183990,Gen7_Match68_1752262405.txt,,2025-07-11T19:49:15.604506
7,Gen7_Match69_1752262405,Gen7_Deck24,Gen7_Deck2,Gen7_Deck2,0,1,38.98154354095459,3183991,Gen7_Match69_1752262405.txt,,2025-07-11T19:49:25.591284
7,Gen7_Match71_1752262405,Gen7_Deck5,Gen7_Deck3,Gen7_Deck3,0,1,38.90800070762634,3183992,Gen7_Match71_1752262405.txt,,2025-07-11T19:49:50.704133
7,Gen7_Match73_1752262405,Gen7_Deck3,Gen7_Deck7,Gen7_Deck7,0,1,31.509953498840332,3183991,Gen7_Match73_1752262405.txt,,2025-07-11T19:49:57.101712
7,Gen7_Match74_1752262405,Gen7_Deck8,Gen7_Deck3,Gen7_Deck8,1,0,23.972057104110718,3183992,Gen7_Match74_1752262405.txt,,2025-07-11T19:50:14.676665
7,Gen7_Match75_1752262405,Gen7_Deck9,Gen7_Deck3,Gen7_Deck9,1,0,30.24980139732361,3183991,Gen7_Match75_1752262405.txt,,2025-07-11T19:50:27.352302
7,Gen7_Match76_1752262405,Gen7_Deck3,Gen7_Deck10,Gen7_Deck10,0,1,28.723202228546143,3183992,Gen7_Match76_1752262405.txt,,2025-07-11T19:50:43.400368
7,Gen7_Match72_1752262405,Gen7_Deck3,Gen7_Deck6,Gen7_Deck6,0,1,101.27425622940063,3183990,Gen7_Match72_1752262405.txt,,2025-07-11T19:50:56.879315
7,Gen7_Match79_1752262405,Gen7_Deck3,Gen7_Deck13,Gen7_Deck13,0,1,29.14111042022705,3183990,Gen7_Match79_1752262405.txt,,2025-07-11T19:51:26.020925
7,Gen7_Match77_1752262405,Gen7_Deck3,Gen7_Deck11,Gen7_Deck11,0,1,80.89159202575684,3183991,Gen7_Match77_1752262405.txt,,2025-07-11T19:51:48.244665
7,Gen7_Match80_1752262405,Gen7_Deck3,Gen7_Deck14,Gen7_Deck3,1,0,26.227166175842285,3183990,Gen7_Match80_1752262405.txt,,2025-07-11T19:51:52.248593
7,Gen7_Match81_1752262405,Gen7_Deck15,Gen7_Deck3,Gen7_Deck15,1,0,30.471323251724243,3183991,Gen7_Match81_1752262405.txt,,2025-07-11T19:52:18.716497
7,Gen7_Match82_1752262405,Gen7_Deck16,Gen7_Deck3,Gen7_Deck3,0,1,29.864501953125,3183990,Gen7_Match82_1752262405.txt,,2025-07-11T19:52:22.113602
7,Gen7_Match78_1752262405,Gen7_Deck12,Gen7_Deck3,Gen7_Deck12,1,0,118.67563700675964,3183992,Gen7_Match78_1752262405.txt,,2025-07-11T19:52:42.076704
7,Gen7_Match84_1752262405,Gen7_Deck3,Gen7_Deck18,Gen7_Deck3,1,0,21.025169372558594,3183990,Gen7_Match84_1752262405.txt,,2025-07-11T19:52:43.139225
7,Gen7_Match83_1752262405,Gen7_Deck3,Gen7_Deck17,Gen7_Deck17,0,1,33.695454835891724,3183991,Gen7_Match83_1752262405.txt,,2025-07-11T19:52:52.412480
7,Gen7_Match85_1752262405,Gen7_Deck19,Gen7_Deck3,Gen7_Deck3,0,1,30.21519684791565,3183992,Gen7_Match85_1752262405.txt,,2025-07-11T19:53:12.292441
7,Gen7_Match86_1752262405,Gen7_Deck3,Gen7_Deck20,Gen7_Deck3,1,0,44.69436860084534,3183990,Gen7_Match86_1752262405.txt,,2025-07-11T19:53:27.834172
7,Gen7_Match87_1752262405,Gen7_Deck3,Gen7_Deck21,Gen7_Deck3,1,0,35.45994782447815,3183991,Gen7_Match87_1752262405.txt,,2025-07-11T19:53:27.872939
7,Gen7_Match88_1752262405,Gen7_Deck22,Gen7_Deck3,Gen7_Deck3,0,1,30.74354648590088,3183992,Gen7_Match88_1752262405.txt,,2025-07-11T19:53:43.036505
7,Gen7_Match89_1752262405,Gen7_Deck23,Gen7_Deck3,Gen7_Deck3,0,1,33.68506932258606,3183990,Gen7_Match89_1752262405.txt,,2025-07-11T19:54:01.519743
7,Gen7_Match90_1752262405,Gen7_Deck3,Gen7_Deck24,Gen7_Deck3,1,0,45.33495759963989,3183991,Gen7_Match90_1752262405.txt,,2025-07-11T19:54:13.208380
7,Gen7_Match91_1752262405,Gen7_Deck4,Gen7_Deck5,Gen7_Deck5,0,1,41.596681118011475,3183992,Gen7_Match91_1752262405.txt,,2025-07-11T19:54:24.633711
7,Gen7_Match92_1752262405,Gen7_Deck6,Gen7_Deck4,Gen7_Deck4,0,1,39.24097943305969,3183990,Gen7_Match92_1752262405.txt,,2025-07-11T19:54:40.761323
7,Gen7_Match93_1752262405,Gen7_Deck7,Gen7_Deck4,Gen7_Deck4,0,1,33.855600118637085,3183991,Gen7_Match93_1752262405.txt,,2025-07-11T19:54:47.064476
7,Gen7_Match94_1752262405,Gen7_Deck4,Gen7_Deck8,Gen7_Deck4,1,0,31.129944562911987,3183992,Gen7_Match94_1752262405.txt,,2025-07-11T19:54:55.764120
7,Gen7_Match95_1752262405,Gen7_Deck4,Gen7_Deck9,Gen7_Deck4,1,0,27.363948345184326,3183990,Gen7_Match95_1752262405.txt,,2025-07-11T19:55:08.125750
7,Gen7_Match97_1752262405,Gen7_Deck4,Gen7_Deck11,Gen7_Deck4,1,0,34.43134307861328,3183992,Gen7_Match97_1752262405.txt,,2025-07-11T19:55:30.195987
7,Gen7_Match96_1752262405,Gen7_Deck10,Gen7_Deck4,Gen7_Deck10,1,0,53.215532541275024,3183991,Gen7_Match96_1752262405.txt,,2025-07-11T19:55:40.280963
7,Gen7_Match99_1752262405,Gen7_Deck13,Gen7_Deck4,Gen7_Deck13,1,0,22.30685329437256,3183992,Gen7_Match99_1752262405.txt,,2025-07-11T19:55:52.503305
7,Gen7_Match100_1752262405,Gen7_Deck14,Gen7_Deck4,Gen7_Deck14,1,0,31.94659948348999,3183991,Gen7_Match100_1752262405.txt,,2025-07-11T19:56:12.228263
7,Gen7_Match98_1752262405,Gen7_Deck4,Gen7_Deck12,Gen7_Deck4,1,0,76.76615571975708,3183990,Gen7_Match98_1752262405.txt,,2025-07-11T19:56:24.892470
7,Gen7_Match102_1752262405,Gen7_Deck4,Gen7_Deck16,Gen7_Deck4,1,0,23.80761432647705,3183991,Gen7_Match102_1752262405.txt,,2025-07-11T19:56:36.036311
7,Gen7_Match104_1752262405,Gen7_Deck4,Gen7_Deck18,Gen7_Deck4,1,0,29.554741382598877,3183991,Gen7_Match104_1752262405.txt,,2025-07-11T19:57:05.591535
7,Gen7_Match103_1752262405,Gen7_Deck17,Gen7_Deck4,Gen7_Deck4,0,1,42.985771894454956,3183990,Gen7_Match103_1752262405.txt,,2025-07-11T19:57:07.878874
7,Gen7_Match105_1752262405,Gen7_Deck4,Gen7_Deck19,Gen7_Deck4,1,0,28.528058767318726,3183991,Gen7_Match105_1752262405.txt,,2025-07-11T19:57:34.120070
7,Gen7_Match101_1752262405,Gen7_Deck4,Gen7_Deck15,Gen7_Deck4,1,0,132.28490018844604,3183992,Gen7_Match101_1752262405.txt,,2025-07-11T19:58:04.788799
7,Gen7_Match107_1752262405,Gen7_Deck21,Gen7_Deck4,Gen7_Deck4,0,1,51.05884552001953,3183991,Gen7_Match107_1752262405.txt,,2025-07-11T19:58:25.179409
7,Gen7_Match108_1752262405,Gen7_Deck4,Gen7_Deck22,Gen7_Deck22,0,1,21.750672578811646,3183992,Gen7_Match108_1752262405.txt,,2025-07-11T19:58:26.539961
7,Gen7_Match109_1752262405,Gen7_Deck23,Gen7_Deck4,Gen7_Deck4,0,1,29.742682695388794,3183991,Gen7_Match109_1752262405.txt,,2025-07-11T19:58:54.922558
7,Gen7_Match111_1752262405,Gen7_Deck5,Gen7_Deck6,Gen7_Deck6,0,1,20.471556663513184,3183991,Gen7_Match111_1752262405.txt,,2025-07-11T19:59:15.394542
7,Gen7_Match106_1752262405,Gen7_Deck20,Gen7_Deck4,Gen7_Deck20,1,0,130.8563199043274,3183990,Gen7_Match106_1752262405.txt,,2025-07-11T19:59:18.735812
7,Gen7_Match110_1752262405,Gen7_Deck24,Gen7_Deck4,Gen7_Deck24,1,0,58.254433155059814,3183992,Gen7_Match110_1752262405.txt,,2025-07-11T19:59:24.795022
7,Gen7_Match112_1752262405,Gen7_Deck7,Gen7_Deck5,Gen7_Deck5,0,1,24.41340684890747,3183991,Gen7_Match112_1752262405.txt,,2025-07-11T19:59:39.808383
7,Gen7_Match113_1752262405,Gen7_Deck5,Gen7_Deck8,Gen7_Deck5,1,0,24.33148765563965,3183990,Gen7_Match113_1752262405.txt,,2025-07-11T19:59:43.067763
7,Gen7_Match115_1752262405,Gen7_Deck10,Gen7_Deck5,Gen7_Deck5,0,1,30.381305694580078,3183991,Gen7_Match115_1752262405.txt,,2025-07-11T20:00:10.190144
7,Gen7_Match114_1752262405,Gen7_Deck9,Gen7_Deck5,Gen7_Deck9,1,0,48.634339570999146,3183992,Gen7_Match114_1752262405.txt,,2025-07-11T20:00:13.429888
7,Gen7_Match116_1752262405,Gen7_Deck11,Gen7_Deck5,Gen7_Deck11,1,0,35.18790793418884,3183990,Gen7_Match116_1752262405.txt,,2025-07-11T20:00:18.256166
7,Gen7_Match119_1752262405,Gen7_Deck5,Gen7_Deck14,Gen7_Deck14,0,1,27.868823051452637,3183990,Gen7_Match119_1752262405.txt,,2025-07-11T20:00:46.125501
7,Gen7_Match117_1752262405,Gen7_Deck5,Gen7_Deck12,Gen7_Deck5,1,0,45.88168239593506,3183991,Gen7_Match117_1752262405.txt,,2025-07-11T20:00:56.072453
7,Gen7_Match120_1752262405,Gen7_Deck5,Gen7_Deck15,Gen7_Deck5,1,0,24.057919025421143,3183990,Gen7_Match120_1752262405.txt,,2025-07-11T20:01:10.183913
7,Gen7_Match118_1752262405,Gen7_Deck13,Gen7_Deck5,Gen7_Deck13,1,0,65.33198976516724,3183992,Gen7_Match118_1752262405.txt,,2025-07-11T20:01:18.762357
7,Gen7_Match121_1752262405,Gen7_Deck5,Gen7_Deck16,Gen7_Deck5,1,0,34.34134793281555,3183991,Gen7_Match121_1752262405.txt,,2025-07-11T20:01:30.414338
7,Gen7_Match122_1752262405,Gen7_Deck17,Gen7_Deck5,Gen7_Deck17,1,0,35.131994009017944,3183990,Gen7_Match122_1752262405.txt,,2025-07-11T20:01:45.316389
7,Gen7_Match123_1752262405,Gen7_Deck5,Gen7_Deck18,Gen7_Deck18,0,1,33.13358235359192,3183992,Gen7_Match123_1752262405.txt,,2025-07-11T20:01:51.896370
7,Gen7_Match124_1752262405,Gen7_Deck5,Gen7_Deck19,Gen7_Deck5,1,0,42.769633054733276,3183991,Gen7_Match124_1752262405.txt,,2025-07-11T20:02:13.184499
7,Gen7_Match125_1752262405,Gen7_Deck20,Gen7_Deck5,Gen7_Deck5,0,1,31.53565764427185,3183990,Gen7_Match125_1752262405.txt,,2025-07-11T20:02:16.852522
7,Gen7_Match126_1752262405,Gen7_Deck21,Gen7_Deck5,Gen7_Deck5,0,1,29.516948699951172,3183992,Gen7_Match126_1752262405.txt,,2025-07-11T20:02:21.413780
7,Gen7_Match127_1752262405,Gen7_Deck5,Gen7_Deck22,Gen7_Deck22,0,1,29.664505004882812,3183991,Gen7_Match127_1752262405.txt,,2025-07-11T20:02:42.849463
7,Gen7_Match128_1752262405,Gen7_Deck5,Gen7_Deck23,Gen7_Deck23,0,1,26.107033252716064,3183990,Gen7_Match128_1752262405.txt,,2025-07-11T20:02:42.959986
7,Gen7_Match129_1752262405,Gen7_Deck24,Gen7_Deck5,Gen7_Deck24,1,0,31.774014949798584,3183992,Gen7_Match129_1752262405.txt,,2025-07-11T20:02:53.188281
7,Gen7_Match130_1752262405,Gen7_Deck6,Gen7_Deck7,Gen7_Deck6,1,0,35.9705855846405,3183991,Gen7_Match130_1752262405.txt,,2025-07-11T20:03:18.820511
7,Gen7_Match131_1752262405,Gen7_Deck8,Gen7_Deck6,Gen7_Deck6,0,1,37.84381461143494,3183990,Gen7_Match131_1752262405.txt,,2025-07-11T20:03:20.804261
7,Gen7_Match132_1752262405,Gen7_Deck9,Gen7_Deck6,Gen7_Deck6,0,1,47.92120814323425,3183992,Gen7_Match132_1752262405.txt,,2025-07-11T20:03:41.109997
7,Gen7_Match133_1752262405,Gen7_Deck6,Gen7_Deck10,Gen7_Deck6,1,0,22.628888607025146,3183991,Gen7_Match133_1752262405.txt,,2025-07-11T20:03:41.449809
7,Gen7_Match134_1752262405,Gen7_Deck6,Gen7_Deck11,Gen7_Deck6,1,0,29.355680227279663,3183990,Gen7_Match134_1752262405.txt,,2025-07-11T20:03:50.160428
7,Gen7_Match136_1752262405,Gen7_Deck13,Gen7_Deck6,Gen7_Deck6,0,1,31.426138639450073,3183991,Gen7_Match136_1752262405.txt,,2025-07-11T20:04:12.876381
7,Gen7_Match135_1752262405,Gen7_Deck12,Gen7_Deck6,Gen7_Deck6,0,1,32.66997838020325,3183992,Gen7_Match135_1752262405.txt,,2025-07-11T20:04:13.780496
7,Gen7_Match137_1752262405,Gen7_Deck6,Gen7_Deck14,Gen7_Deck6,1,0,32.51539325714111,3183990,Gen7_Match137_1752262405.txt,,2025-07-11T20:04:22.676292
7,Gen7_Match138_1752262405,Gen7_Deck15,Gen7_Deck6,Gen7_Deck15,1,0,31.93991732597351,3183991,Gen7_Match138_1752262405.txt,,2025-07-11T20:04:44.816774
7,Gen7_Match140_1752262405,Gen7_Deck6,Gen7_Deck17,Gen7_Deck6,1,0,46.447776794433594,3183990,Gen7_Match140_1752262405.txt,,2025-07-11T20:05:09.124604
7,Gen7_Match141_1752262405,Gen7_Deck6,Gen7_Deck18,Gen7_Deck6,1,0,30.779093980789185,3183991,Gen7_Match141_1752262405.txt,,2025-07-11T20:05:15.596347
7,Gen7_Match139_1752262405,Gen7_Deck16,Gen7_Deck6,Gen7_Deck16,1,0,90.5589952468872,3183992,Gen7_Match139_1752262405.txt,,2025-07-11T20:05:44.340121
7,Gen7_Match142_1752262405,Gen7_Deck19,Gen7_Deck6,Gen7_Deck19,1,0,36.096803188323975,3183990,Gen7_Match142_1752262405.txt,,2025-07-11T20:05:45.221885
7,Gen7_Match143_1752262405,Gen7_Deck20,Gen7_Deck6,Gen7_Deck6,0,1,42.091087341308594,3183991,Gen7_Match143_1752262405.txt,,2025-07-11T20:05:57.687913
7,Gen7_Match144_1752262405,Gen7_Deck6,Gen7_Deck21,Gen7_Deck6,1,0,39.73991560935974,3183992,Gen7_Match144_1752262405.txt,,2025-07-11T20:06:24.080585
7,Gen7_Match146_1752262405,Gen7_Deck23,Gen7_Deck6,Gen7_Deck23,1,0,27.291049003601074,3183991,Gen7_Match146_1752262405.txt,,2025-07-11T20:06:24.979463
7,Gen7_Match147_1752262405,Gen7_Deck6,Gen7_Deck24,Gen7_Deck6,1,0,25.07943844795227,3183992,Gen7_Match147_1752262405.txt,,2025-07-11T20:06:49.160490
7,Gen7_Match145_1752262405,Gen7_Deck22,Gen7_Deck6,Gen7_Deck6,0,1,69.57809519767761,3183990,Gen7_Match145_1752262405.txt,,2025-07-11T20:06:54.800541
7,Gen7_Match148_1752262405,Gen7_Deck7,Gen7_Deck8,Gen7_Deck7,1,0,32.21464419364929,3183991,Gen7_Match148_1752262405.txt,,2025-07-11T20:06:57.194571
7,Gen7_Match149_1752262405,Gen7_Deck7,Gen7_Deck9,Gen7_Deck7,1,0,28.41816282272339,3183992,Gen7_Match149_1752262405.txt,,2025-07-11T20:07:17.579133
7,Gen7_Match151_1752262405,Gen7_Deck11,Gen7_Deck7,Gen7_Deck7,0,1,28.665156841278076,3183991,Gen7_Match151_1752262405.txt,,2025-07-11T20:07:25.860189
7,Gen7_Match150_1752262405,Gen7_Deck10,Gen7_Deck7,Gen7_Deck10,1,0,32.55058741569519,3183990,Gen7_Match150_1752262405.txt,,2025-07-11T20:07:27.351673
7,Gen7_Match152_1752262405,Gen7_Deck7,Gen7_Deck12,Gen7_Deck12,0,1,24.14778733253479,3183992,Gen7_Match152_1752262405.txt,,2025-07-11T20:07:41.727381
7,Gen7_Match153_1752262405,Gen7_Deck13,Gen7_Deck7,Gen7_Deck7,0,1,31.63716173171997,3183991,Gen7_Match153_1752262405.txt,,2025-07-11T20:07:57.497837
7,Gen7_Match154_1752262405,Gen7_Deck14,Gen7_Deck7,Gen7_Deck14,1,0,39.052428245544434,3183990,Gen7_Match154_1752262405.txt,,2025-07-11T20:08:06.404630
7,Gen7_Match155_1752262405,Gen7_Deck7,Gen7_Deck15,Gen7_Deck15,0,1,40.663703203201294,3183992,Gen7_Match155_1752262405.txt,,2025-07-11T20:08:22.391611
7,Gen7_Match156_1752262405,Gen7_Deck7,Gen7_Deck16,Gen7_Deck16,0,1,30.387778997421265,3183991,Gen7_Match156_1752262405.txt,,2025-07-11T20:08:27.886077
7,Gen7_Match157_1752262405,Gen7_Deck17,Gen7_Deck7,Gen7_Deck7,0,1,33.25652503967285,3183990,Gen7_Match157_1752262405.txt,,2025-07-11T20:08:39.661798
7,Gen7_Match158_1752262405,Gen7_Deck7,Gen7_Deck18,Gen7_Deck7,1,0,25.823337078094482,3183992,Gen7_Match158_1752262405.txt,,2025-07-11T20:08:48.215418
7,Gen7_Match159_1752262405,Gen7_Deck7,Gen7_Deck19,Gen7_Deck7,1,0,26.929826974868774,3183991,Gen7_Match159_1752262405.txt,,2025-07-11T20:08:54.816347
7,Gen7_Match160_1752262405,Gen7_Deck20,Gen7_Deck7,Gen7_Deck7,0,1,26.44213366508484,3183990,Gen7_Match160_1752262405.txt,,2025-07-11T20:09:06.104413
7,Gen7_Match161_1752262405,Gen7_Deck21,Gen7_Deck7,Gen7_Deck7,0,1,33.63655161857605,3183992,Gen7_Match161_1752262405.txt,,2025-07-11T20:09:21.852451
7,Gen7_Match162_1752262405,Gen7_Deck7,Gen7_Deck22,Gen7_Deck22,0,1,28.00830388069153,3183991,Gen7_Match162_1752262405.txt,,2025-07-11T20:09:22.825139
7,Gen7_Match163_1752262405,Gen7_Deck7,Gen7_Deck23,Gen7_Deck23,0,1,30.56162667274475,3183990,Gen7_Match163_1752262405.txt,,2025-07-11T20:09:36.666512
7,Gen7_Match164_1752262405,Gen7_Deck24,Gen7_Deck7,Gen7_Deck7,0,1,25.52344822883606,3183992,Gen7_Match164_1752262405.txt,,2025-07-11T20:09:47.376343
7,Gen7_Match165_1752262405,Gen7_Deck9,Gen7_Deck8,Gen7_Deck8,0,1,36.93304967880249,3183991,Gen7_Match165_1752262405.txt,,2025-07-11T20:09:59.758661
7,Gen7_Match166_1752262405,Gen7_Deck8,Gen7_Deck10,Gen7_Deck8,1,0,33.26541614532471,3183990,Gen7_Match166_1752262405.txt,,2025-07-11T20:10:09.932403
7,Gen7_Match167_1752262405,Gen7_Deck8,Gen7_Deck11,Gen7_Deck8,1,0,26.792147397994995,3183992,Gen7_Match167_1752262405.txt,,2025-07-11T20:10:14.168962
7,Gen7_Match170_1752262405,Gen7_Deck8,Gen7_Deck14,Gen7_Deck14,0,1,23.137046813964844,3183992,Gen7_Match170_1752262405.txt,,2025-07-11T20:10:37.306452
7,Gen7_Match168_1752262405,Gen7_Deck12,Gen7_Deck8,Gen7_Deck8,0,1,73.16447257995605,3183991,Gen7_Match168_1752262405.txt,,2025-07-11T20:11:12.923967
7,Gen7_Match171_1752262405,Gen7_Deck15,Gen7_Deck8,Gen7_Deck15,1,0,36.49608564376831,3183992,Gen7_Match171_1752262405.txt,,2025-07-11T20:11:13.803086
7,Gen7_Match169_1752262405,Gen7_Deck8,Gen7_Deck13,Gen7_Deck13,0,1,77.53072381019592,3183990,Gen7_Match169_1752262405.txt,,2025-07-11T20:11:27.463693
7,Gen7_Match173_1752262405,Gen7_Deck8,Gen7_Deck17,Gen7_Deck17,0,1,41.23674035072327,3183992,Gen7_Match173_1752262405.txt,,2025-07-11T20:11:55.040371
7,Gen7_Match172_1752262405,Gen7_Deck16,Gen7_Deck8,Gen7_Deck16,1,0,43.98531770706177,3183991,Gen7_Match172_1752262405.txt,,2025-07-11T20:11:56.909841
7,Gen7_Match174_1752262405,Gen7_Deck8,Gen7_Deck18,Gen7_Deck18,0,1,45.99389624595642,3183990,Gen7_Match174_1752262405.txt,,2025-07-11T20:12:13.458133
7,Gen7_Match175_1752262405,Gen7_Deck19,Gen7_Deck8,Gen7_Deck19,1,0,26.454546213150024,3183992,Gen7_Match175_1752262405.txt,,2025-07-11T20:12:21.495437
7,Gen7_Match176_1752262405,Gen7_Deck8,Gen7_Deck20,Gen7_Deck8,1,0,28.177999258041382,3183991,Gen7_Match176_1752262405.txt,,2025-07-11T20:12:25.088301
7,Gen7_Match177_1752262405,Gen7_Deck8,Gen7_Deck21,Gen7_Deck21,0,1,24.05666995048523,3183990,Gen7_Match177_1752262405.txt,,2025-07-11T20:12:37.515224
7,Gen7_Match179_1752262405,Gen7_Deck23,Gen7_Deck8,Gen7_Deck8,0,1,22.556653022766113,3183991,Gen7_Match179_1752262405.txt,,2025-07-11T20:12:47.645350
7,Gen7_Match178_1752262405,Gen7_Deck22,Gen7_Deck8,Gen7_Deck22,1,0,30.851046085357666,3183992,Gen7_Match178_1752262405.txt,,2025-07-11T20:12:52.346964
7,Gen7_Match180_1752262405,Gen7_Deck8,Gen7_Deck24,Gen7_Deck24,0,1,31.11321473121643,3183990,Gen7_Match180_1752262405.txt,,2025-07-11T20:13:08.628864
7,Gen7_Match181_1752262405,Gen7_Deck10,Gen7_Deck9,Gen7_Deck9,0,1,27.59465479850769,3183991,Gen7_Match181_1752262405.txt,,2025-07-11T20:13:15.240433
7,Gen7_Match182_1752262405,Gen7_Deck9,Gen7_Deck11,Gen7_Deck11,0,1,26.03701376914978,3183992,Gen7_Match182_1752262405.txt,,2025-07-11T20:13:18.384426
7,Gen7_Match185_1752262405,Gen7_Deck14,Gen7_Deck9,Gen7_Deck14,1,0,26.723568201065063,3183992,Gen7_Match185_1752262405.txt,,2025-07-11T20:13:45.108501
7,Gen7_Match184_1752262405,Gen7_Deck13,Gen7_Deck9,Gen7_Deck9,0,1,30.81153964996338,3183991,Gen7_Match184_1752262405.txt,,2025-07-11T20:13:46.052453
7,Gen7_Match186_1752262405,Gen7_Deck9,Gen7_Deck15,Gen7_Deck15,0,1,31.679441452026367,3183992,Gen7_Match186_1752262405.txt,,2025-07-11T20:14:16.788458
7,Gen7_Match187_1752262405,Gen7_Deck9,Gen7_Deck16,Gen7_Deck16,0,1,31.85163640975952,3183991,Gen7_Match187_1752262405.txt,,2025-07-11T20:14:17.904587
7,Gen7_Match183_1752262405,Gen7_Deck9,Gen7_Deck12,Gen7_Deck9,1,0,80.48344659805298,3183990,Gen7_Match183_1752262405.txt,,2025-07-11T20:14:29.112879
7,Gen7_Match188_1752262405,Gen7_Deck17,Gen7_Deck9,Gen7_Deck9,0,1,25.912610054016113,3183992,Gen7_Match188_1752262405.txt,,2025-07-11T20:14:42.701547
7,Gen7_Match189_1752262405,Gen7_Deck9,Gen7_Deck18,Gen7_Deck9,1,0,54.232905626297,3183991,Gen7_Match189_1752262405.txt,,2025-07-11T20:15:12.138010
7,Gen7_Match191_1752262405,Gen7_Deck20,Gen7_Deck9,Gen7_Deck9,0,1,38.37997031211853,3183992,Gen7_Match191_1752262405.txt,,2025-07-11T20:15:21.082112
7,Gen7_Match190_1752262405,Gen7_Deck9,Gen7_Deck19,Gen7_Deck9,1,0,54.02722382545471,3183990,Gen7_Match190_1752262405.txt,,2025-07-11T20:15:23.140641
7,Gen7_Match192_1752262405,Gen7_Deck21,Gen7_Deck9,Gen7_Deck9,0,1,28.96246838569641,3183991,Gen7_Match192_1752262405.txt,,2025-07-11T20:15:41.100962
7,Gen7_Match193_1752262405,Gen7_Deck9,Gen7_Deck22,Gen7_Deck9,1,0,38.67740750312805,3183992,Gen7_Match193_1752262405.txt,,2025-07-11T20:15:59.760010
7,Gen7_Match194_1752262405,Gen7_Deck23,Gen7_Deck9,Gen7_Deck23,1,0,50.40660119056702,3183990,Gen7_Match194_1752262405.txt,,2025-07-11T20:16:13.547756
7,Gen7_Match195_1752262405,Gen7_Deck24,Gen7_Deck9,Gen7_Deck24,1,0,33.03133773803711,3183991,Gen7_Match195_1752262405.txt,,2025-07-11T20:16:14.132807
7,Gen7_Match196_1752262405,Gen7_Deck10,Gen7_Deck11,Gen7_Deck10,1,0,33.33598732948303,3183992,Gen7_Match196_1752262405.txt,,2025-07-11T20:16:33.096444
7,Gen7_Match198_1752262405,Gen7_Deck13,Gen7_Deck10,Gen7_Deck10,0,1,23.695247650146484,3183991,Gen7_Match198_1752262405.txt,,2025-07-11T20:16:37.828547
7,Gen7_Match197_1752262405,Gen7_Deck10,Gen7_Deck12,Gen7_Deck10,1,0,30.46408700942993,3183990,Gen7_Match197_1752262405.txt,,2025-07-11T20:16:44.012296
7,Gen7_Match200_1752262405,Gen7_Deck10,Gen7_Deck15,Gen7_Deck10,1,0,37.47174286842346,3183991,Gen7_Match200_1752262405.txt,,2025-07-11T20:17:15.300804
7,Gen7_Match199_1752262405,Gen7_Deck10,Gen7_Deck14,Gen7_Deck14,0,1,49.40347242355347,3183992,Gen7_Match199_1752262405.txt,,2025-07-11T20:17:22.500390
7,Gen7_Match202_1752262405,Gen7_Deck17,Gen7_Deck10,Gen7_Deck10,0,1,23.37011957168579,3183991,Gen7_Match202_1752262405.txt,,2025-07-11T20:17:38.671502
7,Gen7_Match203_1752262405,Gen7_Deck10,Gen7_Deck18,Gen7_Deck10,1,0,22.167479753494263,3183992,Gen7_Match203_1752262405.txt,,2025-07-11T20:17:44.668294
7,Gen7_Match205_1752262405,Gen7_Deck20,Gen7_Deck10,Gen7_Deck10,0,1,23.31986093521118,3183992,Gen7_Match205_1752262405.txt,,2025-07-11T20:18:07.988567
7,Gen7_Match204_1752262405,Gen7_Deck19,Gen7_Deck10,Gen7_Deck19,1,0,40.48052382469177,3183991,Gen7_Match204_1752262405.txt,,2025-07-11T20:18:19.152588
7,Gen7_Match207_1752262405,Gen7_Deck10,Gen7_Deck22,Gen7_Deck10,1,0,27.806217193603516,3183991,Gen7_Match207_1752262405.txt,,2025-07-11T20:18:46.959300
7,Gen7_Match201_1752262405,Gen7_Deck10,Gen7_Deck16,Gen7_Deck10,1,0,135.6553943157196,3183990,Gen7_Match201_1752262405.txt,,2025-07-11T20:18:59.668219
7,Gen7_Match208_1752262405,Gen7_Deck23,Gen7_Deck10,Gen7_Deck10,0,1,19.572817087173462,3183991,Gen7_Match208_1752262405.txt,,2025-07-11T20:19:06.532558
7,Gen7_Match206_1752262405,Gen7_Deck21,Gen7_Deck10,Gen7_Deck21,1,0,74.94022250175476,3183992,Gen7_Match206_1752262405.txt,,2025-07-11T20:19:22.929326
7,Gen7_Match210_1752262405,Gen7_Deck11,Gen7_Deck12,Gen7_Deck12,0,1,28.53884243965149,3183991,Gen7_Match210_1752262405.txt,,2025-07-11T20:19:35.071847
7,Gen7_Match212_1752262405,Gen7_Deck14,Gen7_Deck11,Gen7_Deck14,1,0,27.338017463684082,3183991,Gen7_Match212_1752262405.txt,,2025-07-11T20:20:02.410325
7,Gen7_Match213_1752262405,Gen7_Deck11,Gen7_Deck15,Gen7_Deck15,0,1,20.033610105514526,3183991,Gen7_Match213_1752262405.txt,,2025-07-11T20:20:22.444366
7,Gen7_Match211_1752262405,Gen7_Deck13,Gen7_Deck11,Gen7_Deck11,0,1,62.279245138168335,3183992,Gen7_Match211_1752262405.txt,,2025-07-11T20:20:25.209133
7,Gen7_Match214_1752262405,Gen7_Deck11,Gen7_Deck16,Gen7_Deck11,1,0,25.251607656478882,3183991,Gen7_Match214_1752262405.txt,,2025-07-11T20:20:47.696437
7,Gen7_Match209_1752262405,Gen7_Deck24,Gen7_Deck10,Gen7_Deck24,1,0,132.37187433242798,3183990,Gen7_Match209_1752262405.txt,,2025-07-11T20:21:12.040725
7,Gen7_Match215_1752262405,Gen7_Deck17,Gen7_Deck11,Gen7_Deck17,1,0,48.80287027359009,3183992,Gen7_Match215_1752262405.txt,,2025-07-11T20:21:14.012537
7,Gen7_Match216_1752262405,Gen7_Deck11,Gen7_Deck18,Gen7_Deck18,0,1,42.391064405441284,3183991,Gen7_Match216_1752262405.txt,,2025-07-11T20:21:30.088018
7,Gen7_Match218_1752262405,Gen7_Deck20,Gen7_Deck11,Gen7_Deck11,0,1,31.051384687423706,3183992,Gen7_Match218_1752262405.txt,,2025-07-11T20:21:45.064462
7,Gen7_Match217_1752262405,Gen7_Deck11,Gen7_Deck19,Gen7_Deck11,1,0,33.94442129135132,3183990,Gen7_Match217_1752262405.txt,,2025-07-11T20:21:45.985613
7,Gen7_Match219_1752262405,Gen7_Deck21,Gen7_Deck11,Gen7_Deck21,1,0,36.26959800720215,3183991,Gen7_Match219_1752262405.txt,,2025-07-11T20:22:06.358067
7,Gen7_Match221_1752262405,Gen7_Deck11,Gen7_Deck23,Gen7_Deck11,1,0,28.398136615753174,3183990,Gen7_Match221_1752262405.txt,,2025-07-11T20:22:14.384171
7,Gen7_Match220_1752262405,Gen7_Deck11,Gen7_Deck22,Gen7_Deck11,1,0,45.71778059005737,3183992,Gen7_Match220_1752262405.txt,,2025-07-11T20:22:30.782865
7,Gen7_Match223_1752262405,Gen7_Deck13,Gen7_Deck12,Gen7_Deck13,1,0,25.742679119110107,3183990,Gen7_Match223_1752262405.txt,,2025-07-11T20:22:40.127287
7,Gen7_Match222_1752262405,Gen7_Deck24,Gen7_Deck11,Gen7_Deck24,1,0,39.87392520904541,3183991,Gen7_Match222_1752262405.txt,,2025-07-11T20:22:46.232559
7,Gen7_Match225_1752262405,Gen7_Deck12,Gen7_Deck15,Gen7_Deck12,1,0,27.680643558502197,3183990,Gen7_Match225_1752262405.txt,,2025-07-11T20:23:07.808384
7,Gen7_Match227_1752262405,Gen7_Deck17,Gen7_Deck12,Gen7_Deck17,1,0,31.073610544204712,3183990,Gen7_Match227_1752262405.txt,,2025-07-11T20:23:38.882521
7,Gen7_Match228_1752262405,Gen7_Deck12,Gen7_Deck18,Gen7_Deck18,0,1,28.873603343963623,3183990,Gen7_Match228_1752262405.txt,,2025-07-11T20:24:07.757011
7,Gen7_Match229_1752262405,Gen7_Deck12,Gen7_Deck19,Gen7_Deck12,1,0,20.450536966323853,3183990,Gen7_Match229_1752262405.txt,,2025-07-11T20:24:28.208146
7,Gen7_Match224_1752262405,Gen7_Deck14,Gen7_Deck12,Gen7_Deck12,0,1,117.82936549186707,3183992,Gen7_Match224_1752262405.txt,,2025-07-11T20:24:28.612881
7,Gen7_Match226_1752262405,Gen7_Deck12,Gen7_Deck16,Gen7_Deck12,1,0,108.23165607452393,3183991,Gen7_Match226_1752262405.txt,,2025-07-11T20:24:34.465007
7,Gen7_Match230_1752262405,Gen7_Deck20,Gen7_Deck12,Gen7_Deck12,0,1,30.561557292938232,3183990,Gen7_Match230_1752262405.txt,,2025-07-11T20:24:58.770140
7,Gen7_Match232_1752262405,Gen7_Deck12,Gen7_Deck22,Gen7_Deck12,1,0,35.49083709716797,3183991,Gen7_Match232_1752262405.txt,,2025-07-11T20:25:09.956396
7,Gen7_Match234_1752262405,Gen7_Deck24,Gen7_Deck12,Gen7_Deck24,1,0,37.71096444129944,3183991,Gen7_Match234_1752262405.txt,,2025-07-11T20:25:47.667845
7,Gen7_Match233_1752262405,Gen7_Deck12,Gen7_Deck23,Gen7_Deck23,0,1,60.758254051208496,3183990,Gen7_Match233_1752262405.txt,,2025-07-11T20:25:59.528967
7,Gen7_Match231_1752262405,Gen7_Deck21,Gen7_Deck12,Gen7_Deck21,1,0,97.56707262992859,3183992,Gen7_Match231_1752262405.txt,,2025-07-11T20:26:06.180575
7,Gen7_Match235_1752262405,Gen7_Deck13,Gen7_Deck14,Gen7_Deck14,0,1,20.545839071273804,3183991,Gen7_Match235_1752262405.txt,,2025-07-11T20:26:08.214157
7,Gen7_Match238_1752262405,Gen7_Deck13,Gen7_Deck17,Gen7_Deck17,0,1,36.04581618309021,3183991,Gen7_Match238_1752262405.txt,,2025-07-11T20:26:44.260523
7,Gen7_Match236_1752262405,Gen7_Deck15,Gen7_Deck13,Gen7_Deck13,0,1,50.1608681678772,3183990,Gen7_Match236_1752262405.txt,,2025-07-11T20:26:49.690330
7,Gen7_Match237_1752262405,Gen7_Deck16,Gen7_Deck13,Gen7_Deck13,0,1,45.98325967788696,3183992,Gen7_Match237_1752262405.txt,,2025-07-11T20:26:52.164335
7,Gen7_Match239_1752262405,Gen7_Deck13,Gen7_Deck18,Gen7_Deck18,0,1,37.65820264816284,3183991,Gen7_Match239_1752262405.txt,,2025-07-11T20:27:21.919281
7,Gen7_Match241_1752262405,Gen7_Deck13,Gen7_Deck20,Gen7_Deck13,1,0,33.16670250892639,3183992,Gen7_Match241_1752262405.txt,,2025-07-11T20:27:25.331511
7,Gen7_Match240_1752262405,Gen7_Deck19,Gen7_Deck13,Gen7_Deck19,1,0,39.20885109901428,3183990,Gen7_Match240_1752262405.txt,,2025-07-11T20:27:28.899670
7,Gen7_Match242_1752262405,Gen7_Deck13,Gen7_Deck21,Gen7_Deck21,0,1,34.556687116622925,3183991,Gen7_Match242_1752262405.txt,,2025-07-11T20:27:56.476528
7,Gen7_Match243_1752262405,Gen7_Deck22,Gen7_Deck13,Gen7_Deck22,1,0,51.1125853061676,3183992,Gen7_Match243_1752262405.txt,,2025-07-11T20:28:16.444730
7,Gen7_Match245_1752262405,Gen7_Deck13,Gen7_Deck24,Gen7_Deck13,1,0,32.128087520599365,3183991,Gen7_Match245_1752262405.txt,,2025-07-11T20:28:28.605139
7,Gen7_Match246_1752262405,Gen7_Deck14,Gen7_Deck15,Gen7_Deck15,0,1,19.483057498931885,3183992,Gen7_Match246_1752262405.txt,,2025-07-11T20:28:35.928243
7,Gen7_Match247_1752262405,Gen7_Deck14,Gen7_Deck16,Gen7_Deck16,0,1,21.521777629852295,3183991,Gen7_Match247_1752262405.txt,,2025-07-11T20:28:50.127373
7,Gen7_Match248_1752262405,Gen7_Deck17,Gen7_Deck14,Gen7_Deck17,1,0,25.403770685195923,3183992,Gen7_Match248_1752262405.txt,,2025-07-11T20:29:01.332591
7,Gen7_Match250_1752262405,Gen7_Deck14,Gen7_Deck19,Gen7_Deck14,1,0,28.26504945755005,3183992,Gen7_Match250_1752262405.txt,,2025-07-11T20:29:29.598343
7,Gen7_Match244_1752262405,Gen7_Deck23,Gen7_Deck13,Gen7_Deck23,1,0,133.72039818763733,3183990,Gen7_Match244_1752262405.txt,,2025-07-11T20:29:42.620691
7,Gen7_Match251_1752262405,Gen7_Deck20,Gen7_Deck14,Gen7_Deck14,0,1,17.329335689544678,3183992,Gen7_Match251_1752262405.txt,,2025-07-11T20:29:46.928274
7,Gen7_Match249_1752262405,Gen7_Deck18,Gen7_Deck14,Gen7_Deck14,0,1,59.548065423965454,3183991,Gen7_Match249_1752262405.txt,,2025-07-11T20:29:49.676026
7,Gen7_Match252_1752262405,Gen7_Deck21,Gen7_Deck14,Gen7_Deck14,0,1,25.153653621673584,3183990,Gen7_Match252_1752262405.txt,,2025-07-11T20:30:07.774894
7,Gen7_Match255_1752262405,Gen7_Deck24,Gen7_Deck14,Gen7_Deck14,0,1,27.72906517982483,3183990,Gen7_Match255_1752262405.txt,,2025-07-11T20:30:35.504436
7,Gen7_Match253_1752262405,Gen7_Deck14,Gen7_Deck22,Gen7_Deck22,0,1,51.037097215652466,3183992,Gen7_Match253_1752262405.txt,,2025-07-11T20:30:37.965877
7,Gen7_Match256_1752262405,Gen7_Deck16,Gen7_Deck15,Gen7_Deck15,0,1,33.82079458236694,3183990,Gen7_Match256_1752262405.txt,,2025-07-11T20:31:09.325797
7,Gen7_Match257_1752262405,Gen7_Deck17,Gen7_Deck15,Gen7_Deck17,1,0,38.61891174316406,3183992,Gen7_Match257_1752262405.txt,,2025-07-11T20:31:16.585305
7,Gen7_Match259_1752262405,Gen7_Deck19,Gen7_Deck15,Gen7_Deck15,0,1,19.9148051738739,3183992,Gen7_Match259_1752262405.txt,,2025-07-11T20:31:36.500584
7,Gen7_Match254_1752262405,Gen7_Deck14,Gen7_Deck23,Gen7_Deck23,0,1,109.70247435569763,3183991,Gen7_Match254_1752262405.txt,,2025-07-11T20:31:39.379068
7,Gen7_Match258_1752262405,Gen7_Deck15,Gen7_Deck18,Gen7_Deck18,0,1,31.378803968429565,3183990,Gen7_Match258_1752262405.txt,,2025-07-11T20:31:40.705082
7,Gen7_Match261_1752262405,Gen7_Deck21,Gen7_Deck15,Gen7_Deck15,0,1,28.15889835357666,3183991,Gen7_Match261_1752262405.txt,,2025-07-11T20:32:07.538402
7,Gen7_Match260_1752262405,Gen7_Deck15,Gen7_Deck20,Gen7_Deck15,1,0,36.28568506240845,3183992,Gen7_Match260_1752262405.txt,,2025-07-11T20:32:12.786887
7,Gen7_Match262_1752262405,Gen7_Deck15,Gen7_Deck22,Gen7_Deck15,1,0,46.61244773864746,3183990,Gen7_Match262_1752262405.txt,,2025-07-11T20:32:27.318002
7,Gen7_Match264_1752262405,Gen7_Deck15,Gen7_Deck24,Gen7_Deck15,1,0,28.41663670539856,3183992,Gen7_Match264_1752262405.txt,,2025-07-11T20:32:41.204001
7,Gen7_Match265_1752262405,Gen7_Deck17,Gen7_Deck16,Gen7_Deck17,1,0,27.840272188186646,3183990,Gen7_Match265_1752262405.txt,,2025-07-11T20:32:55.158746
7,Gen7_Match266_1752262405,Gen7_Deck16,Gen7_Deck18,Gen7_Deck16,1,0,41.438631534576416,3183992,Gen7_Match266_1752262405.txt,,2025-07-11T20:33:22.643190
7,Gen7_Match268_1752262405,Gen7_Deck20,Gen7_Deck16,Gen7_Deck20,1,0,20.700836896896362,3183992,Gen7_Match268_1752262405.txt,,2025-07-11T20:33:43.344481
7,Gen7_Match269_1752262405,Gen7_Deck21,Gen7_Deck16,Gen7_Deck21,1,0,18.6646945476532,3183992,Gen7_Match269_1752262405.txt,,2025-07-11T20:34:02.009677
7,Gen7_Match267_1752262405,Gen7_Deck16,Gen7_Deck19,Gen7_Deck16,1,0,68.96116900444031,3183990,Gen7_Match267_1752262405.txt,,2025-07-11T20:34:04.120481
7,Gen7_Match263_1752262405,Gen7_Deck23,Gen7_Deck15,Gen7_Deck23,1,0,132.70972752571106,3183991,Gen7_Match263_1752262405.txt,,2025-07-11T20:34:20.248711
7,Gen7_Match271_1752262405,Gen7_Deck16,Gen7_Deck23,Gen7_Deck23,0,1,25.590042114257812,3183990,Gen7_Match271_1752262405.txt,,2025-07-11T20:34:29.710972
7,Gen7_Match270_1752262405,Gen7_Deck16,Gen7_Deck22,Gen7_Deck16,1,0,28.923763751983643,3183992,Gen7_Match270_1752262405.txt,,2025-07-11T20:34:30.933904
7,Gen7_Match272_1752262405,Gen7_Deck24,Gen7_Deck16,Gen7_Deck16,0,1,44.18235969543457,3183991,Gen7_Match272_1752262405.txt,,2025-07-11T20:35:04.431602
7,Gen7_Match274_1752262405,Gen7_Deck17,Gen7_Deck19,Gen7_Deck17,1,0,49.41307616233826,3183992,Gen7_Match274_1752262405.txt,,2025-07-11T20:35:20.347581
7,Gen7_Match275_1752262405,Gen7_Deck20,Gen7_Deck17,Gen7_Deck17,0,1,31.61238431930542,3183991,Gen7_Match275_1752262405.txt,,2025-07-11T20:35:36.044538
7,Gen7_Match276_1752262405,Gen7_Deck17,Gen7_Deck21,Gen7_Deck21,0,1,35.660438537597656,3183992,Gen7_Match276_1752262405.txt,,2025-07-11T20:35:56.008554
7,Gen7_Match277_1752262405,Gen7_Deck17,Gen7_Deck22,Gen7_Deck22,0,1,22.664323806762695,3183991,Gen7_Match277_1752262405.txt,,2025-07-11T20:35:58.709330
7,Gen7_Match279_1752262405,Gen7_Deck24,Gen7_Deck17,Gen7_Deck17,0,1,21.21349048614502,3183991,Gen7_Match279_1752262405.txt,,2025-07-11T20:36:19.923261
7,Gen7_Match273_1752262405,Gen7_Deck17,Gen7_Deck18,Gen7_Deck17,1,0,117.04101657867432,3183990,Gen7_Match273_1752262405.txt,,2025-07-11T20:36:26.752536
7,Gen7_Match278_1752262405,Gen7_Deck17,Gen7_Deck23,Gen7_Deck23,0,1,40.334919691085815,3183992,Gen7_Match278_1752262405.txt,,2025-07-11T20:36:36.344000
7,Gen7_Match282_1752262405,Gen7_Deck21,Gen7_Deck18,Gen7_Deck18,0,1,34.717156410217285,3183992,Gen7_Match282_1752262405.txt,,2025-07-11T20:37:11.061648
7,Gen7_Match281_1752262405,Gen7_Deck18,Gen7_Deck20,Gen7_Deck20,0,1,79.33932161331177,3183990,Gen7_Match281_1752262405.txt,,2025-07-11T20:37:46.092598
7,Gen7_Match283_1752262405,Gen7_Deck18,Gen7_Deck22,Gen7_Deck22,0,1,47.316417932510376,3183992,Gen7_Match283_1752262405.txt,,2025-07-11T20:37:58.378645
7,Gen7_Match284_1752262405,Gen7_Deck18,Gen7_Deck23,Gen7_Deck18,1,0,27.274752855300903,3183990,Gen7_Match284_1752262405.txt,,2025-07-11T20:38:13.367860
7,Gen7_Match285_1752262405,Gen7_Deck18,Gen7_Deck24,Gen7_Deck18,1,0,23.973243474960327,3183992,Gen7_Match285_1752262405.txt,,2025-07-11T20:38:22.352351
7,Gen7_Match280_1752262405,Gen7_Deck18,Gen7_Deck19,Gen7_Deck19,0,1,127.04865026473999,3183991,Gen7_Match280_1752262405.txt,,2025-07-11T20:38:26.972469
7,Gen7_Match286_1752262405,Gen7_Deck20,Gen7_Deck19,Gen7_Deck19,0,1,27.7562096118927,3183990,Gen7_Match286_1752262405.txt,,2025-07-11T20:38:41.124569
7,Gen7_Match287_1752262405,Gen7_Deck21,Gen7_Deck19,Gen7_Deck19,0,1,36.03580927848816,3183992,Gen7_Match287_1752262405.txt,,2025-07-11T20:38:58.388660
7,Gen7_Match288_1752262405,Gen7_Deck19,Gen7_Deck22,Gen7_Deck22,0,1,34.79400944709778,3183991,Gen7_Match288_1752262405.txt,,2025-07-11T20:39:01.766977
7,Gen7_Match289_1752262405,Gen7_Deck19,Gen7_Deck23,Gen7_Deck19,1,0,26.05461812019348,3183990,Gen7_Match289_1752262405.txt,,2025-07-11T20:39:07.179749
7,Gen7_Match291_1752262405,Gen7_Deck20,Gen7_Deck21,Gen7_Deck21,0,1,26.22041606903076,3183991,Gen7_Match291_1752262405.txt,,2025-07-11T20:39:27.987920
7,Gen7_Match293_1752262405,Gen7_Deck23,Gen7_Deck20,Gen7_Deck23,1,0,24.322339057922363,3183991,Gen7_Match293_1752262405.txt,,2025-07-11T20:39:52.310693
7,Gen7_Match294_1752262405,Gen7_Deck20,Gen7_Deck24,Gen7_Deck24,0,1,24.9445321559906,3183991,Gen7_Match294_1752262405.txt,,2025-07-11T20:40:17.255734
7,Gen7_Match292_1752262405,Gen7_Deck22,Gen7_Deck20,Gen7_Deck20,0,1,72.48427820205688,3183990,Gen7_Match292_1752262405.txt,,2025-07-11T20:40:19.664596
7,Gen7_Match295_1752262405,Gen7_Deck21,Gen7_Deck22,Gen7_Deck22,0,1,28.847028493881226,3183991,Gen7_Match295_1752262405.txt,,2025-07-11T20:40:46.103216
7,Gen7_Match297_1752262405,Gen7_Deck24,Gen7_Deck21,Gen7_Deck21,0,1,19.791993141174316,3183991,Gen7_Match297_1752262405.txt,,2025-07-11T20:41:05.895667
7,Gen7_Match290_1752262405,Gen7_Deck24,Gen7_Deck19,Gen7_Deck24,1,0,134.77133655548096,3183992,Gen7_Match290_1752262405.txt,,2025-07-11T20:41:13.160569
7,Gen7_Match298_1752262405,Gen7_Deck22,Gen7_Deck23,Gen7_Deck22,1,0,20.72010588645935,3183991,Gen7_Match298_1752262405.txt,,2025-07-11T20:41:26.616249
7,Gen7_Match299_1752262405,Gen7_Deck24,Gen7_Deck22,Gen7_Deck22,0,1,20.52631163597107,3183992,Gen7_Match299_1752262405.txt,,2025-07-11T20:41:33.687290
7,Gen7_Match296_1752262405,Gen7_Deck21,Gen7_Deck23,Gen7_Deck21,1,0,84.84733414649963,3183990,Gen7_Match296_1752262405.txt,,2025-07-11T20:41:44.512768
7,Gen7_Match300_1752262405,Gen7_Deck24,Gen7_Deck23,Gen7_Deck23,0,1,19.490617036819458,3183991,Gen7_Match300_1752262405.txt,,2025-07-11T20:41:46.107364
8,Gen8_Match1_1752266506,Gen8_Deck1,Gen8_Deck0,Gen8_Deck1,1,0,24.559983253479004,3313099,Gen8_Match1_1752266506.txt,,2025-07-11T20:42:10.711636
8,Gen8_Match3_1752266506,Gen8_Deck0,Gen8_Deck3,Gen8_Deck0,1,0,26.95937490463257,3313101,Gen8_Match3_1752266506.txt,,2025-07-11T20:42:13.116063
8,Gen8_Match2_1752266506,Gen8_Deck2,Gen8_Deck0,Gen8_Deck2,1,0,29.305593967437744,3313100,Gen8_Match2_1752266506.txt,,2025-07-11T20:42:15.460603
8,Gen8_Match4_1752266506,Gen8_Deck4,Gen8_Deck0,Gen8_Deck0,0,1,28.81602120399475,3313099,Gen8_Match4_1752266506.txt,,2025-07-11T20:42:39.528551
8,Gen8_Match6_1752266506,Gen8_Deck0,Gen8_Deck6,Gen8_Deck0,1,0,30.51830530166626,3313100,Gen8_Match6_1752266506.txt,,2025-07-11T20:42:45.979682
8,Gen8_Match5_1752266506,Gen8_Deck5,Gen8_Deck0,Gen8_Deck5,1,0,39.99185633659363,3313101,Gen8_Match5_1752266506.txt,,2025-07-11T20:42:53.108926
8,Gen8_Match7_1752266506,Gen8_Deck0,Gen8_Deck7,Gen8_Deck0,1,0,32.7101104259491,3313099,Gen8_Match7_1752266506.txt,,2025-07-11T20:43:12.239175
8,Gen8_Match8_1752266506,Gen8_Deck8,Gen8_Deck0,Gen8_Deck8,1,0,47.27628803253174,3313100,Gen8_Match8_1752266506.txt,,2025-07-11T20:43:33.256603
8,Gen8_Match10_1752266506,Gen8_Deck0,Gen8_Deck10,Gen8_Deck10,0,1,23.476064205169678,3313099,Gen8_Match10_1752266506.txt,,2025-07-11T20:43:35.715689
8,Gen8_Match9_1752266506,Gen8_Deck9,Gen8_Deck0,Gen8_Deck0,0,1,51.563024282455444,3313101,Gen8_Match9_1752266506.txt,,2025-07-11T20:43:44.672560
8,Gen8_Match12_1752266506,Gen8_Deck12,Gen8_Deck0,Gen8_Deck12,1,0,41.212422132492065,3313099,Gen8_Match12_1752266506.txt,,2025-07-11T20:44:16.928719
8,Gen8_Match13_1752266506,Gen8_Deck0,Gen8_Deck13,Gen8_Deck13,0,1,34.34346008300781,3313101,Gen8_Match13_1752266506.txt,,2025-07-11T20:44:19.016576
8,Gen8_Match11_1752266506,Gen8_Deck11,Gen8_Deck0,Gen8_Deck11,1,0,59.7682147026062,3313100,Gen8_Match11_1752266506.txt,,2025-07-11T20:44:33.025513
8,Gen8_Match14_1752266506,Gen8_Deck0,Gen8_Deck14,Gen8_Deck0,1,0,33.287397146224976,3313099,Gen8_Match14_1752266506.txt,,2025-07-11T20:44:50.216605
8,Gen8_Match15_1752266506,Gen8_Deck15,Gen8_Deck0,Gen8_Deck15,1,0,31.281121492385864,3313101,Gen8_Match15_1752266506.txt,,2025-07-11T20:44:50.298232
8,Gen8_Match16_1752266506,Gen8_Deck16,Gen8_Deck0,Gen8_Deck16,1,0,36.77462387084961,3313100,Gen8_Match16_1752266506.txt,,2025-07-11T20:45:09.800616
8,Gen8_Match17_1752266506,Gen8_Deck0,Gen8_Deck17,Gen8_Deck17,0,1,26.86741304397583,3313099,Gen8_Match17_1752266506.txt,,2025-07-11T20:45:17.084479
8,Gen8_Match18_1752266506,Gen8_Deck18,Gen8_Deck0,Gen8_Deck0,0,1,29.068655014038086,3313101,Gen8_Match18_1752266506.txt,,2025-07-11T20:45:19.367378
8,Gen8_Match20_1752266506,Gen8_Deck0,Gen8_Deck20,Gen8_Deck20,0,1,27.55400800704956,3313099,Gen8_Match20_1752266506.txt,,2025-07-11T20:45:44.639022
8,Gen8_Match19_1752266506,Gen8_Deck19,Gen8_Deck0,Gen8_Deck0,0,1,41.779521465301514,3313100,Gen8_Match19_1752266506.txt,,2025-07-11T20:45:51.580657
8,Gen8_Match21_1752266506,Gen8_Deck0,Gen8_Deck21,Gen8_Deck21,0,1,41.37252902984619,3313101,Gen8_Match21_1752266506.txt,,2025-07-11T20:46:00.740479
8,Gen8_Match23_1752266506,Gen8_Deck23,Gen8_Deck0,Gen8_Deck23,1,0,28.5445396900177,3313100,Gen8_Match23_1752266506.txt,,2025-07-11T20:46:20.125636
8,Gen8_Match22_1752266506,Gen8_Deck22,Gen8_Deck0,Gen8_Deck0,0,1,38.74111723899841,3313099,Gen8_Match22_1752266506.txt,,2025-07-11T20:46:23.380727
8,Gen8_Match26_1752266506,Gen8_Deck1,Gen8_Deck3,Gen8_Deck1,1,0,28.58729600906372,3313099,Gen8_Match26_1752266506.txt,,2025-07-11T20:46:51.968551
8,Gen8_Match24_1752266506,Gen8_Deck0,Gen8_Deck24,Gen8_Deck24,0,1,59.339707374572754,3313101,Gen8_Match24_1752266506.txt,,2025-07-11T20:47:00.080814
8,Gen8_Match27_1752266506,Gen8_Deck4,Gen8_Deck1,Gen8_Deck1,0,1,20.93141770362854,3313099,Gen8_Match27_1752266506.txt,,2025-07-11T20:47:12.900446
8,Gen8_Match25_1752266506,Gen8_Deck1,Gen8_Deck2,Gen8_Deck1,1,0,68.77060747146606,3313100,Gen8_Match25_1752266506.txt,,2025-07-11T20:47:28.896772
8,Gen8_Match28_1752266506,Gen8_Deck5,Gen8_Deck1,Gen8_Deck1,0,1,34.27515888214111,3313101,Gen8_Match28_1752266506.txt,,2025-07-11T20:47:34.356509
8,Gen8_Match29_1752266506,Gen8_Deck1,Gen8_Deck6,Gen8_Deck1,1,0,27.95950484275818,3313099,Gen8_Match29_1752266506.txt,,2025-07-11T20:47:40.860450
8,Gen8_Match30_1752266506,Gen8_Deck1,Gen8_Deck7,Gen8_Deck1,1,0,24.679739236831665,3313100,Gen8_Match30_1752266506.txt,,2025-07-11T20:47:53.577002
8,Gen8_Match31_1752266506,Gen8_Deck8,Gen8_Deck1,Gen8_Deck8,1,0,29.77155303955078,3313101,Gen8_Match31_1752266506.txt,,2025-07-11T20:48:04.128545
8,Gen8_Match33_1752266506,Gen8_Deck10,Gen8_Deck1,Gen8_Deck10,1,0,33.548768520355225,3313100,Gen8_Match33_1752266506.txt,,2025-07-11T20:48:27.126266
8,Gen8_Match34_1752266506,Gen8_Deck1,Gen8_Deck11,Gen8_Deck1,1,0,24.091212511062622,3313101,Gen8_Match34_1752266506.txt,,2025-07-11T20:48:28.220213
8,Gen8_Match36_1752266506,Gen8_Deck1,Gen8_Deck13,Gen8_Deck1,1,0,25.47881841659546,3313101,Gen8_Match36_1752266506.txt,,2025-07-11T20:48:53.699516
8,Gen8_Match35_1752266506,Gen8_Deck12,Gen8_Deck1,Gen8_Deck12,1,0,26.594473361968994,3313100,Gen8_Match35_1752266506.txt,,2025-07-11T20:48:53.721246
8,Gen8_Match38_1752266506,Gen8_Deck15,Gen8_Deck1,Gen8_Deck15,1,0,24.17739963531494,3313100,Gen8_Match38_1752266506.txt,,2025-07-11T20:49:17.899152
8,Gen8_Match37_1752266506,Gen8_Deck14,Gen8_Deck1,Gen8_Deck1,0,1,24.938256978988647,3313101,Gen8_Match37_1752266506.txt,,2025-07-11T20:49:18.638278
8,Gen8_Match40_1752266506,Gen8_Deck1,Gen8_Deck17,Gen8_Deck1,1,0,21.193851470947266,3313101,Gen8_Match40_1752266506.txt,,2025-07-11T20:49:39.832591
8,Gen8_Match32_1752266506,Gen8_Deck1,Gen8_Deck9,Gen8_Deck1,1,0,134.36244702339172,3313099,Gen8_Match32_1752266506.txt,,2025-07-11T20:49:55.223576
8,Gen8_Match39_1752266506,Gen8_Deck16,Gen8_Deck1,Gen8_Deck16,1,0,47.15284848213196,3313100,Gen8_Match39_1752266506.txt,,2025-07-11T20:50:05.052537
8,Gen8_Match42_1752266506,Gen8_Deck19,Gen8_Deck1,Gen8_Deck1,0,1,21.293017387390137,3313099,Gen8_Match42_1752266506.txt,,2025-07-11T20:50:16.517113
8,Gen8_Match41_1752266506,Gen8_Deck18,Gen8_Deck1,Gen8_Deck18,1,0,50.03076410293579,3313101,Gen8_Match41_1752266506.txt,,2025-07-11T20:50:29.863876
8,Gen8_Match43_1752266506,Gen8_Deck1,Gen8_Deck20,Gen8_Deck1,1,0,39.78422474861145,3313100,Gen8_Match43_1752266506.txt,,2025-07-11T20:50:44.837296
8,Gen8_Match46_1752266506,Gen8_Deck23,Gen8_Deck1,Gen8_Deck23,1,0,31.361090898513794,3313100,Gen8_Match46_1752266506.txt,,2025-07-11T20:51:16.198969
8,Gen8_Match45_1752266506,Gen8_Deck22,Gen8_Deck1,Gen8_Deck22,1,0,53.34514284133911,3313101,Gen8_Match45_1752266506.txt,,2025-07-11T20:51:23.209815
8,Gen8_Match47_1752266506,Gen8_Deck1,Gen8_Deck24,Gen8_Deck1,1,0,28.570056438446045,3313100,Gen8_Match47_1752266506.txt,,2025-07-11T20:51:44.769614
8,Gen8_Match48_1752266506,Gen8_Deck2,Gen8_Deck3,Gen8_Deck2,1,0,23.467067003250122,3313101,Gen8_Match48_1752266506.txt,,2025-07-11T20:51:46.677488
8,Gen8_Match49_1752266506,Gen8_Deck2,Gen8_Deck4,Gen8_Deck2,1,0,24.88630509376526,3313100,Gen8_Match49_1752266506.txt,,2025-07-11T20:52:09.656390
8,Gen8_Match50_1752266506,Gen8_Deck5,Gen8_Deck2,Gen8_Deck2,0,1,25.72535538673401,3313101,Gen8_Match50_1752266506.txt,,2025-07-11T20:52:12.403336
8,Gen8_Match44_1752266506,Gen8_Deck1,Gen8_Deck21,Gen8_Deck1,1,0,132.70302557945251,3313099,Gen8_Match44_1752266506.txt,,2025-07-11T20:52:29.220752
8,Gen8_Match52_1752266506,Gen8_Deck2,Gen8_Deck7,Gen8_Deck7,0,1,26.50877618789673,3313101,Gen8_Match52_1752266506.txt,,2025-07-11T20:52:38.912617
8,Gen8_Match53_1752266506,Gen8_Deck8,Gen8_Deck2,Gen8_Deck8,1,0,35.81350755691528,3313099,Gen8_Match53_1752266506.txt,,2025-07-11T20:53:05.034772
8,Gen8_Match54_1752266506,Gen8_Deck9,Gen8_Deck2,Gen8_Deck2,0,1,32.49805688858032,3313101,Gen8_Match54_1752266506.txt,,2025-07-11T20:53:11.411177
8,Gen8_Match51_1752266506,Gen8_Deck2,Gen8_Deck6,Gen8_Deck2,1,0,84.90508770942688,3313100,Gen8_Match51_1752266506.txt,,2025-07-11T20:53:34.562018
8,Gen8_Match55_1752266506,Gen8_Deck2,Gen8_Deck10,Gen8_Deck2,1,0,39.80052399635315,3313099,Gen8_Match55_1752266506.txt,,2025-07-11T20:53:44.836129
8,Gen8_Match56_1752266506,Gen8_Deck2,Gen8_Deck11,Gen8_Deck11,0,1,35.52187776565552,3313101,Gen8_Match56_1752266506.txt,,2025-07-11T20:53:46.933593
8,Gen8_Match59_1752266506,Gen8_Deck2,Gen8_Deck14,Gen8_Deck2,1,0,32.473469734191895,3313101,Gen8_Match59_1752266506.txt,,2025-07-11T20:54:19.407600
8,Gen8_Match58_1752266506,Gen8_Deck2,Gen8_Deck13,Gen8_Deck2,1,0,36.023794412612915,3313099,Gen8_Match58_1752266506.txt,,2025-07-11T20:54:20.860588
8,Gen8_Match57_1752266506,Gen8_Deck12,Gen8_Deck2,Gen8_Deck12,1,0,48.950141191482544,3313100,Gen8_Match57_1752266506.txt,,2025-07-11T20:54:23.512699
8,Gen8_Match60_1752266506,Gen8_Deck15,Gen8_Deck2,Gen8_Deck2,0,1,45.9539852142334,3313101,Gen8_Match60_1752266506.txt,,2025-07-11T20:55:05.362249
8,Gen8_Match62_1752266506,Gen8_Deck2,Gen8_Deck17,Gen8_Deck2,1,0,49.9234881401062,3313100,Gen8_Match62_1752266506.txt,,2025-07-11T20:55:13.436733
8,Gen8_Match61_1752266506,Gen8_Deck16,Gen8_Deck2,Gen8_Deck16,1,0,71.47910833358765,3313099,Gen8_Match61_1752266506.txt,,2025-07-11T20:55:32.340283
8,Gen8_Match64_1752266506,Gen8_Deck19,Gen8_Deck2,Gen8_Deck2,0,1,39.81350517272949,3313100,Gen8_Match64_1752266506.txt,,2025-07-11T20:55:53.250759
8,Gen8_Match63_1752266506,Gen8_Deck2,Gen8_Deck18,Gen8_Deck18,0,1,55.19381380081177,3313101,Gen8_Match63_1752266506.txt,,2025-07-11T20:56:00.556672
8,Gen8_Match65_1752266506,Gen8_Deck2,Gen8_Deck20,Gen8_Deck2,1,0,32.483904123306274,3313099,Gen8_Match65_1752266506.txt,,2025-07-11T20:56:04.824789
8,Gen8_Match66_1752266506,Gen8_Deck2,Gen8_Deck21,Gen8_Deck2,1,0,32.54532432556152,3313100,Gen8_Match66_1752266506.txt,,2025-07-11T20:56:25.796651
8,Gen8_Match68_1752266506,Gen8_Deck23,Gen8_Deck2,Gen8_Deck23,1,0,27.60725474357605,3313099,Gen8_Match68_1752266506.txt,,2025-07-11T20:56:32.432554
8,Gen8_Match70_1752266506,Gen8_Deck3,Gen8_Deck4,Gen8_Deck3,1,0,22.931073904037476,3313099,Gen8_Match70_1752266506.txt,,2025-07-11T20:56:55.364125
8,Gen8_Match67_1752266506,Gen8_Deck22,Gen8_Deck2,Gen8_Deck22,1,0,71.18746399879456,3313101,Gen8_Match67_1752266506.txt,,2025-07-11T20:57:11.744731
8,Gen8_Match69_1752266506,Gen8_Deck2,Gen8_Deck24,Gen8_Deck2,1,0,47.56744861602783,3313100,Gen8_Match69_1752266506.txt,,2025-07-11T20:57:13.364641
8,Gen8_Match71_1752266506,Gen8_Deck5,Gen8_Deck3,Gen8_Deck5,1,0,26.50792670249939,3313099,Gen8_Match71_1752266506.txt,,2025-07-11T20:57:21.872546
8,Gen8_Match73_1752266506,Gen8_Deck3,Gen8_Deck7,Gen8_Deck7,0,1,29.76886248588562,3313100,Gen8_Match73_1752266506.txt,,2025-07-11T20:57:43.133964
8,Gen8_Match74_1752266506,Gen8_Deck8,Gen8_Deck3,Gen8_Deck3,0,1,23.998571157455444,3313099,Gen8_Match74_1752266506.txt,,2025-07-11T20:57:45.871590
8,Gen8_Match72_1752266506,Gen8_Deck3,Gen8_Deck6,Gen8_Deck6,0,1,40.89418387413025,3313101,Gen8_Match72_1752266506.txt,,2025-07-11T20:57:52.639412
8,Gen8_Match75_1752266506,Gen8_Deck9,Gen8_Deck3,Gen8_Deck9,1,0,28.601670265197754,3313100,Gen8_Match75_1752266506.txt,,2025-07-11T20:58:11.736109
8,Gen8_Match76_1752266506,Gen8_Deck3,Gen8_Deck10,Gen8_Deck10,0,1,26.486068964004517,3313099,Gen8_Match76_1752266506.txt,,2025-07-11T20:58:12.358123
8,Gen8_Match77_1752266506,Gen8_Deck3,Gen8_Deck11,Gen8_Deck11,0,1,28.124603986740112,3313101,Gen8_Match77_1752266506.txt,,2025-07-11T20:58:20.764536
8,Gen8_Match79_1752266506,Gen8_Deck3,Gen8_Deck13,Gen8_Deck13,0,1,26.426042318344116,3313099,Gen8_Match79_1752266506.txt,,2025-07-11T20:58:38.784627
8,Gen8_Match80_1752266506,Gen8_Deck3,Gen8_Deck14,Gen8_Deck14,0,1,40.76753854751587,3313101,Gen8_Match80_1752266506.txt,,2025-07-11T20:59:01.532599
8,Gen8_Match78_1752266506,Gen8_Deck12,Gen8_Deck3,Gen8_Deck12,1,0,62.387974977493286,3313100,Gen8_Match78_1752266506.txt,,2025-07-11T20:59:14.124678
8,Gen8_Match82_1752266506,Gen8_Deck16,Gen8_Deck3,Gen8_Deck16,1,0,19.27938151359558,3313101,Gen8_Match82_1752266506.txt,,2025-07-11T20:59:20.812466
8,Gen8_Match81_1752266506,Gen8_Deck15,Gen8_Deck3,Gen8_Deck15,1,0,43.92958617210388,3313099,Gen8_Match81_1752266506.txt,,2025-07-11T20:59:22.714738
8,Gen8_Match85_1752266506,Gen8_Deck19,Gen8_Deck3,Gen8_Deck19,1,0,26.623548984527588,3313099,Gen8_Match85_1752266506.txt,,2025-07-11T20:59:49.338853
8,Gen8_Match83_1752266506,Gen8_Deck3,Gen8_Deck17,Gen8_Deck17,0,1,43.615405559539795,3313100,Gen8_Match83_1752266506.txt,,2025-07-11T20:59:57.740639
8,Gen8_Match84_1752266506,Gen8_Deck3,Gen8_Deck18,Gen8_Deck18,0,1,36.999430894851685,3313101,Gen8_Match84_1752266506.txt,,2025-07-11T20:59:57.812542
8,Gen8_Match87_1752266506,Gen8_Deck3,Gen8_Deck21,Gen8_Deck21,0,1,28.25661015510559,3313100,Gen8_Match87_1752266506.txt,,2025-07-11T21:00:25.997764
8,Gen8_Match86_1752266506,Gen8_Deck3,Gen8_Deck20,Gen8_Deck20,0,1,37.79236841201782,3313099,Gen8_Match86_1752266506.txt,,2025-07-11T21:00:27.131748
8,Gen8_Match88_1752266506,Gen8_Deck22,Gen8_Deck3,Gen8_Deck3,0,1,34.823466062545776,3313101,Gen8_Match88_1752266506.txt,,2025-07-11T21:00:32.636499
8,Gen8_Match90_1752266506,Gen8_Deck3,Gen8_Deck24,Gen8_Deck24,0,1,26.334959506988525,3313099,Gen8_Match90_1752266506.txt,,2025-07-11T21:00:53.467217
8,Gen8_Match91_1752266506,Gen8_Deck5,Gen8_Deck4,Gen8_Deck5,1,0,25.189582347869873,3313101,Gen8_Match91_1752266506.txt,,2025-07-11T21:00:57.826705
8,Gen8_Match89_1752266506,Gen8_Deck23,Gen8_Deck3,Gen8_Deck3,0,1,47.22081422805786,3313100,Gen8_Match89_1752266506.txt,,2025-07-11T21:01:13.219133
8,Gen8_Match92_1752266506,Gen8_Deck6,Gen8_Deck4,Gen8_Deck6,1,0,22.177257299423218,3313099,Gen8_Match92_1752266506.txt,,2025-07-11T21:01:15.644940
8,Gen8_Match95_1752266506,Gen8_Deck9,Gen8_Deck4,Gen8_Deck9,1,0,37.03836989402771,3313099,Gen8_Match95_1752266506.txt,,2025-07-11T21:01:52.683832
8,Gen8_Match96_1752266506,Gen8_Deck10,Gen8_Deck4,Gen8_Deck10,1,0,19.650105714797974,3313099,Gen8_Match96_1752266506.txt,,2025-07-11T21:02:12.334406
8,Gen8_Match93_1752266506,Gen8_Deck4,Gen8_Deck7,Gen8_Deck7,0,1,80.13830661773682,3313101,Gen8_Match93_1752266506.txt,,2025-07-11T21:02:17.965597
8,Gen8_Match94_1752266506,Gen8_Deck8,Gen8_Deck4,Gen8_Deck4,0,1,75.41797208786011,3313100,Gen8_Match94_1752266506.txt,,2025-07-11T21:02:28.637779
8,Gen8_Match97_1752266506,Gen8_Deck4,Gen8_Deck11,Gen8_Deck11,0,1,21.045568227767944,3313099,Gen8_Match97_1752266506.txt,,2025-07-11T21:02:33.380462
8,Gen8_Match99_1752266506,Gen8_Deck4,Gen8_Deck13,Gen8_Deck13,0,1,22.088143348693848,3313100,Gen8_Match99_1752266506.txt,,2025-07-11T21:02:50.726377
8,Gen8_Match98_1752266506,Gen8_Deck12,Gen8_Deck4,Gen8_Deck12,1,0,32.9449245929718,3313101,Gen8_Match98_1752266506.txt,,2025-07-11T21:02:50.911157
8,Gen8_Match101_1752266506,Gen8_Deck4,Gen8_Deck15,Gen8_Deck4,1,0,22.974973440170288,3313100,Gen8_Match101_1752266506.txt,,2025-07-11T21:03:13.701836
8,Gen8_Match100_1752266506,Gen8_Deck14,Gen8_Deck4,Gen8_Deck14,1,0,40.57173752784729,3313099,Gen8_Match100_1752266506.txt,,2025-07-11T21:03:13.952772
8,Gen8_Match102_1752266506,Gen8_Deck16,Gen8_Deck4,Gen8_Deck4,0,1,30.22075605392456,3313101,Gen8_Match102_1752266506.txt,,2025-07-11T21:03:21.132440
8,Gen8_Match103_1752266506,Gen8_Deck4,Gen8_Deck17,Gen8_Deck4,1,0,25.781322956085205,3313100,Gen8_Match103_1752266506.txt,,2025-07-11T21:03:39.483647
8,Gen8_Match104_1752266506,Gen8_Deck4,Gen8_Deck18,Gen8_Deck4,1,0,35.8042197227478,3313099,Gen8_Match104_1752266506.txt,,2025-07-11T21:03:49.757484
8,Gen8_Match106_1752266506,Gen8_Deck20,Gen8_Deck4,Gen8_Deck4,0,1,23.02112603187561,3313100,Gen8_Match106_1752266506.txt,,2025-07-11T21:04:02.505359
8,Gen8_Match107_1752266506,Gen8_Deck4,Gen8_Deck21,Gen8_Deck21,0,1,30.725087881088257,3313099,Gen8_Match107_1752266506.txt,,2025-07-11T21:04:20.483135
8,Gen8_Match105_1752266506,Gen8_Deck4,Gen8_Deck19,Gen8_Deck4,1,0,65.68909525871277,3313101,Gen8_Match105_1752266506.txt,,2025-07-11T21:04:26.822090
8,Gen8_Match109_1752266506,Gen8_Deck23,Gen8_Deck4,Gen8_Deck23,1,0,28.264801025390625,3313099,Gen8_Match109_1752266506.txt,,2025-07-11T21:04:48.748414
8,Gen8_Match110_1752266506,Gen8_Deck24,Gen8_Deck4,Gen8_Deck24,1,0,26.6369526386261,3313101,Gen8_Match110_1752266506.txt,,2025-07-11T21:04:53.489143
8,Gen8_Match108_1752266506,Gen8_Deck22,Gen8_Deck4,Gen8_Deck4,0,1,56.89055800437927,3313100,Gen8_Match108_1752266506.txt,,2025-07-11T21:04:59.396516
8,Gen8_Match113_1752266506,Gen8_Deck8,Gen8_Deck5,Gen8_Deck8,1,0,28.760583639144897,3313100,Gen8_Match113_1752266506.txt,,2025-07-11T21:05:28.157622
8,Gen8_Match112_1752266506,Gen8_Deck5,Gen8_Deck7,Gen8_Deck7,0,1,34.81287097930908,3313101,Gen8_Match112_1752266506.txt,,2025-07-11T21:05:28.302470
8,Gen8_Match115_1752266506,Gen8_Deck5,Gen8_Deck10,Gen8_Deck10,0,1,19.289530038833618,3313101,Gen8_Match115_1752266506.txt,,2025-07-11T21:05:47.592432
8,Gen8_Match111_1752266506,Gen8_Deck6,Gen8_Deck5,Gen8_Deck5,0,1,73.57028150558472,3313099,Gen8_Match111_1752266506.txt,,2025-07-11T21:06:02.319462
8,Gen8_Match114_1752266506,Gen8_Deck9,Gen8_Deck5,Gen8_Deck9,1,0,43.499855279922485,3313100,Gen8_Match114_1752266506.txt,,2025-07-11T21:06:11.658184
8,Gen8_Match116_1752266506,Gen8_Deck5,Gen8_Deck11,Gen8_Deck5,1,0,25.348997116088867,3313101,Gen8_Match116_1752266506.txt,,2025-07-11T21:06:12.941991
8,Gen8_Match117_1752266506,Gen8_Deck12,Gen8_Deck5,Gen8_Deck12,1,0,27.204157829284668,3313099,Gen8_Match117_1752266506.txt,,2025-07-11T21:06:29.524123
8,Gen8_Match118_1752266506,Gen8_Deck13,Gen8_Deck5,Gen8_Deck13,1,0,29.681726455688477,3313100,Gen8_Match118_1752266506.txt,,2025-07-11T21:06:41.340444
8,Gen8_Match120_1752266506,Gen8_Deck15,Gen8_Deck5,Gen8_Deck5,0,1,26.017717361450195,3313099,Gen8_Match120_1752266506.txt,,2025-07-11T21:06:55.542412
8,Gen8_Match121_1752266506,Gen8_Deck16,Gen8_Deck5,Gen8_Deck5,0,1,21.903602600097656,3313100,Gen8_Match121_1752266506.txt,,2025-07-11T21:07:03.244500
8,Gen8_Match122_1752266506,Gen8_Deck5,Gen8_Deck17,Gen8_Deck17,0,1,27.62159562110901,3313099,Gen8_Match122_1752266506.txt,,2025-07-11T21:07:23.164580
8,Gen8_Match123_1752266506,Gen8_Deck5,Gen8_Deck18,Gen8_Deck18,0,1,24.579599380493164,3313100,Gen8_Match123_1752266506.txt,,2025-07-11T21:07:27.824614
8,Gen8_Match119_1752266506,Gen8_Deck5,Gen8_Deck14,Gen8_Deck5,1,0,103.39438319206238,3313101,Gen8_Match119_1752266506.txt,,2025-07-11T21:07:56.337276
8,Gen8_Match124_1752266506,Gen8_Deck19,Gen8_Deck5,Gen8_Deck19,1,0,33.51767659187317,3313099,Gen8_Match124_1752266506.txt,,2025-07-11T21:07:56.682901
8,Gen8_Match125_1752266506,Gen8_Deck5,Gen8_Deck20,Gen8_Deck5,1,0,29.307345151901245,3313100,Gen8_Match125_1752266506.txt,,2025-07-11T21:07:57.132514
8,Gen8_Match128_1752266506,Gen8_Deck23,Gen8_Deck5,Gen8_Deck5,0,1,37.06263041496277,3313100,Gen8_Match128_1752266506.txt,,2025-07-11T21:08:34.195754
8,Gen8_Match127_1752266506,Gen8_Deck22,Gen8_Deck5,Gen8_Deck22,1,0,37.73551630973816,3313099,Gen8_Match127_1752266506.txt,,2025-07-11T21:08:34.418950
8,Gen8_Match126_1752266506,Gen8_Deck5,Gen8_Deck21,Gen8_Deck21,0,1,43.499077796936035,3313101,Gen8_Match126_1752266506.txt,,2025-07-11T21:08:39.836887
8,Gen8_Match129_1752266506,Gen8_Deck5,Gen8_Deck24,Gen8_Deck24,0,1,30.32031559944153,3313100,Gen8_Match129_1752266506.txt,,2025-07-11T21:09:04.516556
8,Gen8_Match131_1752266506,Gen8_Deck8,Gen8_Deck6,Gen8_Deck6,0,1,29.721209287643433,3313101,Gen8_Match131_1752266506.txt,,2025-07-11T21:09:09.558616
8,Gen8_Match130_1752266506,Gen8_Deck7,Gen8_Deck6,Gen8_Deck6,0,1,44.29137587547302,3313099,Gen8_Match130_1752266506.txt,,2025-07-11T21:09:18.710918
8,Gen8_Match133_1752266506,Gen8_Deck10,Gen8_Deck6,Gen8_Deck6,0,1,28.264539003372192,3313101,Gen8_Match133_1752266506.txt,,2025-07-11T21:09:37.823658
8,Gen8_Match132_1752266506,Gen8_Deck6,Gen8_Deck9,Gen8_Deck6,1,0,36.93667817115784,3313100,Gen8_Match132_1752266506.txt,,2025-07-11T21:09:41.453742
8,Gen8_Match134_1752266506,Gen8_Deck11,Gen8_Deck6,Gen8_Deck6,0,1,47.719767332077026,3313099,Gen8_Match134_1752266506.txt,,2025-07-11T21:10:06.431211
8,Gen8_Match135_1752266506,Gen8_Deck12,Gen8_Deck6,Gen8_Deck6,0,1,29.794827699661255,3313101,Gen8_Match135_1752266506.txt,,2025-07-11T21:10:07.619050
8,Gen8_Match136_1752266506,Gen8_Deck6,Gen8_Deck13,Gen8_Deck13,0,1,29.695698022842407,3313100,Gen8_Match136_1752266506.txt,,2025-07-11T21:10:11.149929
8,Gen8_Match138_1752266506,Gen8_Deck6,Gen8_Deck15,Gen8_Deck15,0,1,44.93760299682617,3313101,Gen8_Match138_1752266506.txt,,2025-07-11T21:10:52.557176
8,Gen8_Match137_1752266506,Gen8_Deck14,Gen8_Deck6,Gen8_Deck14,1,0,50.89297127723694,3313099,Gen8_Match137_1752266506.txt,,2025-07-11T21:10:57.345925
8,Gen8_Match141_1752266506,Gen8_Deck18,Gen8_Deck6,Gen8_Deck6,0,1,26.7079598903656,3313099,Gen8_Match141_1752266506.txt,,2025-07-11T21:11:24.054422
8,Gen8_Match140_1752266506,Gen8_Deck6,Gen8_Deck17,Gen8_Deck6,1,0,37.37900447845459,3313101,Gen8_Match140_1752266506.txt,,2025-07-11T21:11:29.936721
8,Gen8_Match142_1752266506,Gen8_Deck6,Gen8_Deck19,Gen8_Deck6,1,0,22.90947723388672,3313099,Gen8_Match142_1752266506.txt,,2025-07-11T21:11:46.964392
8,Gen8_Match139_1752266506,Gen8_Deck16,Gen8_Deck6,Gen8_Deck16,1,0,112.60760593414307,3313100,Gen8_Match139_1752266506.txt,,2025-07-11T21:12:03.758098
8,Gen8_Match144_1752266506,Gen8_Deck6,Gen8_Deck21,Gen8_Deck21,0,1,31.459569931030273,3313099,Gen8_Match144_1752266506.txt,,2025-07-11T21:12:18.424465
8,Gen8_Match143_1752266506,Gen8_Deck6,Gen8_Deck20,Gen8_Deck20,0,1,50.337188720703125,3313101,Gen8_Match143_1752266506.txt,,2025-07-11T21:12:20.274445
8,Gen8_Match145_1752266506,Gen8_Deck22,Gen8_Deck6,Gen8_Deck6,0,1,22.158032178878784,3313100,Gen8_Match145_1752266506.txt,,2025-07-11T21:12:25.916600
8,Gen8_Match147_1752266506,Gen8_Deck24,Gen8_Deck6,Gen8_Deck6,0,1,23.462804555892944,3313101,Gen8_Match147_1752266506.txt,,2025-07-11T21:12:43.737684
8,Gen8_Match146_1752266506,Gen8_Deck6,Gen8_Deck23,Gen8_Deck23,0,1,30.98763632774353,3313099,Gen8_Match146_1752266506.txt,,2025-07-11T21:12:49.412603
8,Gen8_Match148_1752266506,Gen8_Deck8,Gen8_Deck7,Gen8_Deck8,1,0,26.7463538646698,3313100,Gen8_Match148_1752266506.txt,,2025-07-11T21:12:52.663384
8,Gen8_Match150_1752266506,Gen8_Deck7,Gen8_Deck10,Gen8_Deck7,1,0,30.05673122406006,3313099,Gen8_Match150_1752266506.txt,,2025-07-11T21:13:19.469786
8,Gen8_Match151_1752266506,Gen8_Deck7,Gen8_Deck11,Gen8_Deck7,1,0,27.857166290283203,3313100,Gen8_Match151_1752266506.txt,,2025-07-11T21:13:20.520998
8,Gen8_Match153_1752266506,Gen8_Deck7,Gen8_Deck13,Gen8_Deck13,0,1,24.067258834838867,3313100,Gen8_Match153_1752266506.txt,,2025-07-11T21:13:44.588760
8,Gen8_Match152_1752266506,Gen8_Deck12,Gen8_Deck7,Gen8_Deck7,0,1,32.02091097831726,3313099,Gen8_Match152_1752266506.txt,,2025-07-11T21:13:51.491194
8,Gen8_Match149_1752266506,Gen8_Deck9,Gen8_Deck7,Gen8_Deck7,0,1,77.4241292476654,3313101,Gen8_Match149_1752266506.txt,,2025-07-11T21:14:01.162399
8,Gen8_Match155_1752266506,Gen8_Deck15,Gen8_Deck7,Gen8_Deck15,1,0,27.23983359336853,3313099,Gen8_Match155_1752266506.txt,,2025-07-11T21:14:18.731489
8,Gen8_Match157_1752266506,Gen8_Deck7,Gen8_Deck17,Gen8_Deck7,1,0,33.00055766105652,3313099,Gen8_Match157_1752266506.txt,,2025-07-11T21:14:51.732602
8,Gen8_Match156_1752266506,Gen8_Deck16,Gen8_Deck7,Gen8_Deck16,1,0,51.76517176628113,3313101,Gen8_Match156_1752266506.txt,,2025-07-11T21:14:52.928109
8,Gen8_Match154_1752266506,Gen8_Deck7,Gen8_Deck14,Gen8_Deck7,1,0,77.97263026237488,3313100,Gen8_Match154_1752266506.txt,,2025-07-11T21:15:02.561977
8,Gen8_Match158_1752266506,Gen8_Deck18,Gen8_Deck7,Gen8_Deck18,1,0,32.20338678359985,3313099,Gen8_Match158_1752266506.txt,,2025-07-11T21:15:23.936503
8,Gen8_Match160_1752266506,Gen8_Deck7,Gen8_Deck20,Gen8_Deck7,1,0,24.70599341392517,3313100,Gen8_Match160_1752266506.txt,,2025-07-11T21:15:27.268401
8,Gen8_Match159_1752266506,Gen8_Deck19,Gen8_Deck7,Gen8_Deck7,0,1,36.22970271110535,3313101,Gen8_Match159_1752266506.txt,,2025-07-11T21:15:29.158292
8,Gen8_Match162_1752266506,Gen8_Deck22,Gen8_Deck7,Gen8_Deck22,1,0,26.228904962539673,3313100,Gen8_Match162_1752266506.txt,,2025-07-11T21:15:53.497769
8,Gen8_Match161_1752266506,Gen8_Deck7,Gen8_Deck21,Gen8_Deck21,0,1,39.90510630607605,3313099,Gen8_Match161_1752266506.txt,,2025-07-11T21:16:03.842116
8,Gen8_Match164_1752266506,Gen8_Deck7,Gen8_Deck24,Gen8_Deck7,1,0,28.378986835479736,3313100,Gen8_Match164_1752266506.txt,,2025-07-11T21:16:21.877208
8,Gen8_Match165_1752266506,Gen8_Deck9,Gen8_Deck8,Gen8_Deck9,1,0,23.153867959976196,3313099,Gen8_Match165_1752266506.txt,,2025-07-11T21:16:26.996460
8,Gen8_Match166_1752266506,Gen8_Deck8,Gen8_Deck10,Gen8_Deck8,1,0,28.503280878067017,3313100,Gen8_Match166_1752266506.txt,,2025-07-11T21:16:50.380977
8,Gen8_Match167_1752266506,Gen8_Deck11,Gen8_Deck8,Gen8_Deck8,0,1,31.76413083076477,3313099,Gen8_Match167_1752266506.txt,,2025-07-11T21:16:58.761371
8,Gen8_Match168_1752266506,Gen8_Deck12,Gen8_Deck8,Gen8_Deck12,1,0,25.398905038833618,3313100,Gen8_Match168_1752266506.txt,,2025-07-11T21:17:15.780381
8,Gen8_Match169_1752266506,Gen8_Deck8,Gen8_Deck13,Gen8_Deck8,1,0,19.312695741653442,3313099,Gen8_Match169_1752266506.txt,,2025-07-11T21:17:18.074660
8,Gen8_Match171_1752266506,Gen8_Deck15,Gen8_Deck8,Gen8_Deck15,1,0,21.841270208358765,3313099,Gen8_Match171_1752266506.txt,,2025-07-11T21:17:39.916410
8,Gen8_Match163_1752266506,Gen8_Deck23,Gen8_Deck7,Gen8_Deck23,1,0,133.25973510742188,3313101,Gen8_Match163_1752266506.txt,,2025-07-11T21:17:42.418587
8,Gen8_Match170_1752266506,Gen8_Deck8,Gen8_Deck14,Gen8_Deck8,1,0,34.57176661491394,3313100,Gen8_Match170_1752266506.txt,,2025-07-11T21:17:50.352882
8,Gen8_Match172_1752266506,Gen8_Deck8,Gen8_Deck16,Gen8_Deck16,0,1,37.81555938720703,3313099,Gen8_Match172_1752266506.txt,,2025-07-11T21:18:17.732473
8,Gen8_Match173_1752266506,Gen8_Deck8,Gen8_Deck17,Gen8_Deck17,0,1,40.43208861351013,3313101,Gen8_Match173_1752266506.txt,,2025-07-11T21:18:22.851237
8,Gen8_Match175_1752266506,Gen8_Deck19,Gen8_Deck8,Gen8_Deck8,0,1,25.523613929748535,3313099,Gen8_Match175_1752266506.txt,,2025-07-11T21:18:43.256542
8,Gen8_Match177_1752266506,Gen8_Deck8,Gen8_Deck21,Gen8_Deck21,0,1,19.803666353225708,3313099,Gen8_Match177_1752266506.txt,,2025-07-11T21:19:03.060682
8,Gen8_Match176_1752266506,Gen8_Deck8,Gen8_Deck20,Gen8_Deck8,1,0,50.53688359260559,3313101,Gen8_Match176_1752266506.txt,,2025-07-11T21:19:13.388687
8,Gen8_Match178_1752266506,Gen8_Deck22,Gen8_Deck8,Gen8_Deck8,0,1,20.013421297073364,3313099,Gen8_Match178_1752266506.txt,,2025-07-11T21:19:23.074774
8,Gen8_Match180_1752266506,Gen8_Deck8,Gen8_Deck24,Gen8_Deck24,0,1,24.419376134872437,3313099,Gen8_Match180_1752266506.txt,,2025-07-11T21:19:47.494938
8,Gen8_Match179_1752266506,Gen8_Deck23,Gen8_Deck8,Gen8_Deck23,1,0,43.73124575614929,3313101,Gen8_Match179_1752266506.txt,,2025-07-11T21:19:57.120473
8,Gen8_Match174_1752266506,Gen8_Deck8,Gen8_Deck18,Gen8_Deck8,1,0,133.90681171417236,3313100,Gen8_Match174_1752266506.txt,,2025-07-11T21:20:04.260353
8,Gen8_Match181_1752266506,Gen8_Deck9,Gen8_Deck10,Gen8_Deck9,1,0,23.684871912002563,3313099,Gen8_Match181_1752266506.txt,,2025-07-11T21:20:11.180377
8,Gen8_Match182_1752266506,Gen8_Deck9,Gen8_Deck11,Gen8_Deck11,0,1,46.55952501296997,3313101,Gen8_Match182_1752266506.txt,,2025-07-11T21:20:43.680506
8,Gen8_Match183_1752266506,Gen8_Deck12,Gen8_Deck9,Gen8_Deck9,0,1,39.82784986495972,3313100,Gen8_Match183_1752266506.txt,,2025-07-11T21:20:44.088719
8,Gen8_Match184_1752266506,Gen8_Deck9,Gen8_Deck13,Gen8_Deck9,1,0,44.15556621551514,3313099,Gen8_Match184_1752266506.txt,,2025-07-11T21:20:55.336455
8,Gen8_Match185_1752266506,Gen8_Deck9,Gen8_Deck14,Gen8_Deck9,1,0,22.286694049835205,3313101,Gen8_Match185_1752266506.txt,,2025-07-11T21:21:05.967673
8,Gen8_Match186_1752266506,Gen8_Deck15,Gen8_Deck9,Gen8_Deck15,1,0,32.68125939369202,3313100,Gen8_Match186_1752266506.txt,,2025-07-11T21:21:16.770503
8,Gen8_Match188_1752266506,Gen8_Deck9,Gen8_Deck17,Gen8_Deck9,1,0,29.424275875091553,3313101,Gen8_Match188_1752266506.txt,,2025-07-11T21:21:35.392410
8,Gen8_Match189_1752266506,Gen8_Deck18,Gen8_Deck9,Gen8_Deck9,0,1,26.437416076660156,3313100,Gen8_Match189_1752266506.txt,,2025-07-11T21:21:43.208428
8,Gen8_Match190_1752266506,Gen8_Deck19,Gen8_Deck9,Gen8_Deck9,0,1,26.58820867538452,3313101,Gen8_Match190_1752266506.txt,,2025-07-11T21:22:01.981133
8,Gen8_Match191_1752266506,Gen8_Deck20,Gen8_Deck9,Gen8_Deck20,1,0,37.12877702713013,3313100,Gen8_Match191_1752266506.txt,,2025-07-11T21:22:20.337791
8,Gen8_Match192_1752266506,Gen8_Deck9,Gen8_Deck21,Gen8_Deck21,0,1,24.260854244232178,3313101,Gen8_Match192_1752266506.txt,,2025-07-11T21:22:26.242673
8,Gen8_Match194_1752266506,Gen8_Deck9,Gen8_Deck23,Gen8_Deck9,1,0,19.74166750907898,3313101,Gen8_Match194_1752266506.txt,,2025-07-11T21:22:45.984964
8,Gen8_Match193_1752266506,Gen8_Deck22,Gen8_Deck9,Gen8_Deck9,0,1,31.610105991363525,3313100,Gen8_Match193_1752266506.txt,,2025-07-11T21:22:51.948397
8,Gen8_Match195_1752266506,Gen8_Deck9,Gen8_Deck24,Gen8_Deck9,1,0,24.306320190429688,3313101,Gen8_Match195_1752266506.txt,,2025-07-11T21:23:10.291767
8,Gen8_Match187_1752266506,Gen8_Deck16,Gen8_Deck9,Gen8_Deck16,1,0,135.02750706672668,3313099,Gen8_Match187_1752266506.txt,,2025-07-11T21:23:10.364618
8,Gen8_Match196_1752266506,Gen8_Deck10,Gen8_Deck11,Gen8_Deck11,0,1,30.98750925064087,3313100,Gen8_Match196_1752266506.txt,,2025-07-11T21:23:22.936368
8,Gen8_Match198_1752266506,Gen8_Deck13,Gen8_Deck10,Gen8_Deck10,0,1,34.60078430175781,3313099,Gen8_Match198_1752266506.txt,,2025-07-11T21:23:44.965999
8,Gen8_Match199_1752266506,Gen8_Deck10,Gen8_Deck14,Gen8_Deck10,1,0,25.610739946365356,3313100,Gen8_Match199_1752266506.txt,,2025-07-11T21:23:48.547634
8,Gen8_Match200_1752266506,Gen8_Deck15,Gen8_Deck10,Gen8_Deck15,1,0,30.43660807609558,3313099,Gen8_Match200_1752266506.txt,,2025-07-11T21:24:15.403180
8,Gen8_Match202_1752266506,Gen8_Deck10,Gen8_Deck17,Gen8_Deck17,0,1,21.332819938659668,3313099,Gen8_Match202_1752266506.txt,,2025-07-11T21:24:36.736440
8,Gen8_Match201_1752266506,Gen8_Deck16,Gen8_Deck10,Gen8_Deck10,0,1,56.59029936790466,3313100,Gen8_Match201_1752266506.txt,,2025-07-11T21:24:45.138573
8,Gen8_Match203_1752266506,Gen8_Deck10,Gen8_Deck18,Gen8_Deck10,1,0,28.82669758796692,3313099,Gen8_Match203_1752266506.txt,,2025-07-11T21:25:05.563598
8,Gen8_Match204_1752266506,Gen8_Deck19,Gen8_Deck10,Gen8_Deck19,1,0,29.26838231086731,3313100,Gen8_Match204_1752266506.txt,,2025-07-11T21:25:14.407550
8,Gen8_Match197_1752266506,Gen8_Deck12,Gen8_Deck10,Gen8_Deck12,1,0,133.2882046699524,3313101,Gen8_Match197_1752266506.txt,,2025-07-11T21:25:23.580533
8,Gen8_Match205_1752266506,Gen8_Deck10,Gen8_Deck20,Gen8_Deck20,0,1,30.04023790359497,3313099,Gen8_Match205_1752266506.txt,,2025-07-11T21:25:35.604300
8,Gen8_Match206_1752266506,Gen8_Deck10,Gen8_Deck21,Gen8_Deck21,0,1,31.880532026290894,3313100,Gen8_Match206_1752266506.txt,,2025-07-11T21:25:46.288582
8,Gen8_Match207_1752266506,Gen8_Deck22,Gen8_Deck10,Gen8_Deck10,0,1,24.563294887542725,3313101,Gen8_Match207_1752266506.txt,,2025-07-11T21:25:48.144256
8,Gen8_Match208_1752266506,Gen8_Deck23,Gen8_Deck10,Gen8_Deck10,0,1,25.57618546485901,3313099,Gen8_Match208_1752266506.txt,,2025-07-11T21:26:01.180916
8,Gen8_Match210_1752266506,Gen8_Deck11,Gen8_Deck12,Gen8_Deck11,1,0,31.271689891815186,3313101,Gen8_Match210_1752266506.txt,,2025-07-11T21:26:19.416452
8,Gen8_Match211_1752266506,Gen8_Deck13,Gen8_Deck11,Gen8_Deck11,0,1,28.29560351371765,3313099,Gen8_Match211_1752266506.txt,,2025-07-11T21:26:29.476987
8,Gen8_Match209_1752266506,Gen8_Deck10,Gen8_Deck24,Gen8_Deck24,0,1,57.492191553115845,3313100,Gen8_Match209_1752266506.txt,,2025-07-11T21:26:43.781296
8,Gen8_Match212_1752266506,Gen8_Deck14,Gen8_Deck11,Gen8_Deck14,1,0,43.03094267845154,3313101,Gen8_Match212_1752266506.txt,,2025-07-11T21:27:02.447937
8,Gen8_Match214_1752266506,Gen8_Deck11,Gen8_Deck16,Gen8_Deck16,0,1,41.806649923324585,3313100,Gen8_Match214_1752266506.txt,,2025-07-11T21:27:25.588427
8,Gen8_Match216_1752266506,Gen8_Deck11,Gen8_Deck18,Gen8_Deck11,1,0,24.924338579177856,3313100,Gen8_Match216_1752266506.txt,,2025-07-11T21:27:50.513296
8,Gen8_Match213_1752266506,Gen8_Deck11,Gen8_Deck15,Gen8_Deck15,0,1,104.9696877002716,3313099,Gen8_Match213_1752266506.txt,,2025-07-11T21:28:14.447239
8,Gen8_Match217_1752266506,Gen8_Deck11,Gen8_Deck19,Gen8_Deck19,0,1,27.44361662864685,3313100,Gen8_Match217_1752266506.txt,,2025-07-11T21:28:17.957503
8,Gen8_Match215_1752266506,Gen8_Deck17,Gen8_Deck11,Gen8_Deck11,0,1,83.53525519371033,3313101,Gen8_Match215_1752266506.txt,,2025-07-11T21:28:25.983759
8,Gen8_Match219_1752266506,Gen8_Deck21,Gen8_Deck11,Gen8_Deck11,0,1,27.537532329559326,3313100,Gen8_Match219_1752266506.txt,,2025-07-11T21:28:45.495505
8,Gen8_Match220_1752266506,Gen8_Deck11,Gen8_Deck22,Gen8_Deck11,1,0,32.160223960876465,3313101,Gen8_Match220_1752266506.txt,,2025-07-11T21:28:58.144434
8,Gen8_Match221_1752266506,Gen8_Deck11,Gen8_Deck23,Gen8_Deck23,0,1,22.799350261688232,3313100,Gen8_Match221_1752266506.txt,,2025-07-11T21:29:08.295400
8,Gen8_Match222_1752266506,Gen8_Deck24,Gen8_Deck11,Gen8_Deck11,0,1,20.911455631256104,3313101,Gen8_Match222_1752266506.txt,,2025-07-11T21:29:19.056321
8,Gen8_Match223_1752266506,Gen8_Deck12,Gen8_Deck13,Gen8_Deck13,0,1,30.205934524536133,3313100,Gen8_Match223_1752266506.txt,,2025-07-11T21:29:38.501939
8,Gen8_Match224_1752266506,Gen8_Deck12,Gen8_Deck14,Gen8_Deck14,0,1,34.18555736541748,3313101,Gen8_Match224_1752266506.txt,,2025-07-11T21:29:53.242396
8,Gen8_Match225_1752266506,Gen8_Deck15,Gen8_Deck12,Gen8_Deck12,0,1,25.490703105926514,3313100,Gen8_Match225_1752266506.txt,,2025-07-11T21:30:03.993312
8,Gen8_Match218_1752266506,Gen8_Deck20,Gen8_Deck11,Gen8_Deck20,1,0,132.61211895942688,3313099,Gen8_Match218_1752266506.txt,,2025-07-11T21:30:27.059859
8,Gen8_Match227_1752266506,Gen8_Deck12,Gen8_Deck17,Gen8_Deck17,0,1,30.1734402179718,3313100,Gen8_Match227_1752266506.txt,,2025-07-11T21:30:34.167339
8,Gen8_Match226_1752266506,Gen8_Deck16,Gen8_Deck12,Gen8_Deck16,1,0,47.133564472198486,3313101,Gen8_Match226_1752266506.txt,,2025-07-11T21:30:40.376515
8,Gen8_Match230_1752266506,Gen8_Deck12,Gen8_Deck20,Gen8_Deck20,0,1,28.45102858543396,3313101,Gen8_Match230_1752266506.txt,,2025-07-11T21:31:08.828220
8,Gen8_Match229_1752266506,Gen8_Deck19,Gen8_Deck12,Gen8_Deck12,0,1,35.16750526428223,3313100,Gen8_Match229_1752266506.txt,,2025-07-11T21:31:09.335363
8,Gen8_Match232_1752266506,Gen8_Deck22,Gen8_Deck12,Gen8_Deck22,1,0,23.67584538459778,3313100,Gen8_Match232_1752266506.txt,,2025-07-11T21:31:33.011683
8,Gen8_Match231_1752266506,Gen8_Deck12,Gen8_Deck21,Gen8_Deck12,1,0,33.61896347999573,3313101,Gen8_Match231_1752266506.txt,,2025-07-11T21:31:42.447811
8,Gen8_Match234_1752266506,Gen8_Deck12,Gen8_Deck24,Gen8_Deck24,0,1,22.991462469100952,3313101,Gen8_Match234_1752266506.txt,,2025-07-11T21:32:05.439853
8,Gen8_Match235_1752266506,Gen8_Deck13,Gen8_Deck14,Gen8_Deck13,1,0,24.669675588607788,3313101,Gen8_Match235_1752266506.txt,,2025-07-11T21:32:30.110137
8,Gen8_Match228_1752266506,Gen8_Deck18,Gen8_Deck12,Gen8_Deck18,1,0,131.53080296516418,3313099,Gen8_Match228_1752266506.txt,,2025-07-11T21:32:38.591266
8,Gen8_Match233_1752266506,Gen8_Deck23,Gen8_Deck12,Gen8_Deck23,1,0,66.34487676620483,3313100,Gen8_Match233_1752266506.txt,,2025-07-11T21:32:39.357085
8,Gen8_Match238_1752266506,Gen8_Deck17,Gen8_Deck13,Gen8_Deck13,0,1,37.160643339157104,3313100,Gen8_Match238_1752266506.txt,,2025-07-11T21:33:16.518314
8,Gen8_Match236_1752266506,Gen8_Deck15,Gen8_Deck13,Gen8_Deck13,0,1,48.946914196014404,3313101,Gen8_Match236_1752266506.txt,,2025-07-11T21:33:19.057568
8,Gen8_Match239_1752266506,Gen8_Deck13,Gen8_Deck18,Gen8_Deck13,1,0,26.149816036224365,3313100,Gen8_Match239_1752266506.txt,,2025-07-11T21:33:42.668624
8,Gen8_Match240_1752266506,Gen8_Deck19,Gen8_Deck13,Gen8_Deck13,0,1,24.682961225509644,3313101,Gen8_Match240_1752266506.txt,,2025-07-11T21:33:43.740994
8,Gen8_Match242_1752266506,Gen8_Deck21,Gen8_Deck13,Gen8_Deck13,0,1,25.262899160385132,3313101,Gen8_Match242_1752266506.txt,,2025-07-11T21:34:09.004357
8,Gen8_Match241_1752266506,Gen8_Deck13,Gen8_Deck20,Gen8_Deck20,0,1,35.97518253326416,3313100,Gen8_Match241_1752266506.txt,,2025-07-11T21:34:18.644304
8,Gen8_Match243_1752266506,Gen8_Deck22,Gen8_Deck13,Gen8_Deck13,0,1,18.586615562438965,3313101,Gen8_Match243_1752266506.txt,,2025-07-11T21:34:27.591394
8,Gen8_Match244_1752266506,Gen8_Deck23,Gen8_Deck13,Gen8_Deck23,1,0,22.591634511947632,3313100,Gen8_Match244_1752266506.txt,,2025-07-11T21:34:41.236391
8,Gen8_Match237_1752266506,Gen8_Deck13,Gen8_Deck16,Gen8_Deck13,1,0,134.1327760219574,3313099,Gen8_Match237_1752266506.txt,,2025-07-11T21:34:52.724660
8,Gen8_Match246_1752266506,Gen8_Deck15,Gen8_Deck14,Gen8_Deck15,1,0,23.755594491958618,3313100,Gen8_Match246_1752266506.txt,,2025-07-11T21:35:04.992473
8,Gen8_Match247_1752266506,Gen8_Deck16,Gen8_Deck14,Gen8_Deck16,1,0,25.415220737457275,3313099,Gen8_Match247_1752266506.txt,,2025-07-11T21:35:18.140336
8,Gen8_Match248_1752266506,Gen8_Deck14,Gen8_Deck17,Gen8_Deck17,0,1,33.67430353164673,3313100,Gen8_Match248_1752266506.txt,,2025-07-11T21:35:38.667516
8,Gen8_Match249_1752266506,Gen8_Deck14,Gen8_Deck18,Gen8_Deck18,0,1,32.979652881622314,3313099,Gen8_Match249_1752266506.txt,,2025-07-11T21:35:51.120486
8,Gen8_Match250_1752266506,Gen8_Deck19,Gen8_Deck14,Gen8_Deck19,1,0,26.22591519355774,3313100,Gen8_Match250_1752266506.txt,,2025-07-11T21:36:04.893960
8,Gen8_Match251_1752266506,Gen8_Deck20,Gen8_Deck14,Gen8_Deck20,1,0,25.672226428985596,3313099,Gen8_Match251_1752266506.txt,,2025-07-11T21:36:16.793163
8,Gen8_Match252_1752266506,Gen8_Deck14,Gen8_Deck21,Gen8_Deck21,0,1,22.154327392578125,3313100,Gen8_Match252_1752266506.txt,,2025-07-11T21:36:27.048855
8,Gen8_Match245_1752266506,Gen8_Deck13,Gen8_Deck24,Gen8_Deck13,1,0,131.0408172607422,3313101,Gen8_Match245_1752266506.txt,,2025-07-11T21:36:38.633155
8,Gen8_Match253_1752266506,Gen8_Deck22,Gen8_Deck14,Gen8_Deck14,0,1,24.18317747116089,3313099,Gen8_Match253_1752266506.txt,,2025-07-11T21:36:40.976773
8,Gen8_Match254_1752266506,Gen8_Deck23,Gen8_Deck14,Gen8_Deck14,0,1,24.21402883529663,3313100,Gen8_Match254_1752266506.txt,,2025-07-11T21:36:51.263407
8,Gen8_Match256_1752266506,Gen8_Deck16,Gen8_Deck15,Gen8_Deck15,0,1,26.57914161682129,3313099,Gen8_Match256_1752266506.txt,,2025-07-11T21:37:07.556355
8,Gen8_Match255_1752266506,Gen8_Deck24,Gen8_Deck14,Gen8_Deck14,0,1,35.162901401519775,3313101,Gen8_Match255_1752266506.txt,,2025-07-11T21:37:13.796580
8,Gen8_Match257_1752266506,Gen8_Deck15,Gen8_Deck17,Gen8_Deck15,1,0,30.55860710144043,3313100,Gen8_Match257_1752266506.txt,,2025-07-11T21:37:21.822447
8,Gen8_Match259_1752266506,Gen8_Deck19,Gen8_Deck15,Gen8_Deck19,1,0,24.56340479850769,3313101,Gen8_Match259_1752266506.txt,,2025-07-11T21:37:38.360491
8,Gen8_Match258_1752266506,Gen8_Deck15,Gen8_Deck18,Gen8_Deck15,1,0,31.690444946289062,3313099,Gen8_Match258_1752266506.txt,,2025-07-11T21:37:39.247295
8,Gen8_Match260_1752266506,Gen8_Deck15,Gen8_Deck20,Gen8_Deck20,0,1,29.173417806625366,3313100,Gen8_Match260_1752266506.txt,,2025-07-11T21:37:50.996447
8,Gen8_Match262_1752266506,Gen8_Deck22,Gen8_Deck15,Gen8_Deck15,0,1,24.677400588989258,3313099,Gen8_Match262_1752266506.txt,,2025-07-11T21:38:03.925137
8,Gen8_Match261_1752266506,Gen8_Deck15,Gen8_Deck21,Gen8_Deck21,0,1,31.797670364379883,3313101,Gen8_Match261_1752266506.txt,,2025-07-11T21:38:10.158673
8,Gen8_Match264_1752266506,Gen8_Deck15,Gen8_Deck24,Gen8_Deck15,1,0,28.12152123451233,3313099,Gen8_Match264_1752266506.txt,,2025-07-11T21:38:32.047097
8,Gen8_Match263_1752266506,Gen8_Deck23,Gen8_Deck15,Gen8_Deck15,0,1,42.739341020584106,3313100,Gen8_Match263_1752266506.txt,,2025-07-11T21:38:33.736355
8,Gen8_Match266_1752266506,Gen8_Deck16,Gen8_Deck18,Gen8_Deck16,1,0,28.464877128601074,3313099,Gen8_Match266_1752266506.txt,,2025-07-11T21:39:00.512454
8,Gen8_Match265_1752266506,Gen8_Deck17,Gen8_Deck16,Gen8_Deck16,0,1,55.31627655029297,3313101,Gen8_Match265_1752266506.txt,,2025-07-11T21:39:05.475560
8,Gen8_Match267_1752266506,Gen8_Deck16,Gen8_Deck19,Gen8_Deck16,1,0,34.43079853057861,3313100,Gen8_Match267_1752266506.txt,,2025-07-11T21:39:08.167687
8,Gen8_Match270_1752266506,Gen8_Deck16,Gen8_Deck22,Gen8_Deck16,1,0,52.83834958076477,3313100,Gen8_Match270_1752266506.txt,,2025-07-11T21:40:01.006544
8,Gen8_Match268_1752266506,Gen8_Deck20,Gen8_Deck16,Gen8_Deck20,1,0,62.2548406124115,3313099,Gen8_Match268_1752266506.txt,,2025-07-11T21:40:02.767842
8,Gen8_Match269_1752266506,Gen8_Deck21,Gen8_Deck16,Gen8_Deck21,1,0,61.332467555999756,3313101,Gen8_Match269_1752266506.txt,,2025-07-11T21:40:06.808627
8,Gen8_Match273_1752266506,Gen8_Deck18,Gen8_Deck17,Gen8_Deck17,0,1,31.278041124343872,3313101,Gen8_Match273_1752266506.txt,,2025-07-11T21:40:38.087214
8,Gen8_Match271_1752266506,Gen8_Deck23,Gen8_Deck16,Gen8_Deck23,1,0,37.69632911682129,3313100,Gen8_Match271_1752266506.txt,,2025-07-11T21:40:38.703372
8,Gen8_Match275_1752266506,Gen8_Deck17,Gen8_Deck20,Gen8_Deck20,0,1,20.628865718841553,3313100,Gen8_Match275_1752266506.txt,,2025-07-11T21:40:59.332672
8,Gen8_Match274_1752266506,Gen8_Deck19,Gen8_Deck17,Gen8_Deck17,0,1,25.753852605819702,3313101,Gen8_Match274_1752266506.txt,,2025-07-11T21:41:03.841570
8,Gen8_Match272_1752266506,Gen8_Deck24,Gen8_Deck16,Gen8_Deck24,1,0,73.82417249679565,3313099,Gen8_Match272_1752266506.txt,,2025-07-11T21:41:16.592528
8,Gen8_Match276_1752266506,Gen8_Deck17,Gen8_Deck21,Gen8_Deck21,0,1,18.517930030822754,3313100,Gen8_Match276_1752266506.txt,,2025-07-11T21:41:17.851060
8,Gen8_Match277_1752266506,Gen8_Deck22,Gen8_Deck17,Gen8_Deck22,1,0,38.81038165092468,3313101,Gen8_Match277_1752266506.txt,,2025-07-11T21:41:42.652446
8,Gen8_Match278_1752266506,Gen8_Deck23,Gen8_Deck17,Gen8_Deck17,0,1,34.08406066894531,3313099,Gen8_Match278_1752266506.txt,,2025-07-11T21:41:50.677027
8,Gen8_Match279_1752266506,Gen8_Deck17,Gen8_Deck24,Gen8_Deck24,0,1,48.253082513809204,3313100,Gen8_Match279_1752266506.txt,,2025-07-11T21:42:06.104627
8,Gen8_Match280_1752266506,Gen8_Deck18,Gen8_Deck19,Gen8_Deck18,1,0,43.68342304229736,3313101,Gen8_Match280_1752266506.txt,,2025-07-11T21:42:26.336374
8,Gen8_Match281_1752266506,Gen8_Deck20,Gen8_Deck18,Gen8_Deck20,1,0,41.11086821556091,3313099,Gen8_Match281_1752266506.txt,,2025-07-11T21:42:31.788393
8,Gen8_Match282_1752266506,Gen8_Deck21,Gen8_Deck18,Gen8_Deck18,0,1,37.23840284347534,3313100,Gen8_Match282_1752266506.txt,,2025-07-11T21:42:43.343587
8,Gen8_Match284_1752266506,Gen8_Deck18,Gen8_Deck23,Gen8_Deck23,0,1,21.95563578605652,3313099,Gen8_Match284_1752266506.txt,,2025-07-11T21:42:53.744446
8,Gen8_Match283_1752266506,Gen8_Deck18,Gen8_Deck22,Gen8_Deck22,0,1,28.637908220291138,3313101,Gen8_Match283_1752266506.txt,,2025-07-11T21:42:54.974716
8,Gen8_Match285_1752266506,Gen8_Deck24,Gen8_Deck18,Gen8_Deck24,1,0,36.15540528297424,3313100,Gen8_Match285_1752266506.txt,,2025-07-11T21:43:19.499468
8,Gen8_Match286_1752266506,Gen8_Deck19,Gen8_Deck20,Gen8_Deck19,1,0,31.762544631958008,3313099,Gen8_Match286_1752266506.txt,,2025-07-11T21:43:25.507454
8,Gen8_Match287_1752266506,Gen8_Deck19,Gen8_Deck21,Gen8_Deck21,0,1,52.234421491622925,3313101,Gen8_Match287_1752266506.txt,,2025-07-11T21:43:47.209670
8,Gen8_Match289_1752266506,Gen8_Deck23,Gen8_Deck19,Gen8_Deck23,1,0,24.943630933761597,3313099,Gen8_Match289_1752266506.txt,,2025-07-11T21:43:50.451610
8,Gen8_Match288_1752266506,Gen8_Deck22,Gen8_Deck19,Gen8_Deck19,0,1,35.800394773483276,3313100,Gen8_Match288_1752266506.txt,,2025-07-11T21:43:55.300337
8,Gen8_Match292_1752266506,Gen8_Deck22,Gen8_Deck20,Gen8_Deck22,1,0,27.474620580673218,3313100,Gen8_Match292_1752266506.txt,,2025-07-11T21:44:22.775417
8,Gen8_Match290_1752266506,Gen8_Deck19,Gen8_Deck24,Gen8_Deck24,0,1,39.806480407714844,3313101,Gen8_Match290_1752266506.txt,,2025-07-11T21:44:27.016629
8,Gen8_Match291_1752266506,Gen8_Deck20,Gen8_Deck21,Gen8_Deck20,1,0,39.22085094451904,3313099,Gen8_Match291_1752266506.txt,,2025-07-11T21:44:29.673072
8,Gen8_Match293_1752266506,Gen8_Deck23,Gen8_Deck20,Gen8_Deck23,1,0,39.47194528579712,3313100,Gen8_Match293_1752266506.txt,,2025-07-11T21:45:02.248242
8,Gen8_Match294_1752266506,Gen8_Deck20,Gen8_Deck24,Gen8_Deck24,0,1,35.28741502761841,3313101,Gen8_Match294_1752266506.txt,,2025-07-11T21:45:02.304549
8,Gen8_Match295_1752266506,Gen8_Deck21,Gen8_Deck22,Gen8_Deck21,1,0,32.99611759185791,3313099,Gen8_Match295_1752266506.txt,,2025-07-11T21:45:02.669709
8,Gen8_Match296_1752266506,Gen8_Deck23,Gen8_Deck21,Gen8_Deck23,1,0,26.947543382644653,3313100,Gen8_Match296_1752266506.txt,,2025-07-11T21:45:29.196380
8,Gen8_Match297_1752266506,Gen8_Deck21,Gen8_Deck24,Gen8_Deck24,0,1,39.463910818099976,3313101,Gen8_Match297_1752266506.txt,,2025-07-11T21:45:41.769000
8,Gen8_Match298_1752266506,Gen8_Deck23,Gen8_Deck22,Gen8_Deck22,0,1,39.39565062522888,3313099,Gen8_Match298_1752266506.txt,,2025-07-11T21:45:42.065862
8,Gen8_Match300_1752266506,Gen8_Deck24,Gen8_Deck23,Gen8_Deck23,0,1,17.334951400756836,3313101,Gen8_Match300_1752266506.txt,,2025-07-11T21:45:59.104424
8,Gen8_Match299_1752266506,Gen8_Deck22,Gen8_Deck24,Gen8_Deck22,1,0,32.61630392074585,3313100,Gen8_Match299_1752266506.txt,,2025-07-11T21:46:01.813523
