Generation,Match_ID,Deck1_Name,Deck2_Name,Winner,Deck1_Wins,Deck2_Wins,Duration_Seconds,Worker_ID,Forge_Output_File,Error_Message,Timestamp
0,Gen0_Match3_1752153311,Gen0_Deck3,Gen0_Deck0,Gen0_Deck0,0,1,35.63605833053589,1338,Gen0_Match3_1752153311.txt,,2025-07-10T13:15:47.112068
0,Gen0_Match1_1752153311,Gen0_Deck0,Gen0_Deck1,Gen0_Deck1,0,1,36.987141847610474,1336,Gen0_Match1_1752153311.txt,,2025-07-10T13:15:48.458671
0,Gen0_Match2_1752153311,Gen0_Deck0,Gen0_Deck2,Gen0_Deck0,1,0,37.521151065826416,1337,Gen0_Match2_1752153311.txt,,2025-07-10T13:15:48.995284
0,Gen0_Match5_1752153311,Gen0_Deck5,Gen0_Deck0,Gen0_Deck5,1,0,25.64106011390686,1336,Gen0_Match5_1752153311.txt,,2025-07-10T13:16:14.100652
0,Gen0_Match4_1752153311,Gen0_Deck0,Gen0_Deck4,Gen0_Deck0,1,0,30.671648740768433,1338,Gen0_Match4_1752153311.txt,,2025-07-10T13:16:17.784679
0,Gen0_Match6_1752153311,Gen0_Deck6,Gen0_Deck0,Gen0_Deck0,0,1,38.149466037750244,1337,Gen0_Match6_1752153311.txt,,2025-07-10T13:16:27.145644
0,Gen0_Match7_1752153311,Gen0_Deck7,Gen0_Deck0,Gen0_Deck0,0,1,26.28203248977661,1336,Gen0_Match7_1752153311.txt,,2025-07-10T13:16:40.383240
0,Gen0_Match10_1752153311,Gen0_Deck10,Gen0_Deck0,Gen0_Deck0,0,1,27.300806045532227,1336,Gen0_Match10_1752153311.txt,,2025-07-10T13:17:07.684565
0,Gen0_Match11_1752153311,Gen0_Deck0,Gen0_Deck11,Gen0_Deck11,0,1,32.390517234802246,1336,Gen0_Match11_1752153311.txt,,2025-07-10T13:17:40.075806
0,Gen0_Match8_1752153311,Gen0_Deck0,Gen0_Deck8,Gen0_Deck8,0,1,94.65863370895386,1338,Gen0_Match8_1752153311.txt,,2025-07-10T13:17:52.443968
0,Gen0_Match12_1752153311,Gen0_Deck0,Gen0_Deck12,Gen0_Deck0,1,0,36.20437836647034,1336,Gen0_Match12_1752153311.txt,,2025-07-10T13:18:16.280721
0,Gen0_Match13_1752153311,Gen0_Deck13,Gen0_Deck0,Gen0_Deck13,1,0,23.84183621406555,1338,Gen0_Match13_1752153311.txt,,2025-07-10T13:18:16.286269
0,Gen0_Match9_1752153311,Gen0_Deck9,Gen0_Deck0,Gen0_Deck9,1,0,115.64622259140015,1337,Gen0_Match9_1752153311.txt,,2025-07-10T13:18:22.792589
0,Gen0_Match14_1752153311,Gen0_Deck0,Gen0_Deck14,Gen0_Deck0,1,0,23.773157835006714,1336,Gen0_Match14_1752153311.txt,,2025-07-10T13:18:40.054439
0,Gen0_Match16_1752153311,Gen0_Deck0,Gen0_Deck16,Gen0_Deck0,1,0,27.887104272842407,1337,Gen0_Match16_1752153311.txt,,2025-07-10T13:18:50.680174
0,Gen0_Match15_1752153311,Gen0_Deck0,Gen0_Deck15,Gen0_Deck0,1,0,44.107115268707275,1338,Gen0_Match15_1752153311.txt,,2025-07-10T13:19:00.393960
0,Gen0_Match17_1752153311,Gen0_Deck17,Gen0_Deck0,Gen0_Deck0,0,1,22.241111993789673,1336,Gen0_Match17_1752153311.txt,,2025-07-10T13:19:02.296034
0,Gen0_Match18_1752153311,Gen0_Deck0,Gen0_Deck18,Gen0_Deck0,1,0,28.85732626914978,1337,Gen0_Match18_1752153311.txt,,2025-07-10T13:19:19.537986
0,Gen0_Match20_1752153311,Gen0_Deck20,Gen0_Deck0,Gen0_Deck20,1,0,26.816495180130005,1336,Gen0_Match20_1752153311.txt,,2025-07-10T13:19:29.113004
0,Gen0_Match19_1752153311,Gen0_Deck0,Gen0_Deck19,Gen0_Deck0,1,0,30.037997245788574,1338,Gen0_Match19_1752153311.txt,,2025-07-10T13:19:30.432431
0,Gen0_Match21_1752153311,Gen0_Deck21,Gen0_Deck0,Gen0_Deck21,1,0,33.00354790687561,1337,Gen0_Match21_1752153311.txt,,2025-07-10T13:19:52.542074
0,Gen0_Match23_1752153311,Gen0_Deck0,Gen0_Deck23,Gen0_Deck0,1,0,23.5791118144989,1338,Gen0_Match23_1752153311.txt,,2025-07-10T13:19:54.011980
0,Gen0_Match22_1752153311,Gen0_Deck0,Gen0_Deck22,Gen0_Deck0,1,0,28.540722131729126,1336,Gen0_Match22_1752153311.txt,,2025-07-10T13:19:57.654203
0,Gen0_Match26_1752153311,Gen0_Deck0,Gen0_Deck26,Gen0_Deck0,1,0,23.24985957145691,1336,Gen0_Match26_1752153311.txt,,2025-07-10T13:20:20.904565
0,Gen0_Match24_1752153311,Gen0_Deck24,Gen0_Deck0,Gen0_Deck0,0,1,29.108282804489136,1337,Gen0_Match24_1752153311.txt,,2025-07-10T13:20:21.650835
0,Gen0_Match25_1752153311,Gen0_Deck0,Gen0_Deck25,Gen0_Deck0,1,0,33.483959436416626,1338,Gen0_Match25_1752153311.txt,,2025-07-10T13:20:27.496385
0,Gen0_Match27_1752153311,Gen0_Deck27,Gen0_Deck0,Gen0_Deck0,0,1,29.095510244369507,1336,Gen0_Match27_1752153311.txt,,2025-07-10T13:20:50.000553
0,Gen0_Match28_1752153311,Gen0_Deck28,Gen0_Deck0,Gen0_Deck0,0,1,28.717159271240234,1337,Gen0_Match28_1752153311.txt,,2025-07-10T13:20:50.368496
0,Gen0_Match29_1752153311,Gen0_Deck0,Gen0_Deck29,Gen0_Deck0,1,0,29.680188179016113,1338,Gen0_Match29_1752153311.txt,,2025-07-10T13:20:57.177027
0,Gen0_Match30_1752153311,Gen0_Deck30,Gen0_Deck0,Gen0_Deck0,0,1,28.383500576019287,1336,Gen0_Match30_1752153311.txt,,2025-07-10T13:21:18.384601
0,Gen0_Match32_1752153311,Gen0_Deck0,Gen0_Deck32,Gen0_Deck32,0,1,25.932258367538452,1338,Gen0_Match32_1752153311.txt,,2025-07-10T13:21:23.109665
0,Gen0_Match31_1752153311,Gen0_Deck31,Gen0_Deck0,Gen0_Deck0,0,1,33.34637808799744,1337,Gen0_Match31_1752153311.txt,,2025-07-10T13:21:23.715343
0,Gen0_Match33_1752153311,Gen0_Deck0,Gen0_Deck33,Gen0_Deck0,1,0,24.784923553466797,1336,Gen0_Match33_1752153311.txt,,2025-07-10T13:21:43.170020
0,Gen0_Match34_1752153311,Gen0_Deck34,Gen0_Deck0,Gen0_Deck0,0,1,22.581432104110718,1338,Gen0_Match34_1752153311.txt,,2025-07-10T13:21:45.691504
0,Gen0_Match35_1752153311,Gen0_Deck2,Gen0_Deck1,Gen0_Deck1,0,1,32.74363160133362,1337,Gen0_Match35_1752153311.txt,,2025-07-10T13:21:56.459449
0,Gen0_Match36_1752153311,Gen0_Deck1,Gen0_Deck3,Gen0_Deck1,1,0,26.016992330551147,1336,Gen0_Match36_1752153311.txt,,2025-07-10T13:22:09.187518
0,Gen0_Match37_1752153311,Gen0_Deck1,Gen0_Deck4,Gen0_Deck1,1,0,26.08279848098755,1338,Gen0_Match37_1752153311.txt,,2025-07-10T13:22:11.774754
0,Gen0_Match38_1752153311,Gen0_Deck5,Gen0_Deck1,Gen0_Deck5,1,0,24.361038208007812,1337,Gen0_Match38_1752153311.txt,,2025-07-10T13:22:20.820991
0,Gen0_Match39_1752153311,Gen0_Deck6,Gen0_Deck1,Gen0_Deck1,0,1,27.580161809921265,1336,Gen0_Match39_1752153311.txt,,2025-07-10T13:22:36.768153
0,Gen0_Match41_1752153311,Gen0_Deck8,Gen0_Deck1,Gen0_Deck1,0,1,25.642942905426025,1337,Gen0_Match41_1752153311.txt,,2025-07-10T13:22:46.464399
0,Gen0_Match43_1752153311,Gen0_Deck1,Gen0_Deck10,Gen0_Deck1,1,0,25.153897523880005,1337,Gen0_Match43_1752153311.txt,,2025-07-10T13:23:11.618767
0,Gen0_Match42_1752153311,Gen0_Deck9,Gen0_Deck1,Gen0_Deck1,0,1,40.70389413833618,1336,Gen0_Match42_1752153311.txt,,2025-07-10T13:23:17.472592
0,Gen0_Match40_1752153311,Gen0_Deck1,Gen0_Deck7,Gen0_Deck1,1,0,67.17356967926025,1338,Gen0_Match40_1752153311.txt,,2025-07-10T13:23:18.948881
0,Gen0_Match44_1752153311,Gen0_Deck1,Gen0_Deck11,Gen0_Deck1,1,0,26.196812868118286,1337,Gen0_Match44_1752153311.txt,,2025-07-10T13:23:37.816105
0,Gen0_Match46_1752153311,Gen0_Deck13,Gen0_Deck1,Gen0_Deck1,0,1,50.05015993118286,1338,Gen0_Match46_1752153311.txt,,2025-07-10T13:24:08.999526
0,Gen0_Match47_1752153311,Gen0_Deck1,Gen0_Deck14,Gen0_Deck1,1,0,41.52373719215393,1337,Gen0_Match47_1752153311.txt,,2025-07-10T13:24:19.340319
0,Gen0_Match48_1752153311,Gen0_Deck15,Gen0_Deck1,Gen0_Deck1,0,1,23.034775018692017,1338,Gen0_Match48_1752153311.txt,,2025-07-10T13:24:32.034696
0,Gen0_Match45_1752153311,Gen0_Deck12,Gen0_Deck1,Gen0_Deck1,0,1,82.21054196357727,1336,Gen0_Match45_1752153311.txt,,2025-07-10T13:24:39.683651
0,Gen0_Match49_1752153311,Gen0_Deck16,Gen0_Deck1,Gen0_Deck1,0,1,29.06771206855774,1337,Gen0_Match49_1752153311.txt,,2025-07-10T13:24:48.408447
0,Gen0_Match50_1752153311,Gen0_Deck1,Gen0_Deck17,Gen0_Deck1,1,0,32.733688831329346,1338,Gen0_Match50_1752153311.txt,,2025-07-10T13:25:04.768819
0,Gen0_Match51_1752153311,Gen0_Deck1,Gen0_Deck18,Gen0_Deck1,1,0,26.28963875770569,1336,Gen0_Match51_1752153311.txt,,2025-07-10T13:25:05.973704
0,Gen0_Match52_1752153311,Gen0_Deck19,Gen0_Deck1,Gen0_Deck1,0,1,25.367594957351685,1337,Gen0_Match52_1752153311.txt,,2025-07-10T13:25:13.776461
0,Gen0_Match53_1752153311,Gen0_Deck20,Gen0_Deck1,Gen0_Deck20,1,0,25.469280004501343,1338,Gen0_Match53_1752153311.txt,,2025-07-10T13:25:30.238609
0,Gen0_Match54_1752153311,Gen0_Deck1,Gen0_Deck21,Gen0_Deck21,0,1,42.53962683677673,1336,Gen0_Match54_1752153311.txt,,2025-07-10T13:25:48.513739
0,Gen0_Match55_1752153311,Gen0_Deck22,Gen0_Deck1,Gen0_Deck1,0,1,35.393131732940674,1337,Gen0_Match55_1752153311.txt,,2025-07-10T13:25:49.170284
0,Gen0_Match56_1752153311,Gen0_Deck23,Gen0_Deck1,Gen0_Deck23,1,0,26.769164085388184,1338,Gen0_Match56_1752153311.txt,,2025-07-10T13:25:57.008279
0,Gen0_Match58_1752153311,Gen0_Deck1,Gen0_Deck25,Gen0_Deck1,1,0,26.729488134384155,1337,Gen0_Match58_1752153311.txt,,2025-07-10T13:26:15.900417
0,Gen0_Match57_1752153311,Gen0_Deck1,Gen0_Deck24,Gen0_Deck1,1,0,29.198241233825684,1336,Gen0_Match57_1752153311.txt,,2025-07-10T13:26:17.712403
0,Gen0_Match59_1752153311,Gen0_Deck26,Gen0_Deck1,Gen0_Deck26,1,0,31.970397472381592,1338,Gen0_Match59_1752153311.txt,,2025-07-10T13:26:28.979231
0,Gen0_Match60_1752153311,Gen0_Deck1,Gen0_Deck27,Gen0_Deck1,1,0,33.31957387924194,1337,Gen0_Match60_1752153311.txt,,2025-07-10T13:26:49.220511
0,Gen0_Match61_1752153311,Gen0_Deck1,Gen0_Deck28,Gen0_Deck1,1,0,36.690603494644165,1336,Gen0_Match61_1752153311.txt,,2025-07-10T13:26:54.403497
0,Gen0_Match62_1752153311,Gen0_Deck29,Gen0_Deck1,Gen0_Deck1,0,1,32.83099865913391,1338,Gen0_Match62_1752153311.txt,,2025-07-10T13:27:01.810728
0,Gen0_Match63_1752153311,Gen0_Deck30,Gen0_Deck1,Gen0_Deck30,1,0,25.887943744659424,1337,Gen0_Match63_1752153311.txt,,2025-07-10T13:27:15.108994
0,Gen0_Match64_1752153311,Gen0_Deck1,Gen0_Deck31,Gen0_Deck1,1,0,27.00889563560486,1336,Gen0_Match64_1752153311.txt,,2025-07-10T13:27:21.412867
0,Gen0_Match65_1752153311,Gen0_Deck1,Gen0_Deck32,Gen0_Deck32,0,1,22.78018069267273,1338,Gen0_Match65_1752153311.txt,,2025-07-10T13:27:24.591386
0,Gen0_Match66_1752153311,Gen0_Deck33,Gen0_Deck1,Gen0_Deck1,0,1,27.750590801239014,1337,Gen0_Match66_1752153311.txt,,2025-07-10T13:27:42.860063
0,Gen0_Match68_1752153311,Gen0_Deck3,Gen0_Deck2,Gen0_Deck2,0,1,25.78468632698059,1338,Gen0_Match68_1752153311.txt,,2025-07-10T13:27:50.376558
0,Gen0_Match67_1752153311,Gen0_Deck1,Gen0_Deck34,Gen0_Deck1,1,0,33.387266635894775,1336,Gen0_Match67_1752153311.txt,,2025-07-10T13:27:54.800561
0,Gen0_Match69_1752153311,Gen0_Deck4,Gen0_Deck2,Gen0_Deck4,1,0,31.939854621887207,1337,Gen0_Match69_1752153311.txt,,2025-07-10T13:28:14.800498
0,Gen0_Match71_1752153311,Gen0_Deck6,Gen0_Deck2,Gen0_Deck2,0,1,26.09935212135315,1336,Gen0_Match71_1752153311.txt,,2025-07-10T13:28:20.900355
0,Gen0_Match70_1752153311,Gen0_Deck2,Gen0_Deck5,Gen0_Deck5,0,1,39.93595862388611,1338,Gen0_Match70_1752153311.txt,,2025-07-10T13:28:30.313027
0,Gen0_Match72_1752153311,Gen0_Deck7,Gen0_Deck2,Gen0_Deck2,0,1,22.18501901626587,1337,Gen0_Match72_1752153311.txt,,2025-07-10T13:28:36.985951
0,Gen0_Match73_1752153311,Gen0_Deck2,Gen0_Deck8,Gen0_Deck2,1,0,24.72931170463562,1336,Gen0_Match73_1752153311.txt,,2025-07-10T13:28:45.630047
0,Gen0_Match74_1752153311,Gen0_Deck2,Gen0_Deck9,Gen0_Deck9,0,1,25.99902606010437,1338,Gen0_Match74_1752153311.txt,,2025-07-10T13:28:56.312538
0,Gen0_Match75_1752153311,Gen0_Deck10,Gen0_Deck2,Gen0_Deck2,0,1,23.410285711288452,1337,Gen0_Match75_1752153311.txt,,2025-07-10T13:29:00.396696
0,Gen0_Match76_1752153311,Gen0_Deck11,Gen0_Deck2,Gen0_Deck2,0,1,28.440306663513184,1336,Gen0_Match76_1752153311.txt,,2025-07-10T13:29:14.070777
0,Gen0_Match77_1752153311,Gen0_Deck2,Gen0_Deck12,Gen0_Deck2,1,0,32.96894598007202,1338,Gen0_Match77_1752153311.txt,,2025-07-10T13:29:29.281983
0,Gen0_Match78_1752153311,Gen0_Deck13,Gen0_Deck2,Gen0_Deck2,0,1,36.16714334487915,1337,Gen0_Match78_1752153311.txt,,2025-07-10T13:29:36.564386
0,Gen0_Match79_1752153311,Gen0_Deck14,Gen0_Deck2,Gen0_Deck2,0,1,24.838502645492554,1336,Gen0_Match79_1752153311.txt,,2025-07-10T13:29:38.909775
0,Gen0_Match80_1752153311,Gen0_Deck2,Gen0_Deck15,Gen0_Deck2,1,0,28.609984159469604,1338,Gen0_Match80_1752153311.txt,,2025-07-10T13:29:57.892462
0,Gen0_Match82_1752153311,Gen0_Deck17,Gen0_Deck2,Gen0_Deck17,1,0,30.01474690437317,1336,Gen0_Match82_1752153311.txt,,2025-07-10T13:30:08.925044
0,Gen0_Match81_1752153311,Gen0_Deck2,Gen0_Deck16,Gen0_Deck2,1,0,33.43162941932678,1337,Gen0_Match81_1752153311.txt,,2025-07-10T13:30:09.996459
0,Gen0_Match83_1752153311,Gen0_Deck18,Gen0_Deck2,Gen0_Deck2,0,1,23.32747983932495,1338,Gen0_Match83_1752153311.txt,,2025-07-10T13:30:21.220368
0,Gen0_Match85_1752153311,Gen0_Deck20,Gen0_Deck2,Gen0_Deck20,1,0,23.98777937889099,1337,Gen0_Match85_1752153311.txt,,2025-07-10T13:30:33.984682
0,Gen0_Match84_1752153311,Gen0_Deck2,Gen0_Deck19,Gen0_Deck19,0,1,27.937809705734253,1336,Gen0_Match84_1752153311.txt,,2025-07-10T13:30:36.863326
0,Gen0_Match86_1752153311,Gen0_Deck21,Gen0_Deck2,Gen0_Deck21,1,0,34.09340143203735,1338,Gen0_Match86_1752153311.txt,,2025-07-10T13:30:55.314312
0,Gen0_Match87_1752153311,Gen0_Deck2,Gen0_Deck22,Gen0_Deck2,1,0,22.887247562408447,1337,Gen0_Match87_1752153311.txt,,2025-07-10T13:30:56.872382
0,Gen0_Match88_1752153311,Gen0_Deck2,Gen0_Deck23,Gen0_Deck2,1,0,30.86835551261902,1336,Gen0_Match88_1752153311.txt,,2025-07-10T13:31:07.732099
0,Gen0_Match89_1752153311,Gen0_Deck24,Gen0_Deck2,Gen0_Deck24,1,0,34.765453815460205,1338,Gen0_Match89_1752153311.txt,,2025-07-10T13:31:30.080324
0,Gen0_Match91_1752153311,Gen0_Deck2,Gen0_Deck26,Gen0_Deck2,1,0,23.960044622421265,1336,Gen0_Match91_1752153311.txt,,2025-07-10T13:31:31.692580
0,Gen0_Match90_1752153311,Gen0_Deck2,Gen0_Deck25,Gen0_Deck2,1,0,46.311553955078125,1337,Gen0_Match90_1752153311.txt,,2025-07-10T13:31:43.184485
0,Gen0_Match92_1752153311,Gen0_Deck27,Gen0_Deck2,Gen0_Deck27,1,0,29.091681241989136,1338,Gen0_Match92_1752153311.txt,,2025-07-10T13:31:59.172514
0,Gen0_Match93_1752153311,Gen0_Deck28,Gen0_Deck2,Gen0_Deck28,1,0,30.922547817230225,1336,Gen0_Match93_1752153311.txt,,2025-07-10T13:32:02.615690
0,Gen0_Match94_1752153311,Gen0_Deck2,Gen0_Deck29,Gen0_Deck2,1,0,32.56481218338013,1337,Gen0_Match94_1752153311.txt,,2025-07-10T13:32:15.749927
0,Gen0_Match95_1752153311,Gen0_Deck2,Gen0_Deck30,Gen0_Deck30,0,1,28.0578134059906,1338,Gen0_Match95_1752153311.txt,,2025-07-10T13:32:27.230873
0,Gen0_Match96_1752153311,Gen0_Deck31,Gen0_Deck2,Gen0_Deck2,0,1,26.10038113594055,1336,Gen0_Match96_1752153311.txt,,2025-07-10T13:32:28.716507
0,Gen0_Match97_1752153311,Gen0_Deck2,Gen0_Deck32,Gen0_Deck2,1,0,28.050148963928223,1337,Gen0_Match97_1752153311.txt,,2025-07-10T13:32:43.800554
0,Gen0_Match99_1752153311,Gen0_Deck34,Gen0_Deck2,Gen0_Deck2,0,1,23.225693464279175,1336,Gen0_Match99_1752153311.txt,,2025-07-10T13:32:51.942636
0,Gen0_Match98_1752153311,Gen0_Deck2,Gen0_Deck33,Gen0_Deck33,0,1,34.10503792762756,1338,Gen0_Match98_1752153311.txt,,2025-07-10T13:33:01.336580
0,Gen0_Match100_1752153311,Gen0_Deck3,Gen0_Deck4,Gen0_Deck4,0,1,29.359347820281982,1337,Gen0_Match100_1752153311.txt,,2025-07-10T13:33:13.160388
0,Gen0_Match101_1752153311,Gen0_Deck5,Gen0_Deck3,Gen0_Deck3,0,1,34.218446254730225,1336,Gen0_Match101_1752153311.txt,,2025-07-10T13:33:26.162656
0,Gen0_Match102_1752153311,Gen0_Deck3,Gen0_Deck6,Gen0_Deck3,1,0,29.992988109588623,1338,Gen0_Match102_1752153311.txt,,2025-07-10T13:33:31.330110
0,Gen0_Match103_1752153311,Gen0_Deck3,Gen0_Deck7,Gen0_Deck3,1,0,19.882718801498413,1337,Gen0_Match103_1752153311.txt,,2025-07-10T13:33:33.043610
0,Gen0_Match104_1752153311,Gen0_Deck8,Gen0_Deck3,Gen0_Deck8,1,0,26.015833377838135,1336,Gen0_Match104_1752153311.txt,,2025-07-10T13:33:52.178970
0,Gen0_Match106_1752153311,Gen0_Deck3,Gen0_Deck10,Gen0_Deck3,1,0,28.41924548149109,1337,Gen0_Match106_1752153311.txt,,2025-07-10T13:34:01.463308
0,Gen0_Match105_1752153311,Gen0_Deck9,Gen0_Deck3,Gen0_Deck9,1,0,30.156022787094116,1338,Gen0_Match105_1752153311.txt,,2025-07-10T13:34:01.486713
0,Gen0_Match107_1752153311,Gen0_Deck3,Gen0_Deck11,Gen0_Deck11,0,1,23.684914588928223,1336,Gen0_Match107_1752153311.txt,,2025-07-10T13:34:15.864304
0,Gen0_Match108_1752153311,Gen0_Deck12,Gen0_Deck3,Gen0_Deck12,1,0,26.416194677352905,1337,Gen0_Match108_1752153311.txt,,2025-07-10T13:34:27.879964
0,Gen0_Match109_1752153311,Gen0_Deck3,Gen0_Deck13,Gen0_Deck13,0,1,27.162415742874146,1338,Gen0_Match109_1752153311.txt,,2025-07-10T13:34:28.649731
0,Gen0_Match110_1752153311,Gen0_Deck3,Gen0_Deck14,Gen0_Deck14,0,1,30.13180899620056,1336,Gen0_Match110_1752153311.txt,,2025-07-10T13:34:45.996544
0,Gen0_Match111_1752153311,Gen0_Deck3,Gen0_Deck15,Gen0_Deck15,0,1,26.70719814300537,1337,Gen0_Match111_1752153311.txt,,2025-07-10T13:34:54.587606
0,Gen0_Match112_1752153311,Gen0_Deck16,Gen0_Deck3,Gen0_Deck16,1,0,26.33797264099121,1338,Gen0_Match112_1752153311.txt,,2025-07-10T13:34:54.988221
0,Gen0_Match115_1752153311,Gen0_Deck19,Gen0_Deck3,Gen0_Deck3,0,1,23.0720272064209,1338,Gen0_Match115_1752153311.txt,,2025-07-10T13:35:18.060751
0,Gen0_Match113_1752153311,Gen0_Deck3,Gen0_Deck17,Gen0_Deck17,0,1,32.129220485687256,1336,Gen0_Match113_1752153311.txt,,2025-07-10T13:35:18.126321
0,Gen0_Match114_1752153311,Gen0_Deck3,Gen0_Deck18,Gen0_Deck18,0,1,26.348219871520996,1337,Gen0_Match114_1752153311.txt,,2025-07-10T13:35:20.936277
0,Gen0_Match116_1752153311,Gen0_Deck20,Gen0_Deck3,Gen0_Deck20,1,0,23.24661374092102,1338,Gen0_Match116_1752153311.txt,,2025-07-10T13:35:41.307791
0,Gen0_Match117_1752153311,Gen0_Deck3,Gen0_Deck21,Gen0_Deck21,0,1,32.20275831222534,1336,Gen0_Match117_1752153311.txt,,2025-07-10T13:35:50.329534
0,Gen0_Match118_1752153311,Gen0_Deck22,Gen0_Deck3,Gen0_Deck22,1,0,29.926281213760376,1337,Gen0_Match118_1752153311.txt,,2025-07-10T13:35:50.863060
0,Gen0_Match119_1752153311,Gen0_Deck23,Gen0_Deck3,Gen0_Deck3,0,1,31.0920467376709,1338,Gen0_Match119_1752153311.txt,,2025-07-10T13:36:12.400313
0,Gen0_Match121_1752153311,Gen0_Deck3,Gen0_Deck25,Gen0_Deck3,1,0,21.822840929031372,1337,Gen0_Match121_1752153311.txt,,2025-07-10T13:36:12.686368
0,Gen0_Match120_1752153311,Gen0_Deck3,Gen0_Deck24,Gen0_Deck3,1,0,28.29044222831726,1336,Gen0_Match120_1752153311.txt,,2025-07-10T13:36:18.620466
0,Gen0_Match122_1752153311,Gen0_Deck26,Gen0_Deck3,Gen0_Deck3,0,1,24.166176557540894,1338,Gen0_Match122_1752153311.txt,,2025-07-10T13:36:36.566989
0,Gen0_Match123_1752153311,Gen0_Deck3,Gen0_Deck27,Gen0_Deck27,0,1,33.445812463760376,1337,Gen0_Match123_1752153311.txt,,2025-07-10T13:36:46.132723
0,Gen0_Match124_1752153311,Gen0_Deck3,Gen0_Deck28,Gen0_Deck28,0,1,29.040143489837646,1336,Gen0_Match124_1752153311.txt,,2025-07-10T13:36:47.661078
0,Gen0_Match125_1752153311,Gen0_Deck29,Gen0_Deck3,Gen0_Deck29,1,0,24.925131797790527,1338,Gen0_Match125_1752153311.txt,,2025-07-10T13:37:01.492598
0,Gen0_Match126_1752153311,Gen0_Deck30,Gen0_Deck3,Gen0_Deck3,0,1,25.80994200706482,1337,Gen0_Match126_1752153311.txt,,2025-07-10T13:37:11.943191
0,Gen0_Match127_1752153311,Gen0_Deck3,Gen0_Deck31,Gen0_Deck3,1,0,31.222890853881836,1336,Gen0_Match127_1752153311.txt,,2025-07-10T13:37:18.884537
0,Gen0_Match128_1752153311,Gen0_Deck3,Gen0_Deck32,Gen0_Deck3,1,0,26.86731481552124,1338,Gen0_Match128_1752153311.txt,,2025-07-10T13:37:28.360540
0,Gen0_Match129_1752153311,Gen0_Deck33,Gen0_Deck3,Gen0_Deck33,1,0,26.226151704788208,1337,Gen0_Match129_1752153311.txt,,2025-07-10T13:37:38.169817
0,Gen0_Match130_1752153311,Gen0_Deck3,Gen0_Deck34,Gen0_Deck3,1,0,36.83886933326721,1336,Gen0_Match130_1752153311.txt,,2025-07-10T13:37:55.723952
0,Gen0_Match132_1752153311,Gen0_Deck6,Gen0_Deck4,Gen0_Deck4,0,1,32.837122440338135,1337,Gen0_Match132_1752153311.txt,,2025-07-10T13:38:11.007496
0,Gen0_Match134_1752153311,Gen0_Deck4,Gen0_Deck8,Gen0_Deck4,1,0,24.405691862106323,1337,Gen0_Match134_1752153311.txt,,2025-07-10T13:38:35.413670
0,Gen0_Match133_1752153311,Gen0_Deck7,Gen0_Deck4,Gen0_Deck7,1,0,44.94393992424011,1336,Gen0_Match133_1752153311.txt,,2025-07-10T13:38:40.668462
0,Gen0_Match131_1752153311,Gen0_Deck4,Gen0_Deck5,Gen0_Deck4,1,0,83.84494113922119,1338,Gen0_Match131_1752153311.txt,,2025-07-10T13:38:52.206212
0,Gen0_Match135_1752153311,Gen0_Deck4,Gen0_Deck9,Gen0_Deck9,0,1,25.508384227752686,1337,Gen0_Match135_1752153311.txt,,2025-07-10T13:39:00.922541
0,Gen0_Match137_1752153311,Gen0_Deck4,Gen0_Deck11,Gen0_Deck11,0,1,29.51743221282959,1338,Gen0_Match137_1752153311.txt,,2025-07-10T13:39:21.724185
0,Gen0_Match136_1752153311,Gen0_Deck10,Gen0_Deck4,Gen0_Deck4,0,1,45.41963338851929,1336,Gen0_Match136_1752153311.txt,,2025-07-10T13:39:26.088712
0,Gen0_Match138_1752153311,Gen0_Deck4,Gen0_Deck12,Gen0_Deck4,1,0,31.44446587562561,1337,Gen0_Match138_1752153311.txt,,2025-07-10T13:39:32.367541
0,Gen0_Match140_1752153311,Gen0_Deck14,Gen0_Deck4,Gen0_Deck14,1,0,32.4982430934906,1336,Gen0_Match140_1752153311.txt,,2025-07-10T13:39:58.587467
0,Gen0_Match141_1752153311,Gen0_Deck4,Gen0_Deck15,Gen0_Deck15,0,1,32.81648087501526,1337,Gen0_Match141_1752153311.txt,,2025-07-10T13:40:05.184549
0,Gen0_Match139_1752153311,Gen0_Deck13,Gen0_Deck4,Gen0_Deck4,0,1,45.48758625984192,1338,Gen0_Match139_1752153311.txt,,2025-07-10T13:40:07.212370
0,Gen0_Match143_1752153311,Gen0_Deck17,Gen0_Deck4,Gen0_Deck4,0,1,25.811081886291504,1337,Gen0_Match143_1752153311.txt,,2025-07-10T13:40:30.996066
0,Gen0_Match144_1752153311,Gen0_Deck4,Gen0_Deck18,Gen0_Deck18,0,1,29.187719583511353,1338,Gen0_Match144_1752153311.txt,,2025-07-10T13:40:36.400667
0,Gen0_Match142_1752153311,Gen0_Deck4,Gen0_Deck16,Gen0_Deck16,0,1,49.10289478302002,1336,Gen0_Match142_1752153311.txt,,2025-07-10T13:40:47.690893
0,Gen0_Match145_1752153311,Gen0_Deck4,Gen0_Deck19,Gen0_Deck19,0,1,24.029776573181152,1337,Gen0_Match145_1752153311.txt,,2025-07-10T13:40:55.026352
0,Gen0_Match146_1752153311,Gen0_Deck20,Gen0_Deck4,Gen0_Deck4,0,1,22.706918478012085,1338,Gen0_Match146_1752153311.txt,,2025-07-10T13:40:59.108087
0,Gen0_Match147_1752153311,Gen0_Deck21,Gen0_Deck4,Gen0_Deck4,0,1,25.36112117767334,1336,Gen0_Match147_1752153311.txt,,2025-07-10T13:41:13.052553
0,Gen0_Match149_1752153311,Gen0_Deck23,Gen0_Deck4,Gen0_Deck4,0,1,24.15189528465271,1338,Gen0_Match149_1752153311.txt,,2025-07-10T13:41:23.260485
0,Gen0_Match148_1752153311,Gen0_Deck4,Gen0_Deck22,Gen0_Deck4,1,0,31.579240560531616,1337,Gen0_Match148_1752153311.txt,,2025-07-10T13:41:26.606166
0,Gen0_Match150_1752153311,Gen0_Deck24,Gen0_Deck4,Gen0_Deck24,1,0,28.955498218536377,1336,Gen0_Match150_1752153311.txt,,2025-07-10T13:41:42.008560
0,Gen0_Match152_1752153311,Gen0_Deck4,Gen0_Deck26,Gen0_Deck26,0,1,28.10182785987854,1337,Gen0_Match152_1752153311.txt,,2025-07-10T13:41:54.708524
0,Gen0_Match153_1752153311,Gen0_Deck27,Gen0_Deck4,Gen0_Deck4,0,1,34.90518617630005,1336,Gen0_Match153_1752153311.txt,,2025-07-10T13:42:16.914326
0,Gen0_Match154_1752153311,Gen0_Deck28,Gen0_Deck4,Gen0_Deck4,0,1,24.027615547180176,1337,Gen0_Match154_1752153311.txt,,2025-07-10T13:42:18.736708
0,Gen0_Match151_1752153311,Gen0_Deck4,Gen0_Deck25,Gen0_Deck4,1,0,69.05148959159851,1338,Gen0_Match151_1752153311.txt,,2025-07-10T13:42:32.312642
0,Gen0_Match156_1752153311,Gen0_Deck30,Gen0_Deck4,Gen0_Deck30,1,0,23.30332660675049,1337,Gen0_Match156_1752153311.txt,,2025-07-10T13:42:42.040543
0,Gen0_Match155_1752153311,Gen0_Deck4,Gen0_Deck29,Gen0_Deck4,1,0,32.5096960067749,1336,Gen0_Match155_1752153311.txt,,2025-07-10T13:42:49.424489
0,Gen0_Match157_1752153311,Gen0_Deck31,Gen0_Deck4,Gen0_Deck4,0,1,28.355496168136597,1338,Gen0_Match157_1752153311.txt,,2025-07-10T13:43:00.668673
0,Gen0_Match158_1752153311,Gen0_Deck4,Gen0_Deck32,Gen0_Deck4,1,0,30.161751747131348,1337,Gen0_Match158_1752153311.txt,,2025-07-10T13:43:12.202883
0,Gen0_Match159_1752153311,Gen0_Deck4,Gen0_Deck33,Gen0_Deck4,1,0,27.015515565872192,1336,Gen0_Match159_1752153311.txt,,2025-07-10T13:43:16.440489
0,Gen0_Match160_1752153311,Gen0_Deck34,Gen0_Deck4,Gen0_Deck4,0,1,25.115215301513672,1338,Gen0_Match160_1752153311.txt,,2025-07-10T13:43:25.784368
0,Gen0_Match161_1752153311,Gen0_Deck5,Gen0_Deck6,Gen0_Deck5,1,0,25.18222212791443,1337,Gen0_Match161_1752153311.txt,,2025-07-10T13:43:37.385569
0,Gen0_Match163_1752153311,Gen0_Deck5,Gen0_Deck8,Gen0_Deck8,0,1,44.2877197265625,1338,Gen0_Match163_1752153311.txt,,2025-07-10T13:44:10.072597
0,Gen0_Match164_1752153311,Gen0_Deck5,Gen0_Deck9,Gen0_Deck5,1,0,37.72248387336731,1337,Gen0_Match164_1752153311.txt,,2025-07-10T13:44:15.108546
0,Gen0_Match165_1752153311,Gen0_Deck10,Gen0_Deck5,Gen0_Deck5,0,1,25.778658628463745,1338,Gen0_Match165_1752153311.txt,,2025-07-10T13:44:35.851764
0,Gen0_Match166_1752153311,Gen0_Deck11,Gen0_Deck5,Gen0_Deck5,0,1,27.784187078475952,1337,Gen0_Match166_1752153311.txt,,2025-07-10T13:44:42.893267
0,Gen0_Match162_1752153311,Gen0_Deck7,Gen0_Deck5,Gen0_Deck7,1,0,94.56670236587524,1336,Gen0_Match162_1752153311.txt,,2025-07-10T13:44:51.007937
0,Gen0_Match168_1752153311,Gen0_Deck13,Gen0_Deck5,Gen0_Deck5,0,1,36.49670600891113,1337,Gen0_Match168_1752153311.txt,,2025-07-10T13:45:19.390554
0,Gen0_Match169_1752153311,Gen0_Deck14,Gen0_Deck5,Gen0_Deck5,0,1,29.66787886619568,1336,Gen0_Match169_1752153311.txt,,2025-07-10T13:45:20.676400
0,Gen0_Match167_1752153311,Gen0_Deck5,Gen0_Deck12,Gen0_Deck5,1,0,50.72013258934021,1338,Gen0_Match167_1752153311.txt,,2025-07-10T13:45:26.572423
0,Gen0_Match170_1752153311,Gen0_Deck5,Gen0_Deck15,Gen0_Deck5,1,0,30.22078847885132,1337,Gen0_Match170_1752153311.txt,,2025-07-10T13:45:49.611832
0,Gen0_Match172_1752153311,Gen0_Deck17,Gen0_Deck5,Gen0_Deck5,0,1,27.80033040046692,1338,Gen0_Match172_1752153311.txt,,2025-07-10T13:45:54.373168
0,Gen0_Match171_1752153311,Gen0_Deck5,Gen0_Deck16,Gen0_Deck16,0,1,38.115649700164795,1336,Gen0_Match171_1752153311.txt,,2025-07-10T13:45:58.792659
0,Gen0_Match175_1752153311,Gen0_Deck20,Gen0_Deck5,Gen0_Deck5,0,1,26.727402210235596,1336,Gen0_Match175_1752153311.txt,,2025-07-10T13:46:25.520565
0,Gen0_Match173_1752153311,Gen0_Deck5,Gen0_Deck18,Gen0_Deck18,0,1,37.88409686088562,1337,Gen0_Match173_1752153311.txt,,2025-07-10T13:46:27.496472
0,Gen0_Match174_1752153311,Gen0_Deck5,Gen0_Deck19,Gen0_Deck5,1,0,34.23055577278137,1338,Gen0_Match174_1752153311.txt,,2025-07-10T13:46:28.604168
0,Gen0_Match176_1752153311,Gen0_Deck21,Gen0_Deck5,Gen0_Deck5,0,1,26.17774248123169,1336,Gen0_Match176_1752153311.txt,,2025-07-10T13:46:51.698796
0,Gen0_Match177_1752153311,Gen0_Deck5,Gen0_Deck22,Gen0_Deck5,1,0,30.55568242073059,1337,Gen0_Match177_1752153311.txt,,2025-07-10T13:46:58.052644
0,Gen0_Match178_1752153311,Gen0_Deck5,Gen0_Deck23,Gen0_Deck5,1,0,30.4132137298584,1338,Gen0_Match178_1752153311.txt,,2025-07-10T13:46:59.017898
0,Gen0_Match181_1752153311,Gen0_Deck5,Gen0_Deck26,Gen0_Deck5,1,0,26.559038162231445,1338,Gen0_Match181_1752153311.txt,,2025-07-10T13:47:25.577395
0,Gen0_Match179_1752153311,Gen0_Deck24,Gen0_Deck5,Gen0_Deck5,0,1,37.45336675643921,1336,Gen0_Match179_1752153311.txt,,2025-07-10T13:47:29.152707
0,Gen0_Match180_1752153311,Gen0_Deck25,Gen0_Deck5,Gen0_Deck5,0,1,45.68411421775818,1337,Gen0_Match180_1752153311.txt,,2025-07-10T13:47:43.737277
0,Gen0_Match183_1752153311,Gen0_Deck28,Gen0_Deck5,Gen0_Deck5,0,1,24.511396884918213,1336,Gen0_Match183_1752153311.txt,,2025-07-10T13:47:53.664557
0,Gen0_Match182_1752153311,Gen0_Deck27,Gen0_Deck5,Gen0_Deck5,0,1,34.2707200050354,1338,Gen0_Match182_1752153311.txt,,2025-07-10T13:47:59.848681
0,Gen0_Match184_1752153311,Gen0_Deck5,Gen0_Deck29,Gen0_Deck5,1,0,24.385889291763306,1337,Gen0_Match184_1752153311.txt,,2025-07-10T13:48:08.123644
0,Gen0_Match186_1752153311,Gen0_Deck31,Gen0_Deck5,Gen0_Deck5,0,1,21.99928855895996,1338,Gen0_Match186_1752153311.txt,,2025-07-10T13:48:21.848462
0,Gen0_Match185_1752153311,Gen0_Deck5,Gen0_Deck30,Gen0_Deck5,1,0,28.43941569328308,1336,Gen0_Match185_1752153311.txt,,2025-07-10T13:48:22.104452
0,Gen0_Match187_1752153311,Gen0_Deck32,Gen0_Deck5,Gen0_Deck5,0,1,35.51398277282715,1337,Gen0_Match187_1752153311.txt,,2025-07-10T13:48:43.638104
0,Gen0_Match188_1752153311,Gen0_Deck5,Gen0_Deck33,Gen0_Deck5,1,0,32.1907274723053,1338,Gen0_Match188_1752153311.txt,,2025-07-10T13:48:54.039785
0,Gen0_Match189_1752153311,Gen0_Deck34,Gen0_Deck5,Gen0_Deck34,1,0,40.419623613357544,1336,Gen0_Match189_1752153311.txt,,2025-07-10T13:49:02.524583
0,Gen0_Match190_1752153311,Gen0_Deck6,Gen0_Deck7,Gen0_Deck6,1,0,26.884948015213013,1337,Gen0_Match190_1752153311.txt,,2025-07-10T13:49:10.523632
0,Gen0_Match191_1752153311,Gen0_Deck8,Gen0_Deck6,Gen0_Deck8,1,0,24.17724609375,1338,Gen0_Match191_1752153311.txt,,2025-07-10T13:49:18.217529
0,Gen0_Match192_1752153311,Gen0_Deck9,Gen0_Deck6,Gen0_Deck9,1,0,32.650360107421875,1336,Gen0_Match192_1752153311.txt,,2025-07-10T13:49:35.175427
0,Gen0_Match193_1752153311,Gen0_Deck6,Gen0_Deck10,Gen0_Deck10,0,1,31.660398483276367,1337,Gen0_Match193_1752153311.txt,,2025-07-10T13:49:42.184621
0,Gen0_Match194_1752153311,Gen0_Deck6,Gen0_Deck11,Gen0_Deck11,0,1,28.174469232559204,1338,Gen0_Match194_1752153311.txt,,2025-07-10T13:49:46.392484
0,Gen0_Match197_1752153311,Gen0_Deck6,Gen0_Deck14,Gen0_Deck14,0,1,30.129043579101562,1338,Gen0_Match197_1752153311.txt,,2025-07-10T13:50:16.522072
0,Gen0_Match196_1752153311,Gen0_Deck13,Gen0_Deck6,Gen0_Deck13,1,0,35.846503019332886,1337,Gen0_Match196_1752153311.txt,,2025-07-10T13:50:18.031694
0,Gen0_Match195_1752153311,Gen0_Deck12,Gen0_Deck6,Gen0_Deck12,1,0,62.452571630477905,1336,Gen0_Match195_1752153311.txt,,2025-07-10T13:50:37.628509
0,Gen0_Match198_1752153311,Gen0_Deck15,Gen0_Deck6,Gen0_Deck15,1,0,23.954007387161255,1338,Gen0_Match198_1752153311.txt,,2025-07-10T13:50:40.476595
0,Gen0_Match199_1752153311,Gen0_Deck16,Gen0_Deck6,Gen0_Deck16,1,0,25.959448099136353,1337,Gen0_Match199_1752153311.txt,,2025-07-10T13:50:43.991696
0,Gen0_Match201_1752153311,Gen0_Deck6,Gen0_Deck18,Gen0_Deck6,1,0,24.53391695022583,1338,Gen0_Match201_1752153311.txt,,2025-07-10T13:51:05.011003
0,Gen0_Match202_1752153311,Gen0_Deck19,Gen0_Deck6,Gen0_Deck6,0,1,27.33032464981079,1337,Gen0_Match202_1752153311.txt,,2025-07-10T13:51:11.322467
0,Gen0_Match200_1752153311,Gen0_Deck6,Gen0_Deck17,Gen0_Deck6,1,0,40.431522369384766,1336,Gen0_Match200_1752153311.txt,,2025-07-10T13:51:18.060559
0,Gen0_Match203_1752153311,Gen0_Deck20,Gen0_Deck6,Gen0_Deck20,1,0,26.449588775634766,1338,Gen0_Match203_1752153311.txt,,2025-07-10T13:51:31.461091
0,Gen0_Match204_1752153311,Gen0_Deck6,Gen0_Deck21,Gen0_Deck21,0,1,32.339693546295166,1337,Gen0_Match204_1752153311.txt,,2025-07-10T13:51:43.662689
0,Gen0_Match205_1752153311,Gen0_Deck22,Gen0_Deck6,Gen0_Deck6,0,1,36.65493607521057,1336,Gen0_Match205_1752153311.txt,,2025-07-10T13:51:54.716006
0,Gen0_Match206_1752153311,Gen0_Deck23,Gen0_Deck6,Gen0_Deck23,1,0,33.350287199020386,1338,Gen0_Match206_1752153311.txt,,2025-07-10T13:52:04.811888
0,Gen0_Match207_1752153311,Gen0_Deck6,Gen0_Deck24,Gen0_Deck24,0,1,31.101228952407837,1337,Gen0_Match207_1752153311.txt,,2025-07-10T13:52:14.764454
0,Gen0_Match209_1752153311,Gen0_Deck26,Gen0_Deck6,Gen0_Deck26,1,0,38.18425273895264,1338,Gen0_Match209_1752153311.txt,,2025-07-10T13:52:42.996702
0,Gen0_Match210_1752153311,Gen0_Deck6,Gen0_Deck27,Gen0_Deck6,1,0,40.535048484802246,1337,Gen0_Match210_1752153311.txt,,2025-07-10T13:52:55.299996
0,Gen0_Match208_1752153311,Gen0_Deck6,Gen0_Deck25,Gen0_Deck6,1,0,61.707868814468384,1336,Gen0_Match208_1752153311.txt,,2025-07-10T13:52:56.424428
0,Gen0_Match211_1752153311,Gen0_Deck6,Gen0_Deck28,Gen0_Deck6,1,0,25.747386932373047,1338,Gen0_Match211_1752153311.txt,,2025-07-10T13:53:08.744588
0,Gen0_Match212_1752153311,Gen0_Deck29,Gen0_Deck6,Gen0_Deck6,0,1,27.696499586105347,1337,Gen0_Match212_1752153311.txt,,2025-07-10T13:53:22.997041
0,Gen0_Match213_1752153311,Gen0_Deck30,Gen0_Deck6,Gen0_Deck30,1,0,28.97053050994873,1336,Gen0_Match213_1752153311.txt,,2025-07-10T13:53:25.395529
0,Gen0_Match214_1752153311,Gen0_Deck6,Gen0_Deck31,Gen0_Deck6,1,0,26.73137331008911,1338,Gen0_Match214_1752153311.txt,,2025-07-10T13:53:35.476440
0,Gen0_Match216_1752153311,Gen0_Deck33,Gen0_Deck6,Gen0_Deck33,1,0,26.82747793197632,1336,Gen0_Match216_1752153311.txt,,2025-07-10T13:53:52.223500
0,Gen0_Match215_1752153311,Gen0_Deck6,Gen0_Deck32,Gen0_Deck6,1,0,31.48432493209839,1337,Gen0_Match215_1752153311.txt,,2025-07-10T13:53:54.481910
0,Gen0_Match219_1752153311,Gen0_Deck7,Gen0_Deck9,Gen0_Deck7,1,0,32.14213562011719,1337,Gen0_Match219_1752153311.txt,,2025-07-10T13:54:26.624522
0,Gen0_Match217_1752153311,Gen0_Deck6,Gen0_Deck34,Gen0_Deck34,0,1,57.36758542060852,1338,Gen0_Match217_1752153311.txt,,2025-07-10T13:54:32.844607
0,Gen0_Match218_1752153311,Gen0_Deck7,Gen0_Deck8,Gen0_Deck8,0,1,42.756497859954834,1336,Gen0_Match218_1752153311.txt,,2025-07-10T13:54:34.980552
0,Gen0_Match220_1752153311,Gen0_Deck10,Gen0_Deck7,Gen0_Deck7,0,1,26.323522090911865,1337,Gen0_Match220_1752153311.txt,,2025-07-10T13:54:52.948498
0,Gen0_Match221_1752153311,Gen0_Deck11,Gen0_Deck7,Gen0_Deck11,1,0,28.06348156929016,1338,Gen0_Match221_1752153311.txt,,2025-07-10T13:55:00.908578
0,Gen0_Match222_1752153311,Gen0_Deck7,Gen0_Deck12,Gen0_Deck7,1,0,29.606630563735962,1336,Gen0_Match222_1752153311.txt,,2025-07-10T13:55:04.587643
0,Gen0_Match224_1752153311,Gen0_Deck14,Gen0_Deck7,Gen0_Deck7,0,1,27.08256769180298,1338,Gen0_Match224_1752153311.txt,,2025-07-10T13:55:27.991636
0,Gen0_Match225_1752153311,Gen0_Deck7,Gen0_Deck15,Gen0_Deck7,1,0,26.16033387184143,1336,Gen0_Match225_1752153311.txt,,2025-07-10T13:55:30.748491
0,Gen0_Match223_1752153311,Gen0_Deck13,Gen0_Deck7,Gen0_Deck7,0,1,48.16102623939514,1337,Gen0_Match223_1752153311.txt,,2025-07-10T13:55:41.110142
0,Gen0_Match226_1752153311,Gen0_Deck7,Gen0_Deck16,Gen0_Deck16,0,1,34.89399456977844,1338,Gen0_Match226_1752153311.txt,,2025-07-10T13:56:02.886133
0,Gen0_Match227_1752153311,Gen0_Deck17,Gen0_Deck7,Gen0_Deck7,0,1,37.931572675704956,1336,Gen0_Match227_1752153311.txt,,2025-07-10T13:56:08.680718
0,Gen0_Match228_1752153311,Gen0_Deck7,Gen0_Deck18,Gen0_Deck7,1,0,28.53331756591797,1337,Gen0_Match228_1752153311.txt,,2025-07-10T13:56:09.644014
0,Gen0_Match230_1752153311,Gen0_Deck20,Gen0_Deck7,Gen0_Deck7,0,1,26.239065647125244,1336,Gen0_Match230_1752153311.txt,,2025-07-10T13:56:34.920225
0,Gen0_Match229_1752153311,Gen0_Deck7,Gen0_Deck19,Gen0_Deck19,0,1,35.95898246765137,1338,Gen0_Match229_1752153311.txt,,2025-07-10T13:56:38.845725
0,Gen0_Match231_1752153311,Gen0_Deck21,Gen0_Deck7,Gen0_Deck7,0,1,39.92524075508118,1337,Gen0_Match231_1752153311.txt,,2025-07-10T13:56:49.569747
0,Gen0_Match233_1752153311,Gen0_Deck7,Gen0_Deck23,Gen0_Deck23,0,1,23.370203256607056,1338,Gen0_Match233_1752153311.txt,,2025-07-10T13:57:02.216422
0,Gen0_Match232_1752153311,Gen0_Deck7,Gen0_Deck22,Gen0_Deck7,1,0,32.03418970108032,1336,Gen0_Match232_1752153311.txt,,2025-07-10T13:57:06.954863
0,Gen0_Match234_1752153311,Gen0_Deck24,Gen0_Deck7,Gen0_Deck7,0,1,25.050079584121704,1337,Gen0_Match234_1752153311.txt,,2025-07-10T13:57:14.620288
0,Gen0_Match235_1752153311,Gen0_Deck7,Gen0_Deck25,Gen0_Deck25,0,1,34.85054969787598,1338,Gen0_Match235_1752153311.txt,,2025-07-10T13:57:37.067479
0,Gen0_Match236_1752153311,Gen0_Deck7,Gen0_Deck26,Gen0_Deck26,0,1,46.05309224128723,1336,Gen0_Match236_1752153311.txt,,2025-07-10T13:57:53.008502
0,Gen0_Match238_1752153311,Gen0_Deck28,Gen0_Deck7,Gen0_Deck7,0,1,21.163262844085693,1338,Gen0_Match238_1752153311.txt,,2025-07-10T13:57:58.231250
0,Gen0_Match237_1752153311,Gen0_Deck27,Gen0_Deck7,Gen0_Deck7,0,1,54.72545671463013,1337,Gen0_Match237_1752153311.txt,,2025-07-10T13:58:09.346268
0,Gen0_Match240_1752153311,Gen0_Deck7,Gen0_Deck30,Gen0_Deck30,0,1,28.120842218399048,1338,Gen0_Match240_1752153311.txt,,2025-07-10T13:58:26.352600
0,Gen0_Match239_1752153311,Gen0_Deck7,Gen0_Deck29,Gen0_Deck29,0,1,33.69491004943848,1336,Gen0_Match239_1752153311.txt,,2025-07-10T13:58:26.703849
0,Gen0_Match241_1752153311,Gen0_Deck31,Gen0_Deck7,Gen0_Deck7,0,1,27.542210340499878,1337,Gen0_Match241_1752153311.txt,,2025-07-10T13:58:36.888947
0,Gen0_Match242_1752153311,Gen0_Deck7,Gen0_Deck32,Gen0_Deck32,0,1,23.441096305847168,1338,Gen0_Match242_1752153311.txt,,2025-07-10T13:58:49.794172
0,Gen0_Match243_1752153311,Gen0_Deck7,Gen0_Deck33,Gen0_Deck33,0,1,26.416950225830078,1336,Gen0_Match243_1752153311.txt,,2025-07-10T13:58:53.121203
0,Gen0_Match244_1752153311,Gen0_Deck34,Gen0_Deck7,Gen0_Deck7,0,1,30.496281623840332,1337,Gen0_Match244_1752153311.txt,,2025-07-10T13:59:07.385745
0,Gen0_Match246_1752153311,Gen0_Deck8,Gen0_Deck10,Gen0_Deck8,1,0,27.83078145980835,1336,Gen0_Match246_1752153311.txt,,2025-07-10T13:59:20.952456
0,Gen0_Match245_1752153311,Gen0_Deck9,Gen0_Deck8,Gen0_Deck9,1,0,37.90985155105591,1338,Gen0_Match245_1752153311.txt,,2025-07-10T13:59:27.704476
0,Gen0_Match247_1752153311,Gen0_Deck8,Gen0_Deck11,Gen0_Deck8,1,0,25.77746558189392,1337,Gen0_Match247_1752153311.txt,,2025-07-10T13:59:33.163692
0,Gen0_Match248_1752153311,Gen0_Deck12,Gen0_Deck8,Gen0_Deck12,1,0,34.449270725250244,1336,Gen0_Match248_1752153311.txt,,2025-07-10T13:59:55.402187
0,Gen0_Match250_1752153311,Gen0_Deck8,Gen0_Deck14,Gen0_Deck14,0,1,28.56449317932129,1337,Gen0_Match250_1752153311.txt,,2025-07-10T14:00:01.728706
0,Gen0_Match249_1752153311,Gen0_Deck8,Gen0_Deck13,Gen0_Deck13,0,1,34.82017922401428,1338,Gen0_Match249_1752153311.txt,,2025-07-10T14:00:02.525227
0,Gen0_Match251_1752153311,Gen0_Deck15,Gen0_Deck8,Gen0_Deck15,1,0,31.57639789581299,1336,Gen0_Match251_1752153311.txt,,2025-07-10T14:00:26.979135
0,Gen0_Match252_1752153311,Gen0_Deck16,Gen0_Deck8,Gen0_Deck8,0,1,29.85870337486267,1337,Gen0_Match252_1752153311.txt,,2025-07-10T14:00:31.587944
0,Gen0_Match253_1752153311,Gen0_Deck8,Gen0_Deck17,Gen0_Deck8,1,0,33.876307010650635,1338,Gen0_Match253_1752153311.txt,,2025-07-10T14:00:36.402102
0,Gen0_Match255_1752153311,Gen0_Deck19,Gen0_Deck8,Gen0_Deck19,1,0,25.891459465026855,1337,Gen0_Match255_1752153311.txt,,2025-07-10T14:00:57.479867
0,Gen0_Match254_1752153311,Gen0_Deck8,Gen0_Deck18,Gen0_Deck8,1,0,36.375571489334106,1336,Gen0_Match254_1752153311.txt,,2025-07-10T14:01:03.355243
0,Gen0_Match256_1752153311,Gen0_Deck8,Gen0_Deck20,Gen0_Deck8,1,0,27.989874124526978,1338,Gen0_Match256_1752153311.txt,,2025-07-10T14:01:04.392468
0,Gen0_Match257_1752153311,Gen0_Deck8,Gen0_Deck21,Gen0_Deck21,0,1,28.524205923080444,1337,Gen0_Match257_1752153311.txt,,2025-07-10T14:01:26.004610
0,Gen0_Match258_1752153311,Gen0_Deck22,Gen0_Deck8,Gen0_Deck8,0,1,27.84894299507141,1336,Gen0_Match258_1752153311.txt,,2025-07-10T14:01:31.204689
0,Gen0_Match259_1752153311,Gen0_Deck23,Gen0_Deck8,Gen0_Deck8,0,1,37.39952087402344,1338,Gen0_Match259_1752153311.txt,,2025-07-10T14:01:41.792497
0,Gen0_Match260_1752153311,Gen0_Deck8,Gen0_Deck24,Gen0_Deck24,0,1,25.83455514907837,1337,Gen0_Match260_1752153311.txt,,2025-07-10T14:01:51.839673
0,Gen0_Match262_1752153311,Gen0_Deck26,Gen0_Deck8,Gen0_Deck8,0,1,26.96111512184143,1338,Gen0_Match262_1752153311.txt,,2025-07-10T14:02:08.754114
0,Gen0_Match261_1752153311,Gen0_Deck8,Gen0_Deck25,Gen0_Deck8,1,0,50.63928818702698,1336,Gen0_Match261_1752153311.txt,,2025-07-10T14:02:21.844537
0,Gen0_Match263_1752153311,Gen0_Deck8,Gen0_Deck27,Gen0_Deck8,1,0,36.47632575035095,1337,Gen0_Match263_1752153311.txt,,2025-07-10T14:02:28.316518
0,Gen0_Match264_1752153311,Gen0_Deck8,Gen0_Deck28,Gen0_Deck28,0,1,34.62723660469055,1338,Gen0_Match264_1752153311.txt,,2025-07-10T14:02:43.381870
0,Gen0_Match265_1752153311,Gen0_Deck29,Gen0_Deck8,Gen0_Deck8,0,1,31.231525421142578,1336,Gen0_Match265_1752153311.txt,,2025-07-10T14:02:53.076541
0,Gen0_Match266_1752153311,Gen0_Deck30,Gen0_Deck8,Gen0_Deck30,1,0,31.12814426422119,1337,Gen0_Match266_1752153311.txt,,2025-07-10T14:02:59.445265
0,Gen0_Match267_1752153311,Gen0_Deck8,Gen0_Deck31,Gen0_Deck8,1,0,32.31810116767883,1338,Gen0_Match267_1752153311.txt,,2025-07-10T14:03:15.700440
0,Gen0_Match268_1752153311,Gen0_Deck32,Gen0_Deck8,Gen0_Deck32,1,0,29.579843521118164,1336,Gen0_Match268_1752153311.txt,,2025-07-10T14:03:22.656809
0,Gen0_Match269_1752153311,Gen0_Deck33,Gen0_Deck8,Gen0_Deck33,1,0,28.491148710250854,1337,Gen0_Match269_1752153311.txt,,2025-07-10T14:03:27.936974
0,Gen0_Match270_1752153311,Gen0_Deck8,Gen0_Deck34,Gen0_Deck8,1,0,30.750275373458862,1338,Gen0_Match270_1752153311.txt,,2025-07-10T14:03:46.451196
0,Gen0_Match271_1752153311,Gen0_Deck10,Gen0_Deck9,Gen0_Deck9,0,1,27.91120958328247,1336,Gen0_Match271_1752153311.txt,,2025-07-10T14:03:50.568413
0,Gen0_Match272_1752153311,Gen0_Deck9,Gen0_Deck11,Gen0_Deck9,1,0,32.11080551147461,1337,Gen0_Match272_1752153311.txt,,2025-07-10T14:04:00.048267
0,Gen0_Match274_1752153311,Gen0_Deck13,Gen0_Deck9,Gen0_Deck9,0,1,41.99882888793945,1336,Gen0_Match274_1752153311.txt,,2025-07-10T14:04:32.567659
0,Gen0_Match275_1752153311,Gen0_Deck14,Gen0_Deck9,Gen0_Deck14,1,0,40.64783048629761,1337,Gen0_Match275_1752153311.txt,,2025-07-10T14:04:40.696676
0,Gen0_Match276_1752153311,Gen0_Deck9,Gen0_Deck15,Gen0_Deck9,1,0,23.01961374282837,1336,Gen0_Match276_1752153311.txt,,2025-07-10T14:04:55.587689
0,Gen0_Match273_1752153311,Gen0_Deck9,Gen0_Deck12,Gen0_Deck9,1,0,88.09279370307922,1338,Gen0_Match273_1752153311.txt,,2025-07-10T14:05:14.544521
0,Gen0_Match279_1752153311,Gen0_Deck9,Gen0_Deck18,Gen0_Deck9,1,0,21.932764291763306,1338,Gen0_Match279_1752153311.txt,,2025-07-10T14:05:36.477832
0,Gen0_Match277_1752153311,Gen0_Deck9,Gen0_Deck16,Gen0_Deck9,1,0,67.31490683555603,1337,Gen0_Match277_1752153311.txt,,2025-07-10T14:05:48.012155
0,Gen0_Match280_1752153311,Gen0_Deck9,Gen0_Deck19,Gen0_Deck9,1,0,32.274566650390625,1338,Gen0_Match280_1752153311.txt,,2025-07-10T14:06:08.752941
0,Gen0_Match281_1752153311,Gen0_Deck20,Gen0_Deck9,Gen0_Deck9,0,1,30.96878933906555,1337,Gen0_Match281_1752153311.txt,,2025-07-10T14:06:18.981515
0,Gen0_Match282_1752153311,Gen0_Deck21,Gen0_Deck9,Gen0_Deck21,1,0,21.909691333770752,1338,Gen0_Match282_1752153311.txt,,2025-07-10T14:06:30.663091
0,Gen0_Match283_1752153311,Gen0_Deck9,Gen0_Deck22,Gen0_Deck22,0,1,22.530959844589233,1337,Gen0_Match283_1752153311.txt,,2025-07-10T14:06:41.512972
0,Gen0_Match284_1752153311,Gen0_Deck23,Gen0_Deck9,Gen0_Deck9,0,1,25.60634136199951,1338,Gen0_Match284_1752153311.txt,,2025-07-10T14:06:56.269881
0,Gen0_Match278_1752153311,Gen0_Deck17,Gen0_Deck9,Gen0_Deck17,1,0,133.85722374916077,1336,Gen0_Match278_1752153311.txt,,2025-07-10T14:07:09.445341
0,Gen0_Match285_1752153311,Gen0_Deck24,Gen0_Deck9,Gen0_Deck24,1,0,30.240861177444458,1337,Gen0_Match285_1752153311.txt,,2025-07-10T14:07:11.754249
0,Gen0_Match286_1752153311,Gen0_Deck9,Gen0_Deck25,Gen0_Deck9,1,0,24.274256467819214,1338,Gen0_Match286_1752153311.txt,,2025-07-10T14:07:20.544584
0,Gen0_Match287_1752153311,Gen0_Deck9,Gen0_Deck26,Gen0_Deck9,1,0,25.986506462097168,1336,Gen0_Match287_1752153311.txt,,2025-07-10T14:07:35.432251
0,Gen0_Match288_1752153311,Gen0_Deck27,Gen0_Deck9,Gen0_Deck9,0,1,24.117605686187744,1337,Gen0_Match288_1752153311.txt,,2025-07-10T14:07:35.872242
0,Gen0_Match289_1752153311,Gen0_Deck28,Gen0_Deck9,Gen0_Deck9,0,1,21.736546754837036,1338,Gen0_Match289_1752153311.txt,,2025-07-10T14:07:42.281612
0,Gen0_Match290_1752153311,Gen0_Deck9,Gen0_Deck29,Gen0_Deck29,0,1,29.26366090774536,1336,Gen0_Match290_1752153311.txt,,2025-07-10T14:08:04.696330
0,Gen0_Match291_1752153311,Gen0_Deck30,Gen0_Deck9,Gen0_Deck9,0,1,31.863319635391235,1337,Gen0_Match291_1752153311.txt,,2025-07-10T14:08:07.735993
0,Gen0_Match292_1752153311,Gen0_Deck31,Gen0_Deck9,Gen0_Deck9,0,1,34.466471433639526,1338,Gen0_Match292_1752153311.txt,,2025-07-10T14:08:16.748586
0,Gen0_Match293_1752153311,Gen0_Deck9,Gen0_Deck32,Gen0_Deck32,0,1,31.148709297180176,1336,Gen0_Match293_1752153311.txt,,2025-07-10T14:08:35.845503
0,Gen0_Match294_1752153311,Gen0_Deck9,Gen0_Deck33,Gen0_Deck9,1,0,28.207438230514526,1337,Gen0_Match294_1752153311.txt,,2025-07-10T14:08:35.943909
0,Gen0_Match295_1752153311,Gen0_Deck34,Gen0_Deck9,Gen0_Deck9,0,1,24.319263458251953,1338,Gen0_Match295_1752153311.txt,,2025-07-10T14:08:41.068317
0,Gen0_Match296_1752153311,Gen0_Deck10,Gen0_Deck11,Gen0_Deck11,0,1,26.90657138824463,1336,Gen0_Match296_1752153311.txt,,2025-07-10T14:09:02.752508
0,Gen0_Match297_1752153311,Gen0_Deck10,Gen0_Deck12,Gen0_Deck12,0,1,28.25979495048523,1337,Gen0_Match297_1752153311.txt,,2025-07-10T14:09:04.204152
0,Gen0_Match298_1752153311,Gen0_Deck13,Gen0_Deck10,Gen0_Deck13,1,0,36.322635650634766,1338,Gen0_Match298_1752153311.txt,,2025-07-10T14:09:17.391507
0,Gen0_Match299_1752153311,Gen0_Deck14,Gen0_Deck10,Gen0_Deck10,0,1,34.83945965766907,1336,Gen0_Match299_1752153311.txt,,2025-07-10T14:09:37.592488
0,Gen0_Match300_1752153311,Gen0_Deck10,Gen0_Deck15,Gen0_Deck15,0,1,42.98375654220581,1337,Gen0_Match300_1752153311.txt,,2025-07-10T14:09:47.188390
0,Gen0_Match301_1752153311,Gen0_Deck10,Gen0_Deck16,Gen0_Deck16,0,1,31.118915557861328,1338,Gen0_Match301_1752153311.txt,,2025-07-10T14:09:48.510914
0,Gen0_Match302_1752153311,Gen0_Deck17,Gen0_Deck10,Gen0_Deck17,1,0,38.40744876861572,1336,Gen0_Match302_1752153311.txt,,2025-07-10T14:10:16.000592
0,Gen0_Match304_1752153311,Gen0_Deck10,Gen0_Deck19,Gen0_Deck19,0,1,29.06569790840149,1338,Gen0_Match304_1752153311.txt,,2025-07-10T14:10:17.577041
0,Gen0_Match303_1752153311,Gen0_Deck10,Gen0_Deck18,Gen0_Deck10,1,0,33.98010563850403,1337,Gen0_Match303_1752153311.txt,,2025-07-10T14:10:21.168896
0,Gen0_Match305_1752153311,Gen0_Deck20,Gen0_Deck10,Gen0_Deck20,1,0,27.91633892059326,1336,Gen0_Match305_1752153311.txt,,2025-07-10T14:10:43.917408
0,Gen0_Match307_1752153311,Gen0_Deck10,Gen0_Deck22,Gen0_Deck10,1,0,36.290968894958496,1337,Gen0_Match307_1752153311.txt,,2025-07-10T14:10:57.460308
0,Gen0_Match306_1752153311,Gen0_Deck21,Gen0_Deck10,Gen0_Deck10,0,1,50.524364948272705,1338,Gen0_Match306_1752153311.txt,,2025-07-10T14:11:08.101855
0,Gen0_Match308_1752153311,Gen0_Deck23,Gen0_Deck10,Gen0_Deck10,0,1,34.61046099662781,1336,Gen0_Match308_1752153311.txt,,2025-07-10T14:11:18.528312
0,Gen0_Match309_1752153311,Gen0_Deck24,Gen0_Deck10,Gen0_Deck24,1,0,27.682811737060547,1337,Gen0_Match309_1752153311.txt,,2025-07-10T14:11:25.143577
0,Gen0_Match311_1752153311,Gen0_Deck10,Gen0_Deck26,Gen0_Deck10,1,0,35.01321268081665,1336,Gen0_Match311_1752153311.txt,,2025-07-10T14:11:53.541944
0,Gen0_Match310_1752153311,Gen0_Deck25,Gen0_Deck10,Gen0_Deck25,1,0,45.59544014930725,1338,Gen0_Match310_1752153311.txt,,2025-07-10T14:11:53.697716
0,Gen0_Match312_1752153311,Gen0_Deck27,Gen0_Deck10,Gen0_Deck10,0,1,38.83097958564758,1337,Gen0_Match312_1752153311.txt,,2025-07-10T14:12:03.975073
0,Gen0_Match314_1752153311,Gen0_Deck10,Gen0_Deck29,Gen0_Deck29,0,1,27.937579870224,1338,Gen0_Match314_1752153311.txt,,2025-07-10T14:12:21.635678
0,Gen0_Match313_1752153311,Gen0_Deck10,Gen0_Deck28,Gen0_Deck10,1,0,33.708967208862305,1336,Gen0_Match313_1752153311.txt,,2025-07-10T14:12:27.251327
0,Gen0_Match315_1752153311,Gen0_Deck10,Gen0_Deck30,Gen0_Deck30,0,1,29.150278568267822,1337,Gen0_Match315_1752153311.txt,,2025-07-10T14:12:33.125766
0,Gen0_Match316_1752153311,Gen0_Deck31,Gen0_Deck10,Gen0_Deck31,1,0,26.90746259689331,1338,Gen0_Match316_1752153311.txt,,2025-07-10T14:12:48.543531
0,Gen0_Match317_1752153311,Gen0_Deck10,Gen0_Deck32,Gen0_Deck32,0,1,23.024654626846313,1336,Gen0_Match317_1752153311.txt,,2025-07-10T14:12:50.276365
0,Gen0_Match318_1752153311,Gen0_Deck10,Gen0_Deck33,Gen0_Deck33,0,1,27.930068731307983,1337,Gen0_Match318_1752153311.txt,,2025-07-10T14:13:01.056267
0,Gen0_Match319_1752153311,Gen0_Deck34,Gen0_Deck10,Gen0_Deck34,1,0,32.72984290122986,1338,Gen0_Match319_1752153311.txt,,2025-07-10T14:13:21.273901
0,Gen0_Match320_1752153311,Gen0_Deck11,Gen0_Deck12,Gen0_Deck12,0,1,32.76860857009888,1336,Gen0_Match320_1752153311.txt,,2025-07-10T14:13:23.045431
0,Gen0_Match321_1752153311,Gen0_Deck13,Gen0_Deck11,Gen0_Deck13,1,0,29.667508125305176,1337,Gen0_Match321_1752153311.txt,,2025-07-10T14:13:30.724264
0,Gen0_Match323_1752153311,Gen0_Deck11,Gen0_Deck15,Gen0_Deck11,1,0,25.833718061447144,1336,Gen0_Match323_1752153311.txt,,2025-07-10T14:13:48.879536
0,Gen0_Match322_1752153311,Gen0_Deck14,Gen0_Deck11,Gen0_Deck11,0,1,27.608598470687866,1338,Gen0_Match322_1752153311.txt,,2025-07-10T14:13:48.882980
0,Gen0_Match325_1752153311,Gen0_Deck17,Gen0_Deck11,Gen0_Deck11,0,1,32.693721532821655,1336,Gen0_Match325_1752153311.txt,,2025-07-10T14:14:21.573747
0,Gen0_Match326_1752153311,Gen0_Deck11,Gen0_Deck18,Gen0_Deck18,0,1,33.12502574920654,1338,Gen0_Match326_1752153311.txt,,2025-07-10T14:14:22.008419
0,Gen0_Match324_1752153311,Gen0_Deck11,Gen0_Deck16,Gen0_Deck16,0,1,52.53160548210144,1337,Gen0_Match324_1752153311.txt,,2025-07-10T14:14:23.256371
0,Gen0_Match327_1752153311,Gen0_Deck11,Gen0_Deck19,Gen0_Deck11,1,0,24.818140983581543,1336,Gen0_Match327_1752153311.txt,,2025-07-10T14:14:46.392263
0,Gen0_Match328_1752153311,Gen0_Deck20,Gen0_Deck11,Gen0_Deck11,0,1,26.634836435317993,1338,Gen0_Match328_1752153311.txt,,2025-07-10T14:14:48.643706
0,Gen0_Match329_1752153311,Gen0_Deck21,Gen0_Deck11,Gen0_Deck21,1,0,26.89026188850403,1337,Gen0_Match329_1752153311.txt,,2025-07-10T14:14:50.147146
0,Gen0_Match332_1752153311,Gen0_Deck24,Gen0_Deck11,Gen0_Deck24,1,0,23.524710655212402,1337,Gen0_Match332_1752153311.txt,,2025-07-10T14:15:13.672340
0,Gen0_Match330_1752153311,Gen0_Deck11,Gen0_Deck22,Gen0_Deck11,1,0,31.208006620407104,1336,Gen0_Match330_1752153311.txt,,2025-07-10T14:15:17.600758
0,Gen0_Match331_1752153311,Gen0_Deck11,Gen0_Deck23,Gen0_Deck11,1,0,29.219409942626953,1338,Gen0_Match331_1752153311.txt,,2025-07-10T14:15:17.863590
0,Gen0_Match333_1752153311,Gen0_Deck11,Gen0_Deck25,Gen0_Deck25,0,1,35.782981157302856,1337,Gen0_Match333_1752153311.txt,,2025-07-10T14:15:49.455874
0,Gen0_Match335_1752153311,Gen0_Deck11,Gen0_Deck27,Gen0_Deck11,1,0,43.395740270614624,1338,Gen0_Match335_1752153311.txt,,2025-07-10T14:16:01.259963
0,Gen0_Match334_1752153311,Gen0_Deck11,Gen0_Deck26,Gen0_Deck11,1,0,54.312584400177,1336,Gen0_Match334_1752153311.txt,,2025-07-10T14:16:11.913942
0,Gen0_Match336_1752153311,Gen0_Deck28,Gen0_Deck11,Gen0_Deck11,0,1,31.696906089782715,1337,Gen0_Match336_1752153311.txt,,2025-07-10T14:16:21.153260
0,Gen0_Match337_1752153311,Gen0_Deck11,Gen0_Deck29,Gen0_Deck11,1,0,33.15948224067688,1338,Gen0_Match337_1752153311.txt,,2025-07-10T14:16:34.419883
0,Gen0_Match339_1752153311,Gen0_Deck31,Gen0_Deck11,Gen0_Deck11,0,1,23.053916692733765,1337,Gen0_Match339_1752153311.txt,,2025-07-10T14:16:44.207626
0,Gen0_Match338_1752153311,Gen0_Deck11,Gen0_Deck30,Gen0_Deck30,0,1,44.21176886558533,1336,Gen0_Match338_1752153311.txt,,2025-07-10T14:16:56.126199
0,Gen0_Match340_1752153311,Gen0_Deck32,Gen0_Deck11,Gen0_Deck32,1,0,37.465572118759155,1338,Gen0_Match340_1752153311.txt,,2025-07-10T14:17:11.885878
0,Gen0_Match341_1752153311,Gen0_Deck11,Gen0_Deck33,Gen0_Deck11,1,0,28.503126621246338,1337,Gen0_Match341_1752153311.txt,,2025-07-10T14:17:12.711214
0,Gen0_Match342_1752153311,Gen0_Deck34,Gen0_Deck11,Gen0_Deck11,0,1,24.377689599990845,1336,Gen0_Match342_1752153311.txt,,2025-07-10T14:17:20.504250
0,Gen0_Match344_1752153311,Gen0_Deck14,Gen0_Deck12,Gen0_Deck14,1,0,31.30472993850708,1337,Gen0_Match344_1752153311.txt,,2025-07-10T14:17:44.016358
0,Gen0_Match345_1752153311,Gen0_Deck12,Gen0_Deck15,Gen0_Deck12,1,0,27.071897745132446,1336,Gen0_Match345_1752153311.txt,,2025-07-10T14:17:47.576523
0,Gen0_Match343_1752153311,Gen0_Deck13,Gen0_Deck12,Gen0_Deck12,0,1,39.214088916778564,1338,Gen0_Match343_1752153311.txt,,2025-07-10T14:17:51.100367
0,Gen0_Match346_1752153311,Gen0_Deck12,Gen0_Deck16,Gen0_Deck12,1,0,23.931512594223022,1337,Gen0_Match346_1752153311.txt,,2025-07-10T14:18:07.948243
0,Gen0_Match348_1752153311,Gen0_Deck12,Gen0_Deck18,Gen0_Deck12,1,0,25.699525356292725,1338,Gen0_Match348_1752153311.txt,,2025-07-10T14:18:16.800282
0,Gen0_Match347_1752153311,Gen0_Deck17,Gen0_Deck12,Gen0_Deck12,0,1,30.708112955093384,1336,Gen0_Match347_1752153311.txt,,2025-07-10T14:18:18.285067
0,Gen0_Match349_1752153311,Gen0_Deck12,Gen0_Deck19,Gen0_Deck12,1,0,27.822595596313477,1337,Gen0_Match349_1752153311.txt,,2025-07-10T14:18:35.771257
0,Gen0_Match350_1752153311,Gen0_Deck20,Gen0_Deck12,Gen0_Deck12,0,1,26.330474138259888,1338,Gen0_Match350_1752153311.txt,,2025-07-10T14:18:43.131137
0,Gen0_Match352_1752153311,Gen0_Deck12,Gen0_Deck22,Gen0_Deck22,0,1,22.09040927886963,1337,Gen0_Match352_1752153311.txt,,2025-07-10T14:18:57.862113
0,Gen0_Match351_1752153311,Gen0_Deck21,Gen0_Deck12,Gen0_Deck12,0,1,39.59773325920105,1336,Gen0_Match351_1752153311.txt,,2025-07-10T14:18:57.883320
0,Gen0_Match353_1752153311,Gen0_Deck12,Gen0_Deck23,Gen0_Deck23,0,1,23.91967010498047,1338,Gen0_Match353_1752153311.txt,,2025-07-10T14:19:07.051268
0,Gen0_Match354_1752153311,Gen0_Deck24,Gen0_Deck12,Gen0_Deck24,1,0,30.283921480178833,1337,Gen0_Match354_1752153311.txt,,2025-07-10T14:19:28.146549
0,Gen0_Match355_1752153311,Gen0_Deck12,Gen0_Deck25,Gen0_Deck12,1,0,30.852616786956787,1336,Gen0_Match355_1752153311.txt,,2025-07-10T14:19:28.736382
0,Gen0_Match356_1752153311,Gen0_Deck12,Gen0_Deck26,Gen0_Deck12,1,0,27.42444920539856,1338,Gen0_Match356_1752153311.txt,,2025-07-10T14:19:34.476216
0,Gen0_Match358_1752153311,Gen0_Deck28,Gen0_Deck12,Gen0_Deck12,0,1,24.73067879676819,1336,Gen0_Match358_1752153311.txt,,2025-07-10T14:19:53.467468
0,Gen0_Match359_1752153311,Gen0_Deck12,Gen0_Deck29,Gen0_Deck29,0,1,34.19109225273132,1338,Gen0_Match359_1752153311.txt,,2025-07-10T14:20:08.667807
0,Gen0_Match360_1752153311,Gen0_Deck12,Gen0_Deck30,Gen0_Deck12,1,0,26.52038860321045,1336,Gen0_Match360_1752153311.txt,,2025-07-10T14:20:19.988246
0,Gen0_Match361_1752153311,Gen0_Deck31,Gen0_Deck12,Gen0_Deck12,0,1,20.24629497528076,1338,Gen0_Match361_1752153311.txt,,2025-07-10T14:20:28.914534
0,Gen0_Match362_1752153311,Gen0_Deck12,Gen0_Deck32,Gen0_Deck12,1,0,23.7643563747406,1336,Gen0_Match362_1752153311.txt,,2025-07-10T14:20:43.753043
0,Gen0_Match364_1752153311,Gen0_Deck34,Gen0_Deck12,Gen0_Deck12,0,1,21.013288021087646,1336,Gen0_Match364_1752153311.txt,,2025-07-10T14:21:04.771107
0,Gen0_Match363_1752153311,Gen0_Deck12,Gen0_Deck33,Gen0_Deck33,0,1,36.482258796691895,1338,Gen0_Match363_1752153311.txt,,2025-07-10T14:21:05.397257
0,Gen0_Match366_1752153311,Gen0_Deck15,Gen0_Deck13,Gen0_Deck13,0,1,27.724154233932495,1338,Gen0_Match366_1752153311.txt,,2025-07-10T14:21:33.121862
0,Gen0_Match365_1752153311,Gen0_Deck13,Gen0_Deck14,Gen0_Deck14,0,1,32.522146224975586,1336,Gen0_Match365_1752153311.txt,,2025-07-10T14:21:37.293893
0,Gen0_Match357_1752153311,Gen0_Deck27,Gen0_Deck12,Gen0_Deck27,1,0,134.35346508026123,1337,Gen0_Match357_1752153311.txt,,2025-07-10T14:21:42.500584
0,Gen0_Match368_1752153311,Gen0_Deck13,Gen0_Deck17,Gen0_Deck13,1,0,30.954106330871582,1336,Gen0_Match368_1752153311.txt,,2025-07-10T14:22:08.248475
0,Gen0_Match367_1752153311,Gen0_Deck16,Gen0_Deck13,Gen0_Deck16,1,0,44.93833661079407,1338,Gen0_Match367_1752153311.txt,,2025-07-10T14:22:18.060636
0,Gen0_Match369_1752153311,Gen0_Deck13,Gen0_Deck18,Gen0_Deck13,1,0,55.39326357841492,1337,Gen0_Match369_1752153311.txt,,2025-07-10T14:22:37.894654
0,Gen0_Match371_1752153311,Gen0_Deck13,Gen0_Deck20,Gen0_Deck13,1,0,30.63979434967041,1338,Gen0_Match371_1752153311.txt,,2025-07-10T14:22:48.700972
0,Gen0_Match370_1752153311,Gen0_Deck19,Gen0_Deck13,Gen0_Deck19,1,0,44.17259907722473,1336,Gen0_Match370_1752153311.txt,,2025-07-10T14:22:52.421625
0,Gen0_Match373_1752153311,Gen0_Deck22,Gen0_Deck13,Gen0_Deck13,0,1,32.73382353782654,1338,Gen0_Match373_1752153311.txt,,2025-07-10T14:23:21.435314
0,Gen0_Match372_1752153311,Gen0_Deck13,Gen0_Deck21,Gen0_Deck13,1,0,57.37960386276245,1337,Gen0_Match372_1752153311.txt,,2025-07-10T14:23:35.275033
0,Gen0_Match375_1752153311,Gen0_Deck13,Gen0_Deck24,Gen0_Deck24,0,1,30.444746017456055,1338,Gen0_Match375_1752153311.txt,,2025-07-10T14:23:51.880516
0,Gen0_Match374_1752153311,Gen0_Deck23,Gen0_Deck13,Gen0_Deck23,1,0,62.56934952735901,1336,Gen0_Match374_1752153311.txt,,2025-07-10T14:23:54.991611
0,Gen0_Match376_1752153311,Gen0_Deck25,Gen0_Deck13,Gen0_Deck13,0,1,24.891221284866333,1337,Gen0_Match376_1752153311.txt,,2025-07-10T14:24:00.166837
0,Gen0_Match377_1752153311,Gen0_Deck26,Gen0_Deck13,Gen0_Deck26,1,0,34.519646883010864,1338,Gen0_Match377_1752153311.txt,,2025-07-10T14:24:26.400671
0,Gen0_Match378_1752153311,Gen0_Deck13,Gen0_Deck27,Gen0_Deck27,0,1,32.3335075378418,1336,Gen0_Match378_1752153311.txt,,2025-07-10T14:24:27.325615
0,Gen0_Match380_1752153311,Gen0_Deck29,Gen0_Deck13,Gen0_Deck13,0,1,27.129894256591797,1338,Gen0_Match380_1752153311.txt,,2025-07-10T14:24:53.531148
0,Gen0_Match381_1752153311,Gen0_Deck30,Gen0_Deck13,Gen0_Deck30,1,0,29.658456563949585,1336,Gen0_Match381_1752153311.txt,,2025-07-10T14:24:56.984548
0,Gen0_Match383_1752153311,Gen0_Deck32,Gen0_Deck13,Gen0_Deck13,0,1,27.775127410888672,1336,Gen0_Match383_1752153311.txt,,2025-07-10T14:25:24.760566
0,Gen0_Match382_1752153311,Gen0_Deck13,Gen0_Deck31,Gen0_Deck31,0,1,33.47279167175293,1338,Gen0_Match382_1752153311.txt,,2025-07-10T14:25:27.004439
0,Gen0_Match384_1752153311,Gen0_Deck33,Gen0_Deck13,Gen0_Deck13,0,1,24.551217555999756,1336,Gen0_Match384_1752153311.txt,,2025-07-10T14:25:49.312204
0,Gen0_Match385_1752153311,Gen0_Deck13,Gen0_Deck34,Gen0_Deck13,1,0,30.031532526016235,1338,Gen0_Match385_1752153311.txt,,2025-07-10T14:25:57.036472
0,Gen0_Match386_1752153311,Gen0_Deck14,Gen0_Deck15,Gen0_Deck14,1,0,23.82442593574524,1336,Gen0_Match386_1752153311.txt,,2025-07-10T14:26:13.137055
0,Gen0_Match379_1752153311,Gen0_Deck13,Gen0_Deck28,Gen0_Deck13,1,0,133.00704884529114,1337,Gen0_Match379_1752153311.txt,,2025-07-10T14:26:13.174374
0,Gen0_Match387_1752153311,Gen0_Deck14,Gen0_Deck16,Gen0_Deck14,1,0,26.555466651916504,1338,Gen0_Match387_1752153311.txt,,2025-07-10T14:26:23.592337
0,Gen0_Match389_1752153311,Gen0_Deck18,Gen0_Deck14,Gen0_Deck18,1,0,22.770990133285522,1337,Gen0_Match389_1752153311.txt,,2025-07-10T14:26:35.945767
0,Gen0_Match388_1752153311,Gen0_Deck17,Gen0_Deck14,Gen0_Deck14,0,1,28.122859239578247,1336,Gen0_Match388_1752153311.txt,,2025-07-10T14:26:41.260441
0,Gen0_Match390_1752153311,Gen0_Deck14,Gen0_Deck19,Gen0_Deck14,1,0,38.69706988334656,1338,Gen0_Match390_1752153311.txt,,2025-07-10T14:27:02.289846
0,Gen0_Match391_1752153311,Gen0_Deck20,Gen0_Deck14,Gen0_Deck20,1,0,26.370081663131714,1337,Gen0_Match391_1752153311.txt,,2025-07-10T14:27:02.316266
0,Gen0_Match392_1752153311,Gen0_Deck21,Gen0_Deck14,Gen0_Deck14,0,1,30.31984543800354,1336,Gen0_Match392_1752153311.txt,,2025-07-10T14:27:11.580811
0,Gen0_Match393_1752153311,Gen0_Deck14,Gen0_Deck22,Gen0_Deck22,0,1,27.99770474433899,1338,Gen0_Match393_1752153311.txt,,2025-07-10T14:27:30.287934
0,Gen0_Match395_1752153311,Gen0_Deck24,Gen0_Deck14,Gen0_Deck24,1,0,35.01494765281677,1336,Gen0_Match395_1752153311.txt,,2025-07-10T14:27:46.596251
0,Gen0_Match394_1752153311,Gen0_Deck14,Gen0_Deck23,Gen0_Deck14,1,0,48.75975227355957,1337,Gen0_Match394_1752153311.txt,,2025-07-10T14:27:51.076703
0,Gen0_Match396_1752153311,Gen0_Deck25,Gen0_Deck14,Gen0_Deck14,0,1,30.823662281036377,1338,Gen0_Match396_1752153311.txt,,2025-07-10T14:28:01.112117
0,Gen0_Match397_1752153311,Gen0_Deck14,Gen0_Deck26,Gen0_Deck26,0,1,29.77631974220276,1336,Gen0_Match397_1752153311.txt,,2025-07-10T14:28:16.373121
0,Gen0_Match398_1752153311,Gen0_Deck27,Gen0_Deck14,Gen0_Deck14,0,1,42.419190406799316,1337,Gen0_Match398_1752153311.txt,,2025-07-10T14:28:33.496495
0,Gen0_Match399_1752153311,Gen0_Deck28,Gen0_Deck14,Gen0_Deck14,0,1,36.52299189567566,1338,Gen0_Match399_1752153311.txt,,2025-07-10T14:28:37.635606
0,Gen0_Match400_1752153311,Gen0_Deck14,Gen0_Deck29,Gen0_Deck29,0,1,32.248178482055664,1336,Gen0_Match400_1752153311.txt,,2025-07-10T14:28:48.621792
0,Gen0_Match402_1752153311,Gen0_Deck31,Gen0_Deck14,Gen0_Deck31,1,0,27.492520570755005,1338,Gen0_Match402_1752153311.txt,,2025-07-10T14:29:05.128618
0,Gen0_Match401_1752153311,Gen0_Deck14,Gen0_Deck30,Gen0_Deck14,1,0,36.81780481338501,1337,Gen0_Match401_1752153311.txt,,2025-07-10T14:29:10.314842
0,Gen0_Match403_1752153311,Gen0_Deck32,Gen0_Deck14,Gen0_Deck14,0,1,37.1086311340332,1336,Gen0_Match403_1752153311.txt,,2025-07-10T14:29:25.731059
0,Gen0_Match404_1752153311,Gen0_Deck14,Gen0_Deck33,Gen0_Deck14,1,0,25.95126724243164,1338,Gen0_Match404_1752153311.txt,,2025-07-10T14:29:31.080268
0,Gen0_Match405_1752153311,Gen0_Deck34,Gen0_Deck14,Gen0_Deck14,0,1,25.804978370666504,1337,Gen0_Match405_1752153311.txt,,2025-07-10T14:29:36.120206
0,Gen0_Match406_1752153311,Gen0_Deck16,Gen0_Deck15,Gen0_Deck16,1,0,33.161022901535034,1336,Gen0_Match406_1752153311.txt,,2025-07-10T14:29:58.892561
0,Gen0_Match407_1752153311,Gen0_Deck17,Gen0_Deck15,Gen0_Deck15,0,1,29.516358613967896,1338,Gen0_Match407_1752153311.txt,,2025-07-10T14:30:00.597083
0,Gen0_Match408_1752153311,Gen0_Deck15,Gen0_Deck18,Gen0_Deck18,0,1,30.03577470779419,1337,Gen0_Match408_1752153311.txt,,2025-07-10T14:30:06.156448
0,Gen0_Match409_1752153311,Gen0_Deck19,Gen0_Deck15,Gen0_Deck19,1,0,25.830642461776733,1336,Gen0_Match409_1752153311.txt,,2025-07-10T14:30:24.723605
0,Gen0_Match410_1752153311,Gen0_Deck20,Gen0_Deck15,Gen0_Deck20,1,0,27.175194263458252,1338,Gen0_Match410_1752153311.txt,,2025-07-10T14:30:27.772782
0,Gen0_Match411_1752153311,Gen0_Deck21,Gen0_Deck15,Gen0_Deck21,1,0,27.898357629776,1337,Gen0_Match411_1752153311.txt,,2025-07-10T14:30:34.055294
0,Gen0_Match412_1752153311,Gen0_Deck15,Gen0_Deck22,Gen0_Deck15,1,0,28.997958421707153,1336,Gen0_Match412_1752153311.txt,,2025-07-10T14:30:53.722024
0,Gen0_Match413_1752153311,Gen0_Deck23,Gen0_Deck15,Gen0_Deck23,1,0,30.881028175354004,1338,Gen0_Match413_1752153311.txt,,2025-07-10T14:30:58.654301
0,Gen0_Match414_1752153311,Gen0_Deck15,Gen0_Deck24,Gen0_Deck15,1,0,34.544785499572754,1337,Gen0_Match414_1752153311.txt,,2025-07-10T14:31:08.600618
0,Gen0_Match416_1752153311,Gen0_Deck15,Gen0_Deck26,Gen0_Deck26,0,1,25.120888233184814,1338,Gen0_Match416_1752153311.txt,,2025-07-10T14:31:23.775729
0,Gen0_Match415_1752153311,Gen0_Deck15,Gen0_Deck25,Gen0_Deck15,1,0,42.112616300582886,1336,Gen0_Match415_1752153311.txt,,2025-07-10T14:31:35.835110
0,Gen0_Match417_1752153311,Gen0_Deck27,Gen0_Deck15,Gen0_Deck27,1,0,37.039186000823975,1337,Gen0_Match417_1752153311.txt,,2025-07-10T14:31:45.640284
0,Gen0_Match418_1752153311,Gen0_Deck15,Gen0_Deck28,Gen0_Deck15,1,0,23.293292999267578,1338,Gen0_Match418_1752153311.txt,,2025-07-10T14:31:47.069473
0,Gen0_Match419_1752153311,Gen0_Deck29,Gen0_Deck15,Gen0_Deck15,0,1,24.469944953918457,1336,Gen0_Match419_1752153311.txt,,2025-07-10T14:32:00.305455
0,Gen0_Match420_1752153311,Gen0_Deck15,Gen0_Deck30,Gen0_Deck30,0,1,27.911559581756592,1337,Gen0_Match420_1752153311.txt,,2025-07-10T14:32:13.552252
0,Gen0_Match421_1752153311,Gen0_Deck31,Gen0_Deck15,Gen0_Deck15,0,1,37.77796387672424,1338,Gen0_Match421_1752153311.txt,,2025-07-10T14:32:24.847841
0,Gen0_Match422_1752153311,Gen0_Deck15,Gen0_Deck32,Gen0_Deck32,0,1,30.859769344329834,1336,Gen0_Match422_1752153311.txt,,2025-07-10T14:32:31.165672
0,Gen0_Match424_1752153311,Gen0_Deck34,Gen0_Deck15,Gen0_Deck34,1,0,27.177924156188965,1338,Gen0_Match424_1752153311.txt,,2025-07-10T14:32:52.026142
0,Gen0_Match425_1752153311,Gen0_Deck17,Gen0_Deck16,Gen0_Deck16,0,1,28.047447443008423,1336,Gen0_Match425_1752153311.txt,,2025-07-10T14:32:59.213664
0,Gen0_Match423_1752153311,Gen0_Deck33,Gen0_Deck15,Gen0_Deck15,0,1,46.97948622703552,1337,Gen0_Match423_1752153311.txt,,2025-07-10T14:33:00.532239
0,Gen0_Match426_1752153311,Gen0_Deck16,Gen0_Deck18,Gen0_Deck16,1,0,24.70743703842163,1338,Gen0_Match426_1752153311.txt,,2025-07-10T14:33:16.734019
0,Gen0_Match428_1752153311,Gen0_Deck20,Gen0_Deck16,Gen0_Deck20,1,0,25.87775230407715,1337,Gen0_Match428_1752153311.txt,,2025-07-10T14:33:26.410430
0,Gen0_Match427_1752153311,Gen0_Deck16,Gen0_Deck19,Gen0_Deck16,1,0,31.375704765319824,1336,Gen0_Match427_1752153311.txt,,2025-07-10T14:33:30.589895
0,Gen0_Match429_1752153311,Gen0_Deck21,Gen0_Deck16,Gen0_Deck16,0,1,25.730976819992065,1338,Gen0_Match429_1752153311.txt,,2025-07-10T14:33:42.465440
0,Gen0_Match431_1752153311,Gen0_Deck16,Gen0_Deck23,Gen0_Deck16,1,0,28.466521978378296,1336,Gen0_Match431_1752153311.txt,,2025-07-10T14:33:59.056912
0,Gen0_Match430_1752153311,Gen0_Deck16,Gen0_Deck22,Gen0_Deck16,1,0,39.701478004455566,1337,Gen0_Match430_1752153311.txt,,2025-07-10T14:34:06.112336
0,Gen0_Match432_1752153311,Gen0_Deck24,Gen0_Deck16,Gen0_Deck16,0,1,27.10516119003296,1338,Gen0_Match432_1752153311.txt,,2025-07-10T14:34:09.571118
0,Gen0_Match435_1752153311,Gen0_Deck27,Gen0_Deck16,Gen0_Deck16,0,1,28.520833015441895,1338,Gen0_Match435_1752153311.txt,,2025-07-10T14:34:38.092360
0,Gen0_Match433_1752153311,Gen0_Deck16,Gen0_Deck25,Gen0_Deck25,0,1,44.77696466445923,1336,Gen0_Match433_1752153311.txt,,2025-07-10T14:34:43.834330
0,Gen0_Match434_1752153311,Gen0_Deck16,Gen0_Deck26,Gen0_Deck26,0,1,37.73538899421692,1337,Gen0_Match434_1752153311.txt,,2025-07-10T14:34:43.848178
0,Gen0_Match436_1752153311,Gen0_Deck28,Gen0_Deck16,Gen0_Deck16,0,1,27.068722009658813,1338,Gen0_Match436_1752153311.txt,,2025-07-10T14:35:05.161523
0,Gen0_Match437_1752153311,Gen0_Deck16,Gen0_Deck29,Gen0_Deck16,1,0,26.073651790618896,1336,Gen0_Match437_1752153311.txt,,2025-07-10T14:35:09.908419
0,Gen0_Match438_1752153311,Gen0_Deck16,Gen0_Deck30,Gen0_Deck16,1,0,31.495290994644165,1337,Gen0_Match438_1752153311.txt,,2025-07-10T14:35:15.343968
0,Gen0_Match439_1752153311,Gen0_Deck31,Gen0_Deck16,Gen0_Deck16,0,1,23.837539434432983,1338,Gen0_Match439_1752153311.txt,,2025-07-10T14:35:28.999505
0,Gen0_Match441_1752153311,Gen0_Deck16,Gen0_Deck33,Gen0_Deck33,0,1,28.522107124328613,1337,Gen0_Match441_1752153311.txt,,2025-07-10T14:35:43.866537
0,Gen0_Match440_1752153311,Gen0_Deck16,Gen0_Deck32,Gen0_Deck16,1,0,34.4904990196228,1336,Gen0_Match440_1752153311.txt,,2025-07-10T14:35:44.399477
0,Gen0_Match442_1752153311,Gen0_Deck34,Gen0_Deck16,Gen0_Deck16,0,1,32.16659736633301,1338,Gen0_Match442_1752153311.txt,,2025-07-10T14:36:01.166559
0,Gen0_Match443_1752153311,Gen0_Deck17,Gen0_Deck18,Gen0_Deck18,0,1,23.93751311302185,1337,Gen0_Match443_1752153311.txt,,2025-07-10T14:36:07.804464
0,Gen0_Match444_1752153311,Gen0_Deck17,Gen0_Deck19,Gen0_Deck19,0,1,28.516550540924072,1336,Gen0_Match444_1752153311.txt,,2025-07-10T14:36:12.916522
0,Gen0_Match445_1752153311,Gen0_Deck20,Gen0_Deck17,Gen0_Deck20,1,0,22.143211364746094,1338,Gen0_Match445_1752153311.txt,,2025-07-10T14:36:23.310196
0,Gen0_Match446_1752153311,Gen0_Deck21,Gen0_Deck17,Gen0_Deck21,1,0,30.520042896270752,1337,Gen0_Match446_1752153311.txt,,2025-07-10T14:36:38.325027
0,Gen0_Match447_1752153311,Gen0_Deck17,Gen0_Deck22,Gen0_Deck17,1,0,26.181330919265747,1336,Gen0_Match447_1752153311.txt,,2025-07-10T14:36:39.098371
0,Gen0_Match448_1752153311,Gen0_Deck17,Gen0_Deck23,Gen0_Deck23,0,1,22.317803859710693,1338,Gen0_Match448_1752153311.txt,,2025-07-10T14:36:45.628482
0,Gen0_Match450_1752153311,Gen0_Deck17,Gen0_Deck25,Gen0_Deck17,1,0,24.834152936935425,1336,Gen0_Match450_1752153311.txt,,2025-07-10T14:37:03.932924
0,Gen0_Match451_1752153311,Gen0_Deck17,Gen0_Deck26,Gen0_Deck26,0,1,23.963430643081665,1338,Gen0_Match451_1752153311.txt,,2025-07-10T14:37:09.592347
0,Gen0_Match452_1752153311,Gen0_Deck27,Gen0_Deck17,Gen0_Deck17,0,1,24.416648149490356,1336,Gen0_Match452_1752153311.txt,,2025-07-10T14:37:28.350044
0,Gen0_Match449_1752153311,Gen0_Deck24,Gen0_Deck17,Gen0_Deck17,0,1,50.097421407699585,1337,Gen0_Match449_1752153311.txt,,2025-07-10T14:37:28.423107
0,Gen0_Match453_1752153311,Gen0_Deck28,Gen0_Deck17,Gen0_Deck17,0,1,29.275660753250122,1338,Gen0_Match453_1752153311.txt,,2025-07-10T14:37:38.868532
0,Gen0_Match454_1752153311,Gen0_Deck17,Gen0_Deck29,Gen0_Deck17,1,0,26.401807069778442,1336,Gen0_Match454_1752153311.txt,,2025-07-10T14:37:54.752330
0,Gen0_Match456_1752153311,Gen0_Deck31,Gen0_Deck17,Gen0_Deck17,0,1,25.368480443954468,1338,Gen0_Match456_1752153311.txt,,2025-07-10T14:38:04.237511
0,Gen0_Match457_1752153311,Gen0_Deck17,Gen0_Deck32,Gen0_Deck17,1,0,30.82357907295227,1336,Gen0_Match457_1752153311.txt,,2025-07-10T14:38:25.576456
0,Gen0_Match458_1752153311,Gen0_Deck17,Gen0_Deck33,Gen0_Deck33,0,1,21.352006912231445,1338,Gen0_Match458_1752153311.txt,,2025-07-10T14:38:25.589949
0,Gen0_Match460_1752153311,Gen0_Deck18,Gen0_Deck19,Gen0_Deck19,0,1,24.29293417930603,1338,Gen0_Match460_1752153311.txt,,2025-07-10T14:38:49.883403
0,Gen0_Match455_1752153311,Gen0_Deck17,Gen0_Deck30,Gen0_Deck17,1,0,83.35988807678223,1337,Gen0_Match455_1752153311.txt,,2025-07-10T14:38:51.783596
0,Gen0_Match459_1752153311,Gen0_Deck34,Gen0_Deck17,Gen0_Deck34,1,0,26.553479194641113,1336,Gen0_Match459_1752153311.txt,,2025-07-10T14:38:52.130403
0,Gen0_Match461_1752153311,Gen0_Deck18,Gen0_Deck20,Gen0_Deck20,0,1,24.332738399505615,1338,Gen0_Match461_1752153311.txt,,2025-07-10T14:39:14.216612
0,Gen0_Match463_1752153311,Gen0_Deck22,Gen0_Deck18,Gen0_Deck18,0,1,27.293492078781128,1336,Gen0_Match463_1752153311.txt,,2025-07-10T14:39:19.424296
0,Gen0_Match462_1752153311,Gen0_Deck21,Gen0_Deck18,Gen0_Deck21,1,0,28.836265325546265,1337,Gen0_Match462_1752153311.txt,,2025-07-10T14:39:20.620355
0,Gen0_Match464_1752153311,Gen0_Deck18,Gen0_Deck23,Gen0_Deck23,0,1,29.432750701904297,1338,Gen0_Match464_1752153311.txt,,2025-07-10T14:39:43.649837
0,Gen0_Match465_1752153311,Gen0_Deck18,Gen0_Deck24,Gen0_Deck18,1,0,25.06239604949951,1336,Gen0_Match465_1752153311.txt,,2025-07-10T14:39:44.487105
0,Gen0_Match466_1752153311,Gen0_Deck25,Gen0_Deck18,Gen0_Deck18,0,1,25.791593313217163,1337,Gen0_Match466_1752153311.txt,,2025-07-10T14:39:46.412445
0,Gen0_Match468_1752153311,Gen0_Deck18,Gen0_Deck27,Gen0_Deck27,0,1,28.854459047317505,1336,Gen0_Match468_1752153311.txt,,2025-07-10T14:40:13.342077
0,Gen0_Match469_1752153311,Gen0_Deck18,Gen0_Deck28,Gen0_Deck18,1,0,28.08579683303833,1337,Gen0_Match469_1752153311.txt,,2025-07-10T14:40:14.498722
0,Gen0_Match467_1752153311,Gen0_Deck18,Gen0_Deck26,Gen0_Deck26,0,1,31.083131790161133,1338,Gen0_Match467_1752153311.txt,,2025-07-10T14:40:14.733463
0,Gen0_Match470_1752153311,Gen0_Deck29,Gen0_Deck18,Gen0_Deck18,0,1,21.946084022521973,1336,Gen0_Match470_1752153311.txt,,2025-07-10T14:40:35.288643
0,Gen0_Match472_1752153311,Gen0_Deck31,Gen0_Deck18,Gen0_Deck31,1,0,28.430688619613647,1338,Gen0_Match472_1752153311.txt,,2025-07-10T14:40:43.164617
0,Gen0_Match471_1752153311,Gen0_Deck18,Gen0_Deck30,Gen0_Deck30,0,1,31.196186780929565,1337,Gen0_Match471_1752153311.txt,,2025-07-10T14:40:45.695508
0,Gen0_Match475_1752153311,Gen0_Deck18,Gen0_Deck34,Gen0_Deck18,1,0,24.908485651016235,1337,Gen0_Match475_1752153311.txt,,2025-07-10T14:41:10.604466
0,Gen0_Match474_1752153311,Gen0_Deck33,Gen0_Deck18,Gen0_Deck18,0,1,30.780399322509766,1338,Gen0_Match474_1752153311.txt,,2025-07-10T14:41:13.945547
0,Gen0_Match473_1752153311,Gen0_Deck32,Gen0_Deck18,Gen0_Deck18,0,1,49.69469237327576,1336,Gen0_Match473_1752153311.txt,,2025-07-10T14:41:24.983856
0,Gen0_Match476_1752153311,Gen0_Deck20,Gen0_Deck19,Gen0_Deck20,1,0,22.93533182144165,1337,Gen0_Match476_1752153311.txt,,2025-07-10T14:41:33.540267
0,Gen0_Match477_1752153311,Gen0_Deck21,Gen0_Deck19,Gen0_Deck19,0,1,26.60066533088684,1338,Gen0_Match477_1752153311.txt,,2025-07-10T14:41:40.546639
0,Gen0_Match478_1752153311,Gen0_Deck19,Gen0_Deck22,Gen0_Deck22,0,1,28.775495052337646,1336,Gen0_Match478_1752153311.txt,,2025-07-10T14:41:53.759819
0,Gen0_Match479_1752153311,Gen0_Deck19,Gen0_Deck23,Gen0_Deck23,0,1,24.85569167137146,1337,Gen0_Match479_1752153311.txt,,2025-07-10T14:41:58.396455
0,Gen0_Match480_1752153311,Gen0_Deck24,Gen0_Deck19,Gen0_Deck19,0,1,30.2908673286438,1338,Gen0_Match480_1752153311.txt,,2025-07-10T14:42:10.838084
0,Gen0_Match482_1752153311,Gen0_Deck19,Gen0_Deck26,Gen0_Deck19,1,0,23.468879461288452,1337,Gen0_Match482_1752153311.txt,,2025-07-10T14:42:21.865793
0,Gen0_Match481_1752153311,Gen0_Deck25,Gen0_Deck19,Gen0_Deck19,0,1,29.28742504119873,1336,Gen0_Match481_1752153311.txt,,2025-07-10T14:42:23.047680
0,Gen0_Match483_1752153311,Gen0_Deck27,Gen0_Deck19,Gen0_Deck27,1,0,21.78577160835266,1338,Gen0_Match483_1752153311.txt,,2025-07-10T14:42:32.624316
0,Gen0_Match484_1752153311,Gen0_Deck28,Gen0_Deck19,Gen0_Deck19,0,1,22.90429663658142,1337,Gen0_Match484_1752153311.txt,,2025-07-10T14:42:44.770537
0,Gen0_Match485_1752153311,Gen0_Deck19,Gen0_Deck29,Gen0_Deck19,1,0,43.51157021522522,1336,Gen0_Match485_1752153311.txt,,2025-07-10T14:43:06.559851
0,Gen0_Match487_1752153311,Gen0_Deck31,Gen0_Deck19,Gen0_Deck19,0,1,22.525306701660156,1337,Gen0_Match487_1752153311.txt,,2025-07-10T14:43:07.296323
0,Gen0_Match486_1752153311,Gen0_Deck19,Gen0_Deck30,Gen0_Deck19,1,0,35.906606912612915,1338,Gen0_Match486_1752153311.txt,,2025-07-10T14:43:08.531449
0,Gen0_Match490_1752153311,Gen0_Deck34,Gen0_Deck19,Gen0_Deck19,0,1,22.216490507125854,1338,Gen0_Match490_1752153311.txt,,2025-07-10T14:43:30.748432
0,Gen0_Match488_1752153311,Gen0_Deck19,Gen0_Deck32,Gen0_Deck32,0,1,24.463021278381348,1336,Gen0_Match488_1752153311.txt,,2025-07-10T14:43:31.023396
0,Gen0_Match489_1752153311,Gen0_Deck19,Gen0_Deck33,Gen0_Deck33,0,1,39.453874826431274,1337,Gen0_Match489_1752153311.txt,,2025-07-10T14:43:46.750715
0,Gen0_Match491_1752153311,Gen0_Deck20,Gen0_Deck21,Gen0_Deck20,1,0,20.243683099746704,1338,Gen0_Match491_1752153311.txt,,2025-07-10T14:43:50.992594
0,Gen0_Match492_1752153311,Gen0_Deck22,Gen0_Deck20,Gen0_Deck20,0,1,23.27629780769348,1336,Gen0_Match492_1752153311.txt,,2025-07-10T14:43:54.300165
0,Gen0_Match493_1752153311,Gen0_Deck23,Gen0_Deck20,Gen0_Deck20,0,1,25.369309902191162,1337,Gen0_Match493_1752153311.txt,,2025-07-10T14:44:12.120523
0,Gen0_Match494_1752153311,Gen0_Deck20,Gen0_Deck24,Gen0_Deck24,0,1,21.92776656150818,1338,Gen0_Match494_1752153311.txt,,2025-07-10T14:44:12.920792
0,Gen0_Match495_1752153311,Gen0_Deck20,Gen0_Deck25,Gen0_Deck20,1,0,27.371817350387573,1336,Gen0_Match495_1752153311.txt,,2025-07-10T14:44:21.672473
0,Gen0_Match497_1752153311,Gen0_Deck27,Gen0_Deck20,Gen0_Deck20,0,1,24.20562171936035,1338,Gen0_Match497_1752153311.txt,,2025-07-10T14:44:37.126848
0,Gen0_Match496_1752153311,Gen0_Deck26,Gen0_Deck20,Gen0_Deck20,0,1,26.36797022819519,1337,Gen0_Match496_1752153311.txt,,2025-07-10T14:44:38.488986
0,Gen0_Match498_1752153311,Gen0_Deck20,Gen0_Deck28,Gen0_Deck20,1,0,24.953625440597534,1336,Gen0_Match498_1752153311.txt,,2025-07-10T14:44:46.626588
0,Gen0_Match499_1752153311,Gen0_Deck29,Gen0_Deck20,Gen0_Deck20,0,1,21.741069793701172,1338,Gen0_Match499_1752153311.txt,,2025-07-10T14:44:58.868297
0,Gen0_Match500_1752153311,Gen0_Deck30,Gen0_Deck20,Gen0_Deck20,0,1,32.073944091796875,1337,Gen0_Match500_1752153311.txt,,2025-07-10T14:45:10.563523
0,Gen0_Match501_1752153311,Gen0_Deck31,Gen0_Deck20,Gen0_Deck20,0,1,25.174459218978882,1336,Gen0_Match501_1752153311.txt,,2025-07-10T14:45:11.801551
0,Gen0_Match502_1752153311,Gen0_Deck20,Gen0_Deck32,Gen0_Deck32,0,1,25.971800088882446,1338,Gen0_Match502_1752153311.txt,,2025-07-10T14:45:24.840562
0,Gen0_Match503_1752153311,Gen0_Deck33,Gen0_Deck20,Gen0_Deck20,0,1,22.651979446411133,1337,Gen0_Match503_1752153311.txt,,2025-07-10T14:45:33.215934
0,Gen0_Match504_1752153311,Gen0_Deck20,Gen0_Deck34,Gen0_Deck20,1,0,30.01805090904236,1336,Gen0_Match504_1752153311.txt,,2025-07-10T14:45:41.820062
0,Gen0_Match505_1752153311,Gen0_Deck21,Gen0_Deck22,Gen0_Deck22,0,1,21.699855089187622,1338,Gen0_Match505_1752153311.txt,,2025-07-10T14:45:46.540898
0,Gen0_Match506_1752153311,Gen0_Deck21,Gen0_Deck23,Gen0_Deck21,1,0,38.479034662246704,1337,Gen0_Match506_1752153311.txt,,2025-07-10T14:46:11.695528
0,Gen0_Match508_1752153311,Gen0_Deck21,Gen0_Deck25,Gen0_Deck21,1,0,29.871001482009888,1338,Gen0_Match508_1752153311.txt,,2025-07-10T14:46:16.412377
0,Gen0_Match507_1752153311,Gen0_Deck24,Gen0_Deck21,Gen0_Deck24,1,0,34.8439302444458,1336,Gen0_Match507_1752153311.txt,,2025-07-10T14:46:16.664514
0,Gen0_Match509_1752153311,Gen0_Deck21,Gen0_Deck26,Gen0_Deck21,1,0,25.855038166046143,1337,Gen0_Match509_1752153311.txt,,2025-07-10T14:46:37.551039
0,Gen0_Match510_1752153311,Gen0_Deck27,Gen0_Deck21,Gen0_Deck27,1,0,21.9155490398407,1338,Gen0_Match510_1752153311.txt,,2025-07-10T14:46:38.328340
0,Gen0_Match511_1752153311,Gen0_Deck28,Gen0_Deck21,Gen0_Deck21,0,1,32.704561710357666,1336,Gen0_Match511_1752153311.txt,,2025-07-10T14:46:49.369504
0,Gen0_Match513_1752153311,Gen0_Deck21,Gen0_Deck30,Gen0_Deck21,1,0,24.919785261154175,1338,Gen0_Match513_1752153311.txt,,2025-07-10T14:47:03.248525
0,Gen0_Match512_1752153311,Gen0_Deck21,Gen0_Deck29,Gen0_Deck21,1,0,37.64260458946228,1337,Gen0_Match512_1752153311.txt,,2025-07-10T14:47:15.194106
0,Gen0_Match514_1752153311,Gen0_Deck31,Gen0_Deck21,Gen0_Deck21,0,1,26.718541622161865,1336,Gen0_Match514_1752153311.txt,,2025-07-10T14:47:16.088531
0,Gen0_Match515_1752153311,Gen0_Deck21,Gen0_Deck32,Gen0_Deck21,1,0,28.58145809173584,1338,Gen0_Match515_1752153311.txt,,2025-07-10T14:47:31.830378
0,Gen0_Match516_1752153311,Gen0_Deck21,Gen0_Deck33,Gen0_Deck21,1,0,31.814002752304077,1337,Gen0_Match516_1752153311.txt,,2025-07-10T14:47:47.008716
0,Gen0_Match518_1752153311,Gen0_Deck22,Gen0_Deck23,Gen0_Deck23,0,1,25.909467458724976,1338,Gen0_Match518_1752153311.txt,,2025-07-10T14:47:57.740263
0,Gen0_Match517_1752153311,Gen0_Deck34,Gen0_Deck21,Gen0_Deck34,1,0,44.24356698989868,1336,Gen0_Match517_1752153311.txt,,2025-07-10T14:48:00.332758
0,Gen0_Match519_1752153311,Gen0_Deck24,Gen0_Deck22,Gen0_Deck24,1,0,30.577375888824463,1337,Gen0_Match519_1752153311.txt,,2025-07-10T14:48:17.586547
0,Gen0_Match521_1752153311,Gen0_Deck22,Gen0_Deck26,Gen0_Deck22,1,0,23.255136013031006,1336,Gen0_Match521_1752153311.txt,,2025-07-10T14:48:23.588329
0,Gen0_Match520_1752153311,Gen0_Deck25,Gen0_Deck22,Gen0_Deck22,0,1,34.015719413757324,1338,Gen0_Match520_1752153311.txt,,2025-07-10T14:48:31.756499
0,Gen0_Match522_1752153311,Gen0_Deck22,Gen0_Deck27,Gen0_Deck22,1,0,24.36402988433838,1337,Gen0_Match522_1752153311.txt,,2025-07-10T14:48:41.951047
0,Gen0_Match523_1752153311,Gen0_Deck28,Gen0_Deck22,Gen0_Deck22,0,1,27.195573329925537,1336,Gen0_Match523_1752153311.txt,,2025-07-10T14:48:50.784292
0,Gen0_Match524_1752153311,Gen0_Deck22,Gen0_Deck29,Gen0_Deck29,0,1,24.959392070770264,1338,Gen0_Match524_1752153311.txt,,2025-07-10T14:48:56.716433
0,Gen0_Match525_1752153311,Gen0_Deck22,Gen0_Deck30,Gen0_Deck30,0,1,32.664870738983154,1337,Gen0_Match525_1752153311.txt,,2025-07-10T14:49:14.616369
0,Gen0_Match526_1752153311,Gen0_Deck31,Gen0_Deck22,Gen0_Deck31,1,0,33.99142670631409,1336,Gen0_Match526_1752153311.txt,,2025-07-10T14:49:24.776123
0,Gen0_Match527_1752153311,Gen0_Deck32,Gen0_Deck22,Gen0_Deck32,1,0,40.23054003715515,1338,Gen0_Match527_1752153311.txt,,2025-07-10T14:49:36.947419
0,Gen0_Match528_1752153311,Gen0_Deck22,Gen0_Deck33,Gen0_Deck33,0,1,24.590746879577637,1337,Gen0_Match528_1752153311.txt,,2025-07-10T14:49:39.207531
0,Gen0_Match529_1752153311,Gen0_Deck34,Gen0_Deck22,Gen0_Deck22,0,1,24.523300409317017,1336,Gen0_Match529_1752153311.txt,,2025-07-10T14:49:49.299797
0,Gen0_Match530_1752153311,Gen0_Deck24,Gen0_Deck23,Gen0_Deck23,0,1,25.25227165222168,1338,Gen0_Match530_1752153311.txt,,2025-07-10T14:50:02.200094
0,Gen0_Match531_1752153311,Gen0_Deck25,Gen0_Deck23,Gen0_Deck23,0,1,35.99355697631836,1337,Gen0_Match531_1752153311.txt,,2025-07-10T14:50:15.201496
0,Gen0_Match532_1752153311,Gen0_Deck23,Gen0_Deck26,Gen0_Deck26,0,1,32.855106592178345,1336,Gen0_Match532_1752153311.txt,,2025-07-10T14:50:22.155320
0,Gen0_Match533_1752153311,Gen0_Deck23,Gen0_Deck27,Gen0_Deck23,1,0,23.611522912979126,1338,Gen0_Match533_1752153311.txt,,2025-07-10T14:50:25.812034
0,Gen0_Match534_1752153311,Gen0_Deck28,Gen0_Deck23,Gen0_Deck23,0,1,31.532339811325073,1337,Gen0_Match534_1752153311.txt,,2025-07-10T14:50:46.734267
0,Gen0_Match535_1752153311,Gen0_Deck29,Gen0_Deck23,Gen0_Deck23,0,1,25.392351388931274,1336,Gen0_Match535_1752153311.txt,,2025-07-10T14:50:47.548085
0,Gen0_Match536_1752153311,Gen0_Deck23,Gen0_Deck30,Gen0_Deck30,0,1,23.486472368240356,1338,Gen0_Match536_1752153311.txt,,2025-07-10T14:50:49.299022
0,Gen0_Match537_1752153311,Gen0_Deck31,Gen0_Deck23,Gen0_Deck23,0,1,26.91631555557251,1337,Gen0_Match537_1752153311.txt,,2025-07-10T14:51:13.651072
0,Gen0_Match538_1752153311,Gen0_Deck32,Gen0_Deck23,Gen0_Deck23,0,1,27.80114245414734,1336,Gen0_Match538_1752153311.txt,,2025-07-10T14:51:15.349748
0,Gen0_Match539_1752153311,Gen0_Deck33,Gen0_Deck23,Gen0_Deck23,0,1,34.19385051727295,1338,Gen0_Match539_1752153311.txt,,2025-07-10T14:51:23.493398
0,Gen0_Match540_1752153311,Gen0_Deck23,Gen0_Deck34,Gen0_Deck34,0,1,22.200873613357544,1337,Gen0_Match540_1752153311.txt,,2025-07-10T14:51:35.852363
0,Gen0_Match542_1752153311,Gen0_Deck24,Gen0_Deck26,Gen0_Deck24,1,0,24.646965742111206,1338,Gen0_Match542_1752153311.txt,,2025-07-10T14:51:48.140835
0,Gen0_Match541_1752153311,Gen0_Deck25,Gen0_Deck24,Gen0_Deck24,0,1,45.32119059562683,1336,Gen0_Match541_1752153311.txt,,2025-07-10T14:52:00.671447
0,Gen0_Match543_1752153311,Gen0_Deck27,Gen0_Deck24,Gen0_Deck24,0,1,27.891895532608032,1337,Gen0_Match543_1752153311.txt,,2025-07-10T14:52:03.744680
0,Gen0_Match544_1752153311,Gen0_Deck28,Gen0_Deck24,Gen0_Deck24,0,1,32.531028509140015,1338,Gen0_Match544_1752153311.txt,,2025-07-10T14:52:20.672353
0,Gen0_Match545_1752153311,Gen0_Deck24,Gen0_Deck29,Gen0_Deck29,0,1,24.487520694732666,1336,Gen0_Match545_1752153311.txt,,2025-07-10T14:52:25.159376
0,Gen0_Match546_1752153311,Gen0_Deck24,Gen0_Deck30,Gen0_Deck30,0,1,31.107346773147583,1337,Gen0_Match546_1752153311.txt,,2025-07-10T14:52:34.852467
0,Gen0_Match548_1752153311,Gen0_Deck24,Gen0_Deck32,Gen0_Deck32,0,1,25.116307020187378,1336,Gen0_Match548_1752153311.txt,,2025-07-10T14:52:50.276043
0,Gen0_Match547_1752153311,Gen0_Deck31,Gen0_Deck24,Gen0_Deck24,0,1,33.29293251037598,1338,Gen0_Match547_1752153311.txt,,2025-07-10T14:52:53.965726
0,Gen0_Match549_1752153311,Gen0_Deck24,Gen0_Deck33,Gen0_Deck33,0,1,28.306660413742065,1337,Gen0_Match549_1752153311.txt,,2025-07-10T14:53:03.159596
0,Gen0_Match550_1752153311,Gen0_Deck34,Gen0_Deck24,Gen0_Deck24,0,1,28.67979907989502,1336,Gen0_Match550_1752153311.txt,,2025-07-10T14:53:18.956245
0,Gen0_Match551_1752153311,Gen0_Deck26,Gen0_Deck25,Gen0_Deck26,1,0,25.093191623687744,1338,Gen0_Match551_1752153311.txt,,2025-07-10T14:53:19.059352
0,Gen0_Match552_1752153311,Gen0_Deck25,Gen0_Deck27,Gen0_Deck25,1,0,40.06745886802673,1337,Gen0_Match552_1752153311.txt,,2025-07-10T14:53:43.227614
0,Gen0_Match554_1752153311,Gen0_Deck29,Gen0_Deck25,Gen0_Deck29,1,0,30.32861018180847,1338,Gen0_Match554_1752153311.txt,,2025-07-10T14:53:49.388368
0,Gen0_Match555_1752153311,Gen0_Deck25,Gen0_Deck30,Gen0_Deck30,0,1,31.96717095375061,1337,Gen0_Match555_1752153311.txt,,2025-07-10T14:54:15.195352
0,Gen0_Match556_1752153311,Gen0_Deck25,Gen0_Deck31,Gen0_Deck25,1,0,36.878347635269165,1338,Gen0_Match556_1752153311.txt,,2025-07-10T14:54:26.267165
0,Gen0_Match558_1752153311,Gen0_Deck33,Gen0_Deck25,Gen0_Deck33,1,0,23.39578104019165,1338,Gen0_Match558_1752153311.txt,,2025-07-10T14:54:49.663406
0,Gen0_Match553_1752153311,Gen0_Deck25,Gen0_Deck28,Gen0_Deck25,1,0,98.56777787208557,1336,Gen0_Match553_1752153311.txt,,2025-07-10T14:54:57.524615
0,Gen0_Match557_1752153311,Gen0_Deck32,Gen0_Deck25,Gen0_Deck25,0,1,50.336665630340576,1337,Gen0_Match557_1752153311.txt,,2025-07-10T14:55:05.532509
0,Gen0_Match559_1752153311,Gen0_Deck25,Gen0_Deck34,Gen0_Deck34,0,1,28.34676170349121,1338,Gen0_Match559_1752153311.txt,,2025-07-10T14:55:18.010581
0,Gen0_Match561_1752153311,Gen0_Deck28,Gen0_Deck26,Gen0_Deck28,1,0,23.428816080093384,1337,Gen0_Match561_1752153311.txt,,2025-07-10T14:55:28.961715
0,Gen0_Match560_1752153311,Gen0_Deck27,Gen0_Deck26,Gen0_Deck26,0,1,33.46843147277832,1336,Gen0_Match560_1752153311.txt,,2025-07-10T14:55:30.993562
0,Gen0_Match562_1752153311,Gen0_Deck26,Gen0_Deck29,Gen0_Deck29,0,1,26.133373498916626,1338,Gen0_Match562_1752153311.txt,,2025-07-10T14:55:44.144356
0,Gen0_Match563_1752153311,Gen0_Deck26,Gen0_Deck30,Gen0_Deck26,1,0,32.70814871788025,1337,Gen0_Match563_1752153311.txt,,2025-07-10T14:56:01.670316
0,Gen0_Match564_1752153311,Gen0_Deck31,Gen0_Deck26,Gen0_Deck31,1,0,34.45984697341919,1336,Gen0_Match564_1752153311.txt,,2025-07-10T14:56:05.453876
0,Gen0_Match565_1752153311,Gen0_Deck32,Gen0_Deck26,Gen0_Deck26,0,1,27.951624155044556,1338,Gen0_Match565_1752153311.txt,,2025-07-10T14:56:12.096399
0,Gen0_Match567_1752153311,Gen0_Deck34,Gen0_Deck26,Gen0_Deck26,0,1,31.038190364837646,1336,Gen0_Match567_1752153311.txt,,2025-07-10T14:56:36.492552
0,Gen0_Match566_1752153311,Gen0_Deck26,Gen0_Deck33,Gen0_Deck33,0,1,36.16180968284607,1337,Gen0_Match566_1752153311.txt,,2025-07-10T14:56:37.832653
0,Gen0_Match568_1752153311,Gen0_Deck28,Gen0_Deck27,Gen0_Deck27,0,1,29.550933837890625,1338,Gen0_Match568_1752153311.txt,,2025-07-10T14:56:41.647917
0,Gen0_Match569_1752153311,Gen0_Deck27,Gen0_Deck29,Gen0_Deck27,1,0,25.687429189682007,1336,Gen0_Match569_1752153311.txt,,2025-07-10T14:57:02.180428
0,Gen0_Match571_1752153311,Gen0_Deck31,Gen0_Deck27,Gen0_Deck27,0,1,27.840036392211914,1338,Gen0_Match571_1752153311.txt,,2025-07-10T14:57:09.488520
0,Gen0_Match570_1752153311,Gen0_Deck27,Gen0_Deck30,Gen0_Deck27,1,0,32.155092000961304,1337,Gen0_Match570_1752153311.txt,,2025-07-10T14:57:09.988221
0,Gen0_Match573_1752153311,Gen0_Deck27,Gen0_Deck33,Gen0_Deck27,1,0,29.20740532875061,1338,Gen0_Match573_1752153311.txt,,2025-07-10T14:57:38.696466
0,Gen0_Match574_1752153311,Gen0_Deck34,Gen0_Deck27,Gen0_Deck34,1,0,43.648255825042725,1337,Gen0_Match574_1752153311.txt,,2025-07-10T14:57:53.637098
0,Gen0_Match572_1752153311,Gen0_Deck32,Gen0_Deck27,Gen0_Deck27,0,1,51.80353879928589,1336,Gen0_Match572_1752153311.txt,,2025-07-10T14:57:53.984662
0,Gen0_Match575_1752153311,Gen0_Deck28,Gen0_Deck29,Gen0_Deck29,0,1,23.775346994400024,1338,Gen0_Match575_1752153311.txt,,2025-07-10T14:58:02.472274
0,Gen0_Match577_1752153311,Gen0_Deck31,Gen0_Deck28,Gen0_Deck28,0,1,26.2662410736084,1336,Gen0_Match577_1752153311.txt,,2025-07-10T14:58:20.251377
0,Gen0_Match578_1752153311,Gen0_Deck32,Gen0_Deck28,Gen0_Deck28,0,1,24.95482635498047,1338,Gen0_Match578_1752153311.txt,,2025-07-10T14:58:27.427562
0,Gen0_Match576_1752153311,Gen0_Deck28,Gen0_Deck30,Gen0_Deck30,0,1,53.42046236991882,1337,Gen0_Match576_1752153311.txt,,2025-07-10T14:58:47.058080
0,Gen0_Match579_1752153311,Gen0_Deck28,Gen0_Deck33,Gen0_Deck33,0,1,26.84569549560547,1336,Gen0_Match579_1752153311.txt,,2025-07-10T14:58:47.097572
0,Gen0_Match580_1752153311,Gen0_Deck34,Gen0_Deck28,Gen0_Deck28,0,1,43.46430850028992,1338,Gen0_Match580_1752153311.txt,,2025-07-10T14:59:10.892437
0,Gen0_Match582_1752153311,Gen0_Deck31,Gen0_Deck29,Gen0_Deck29,0,1,24.904805183410645,1336,Gen0_Match582_1752153311.txt,,2025-07-10T14:59:12.002864
0,Gen0_Match581_1752153311,Gen0_Deck29,Gen0_Deck30,Gen0_Deck30,0,1,27.992235898971558,1337,Gen0_Match581_1752153311.txt,,2025-07-10T14:59:15.050749
0,Gen0_Match584_1752153311,Gen0_Deck29,Gen0_Deck33,Gen0_Deck33,0,1,27.07038903236389,1336,Gen0_Match584_1752153311.txt,,2025-07-10T14:59:39.073744
0,Gen0_Match585_1752153311,Gen0_Deck34,Gen0_Deck29,Gen0_Deck29,0,1,25.707921266555786,1337,Gen0_Match585_1752153311.txt,,2025-07-10T14:59:40.759161
0,Gen0_Match583_1752153311,Gen0_Deck29,Gen0_Deck32,Gen0_Deck29,1,0,31.54284119606018,1338,Gen0_Match583_1752153311.txt,,2025-07-10T14:59:42.435797
0,Gen0_Match586_1752153311,Gen0_Deck30,Gen0_Deck31,Gen0_Deck31,0,1,29.78616714477539,1336,Gen0_Match586_1752153311.txt,,2025-07-10T15:00:08.860306
0,Gen0_Match587_1752153311,Gen0_Deck30,Gen0_Deck32,Gen0_Deck30,1,0,29.5716655254364,1337,Gen0_Match587_1752153311.txt,,2025-07-10T15:00:10.331313
0,Gen0_Match588_1752153311,Gen0_Deck33,Gen0_Deck30,Gen0_Deck30,0,1,35.33615517616272,1338,Gen0_Match588_1752153311.txt,,2025-07-10T15:00:17.772433
0,Gen0_Match589_1752153311,Gen0_Deck30,Gen0_Deck34,Gen0_Deck34,0,1,26.695541620254517,1336,Gen0_Match589_1752153311.txt,,2025-07-10T15:00:35.556260
0,Gen0_Match590_1752153311,Gen0_Deck32,Gen0_Deck31,Gen0_Deck32,1,0,30.374159812927246,1337,Gen0_Match590_1752153311.txt,,2025-07-10T15:00:40.705950
0,Gen0_Match591_1752153311,Gen0_Deck31,Gen0_Deck33,Gen0_Deck31,1,0,26.717019081115723,1338,Gen0_Match591_1752153311.txt,,2025-07-10T15:00:44.489911
0,Gen0_Match592_1752153311,Gen0_Deck34,Gen0_Deck31,Gen0_Deck34,1,0,23.921428442001343,1336,Gen0_Match592_1752153311.txt,,2025-07-10T15:00:59.478188
0,Gen0_Match593_1752153311,Gen0_Deck32,Gen0_Deck33,Gen0_Deck33,0,1,27.440912008285522,1337,Gen0_Match593_1752153311.txt,,2025-07-10T15:01:08.147340
0,Gen0_Match594_1752153311,Gen0_Deck34,Gen0_Deck32,Gen0_Deck32,0,1,27.433539390563965,1338,Gen0_Match594_1752153311.txt,,2025-07-10T15:01:11.923937
0,Gen0_Match595_1752153311,Gen0_Deck34,Gen0_Deck33,Gen0_Deck34,1,0,21.153996229171753,1336,Gen0_Match595_1752153311.txt,,2025-07-10T15:01:20.632700
1,Gen1_Match3_1752159680,Gen1_Deck0,Gen1_Deck3,Gen1_Deck0,1,0,24.090854167938232,242655,Gen1_Match3_1752159680.txt,,2025-07-10T15:01:45.005289
1,Gen1_Match4_1752159680,Gen1_Deck4,Gen1_Deck0,Gen1_Deck4,1,0,27.406354188919067,242655,Gen1_Match4_1752159680.txt,,2025-07-10T15:02:12.412451
1,Gen1_Match5_1752159680,Gen1_Deck5,Gen1_Deck0,Gen1_Deck5,1,0,19.604328155517578,242655,Gen1_Match5_1752159680.txt,,2025-07-10T15:02:32.017351
1,Gen1_Match2_1752159680,Gen1_Deck2,Gen1_Deck0,Gen1_Deck0,0,1,75.81040573120117,242654,Gen1_Match2_1752159680.txt,,2025-07-10T15:02:36.724561
1,Gen1_Match6_1752159680,Gen1_Deck0,Gen1_Deck6,Gen1_Deck0,1,0,22.56164813041687,242655,Gen1_Match6_1752159680.txt,,2025-07-10T15:02:54.579484
1,Gen1_Match1_1752159680,Gen1_Deck1,Gen1_Deck0,Gen1_Deck0,0,1,100.81509160995483,242653,Gen1_Match1_1752159680.txt,,2025-07-10T15:03:01.728191
1,Gen1_Match7_1752159680,Gen1_Deck0,Gen1_Deck7,Gen1_Deck0,1,0,25.913982629776,242654,Gen1_Match7_1752159680.txt,,2025-07-10T15:03:02.639356
1,Gen1_Match10_1752159680,Gen1_Deck0,Gen1_Deck10,Gen1_Deck10,0,1,28.58674931526184,242654,Gen1_Match10_1752159680.txt,,2025-07-10T15:03:31.226757
1,Gen1_Match8_1752159680,Gen1_Deck8,Gen1_Deck0,Gen1_Deck8,1,0,37.42540526390076,242655,Gen1_Match8_1752159680.txt,,2025-07-10T15:03:32.005357
1,Gen1_Match9_1752159680,Gen1_Deck9,Gen1_Deck0,Gen1_Deck0,0,1,35.14373826980591,242653,Gen1_Match9_1752159680.txt,,2025-07-10T15:03:36.872732
1,Gen1_Match13_1752159680,Gen1_Deck0,Gen1_Deck13,Gen1_Deck0,1,0,23.924816846847534,242653,Gen1_Match13_1752159680.txt,,2025-07-10T15:04:00.798095
1,Gen1_Match11_1752159680,Gen1_Deck11,Gen1_Deck0,Gen1_Deck11,1,0,33.55345940589905,242654,Gen1_Match11_1752159680.txt,,2025-07-10T15:04:04.780765
1,Gen1_Match14_1752159680,Gen1_Deck0,Gen1_Deck14,Gen1_Deck0,1,0,23.53778576850891,242653,Gen1_Match14_1752159680.txt,,2025-07-10T15:04:24.336332
1,Gen1_Match15_1752159680,Gen1_Deck15,Gen1_Deck0,Gen1_Deck15,1,0,39.987199783325195,242654,Gen1_Match15_1752159680.txt,,2025-07-10T15:04:44.768459
1,Gen1_Match16_1752159680,Gen1_Deck16,Gen1_Deck0,Gen1_Deck16,1,0,23.475366592407227,242653,Gen1_Match16_1752159680.txt,,2025-07-10T15:04:47.812307
1,Gen1_Match12_1752159680,Gen1_Deck12,Gen1_Deck0,Gen1_Deck0,0,1,101.89876508712769,242655,Gen1_Match12_1752159680.txt,,2025-07-10T15:05:13.904628
1,Gen1_Match17_1752159680,Gen1_Deck0,Gen1_Deck17,Gen1_Deck0,1,0,32.83686184883118,242654,Gen1_Match17_1752159680.txt,,2025-07-10T15:05:17.606028
1,Gen1_Match18_1752159680,Gen1_Deck18,Gen1_Deck0,Gen1_Deck18,1,0,30.84933042526245,242653,Gen1_Match18_1752159680.txt,,2025-07-10T15:05:19.029759
1,Gen1_Match19_1752159680,Gen1_Deck19,Gen1_Deck0,Gen1_Deck0,0,1,26.947824478149414,242655,Gen1_Match19_1752159680.txt,,2025-07-10T15:05:40.852857
1,Gen1_Match20_1752159680,Gen1_Deck0,Gen1_Deck20,Gen1_Deck0,1,0,33.561322927474976,242654,Gen1_Match20_1752159680.txt,,2025-07-10T15:05:51.167840
1,Gen1_Match21_1752159680,Gen1_Deck0,Gen1_Deck21,Gen1_Deck0,1,0,36.71977758407593,242653,Gen1_Match21_1752159680.txt,,2025-07-10T15:05:55.750170
1,Gen1_Match22_1752159680,Gen1_Deck22,Gen1_Deck0,Gen1_Deck0,0,1,25.546997785568237,242655,Gen1_Match22_1752159680.txt,,2025-07-10T15:06:06.400297
1,Gen1_Match23_1752159680,Gen1_Deck23,Gen1_Deck0,Gen1_Deck23,1,0,25.1120445728302,242654,Gen1_Match23_1752159680.txt,,2025-07-10T15:06:16.280334
1,Gen1_Match26_1752159680,Gen1_Deck26,Gen1_Deck0,Gen1_Deck0,0,1,27.25148582458496,242654,Gen1_Match26_1752159680.txt,,2025-07-10T15:06:43.532265
1,Gen1_Match24_1752159680,Gen1_Deck0,Gen1_Deck24,Gen1_Deck24,0,1,48.33409261703491,242653,Gen1_Match24_1752159680.txt,,2025-07-10T15:06:44.084723
1,Gen1_Match25_1752159680,Gen1_Deck25,Gen1_Deck0,Gen1_Deck0,0,1,41.621097803115845,242655,Gen1_Match25_1752159680.txt,,2025-07-10T15:06:48.021900
1,Gen1_Match27_1752159680,Gen1_Deck0,Gen1_Deck27,Gen1_Deck0,1,0,29.742845058441162,242654,Gen1_Match27_1752159680.txt,,2025-07-10T15:07:13.275585
1,Gen1_Match29_1752159680,Gen1_Deck29,Gen1_Deck0,Gen1_Deck0,0,1,25.403454303741455,242655,Gen1_Match29_1752159680.txt,,2025-07-10T15:07:13.425858
1,Gen1_Match28_1752159680,Gen1_Deck0,Gen1_Deck28,Gen1_Deck0,1,0,39.94788980484009,242653,Gen1_Match28_1752159680.txt,,2025-07-10T15:07:24.033084
1,Gen1_Match30_1752159680,Gen1_Deck0,Gen1_Deck30,Gen1_Deck0,1,0,30.048461198806763,242654,Gen1_Match30_1752159680.txt,,2025-07-10T15:07:43.324483
1,Gen1_Match31_1752159680,Gen1_Deck0,Gen1_Deck31,Gen1_Deck0,1,0,33.16217517852783,242655,Gen1_Match31_1752159680.txt,,2025-07-10T15:07:46.588521
1,Gen1_Match32_1752159680,Gen1_Deck32,Gen1_Deck0,Gen1_Deck0,0,1,34.43506860733032,242653,Gen1_Match32_1752159680.txt,,2025-07-10T15:07:58.468668
1,Gen1_Match34_1752159680,Gen1_Deck0,Gen1_Deck34,Gen1_Deck0,1,0,26.851410627365112,242655,Gen1_Match34_1752159680.txt,,2025-07-10T15:08:13.440416
1,Gen1_Match33_1752159680,Gen1_Deck33,Gen1_Deck0,Gen1_Deck0,0,1,39.240997076034546,242654,Gen1_Match33_1752159680.txt,,2025-07-10T15:08:22.565949
1,Gen1_Match35_1752159680,Gen1_Deck1,Gen1_Deck2,Gen1_Deck2,0,1,28.59503698348999,242653,Gen1_Match35_1752159680.txt,,2025-07-10T15:08:27.064215
1,Gen1_Match36_1752159680,Gen1_Deck1,Gen1_Deck3,Gen1_Deck3,0,1,25.96463108062744,242655,Gen1_Match36_1752159680.txt,,2025-07-10T15:08:39.405524
1,Gen1_Match37_1752159680,Gen1_Deck1,Gen1_Deck4,Gen1_Deck1,1,0,30.658932209014893,242654,Gen1_Match37_1752159680.txt,,2025-07-10T15:08:53.225329
1,Gen1_Match38_1752159680,Gen1_Deck5,Gen1_Deck1,Gen1_Deck5,1,0,36.82445240020752,242653,Gen1_Match38_1752159680.txt,,2025-07-10T15:09:03.889184
1,Gen1_Match39_1752159680,Gen1_Deck1,Gen1_Deck6,Gen1_Deck1,1,0,36.12590432167053,242655,Gen1_Match39_1752159680.txt,,2025-07-10T15:09:15.531916
1,Gen1_Match40_1752159680,Gen1_Deck1,Gen1_Deck7,Gen1_Deck1,1,0,24.966604709625244,242654,Gen1_Match40_1752159680.txt,,2025-07-10T15:09:18.192320
1,Gen1_Match41_1752159680,Gen1_Deck8,Gen1_Deck1,Gen1_Deck1,0,1,30.373931169509888,242653,Gen1_Match41_1752159680.txt,,2025-07-10T15:09:34.263605
1,Gen1_Match43_1752159680,Gen1_Deck1,Gen1_Deck10,Gen1_Deck1,1,0,45.710424184799194,242654,Gen1_Match43_1752159680.txt,,2025-07-10T15:10:03.903183
1,Gen1_Match42_1752159680,Gen1_Deck1,Gen1_Deck9,Gen1_Deck9,0,1,67.68436193466187,242655,Gen1_Match42_1752159680.txt,,2025-07-10T15:10:23.217116
1,Gen1_Match44_1752159680,Gen1_Deck1,Gen1_Deck11,Gen1_Deck1,1,0,54.791871547698975,242653,Gen1_Match44_1752159680.txt,,2025-07-10T15:10:29.056007
1,Gen1_Match45_1752159680,Gen1_Deck12,Gen1_Deck1,Gen1_Deck1,0,1,29.988842010498047,242654,Gen1_Match45_1752159680.txt,,2025-07-10T15:10:33.892499
1,Gen1_Match46_1752159680,Gen1_Deck1,Gen1_Deck13,Gen1_Deck1,1,0,25.37209916114807,242655,Gen1_Match46_1752159680.txt,,2025-07-10T15:10:48.589686
1,Gen1_Match47_1752159680,Gen1_Deck14,Gen1_Deck1,Gen1_Deck1,0,1,24.31186532974243,242653,Gen1_Match47_1752159680.txt,,2025-07-10T15:10:53.368350
1,Gen1_Match48_1752159680,Gen1_Deck15,Gen1_Deck1,Gen1_Deck1,0,1,34.13418364524841,242654,Gen1_Match48_1752159680.txt,,2025-07-10T15:11:08.027147
1,Gen1_Match49_1752159680,Gen1_Deck16,Gen1_Deck1,Gen1_Deck1,0,1,32.1153724193573,242655,Gen1_Match49_1752159680.txt,,2025-07-10T15:11:20.705510
1,Gen1_Match52_1752159680,Gen1_Deck19,Gen1_Deck1,Gen1_Deck1,0,1,23.969196319580078,242655,Gen1_Match52_1752159680.txt,,2025-07-10T15:11:44.675166
1,Gen1_Match50_1752159680,Gen1_Deck1,Gen1_Deck17,Gen1_Deck1,1,0,51.62340688705444,242653,Gen1_Match50_1752159680.txt,,2025-07-10T15:11:44.992306
1,Gen1_Match54_1752159680,Gen1_Deck1,Gen1_Deck21,Gen1_Deck1,1,0,22.27965235710144,242653,Gen1_Match54_1752159680.txt,,2025-07-10T15:12:07.272418
1,Gen1_Match53_1752159680,Gen1_Deck20,Gen1_Deck1,Gen1_Deck1,0,1,23.463194847106934,242655,Gen1_Match53_1752159680.txt,,2025-07-10T15:12:08.138894
1,Gen1_Match51_1752159680,Gen1_Deck18,Gen1_Deck1,Gen1_Deck1,0,1,77.2499463558197,242654,Gen1_Match51_1752159680.txt,,2025-07-10T15:12:25.277690
1,Gen1_Match55_1752159680,Gen1_Deck22,Gen1_Deck1,Gen1_Deck1,0,1,23.503572940826416,242653,Gen1_Match55_1752159680.txt,,2025-07-10T15:12:30.776419
1,Gen1_Match56_1752159680,Gen1_Deck23,Gen1_Deck1,Gen1_Deck1,0,1,23.456918478012085,242655,Gen1_Match56_1752159680.txt,,2025-07-10T15:12:31.596275
1,Gen1_Match57_1752159680,Gen1_Deck1,Gen1_Deck24,Gen1_Deck1,1,0,27.567373752593994,242654,Gen1_Match57_1752159680.txt,,2025-07-10T15:12:52.845502
1,Gen1_Match59_1752159680,Gen1_Deck26,Gen1_Deck1,Gen1_Deck1,0,1,22.432376861572266,242655,Gen1_Match59_1752159680.txt,,2025-07-10T15:12:54.029098
1,Gen1_Match60_1752159680,Gen1_Deck1,Gen1_Deck27,Gen1_Deck1,1,0,22.33403992652893,242654,Gen1_Match60_1752159680.txt,,2025-07-10T15:13:15.179970
1,Gen1_Match58_1752159680,Gen1_Deck1,Gen1_Deck25,Gen1_Deck25,0,1,45.386662006378174,242653,Gen1_Match58_1752159680.txt,,2025-07-10T15:13:16.163520
1,Gen1_Match61_1752159680,Gen1_Deck1,Gen1_Deck28,Gen1_Deck28,0,1,39.606929540634155,242655,Gen1_Match61_1752159680.txt,,2025-07-10T15:13:33.636627
1,Gen1_Match63_1752159680,Gen1_Deck30,Gen1_Deck1,Gen1_Deck1,0,1,26.73795795440674,242653,Gen1_Match63_1752159680.txt,,2025-07-10T15:13:42.901903
1,Gen1_Match62_1752159680,Gen1_Deck29,Gen1_Deck1,Gen1_Deck1,0,1,33.27811932563782,242654,Gen1_Match62_1752159680.txt,,2025-07-10T15:13:48.458642
1,Gen1_Match64_1752159680,Gen1_Deck1,Gen1_Deck31,Gen1_Deck1,1,0,25.59609031677246,242655,Gen1_Match64_1752159680.txt,,2025-07-10T15:13:59.233182
1,Gen1_Match65_1752159680,Gen1_Deck1,Gen1_Deck32,Gen1_Deck1,1,0,24.53068995475769,242653,Gen1_Match65_1752159680.txt,,2025-07-10T15:14:07.433010
1,Gen1_Match66_1752159680,Gen1_Deck33,Gen1_Deck1,Gen1_Deck33,1,0,29.884172677993774,242654,Gen1_Match66_1752159680.txt,,2025-07-10T15:14:18.343314
1,Gen1_Match67_1752159680,Gen1_Deck1,Gen1_Deck34,Gen1_Deck34,0,1,26.094764709472656,242655,Gen1_Match67_1752159680.txt,,2025-07-10T15:14:25.328460
1,Gen1_Match68_1752159680,Gen1_Deck2,Gen1_Deck3,Gen1_Deck3,0,1,27.494840621948242,242653,Gen1_Match68_1752159680.txt,,2025-07-10T15:14:34.928381
1,Gen1_Match69_1752159680,Gen1_Deck2,Gen1_Deck4,Gen1_Deck4,0,1,22.77761673927307,242654,Gen1_Match69_1752159680.txt,,2025-07-10T15:14:41.121373
1,Gen1_Match70_1752159680,Gen1_Deck5,Gen1_Deck2,Gen1_Deck2,0,1,28.92373561859131,242655,Gen1_Match70_1752159680.txt,,2025-07-10T15:14:54.252780
1,Gen1_Match72_1752159680,Gen1_Deck2,Gen1_Deck7,Gen1_Deck2,1,0,28.47721242904663,242654,Gen1_Match72_1752159680.txt,,2025-07-10T15:15:09.599084
1,Gen1_Match73_1752159680,Gen1_Deck8,Gen1_Deck2,Gen1_Deck8,1,0,26.33728003501892,242655,Gen1_Match73_1752159680.txt,,2025-07-10T15:15:20.590572
1,Gen1_Match71_1752159680,Gen1_Deck2,Gen1_Deck6,Gen1_Deck6,0,1,46.89520621299744,242653,Gen1_Match71_1752159680.txt,,2025-07-10T15:15:21.824164
1,Gen1_Match74_1752159680,Gen1_Deck9,Gen1_Deck2,Gen1_Deck9,1,0,33.14893913269043,242654,Gen1_Match74_1752159680.txt,,2025-07-10T15:15:42.748466
1,Gen1_Match76_1752159680,Gen1_Deck2,Gen1_Deck11,Gen1_Deck11,0,1,23.941757678985596,242653,Gen1_Match76_1752159680.txt,,2025-07-10T15:15:45.766351
1,Gen1_Match75_1752159680,Gen1_Deck2,Gen1_Deck10,Gen1_Deck2,1,0,28.81433892250061,242655,Gen1_Match75_1752159680.txt,,2025-07-10T15:15:49.405442
1,Gen1_Match77_1752159680,Gen1_Deck12,Gen1_Deck2,Gen1_Deck12,1,0,28.844768285751343,242654,Gen1_Match77_1752159680.txt,,2025-07-10T15:16:11.593716
1,Gen1_Match78_1752159680,Gen1_Deck2,Gen1_Deck13,Gen1_Deck13,0,1,28.69098711013794,242653,Gen1_Match78_1752159680.txt,,2025-07-10T15:16:14.457845
1,Gen1_Match79_1752159680,Gen1_Deck2,Gen1_Deck14,Gen1_Deck2,1,0,28.278576135635376,242655,Gen1_Match79_1752159680.txt,,2025-07-10T15:16:17.684482
1,Gen1_Match80_1752159680,Gen1_Deck15,Gen1_Deck2,Gen1_Deck15,1,0,26.3065242767334,242654,Gen1_Match80_1752159680.txt,,2025-07-10T15:16:37.900680
1,Gen1_Match81_1752159680,Gen1_Deck16,Gen1_Deck2,Gen1_Deck16,1,0,29.966078281402588,242653,Gen1_Match81_1752159680.txt,,2025-07-10T15:16:44.424426
1,Gen1_Match82_1752159680,Gen1_Deck2,Gen1_Deck17,Gen1_Deck2,1,0,27.586474180221558,242655,Gen1_Match82_1752159680.txt,,2025-07-10T15:16:45.271429
1,Gen1_Match83_1752159680,Gen1_Deck2,Gen1_Deck18,Gen1_Deck18,0,1,29.271915674209595,242654,Gen1_Match83_1752159680.txt,,2025-07-10T15:17:07.173181
1,Gen1_Match85_1752159680,Gen1_Deck2,Gen1_Deck20,Gen1_Deck2,1,0,27.90301275253296,242655,Gen1_Match85_1752159680.txt,,2025-07-10T15:17:13.174977
1,Gen1_Match84_1752159680,Gen1_Deck19,Gen1_Deck2,Gen1_Deck19,1,0,29.46528673171997,242653,Gen1_Match84_1752159680.txt,,2025-07-10T15:17:13.890179
1,Gen1_Match86_1752159680,Gen1_Deck2,Gen1_Deck21,Gen1_Deck2,1,0,26.889161109924316,242654,Gen1_Match86_1752159680.txt,,2025-07-10T15:17:34.062855
1,Gen1_Match87_1752159680,Gen1_Deck2,Gen1_Deck22,Gen1_Deck2,1,0,28.687493324279785,242655,Gen1_Match87_1752159680.txt,,2025-07-10T15:17:41.863023
1,Gen1_Match88_1752159680,Gen1_Deck23,Gen1_Deck2,Gen1_Deck2,0,1,32.11777687072754,242653,Gen1_Match88_1752159680.txt,,2025-07-10T15:17:46.008500
1,Gen1_Match89_1752159680,Gen1_Deck2,Gen1_Deck24,Gen1_Deck2,1,0,27.2331702709198,242654,Gen1_Match89_1752159680.txt,,2025-07-10T15:18:01.296519
1,Gen1_Match91_1752159680,Gen1_Deck26,Gen1_Deck2,Gen1_Deck2,0,1,28.12881112098694,242653,Gen1_Match91_1752159680.txt,,2025-07-10T15:18:14.137823
1,Gen1_Match90_1752159680,Gen1_Deck25,Gen1_Deck2,Gen1_Deck25,1,0,35.320255756378174,242655,Gen1_Match90_1752159680.txt,,2025-07-10T15:18:17.183875
1,Gen1_Match92_1752159680,Gen1_Deck27,Gen1_Deck2,Gen1_Deck2,0,1,24.879376888275146,242654,Gen1_Match92_1752159680.txt,,2025-07-10T15:18:26.176320
1,Gen1_Match94_1752159680,Gen1_Deck29,Gen1_Deck2,Gen1_Deck2,0,1,25.517157554626465,242655,Gen1_Match94_1752159680.txt,,2025-07-10T15:18:42.701445
1,Gen1_Match93_1752159680,Gen1_Deck2,Gen1_Deck28,Gen1_Deck2,1,0,33.490158796310425,242653,Gen1_Match93_1752159680.txt,,2025-07-10T15:18:47.628468
1,Gen1_Match95_1752159680,Gen1_Deck30,Gen1_Deck2,Gen1_Deck2,0,1,33.76345872879028,242654,Gen1_Match95_1752159680.txt,,2025-07-10T15:18:59.940196
1,Gen1_Match96_1752159680,Gen1_Deck2,Gen1_Deck31,Gen1_Deck2,1,0,26.425092458724976,242655,Gen1_Match96_1752159680.txt,,2025-07-10T15:19:09.126986
1,Gen1_Match97_1752159680,Gen1_Deck2,Gen1_Deck32,Gen1_Deck2,1,0,29.760300874710083,242653,Gen1_Match97_1752159680.txt,,2025-07-10T15:19:17.389317
1,Gen1_Match98_1752159680,Gen1_Deck33,Gen1_Deck2,Gen1_Deck2,0,1,33.820483922958374,242654,Gen1_Match98_1752159680.txt,,2025-07-10T15:19:33.761154
1,Gen1_Match99_1752159680,Gen1_Deck2,Gen1_Deck34,Gen1_Deck2,1,0,34.97424864768982,242655,Gen1_Match99_1752159680.txt,,2025-07-10T15:19:44.101712
1,Gen1_Match100_1752159680,Gen1_Deck3,Gen1_Deck4,Gen1_Deck4,0,1,27.1008198261261,242653,Gen1_Match100_1752159680.txt,,2025-07-10T15:19:44.490862
1,Gen1_Match101_1752159680,Gen1_Deck5,Gen1_Deck3,Gen1_Deck5,1,0,23.729690313339233,242654,Gen1_Match101_1752159680.txt,,2025-07-10T15:19:57.491297
1,Gen1_Match102_1752159680,Gen1_Deck3,Gen1_Deck6,Gen1_Deck3,1,0,27.207119941711426,242655,Gen1_Match102_1752159680.txt,,2025-07-10T15:20:11.309358
1,Gen1_Match103_1752159680,Gen1_Deck3,Gen1_Deck7,Gen1_Deck3,1,0,27.533133506774902,242653,Gen1_Match103_1752159680.txt,,2025-07-10T15:20:12.024483
1,Gen1_Match104_1752159680,Gen1_Deck8,Gen1_Deck3,Gen1_Deck3,0,1,23.774609565734863,242654,Gen1_Match104_1752159680.txt,,2025-07-10T15:20:21.266337
1,Gen1_Match105_1752159680,Gen1_Deck9,Gen1_Deck3,Gen1_Deck9,1,0,23.358874797821045,242655,Gen1_Match105_1752159680.txt,,2025-07-10T15:20:34.668652
1,Gen1_Match106_1752159680,Gen1_Deck3,Gen1_Deck10,Gen1_Deck10,0,1,29.40252423286438,242653,Gen1_Match106_1752159680.txt,,2025-07-10T15:20:41.427461
1,Gen1_Match107_1752159680,Gen1_Deck3,Gen1_Deck11,Gen1_Deck11,0,1,30.193434238433838,242654,Gen1_Match107_1752159680.txt,,2025-07-10T15:20:51.460264
1,Gen1_Match110_1752159680,Gen1_Deck3,Gen1_Deck14,Gen1_Deck14,0,1,31.84758234024048,242654,Gen1_Match110_1752159680.txt,,2025-07-10T15:21:23.308245
1,Gen1_Match108_1752159680,Gen1_Deck12,Gen1_Deck3,Gen1_Deck12,1,0,48.97421336174011,242655,Gen1_Match108_1752159680.txt,,2025-07-10T15:21:23.643314
1,Gen1_Match112_1752159680,Gen1_Deck16,Gen1_Deck3,Gen1_Deck3,0,1,22.78342890739441,242655,Gen1_Match112_1752159680.txt,,2025-07-10T15:21:46.427167
1,Gen1_Match111_1752159680,Gen1_Deck15,Gen1_Deck3,Gen1_Deck15,1,0,26.996101140975952,242654,Gen1_Match111_1752159680.txt,,2025-07-10T15:21:50.304762
1,Gen1_Match109_1752159680,Gen1_Deck3,Gen1_Deck13,Gen1_Deck3,1,0,76.82465481758118,242653,Gen1_Match109_1752159680.txt,,2025-07-10T15:21:58.252603
1,Gen1_Match114_1752159680,Gen1_Deck3,Gen1_Deck18,Gen1_Deck18,0,1,30.377913236618042,242654,Gen1_Match114_1752159680.txt,,2025-07-10T15:22:20.683130
1,Gen1_Match113_1752159680,Gen1_Deck3,Gen1_Deck17,Gen1_Deck17,0,1,36.36121201515198,242655,Gen1_Match113_1752159680.txt,,2025-07-10T15:22:22.788947
1,Gen1_Match115_1752159680,Gen1_Deck19,Gen1_Deck3,Gen1_Deck3,0,1,41.22767519950867,242653,Gen1_Match115_1752159680.txt,,2025-07-10T15:22:39.480784
1,Gen1_Match116_1752159680,Gen1_Deck3,Gen1_Deck20,Gen1_Deck20,0,1,27.271945476531982,242654,Gen1_Match116_1752159680.txt,,2025-07-10T15:22:47.955508
1,Gen1_Match117_1752159680,Gen1_Deck3,Gen1_Deck21,Gen1_Deck21,0,1,31.885602712631226,242655,Gen1_Match117_1752159680.txt,,2025-07-10T15:22:54.675080
1,Gen1_Match118_1752159680,Gen1_Deck22,Gen1_Deck3,Gen1_Deck22,1,0,24.19833493232727,242653,Gen1_Match118_1752159680.txt,,2025-07-10T15:23:03.679591
1,Gen1_Match119_1752159680,Gen1_Deck23,Gen1_Deck3,Gen1_Deck3,0,1,25.72588324546814,242654,Gen1_Match119_1752159680.txt,,2025-07-10T15:23:13.681805
1,Gen1_Match120_1752159680,Gen1_Deck3,Gen1_Deck24,Gen1_Deck24,0,1,37.12453079223633,242655,Gen1_Match120_1752159680.txt,,2025-07-10T15:23:31.800122
1,Gen1_Match121_1752159680,Gen1_Deck3,Gen1_Deck25,Gen1_Deck25,0,1,29.059531688690186,242653,Gen1_Match121_1752159680.txt,,2025-07-10T15:23:32.739553
1,Gen1_Match122_1752159680,Gen1_Deck26,Gen1_Deck3,Gen1_Deck3,0,1,25.12212324142456,242654,Gen1_Match122_1752159680.txt,,2025-07-10T15:23:38.804393
1,Gen1_Match123_1752159680,Gen1_Deck3,Gen1_Deck27,Gen1_Deck3,1,0,25.772985219955444,242655,Gen1_Match123_1752159680.txt,,2025-07-10T15:23:57.573541
1,Gen1_Match124_1752159680,Gen1_Deck3,Gen1_Deck28,Gen1_Deck3,1,0,26.93221092224121,242653,Gen1_Match124_1752159680.txt,,2025-07-10T15:23:59.672166
1,Gen1_Match125_1752159680,Gen1_Deck29,Gen1_Deck3,Gen1_Deck3,0,1,30.635550022125244,242654,Gen1_Match125_1752159680.txt,,2025-07-10T15:24:09.440366
1,Gen1_Match126_1752159680,Gen1_Deck30,Gen1_Deck3,Gen1_Deck3,0,1,27.361373901367188,242655,Gen1_Match126_1752159680.txt,,2025-07-10T15:24:24.935316
1,Gen1_Match127_1752159680,Gen1_Deck3,Gen1_Deck31,Gen1_Deck3,1,0,28.54775881767273,242653,Gen1_Match127_1752159680.txt,,2025-07-10T15:24:28.220394
1,Gen1_Match128_1752159680,Gen1_Deck32,Gen1_Deck3,Gen1_Deck3,0,1,25.507518529891968,242654,Gen1_Match128_1752159680.txt,,2025-07-10T15:24:34.948280
1,Gen1_Match130_1752159680,Gen1_Deck3,Gen1_Deck34,Gen1_Deck3,1,0,28.191326141357422,242653,Gen1_Match130_1752159680.txt,,2025-07-10T15:24:56.412188
1,Gen1_Match131_1752159680,Gen1_Deck5,Gen1_Deck4,Gen1_Deck4,0,1,22.21017575263977,242654,Gen1_Match131_1752159680.txt,,2025-07-10T15:24:57.158887
1,Gen1_Match132_1752159680,Gen1_Deck6,Gen1_Deck4,Gen1_Deck4,0,1,23.19671654701233,242653,Gen1_Match132_1752159680.txt,,2025-07-10T15:25:19.609323
1,Gen1_Match133_1752159680,Gen1_Deck4,Gen1_Deck7,Gen1_Deck7,0,1,22.538467168807983,242654,Gen1_Match133_1752159680.txt,,2025-07-10T15:25:19.697744
1,Gen1_Match134_1752159680,Gen1_Deck4,Gen1_Deck8,Gen1_Deck4,1,0,20.846652030944824,242653,Gen1_Match134_1752159680.txt,,2025-07-10T15:25:40.456377
1,Gen1_Match135_1752159680,Gen1_Deck9,Gen1_Deck4,Gen1_Deck4,0,1,21.164255619049072,242654,Gen1_Match135_1752159680.txt,,2025-07-10T15:25:40.862411
1,Gen1_Match137_1752159680,Gen1_Deck4,Gen1_Deck11,Gen1_Deck11,0,1,19.84213089942932,242654,Gen1_Match137_1752159680.txt,,2025-07-10T15:26:00.704947
1,Gen1_Match136_1752159680,Gen1_Deck10,Gen1_Deck4,Gen1_Deck10,1,0,20.700015544891357,242653,Gen1_Match136_1752159680.txt,,2025-07-10T15:26:01.156806
1,Gen1_Match129_1752159680,Gen1_Deck33,Gen1_Deck3,Gen1_Deck3,0,1,101.07262086868286,242655,Gen1_Match129_1752159680.txt,,2025-07-10T15:26:06.008368
1,Gen1_Match138_1752159680,Gen1_Deck12,Gen1_Deck4,Gen1_Deck4,0,1,27.318931818008423,242654,Gen1_Match138_1752159680.txt,,2025-07-10T15:26:28.024296
1,Gen1_Match140_1752159680,Gen1_Deck14,Gen1_Deck4,Gen1_Deck14,1,0,27.822731494903564,242655,Gen1_Match140_1752159680.txt,,2025-07-10T15:26:33.831537
1,Gen1_Match139_1752159680,Gen1_Deck13,Gen1_Deck4,Gen1_Deck13,1,0,33.96208214759827,242653,Gen1_Match139_1752159680.txt,,2025-07-10T15:26:35.119367
1,Gen1_Match141_1752159680,Gen1_Deck4,Gen1_Deck15,Gen1_Deck15,0,1,24.90356945991516,242654,Gen1_Match141_1752159680.txt,,2025-07-10T15:26:52.928271
1,Gen1_Match142_1752159680,Gen1_Deck16,Gen1_Deck4,Gen1_Deck4,0,1,26.903512477874756,242655,Gen1_Match142_1752159680.txt,,2025-07-10T15:27:00.735499
1,Gen1_Match143_1752159680,Gen1_Deck4,Gen1_Deck17,Gen1_Deck17,0,1,28.392362117767334,242653,Gen1_Match143_1752159680.txt,,2025-07-10T15:27:03.512230
1,Gen1_Match144_1752159680,Gen1_Deck4,Gen1_Deck18,Gen1_Deck4,1,0,23.194175004959106,242654,Gen1_Match144_1752159680.txt,,2025-07-10T15:27:16.122867
1,Gen1_Match145_1752159680,Gen1_Deck4,Gen1_Deck19,Gen1_Deck4,1,0,22.913865089416504,242655,Gen1_Match145_1752159680.txt,,2025-07-10T15:27:23.649803
1,Gen1_Match146_1752159680,Gen1_Deck20,Gen1_Deck4,Gen1_Deck20,1,0,30.303485870361328,242653,Gen1_Match146_1752159680.txt,,2025-07-10T15:27:33.816229
1,Gen1_Match147_1752159680,Gen1_Deck4,Gen1_Deck21,Gen1_Deck4,1,0,24.992980480194092,242654,Gen1_Match147_1752159680.txt,,2025-07-10T15:27:41.116349
1,Gen1_Match148_1752159680,Gen1_Deck22,Gen1_Deck4,Gen1_Deck22,1,0,25.290201425552368,242655,Gen1_Match148_1752159680.txt,,2025-07-10T15:27:48.940474
1,Gen1_Match149_1752159680,Gen1_Deck23,Gen1_Deck4,Gen1_Deck23,1,0,22.435867309570312,242653,Gen1_Match149_1752159680.txt,,2025-07-10T15:27:56.252565
1,Gen1_Match150_1752159680,Gen1_Deck24,Gen1_Deck4,Gen1_Deck24,1,0,27.099515914916992,242654,Gen1_Match150_1752159680.txt,,2025-07-10T15:28:08.216348
1,Gen1_Match151_1752159680,Gen1_Deck4,Gen1_Deck25,Gen1_Deck25,0,1,22.396066427230835,242655,Gen1_Match151_1752159680.txt,,2025-07-10T15:28:11.337046
1,Gen1_Match152_1752159680,Gen1_Deck26,Gen1_Deck4,Gen1_Deck26,1,0,24.318089723587036,242653,Gen1_Match152_1752159680.txt,,2025-07-10T15:28:20.571119
1,Gen1_Match154_1752159680,Gen1_Deck4,Gen1_Deck28,Gen1_Deck28,0,1,24.086148738861084,242655,Gen1_Match154_1752159680.txt,,2025-07-10T15:28:35.423740
1,Gen1_Match153_1752159680,Gen1_Deck27,Gen1_Deck4,Gen1_Deck4,0,1,32.36991548538208,242654,Gen1_Match153_1752159680.txt,,2025-07-10T15:28:40.586794
1,Gen1_Match155_1752159680,Gen1_Deck4,Gen1_Deck29,Gen1_Deck4,1,0,21.992656469345093,242653,Gen1_Match155_1752159680.txt,,2025-07-10T15:28:42.564187
1,Gen1_Match157_1752159680,Gen1_Deck31,Gen1_Deck4,Gen1_Deck4,0,1,22.946619510650635,242654,Gen1_Match157_1752159680.txt,,2025-07-10T15:29:03.533928
1,Gen1_Match158_1752159680,Gen1_Deck4,Gen1_Deck32,Gen1_Deck4,1,0,24.17276430130005,242653,Gen1_Match158_1752159680.txt,,2025-07-10T15:29:06.737388
1,Gen1_Match156_1752159680,Gen1_Deck30,Gen1_Deck4,Gen1_Deck4,0,1,41.11834526062012,242655,Gen1_Match156_1752159680.txt,,2025-07-10T15:29:16.542540
1,Gen1_Match160_1752159680,Gen1_Deck34,Gen1_Deck4,Gen1_Deck4,0,1,27.344127416610718,242653,Gen1_Match160_1752159680.txt,,2025-07-10T15:29:34.082031
1,Gen1_Match159_1752159680,Gen1_Deck33,Gen1_Deck4,Gen1_Deck33,1,0,33.141033411026,242654,Gen1_Match159_1752159680.txt,,2025-07-10T15:29:36.675466
1,Gen1_Match161_1752159680,Gen1_Deck6,Gen1_Deck5,Gen1_Deck5,0,1,29.457449913024902,242655,Gen1_Match161_1752159680.txt,,2025-07-10T15:29:46.000573
1,Gen1_Match162_1752159680,Gen1_Deck5,Gen1_Deck7,Gen1_Deck5,1,0,22.27790093421936,242653,Gen1_Match162_1752159680.txt,,2025-07-10T15:29:56.360396
1,Gen1_Match163_1752159680,Gen1_Deck8,Gen1_Deck5,Gen1_Deck5,0,1,23.515079021453857,242654,Gen1_Match163_1752159680.txt,,2025-07-10T15:30:00.191050
1,Gen1_Match164_1752159680,Gen1_Deck9,Gen1_Deck5,Gen1_Deck5,0,1,27.298391342163086,242655,Gen1_Match164_1752159680.txt,,2025-07-10T15:30:13.299473
1,Gen1_Match165_1752159680,Gen1_Deck5,Gen1_Deck10,Gen1_Deck5,1,0,27.95706868171692,242653,Gen1_Match165_1752159680.txt,,2025-07-10T15:30:24.317953
1,Gen1_Match166_1752159680,Gen1_Deck5,Gen1_Deck11,Gen1_Deck5,1,0,35.3038113117218,242654,Gen1_Match166_1752159680.txt,,2025-07-10T15:30:35.495309
1,Gen1_Match167_1752159680,Gen1_Deck12,Gen1_Deck5,Gen1_Deck12,1,0,26.026822805404663,242655,Gen1_Match167_1752159680.txt,,2025-07-10T15:30:39.326751
1,Gen1_Match168_1752159680,Gen1_Deck13,Gen1_Deck5,Gen1_Deck13,1,0,27.374016046524048,242653,Gen1_Match168_1752159680.txt,,2025-07-10T15:30:51.692401
1,Gen1_Match169_1752159680,Gen1_Deck5,Gen1_Deck14,Gen1_Deck5,1,0,23.64456081390381,242654,Gen1_Match169_1752159680.txt,,2025-07-10T15:30:59.140272
1,Gen1_Match170_1752159680,Gen1_Deck15,Gen1_Deck5,Gen1_Deck5,0,1,25.01722264289856,242655,Gen1_Match170_1752159680.txt,,2025-07-10T15:31:04.344451
1,Gen1_Match171_1752159680,Gen1_Deck16,Gen1_Deck5,Gen1_Deck5,0,1,21.05557131767273,242653,Gen1_Match171_1752159680.txt,,2025-07-10T15:31:12.748425
1,Gen1_Match172_1752159680,Gen1_Deck5,Gen1_Deck17,Gen1_Deck17,0,1,25.41065764427185,242654,Gen1_Match172_1752159680.txt,,2025-07-10T15:31:24.551428
1,Gen1_Match173_1752159680,Gen1_Deck5,Gen1_Deck18,Gen1_Deck18,0,1,26.483604669570923,242655,Gen1_Match173_1752159680.txt,,2025-07-10T15:31:30.828540
1,Gen1_Match174_1752159680,Gen1_Deck19,Gen1_Deck5,Gen1_Deck5,0,1,23.58638310432434,242653,Gen1_Match174_1752159680.txt,,2025-07-10T15:31:36.335263
1,Gen1_Match175_1752159680,Gen1_Deck5,Gen1_Deck20,Gen1_Deck5,1,0,27.98800563812256,242654,Gen1_Match175_1752159680.txt,,2025-07-10T15:31:52.539931
1,Gen1_Match176_1752159680,Gen1_Deck5,Gen1_Deck21,Gen1_Deck21,0,1,22.042237520217896,242655,Gen1_Match176_1752159680.txt,,2025-07-10T15:31:52.871267
1,Gen1_Match177_1752159680,Gen1_Deck22,Gen1_Deck5,Gen1_Deck5,0,1,23.32865858078003,242653,Gen1_Match177_1752159680.txt,,2025-07-10T15:31:59.664379
1,Gen1_Match178_1752159680,Gen1_Deck23,Gen1_Deck5,Gen1_Deck23,1,0,25.09604549407959,242654,Gen1_Match178_1752159680.txt,,2025-07-10T15:32:17.636411
1,Gen1_Match179_1752159680,Gen1_Deck5,Gen1_Deck24,Gen1_Deck24,0,1,25.151920080184937,242655,Gen1_Match179_1752159680.txt,,2025-07-10T15:32:18.023620
1,Gen1_Match180_1752159680,Gen1_Deck5,Gen1_Deck25,Gen1_Deck5,1,0,25.57216763496399,242653,Gen1_Match180_1752159680.txt,,2025-07-10T15:32:25.236977
1,Gen1_Match181_1752159680,Gen1_Deck26,Gen1_Deck5,Gen1_Deck5,0,1,26.36973762512207,242654,Gen1_Match181_1752159680.txt,,2025-07-10T15:32:44.006612
1,Gen1_Match182_1752159680,Gen1_Deck5,Gen1_Deck27,Gen1_Deck27,0,1,26.04035234451294,242655,Gen1_Match182_1752159680.txt,,2025-07-10T15:32:44.064367
1,Gen1_Match183_1752159680,Gen1_Deck5,Gen1_Deck28,Gen1_Deck28,0,1,28.723135471343994,242653,Gen1_Match183_1752159680.txt,,2025-07-10T15:32:53.960603
1,Gen1_Match184_1752159680,Gen1_Deck29,Gen1_Deck5,Gen1_Deck5,0,1,22.826362371444702,242654,Gen1_Match184_1752159680.txt,,2025-07-10T15:33:06.833437
1,Gen1_Match186_1752159680,Gen1_Deck5,Gen1_Deck31,Gen1_Deck5,1,0,28.123430728912354,242653,Gen1_Match186_1752159680.txt,,2025-07-10T15:33:22.084514
1,Gen1_Match187_1752159680,Gen1_Deck5,Gen1_Deck32,Gen1_Deck5,1,0,19.999250888824463,242654,Gen1_Match187_1752159680.txt,,2025-07-10T15:33:26.833171
1,Gen1_Match185_1752159680,Gen1_Deck30,Gen1_Deck5,Gen1_Deck5,0,1,45.34157156944275,242655,Gen1_Match185_1752159680.txt,,2025-07-10T15:33:29.406405
1,Gen1_Match188_1752159680,Gen1_Deck33,Gen1_Deck5,Gen1_Deck5,0,1,25.169244289398193,242653,Gen1_Match188_1752159680.txt,,2025-07-10T15:33:47.254173
1,Gen1_Match189_1752159680,Gen1_Deck5,Gen1_Deck34,Gen1_Deck34,0,1,28.014798402786255,242654,Gen1_Match189_1752159680.txt,,2025-07-10T15:33:54.848438
1,Gen1_Match190_1752159680,Gen1_Deck7,Gen1_Deck6,Gen1_Deck6,0,1,27.57745933532715,242655,Gen1_Match190_1752159680.txt,,2025-07-10T15:33:56.984270
1,Gen1_Match191_1752159680,Gen1_Deck8,Gen1_Deck6,Gen1_Deck6,0,1,35.08436560630798,242653,Gen1_Match191_1752159680.txt,,2025-07-10T15:34:22.339048
1,Gen1_Match193_1752159680,Gen1_Deck6,Gen1_Deck10,Gen1_Deck10,0,1,29.698901176452637,242655,Gen1_Match193_1752159680.txt,,2025-07-10T15:34:26.683679
1,Gen1_Match192_1752159680,Gen1_Deck6,Gen1_Deck9,Gen1_Deck9,0,1,40.07376289367676,242654,Gen1_Match192_1752159680.txt,,2025-07-10T15:34:34.922724
1,Gen1_Match194_1752159680,Gen1_Deck11,Gen1_Deck6,Gen1_Deck11,1,0,24.38304114341736,242653,Gen1_Match194_1752159680.txt,,2025-07-10T15:34:46.722539
1,Gen1_Match196_1752159680,Gen1_Deck6,Gen1_Deck13,Gen1_Deck13,0,1,25.137354373931885,242654,Gen1_Match196_1752159680.txt,,2025-07-10T15:35:00.060572
1,Gen1_Match197_1752159680,Gen1_Deck14,Gen1_Deck6,Gen1_Deck14,1,0,24.55335283279419,242653,Gen1_Match197_1752159680.txt,,2025-07-10T15:35:11.276317
1,Gen1_Match198_1752159680,Gen1_Deck15,Gen1_Deck6,Gen1_Deck15,1,0,22.529582738876343,242654,Gen1_Match198_1752159680.txt,,2025-07-10T15:35:22.590592
1,Gen1_Match195_1752159680,Gen1_Deck12,Gen1_Deck6,Gen1_Deck6,0,1,65.35110306739807,242655,Gen1_Match195_1752159680.txt,,2025-07-10T15:35:32.035367
1,Gen1_Match199_1752159680,Gen1_Deck16,Gen1_Deck6,Gen1_Deck16,1,0,29.055625915527344,242653,Gen1_Match199_1752159680.txt,,2025-07-10T15:35:40.332365
1,Gen1_Match200_1752159680,Gen1_Deck6,Gen1_Deck17,Gen1_Deck17,0,1,29.169337511062622,242654,Gen1_Match200_1752159680.txt,,2025-07-10T15:35:51.760506
1,Gen1_Match202_1752159680,Gen1_Deck6,Gen1_Deck19,Gen1_Deck6,1,0,31.691754579544067,242653,Gen1_Match202_1752159680.txt,,2025-07-10T15:36:12.024753
1,Gen1_Match203_1752159680,Gen1_Deck20,Gen1_Deck6,Gen1_Deck20,1,0,26.181053400039673,242654,Gen1_Match203_1752159680.txt,,2025-07-10T15:36:17.942094
1,Gen1_Match201_1752159680,Gen1_Deck18,Gen1_Deck6,Gen1_Deck18,1,0,56.367600202560425,242655,Gen1_Match201_1752159680.txt,,2025-07-10T15:36:28.403433
1,Gen1_Match204_1752159680,Gen1_Deck6,Gen1_Deck21,Gen1_Deck21,0,1,23.17128825187683,242653,Gen1_Match204_1752159680.txt,,2025-07-10T15:36:35.196569
1,Gen1_Match205_1752159680,Gen1_Deck22,Gen1_Deck6,Gen1_Deck22,1,0,23.981414079666138,242654,Gen1_Match205_1752159680.txt,,2025-07-10T15:36:41.923985
1,Gen1_Match206_1752159680,Gen1_Deck6,Gen1_Deck23,Gen1_Deck23,0,1,25.94056463241577,242655,Gen1_Match206_1752159680.txt,,2025-07-10T15:36:54.344538
1,Gen1_Match207_1752159680,Gen1_Deck24,Gen1_Deck6,Gen1_Deck6,0,1,41.311362743377686,242653,Gen1_Match207_1752159680.txt,,2025-07-10T15:37:16.508586
1,Gen1_Match208_1752159680,Gen1_Deck6,Gen1_Deck25,Gen1_Deck25,0,1,34.81899285316467,242654,Gen1_Match208_1752159680.txt,,2025-07-10T15:37:16.743476
1,Gen1_Match209_1752159680,Gen1_Deck26,Gen1_Deck6,Gen1_Deck6,0,1,25.64037275314331,242655,Gen1_Match209_1752159680.txt,,2025-07-10T15:37:19.985451
1,Gen1_Match212_1752159680,Gen1_Deck29,Gen1_Deck6,Gen1_Deck29,1,0,21.95039963722229,242655,Gen1_Match212_1752159680.txt,,2025-07-10T15:37:41.936306
1,Gen1_Match210_1752159680,Gen1_Deck6,Gen1_Deck27,Gen1_Deck27,0,1,30.15134286880493,242653,Gen1_Match210_1752159680.txt,,2025-07-10T15:37:46.660439
1,Gen1_Match211_1752159680,Gen1_Deck28,Gen1_Deck6,Gen1_Deck6,0,1,40.88600945472717,242654,Gen1_Match211_1752159680.txt,,2025-07-10T15:37:57.629978
1,Gen1_Match214_1752159680,Gen1_Deck6,Gen1_Deck31,Gen1_Deck31,0,1,28.51749348640442,242653,Gen1_Match214_1752159680.txt,,2025-07-10T15:38:15.178453
1,Gen1_Match213_1752159680,Gen1_Deck30,Gen1_Deck6,Gen1_Deck30,1,0,36.066710472106934,242655,Gen1_Match213_1752159680.txt,,2025-07-10T15:38:18.003508
1,Gen1_Match215_1752159680,Gen1_Deck32,Gen1_Deck6,Gen1_Deck32,1,0,28.777966022491455,242654,Gen1_Match215_1752159680.txt,,2025-07-10T15:38:26.408493
1,Gen1_Match216_1752159680,Gen1_Deck33,Gen1_Deck6,Gen1_Deck33,1,0,25.249497890472412,242653,Gen1_Match216_1752159680.txt,,2025-07-10T15:38:40.428459
1,Gen1_Match217_1752159680,Gen1_Deck6,Gen1_Deck34,Gen1_Deck34,0,1,30.90398621559143,242655,Gen1_Match217_1752159680.txt,,2025-07-10T15:38:48.907925
1,Gen1_Match219_1752159680,Gen1_Deck9,Gen1_Deck7,Gen1_Deck9,1,0,22.680665493011475,242653,Gen1_Match219_1752159680.txt,,2025-07-10T15:39:03.109603
1,Gen1_Match218_1752159680,Gen1_Deck8,Gen1_Deck7,Gen1_Deck8,1,0,38.057608127593994,242654,Gen1_Match218_1752159680.txt,,2025-07-10T15:39:04.466570
1,Gen1_Match220_1752159680,Gen1_Deck7,Gen1_Deck10,Gen1_Deck10,0,1,24.4038348197937,242655,Gen1_Match220_1752159680.txt,,2025-07-10T15:39:13.312172
1,Gen1_Match221_1752159680,Gen1_Deck7,Gen1_Deck11,Gen1_Deck11,0,1,25.274410009384155,242653,Gen1_Match221_1752159680.txt,,2025-07-10T15:39:28.384494
1,Gen1_Match222_1752159680,Gen1_Deck12,Gen1_Deck7,Gen1_Deck12,1,0,33.127397537231445,242654,Gen1_Match222_1752159680.txt,,2025-07-10T15:39:37.594458
1,Gen1_Match223_1752159680,Gen1_Deck7,Gen1_Deck13,Gen1_Deck13,0,1,24.501301050186157,242655,Gen1_Match223_1752159680.txt,,2025-07-10T15:39:37.813881
1,Gen1_Match224_1752159680,Gen1_Deck7,Gen1_Deck14,Gen1_Deck14,0,1,31.022859573364258,242653,Gen1_Match224_1752159680.txt,,2025-07-10T15:39:59.409002
1,Gen1_Match226_1752159680,Gen1_Deck16,Gen1_Deck7,Gen1_Deck16,1,0,22.44994616508484,242655,Gen1_Match226_1752159680.txt,,2025-07-10T15:40:00.264224
1,Gen1_Match225_1752159680,Gen1_Deck15,Gen1_Deck7,Gen1_Deck15,1,0,38.491106033325195,242654,Gen1_Match225_1752159680.txt,,2025-07-10T15:40:16.086021
1,Gen1_Match227_1752159680,Gen1_Deck7,Gen1_Deck17,Gen1_Deck17,0,1,23.834930181503296,242653,Gen1_Match227_1752159680.txt,,2025-07-10T15:40:23.244467
1,Gen1_Match228_1752159680,Gen1_Deck18,Gen1_Deck7,Gen1_Deck18,1,0,29.93575429916382,242655,Gen1_Match228_1752159680.txt,,2025-07-10T15:40:30.200446
1,Gen1_Match229_1752159680,Gen1_Deck19,Gen1_Deck7,Gen1_Deck19,1,0,26.447543144226074,242654,Gen1_Match229_1752159680.txt,,2025-07-10T15:40:42.534014
1,Gen1_Match231_1752159680,Gen1_Deck7,Gen1_Deck21,Gen1_Deck21,0,1,25.61163067817688,242655,Gen1_Match231_1752159680.txt,,2025-07-10T15:40:55.812519
1,Gen1_Match230_1752159680,Gen1_Deck7,Gen1_Deck20,Gen1_Deck7,1,0,33.13137984275818,242653,Gen1_Match230_1752159680.txt,,2025-07-10T15:40:56.376435
1,Gen1_Match232_1752159680,Gen1_Deck22,Gen1_Deck7,Gen1_Deck22,1,0,27.05645227432251,242654,Gen1_Match232_1752159680.txt,,2025-07-10T15:41:09.590977
1,Gen1_Match233_1752159680,Gen1_Deck23,Gen1_Deck7,Gen1_Deck23,1,0,29.453842401504517,242655,Gen1_Match233_1752159680.txt,,2025-07-10T15:41:25.266764
1,Gen1_Match234_1752159680,Gen1_Deck7,Gen1_Deck24,Gen1_Deck24,0,1,32.68265151977539,242653,Gen1_Match234_1752159680.txt,,2025-07-10T15:41:29.059543
1,Gen1_Match235_1752159680,Gen1_Deck25,Gen1_Deck7,Gen1_Deck25,1,0,30.4991614818573,242654,Gen1_Match235_1752159680.txt,,2025-07-10T15:41:40.090664
1,Gen1_Match236_1752159680,Gen1_Deck26,Gen1_Deck7,Gen1_Deck7,0,1,28.977104425430298,242655,Gen1_Match236_1752159680.txt,,2025-07-10T15:41:54.244312
1,Gen1_Match237_1752159680,Gen1_Deck7,Gen1_Deck27,Gen1_Deck7,1,0,27.89645504951477,242653,Gen1_Match237_1752159680.txt,,2025-07-10T15:41:56.956484
1,Gen1_Match238_1752159680,Gen1_Deck7,Gen1_Deck28,Gen1_Deck7,1,0,23.9613299369812,242654,Gen1_Match238_1752159680.txt,,2025-07-10T15:42:04.052490
1,Gen1_Match240_1752159680,Gen1_Deck30,Gen1_Deck7,Gen1_Deck30,1,0,29.92512559890747,242653,Gen1_Match240_1752159680.txt,,2025-07-10T15:42:26.882104
1,Gen1_Match239_1752159680,Gen1_Deck29,Gen1_Deck7,Gen1_Deck29,1,0,32.67033624649048,242655,Gen1_Match239_1752159680.txt,,2025-07-10T15:42:26.915076
1,Gen1_Match241_1752159680,Gen1_Deck7,Gen1_Deck31,Gen1_Deck31,0,1,26.830629110336304,242654,Gen1_Match241_1752159680.txt,,2025-07-10T15:42:30.883583
1,Gen1_Match243_1752159680,Gen1_Deck33,Gen1_Deck7,Gen1_Deck33,1,0,23.797715187072754,242655,Gen1_Match243_1752159680.txt,,2025-07-10T15:42:50.713336
1,Gen1_Match242_1752159680,Gen1_Deck32,Gen1_Deck7,Gen1_Deck32,1,0,23.942407608032227,242653,Gen1_Match242_1752159680.txt,,2025-07-10T15:42:50.825019
1,Gen1_Match244_1752159680,Gen1_Deck7,Gen1_Deck34,Gen1_Deck34,0,1,20.36389970779419,242654,Gen1_Match244_1752159680.txt,,2025-07-10T15:42:51.247955
1,Gen1_Match245_1752159680,Gen1_Deck9,Gen1_Deck8,Gen1_Deck8,0,1,27.238719940185547,242655,Gen1_Match245_1752159680.txt,,2025-07-10T15:43:17.952536
1,Gen1_Match246_1752159680,Gen1_Deck8,Gen1_Deck10,Gen1_Deck10,0,1,27.429802417755127,242653,Gen1_Match246_1752159680.txt,,2025-07-10T15:43:18.255266
1,Gen1_Match247_1752159680,Gen1_Deck8,Gen1_Deck11,Gen1_Deck8,1,0,27.605519771575928,242654,Gen1_Match247_1752159680.txt,,2025-07-10T15:43:18.853902
1,Gen1_Match250_1752159680,Gen1_Deck8,Gen1_Deck14,Gen1_Deck14,0,1,25.438321352005005,242654,Gen1_Match250_1752159680.txt,,2025-07-10T15:43:44.292692
1,Gen1_Match249_1752159680,Gen1_Deck8,Gen1_Deck13,Gen1_Deck13,0,1,29.184518814086914,242653,Gen1_Match249_1752159680.txt,,2025-07-10T15:43:47.440283
1,Gen1_Match252_1752159680,Gen1_Deck16,Gen1_Deck8,Gen1_Deck16,1,0,24.316784381866455,242653,Gen1_Match252_1752159680.txt,,2025-07-10T15:44:11.757648
1,Gen1_Match248_1752159680,Gen1_Deck12,Gen1_Deck8,Gen1_Deck8,0,1,62.97828650474548,242655,Gen1_Match248_1752159680.txt,,2025-07-10T15:44:20.931404
1,Gen1_Match251_1752159680,Gen1_Deck15,Gen1_Deck8,Gen1_Deck15,1,0,44.7452929019928,242654,Gen1_Match251_1752159680.txt,,2025-07-10T15:44:29.038511
1,Gen1_Match253_1752159680,Gen1_Deck8,Gen1_Deck17,Gen1_Deck17,0,1,29.911664724349976,242653,Gen1_Match253_1752159680.txt,,2025-07-10T15:44:41.669842
1,Gen1_Match254_1752159680,Gen1_Deck8,Gen1_Deck18,Gen1_Deck8,1,0,31.066330909729004,242655,Gen1_Match254_1752159680.txt,,2025-07-10T15:44:51.998323
1,Gen1_Match255_1752159680,Gen1_Deck19,Gen1_Deck8,Gen1_Deck8,0,1,36.23356580734253,242654,Gen1_Match255_1752159680.txt,,2025-07-10T15:45:05.272555
1,Gen1_Match257_1752159680,Gen1_Deck8,Gen1_Deck21,Gen1_Deck8,1,0,24.731810808181763,242655,Gen1_Match257_1752159680.txt,,2025-07-10T15:45:16.730639
1,Gen1_Match256_1752159680,Gen1_Deck8,Gen1_Deck20,Gen1_Deck8,1,0,37.548423051834106,242653,Gen1_Match256_1752159680.txt,,2025-07-10T15:45:19.218759
1,Gen1_Match258_1752159680,Gen1_Deck22,Gen1_Deck8,Gen1_Deck22,1,0,31.715546131134033,242654,Gen1_Match258_1752159680.txt,,2025-07-10T15:45:36.988553
1,Gen1_Match260_1752159680,Gen1_Deck8,Gen1_Deck24,Gen1_Deck24,0,1,26.640770196914673,242653,Gen1_Match260_1752159680.txt,,2025-07-10T15:45:45.860037
1,Gen1_Match259_1752159680,Gen1_Deck23,Gen1_Deck8,Gen1_Deck8,0,1,30.761171579360962,242655,Gen1_Match259_1752159680.txt,,2025-07-10T15:45:47.492306
1,Gen1_Match261_1752159680,Gen1_Deck25,Gen1_Deck8,Gen1_Deck25,1,0,25.512620210647583,242654,Gen1_Match261_1752159680.txt,,2025-07-10T15:46:02.501616
1,Gen1_Match262_1752159680,Gen1_Deck26,Gen1_Deck8,Gen1_Deck8,0,1,26.325093746185303,242653,Gen1_Match262_1752159680.txt,,2025-07-10T15:46:12.185589
1,Gen1_Match263_1752159680,Gen1_Deck8,Gen1_Deck27,Gen1_Deck8,1,0,45.18029236793518,242655,Gen1_Match263_1752159680.txt,,2025-07-10T15:46:32.673098
1,Gen1_Match265_1752159680,Gen1_Deck29,Gen1_Deck8,Gen1_Deck8,0,1,26.23425579071045,242653,Gen1_Match265_1752159680.txt,,2025-07-10T15:46:38.420240
1,Gen1_Match266_1752159680,Gen1_Deck30,Gen1_Deck8,Gen1_Deck30,1,0,27.009064435958862,242655,Gen1_Match266_1752159680.txt,,2025-07-10T15:46:59.682598
1,Gen1_Match267_1752159680,Gen1_Deck8,Gen1_Deck31,Gen1_Deck31,0,1,29.89019203186035,242653,Gen1_Match267_1752159680.txt,,2025-07-10T15:47:08.310867
1,Gen1_Match264_1752159680,Gen1_Deck8,Gen1_Deck28,Gen1_Deck8,1,0,68.63219213485718,242654,Gen1_Match264_1752159680.txt,,2025-07-10T15:47:11.134303
1,Gen1_Match268_1752159680,Gen1_Deck32,Gen1_Deck8,Gen1_Deck8,0,1,28.466848611831665,242655,Gen1_Match268_1752159680.txt,,2025-07-10T15:47:28.149886
1,Gen1_Match269_1752159680,Gen1_Deck33,Gen1_Deck8,Gen1_Deck33,1,0,28.292856693267822,242653,Gen1_Match269_1752159680.txt,,2025-07-10T15:47:36.604170
1,Gen1_Match270_1752159680,Gen1_Deck8,Gen1_Deck34,Gen1_Deck34,0,1,31.38170337677002,242654,Gen1_Match270_1752159680.txt,,2025-07-10T15:47:42.516504
1,Gen1_Match271_1752159680,Gen1_Deck9,Gen1_Deck10,Gen1_Deck9,1,0,30.490751028060913,242655,Gen1_Match271_1752159680.txt,,2025-07-10T15:47:58.641083
1,Gen1_Match272_1752159680,Gen1_Deck9,Gen1_Deck11,Gen1_Deck11,0,1,31.74042797088623,242653,Gen1_Match272_1752159680.txt,,2025-07-10T15:48:08.345023
1,Gen1_Match273_1752159680,Gen1_Deck12,Gen1_Deck9,Gen1_Deck12,1,0,28.103511571884155,242654,Gen1_Match273_1752159680.txt,,2025-07-10T15:48:10.620502
1,Gen1_Match275_1752159680,Gen1_Deck9,Gen1_Deck14,Gen1_Deck14,0,1,24.18339967727661,242653,Gen1_Match275_1752159680.txt,,2025-07-10T15:48:32.528866
1,Gen1_Match274_1752159680,Gen1_Deck9,Gen1_Deck13,Gen1_Deck13,0,1,35.92687463760376,242655,Gen1_Match274_1752159680.txt,,2025-07-10T15:48:34.568434
1,Gen1_Match276_1752159680,Gen1_Deck15,Gen1_Deck9,Gen1_Deck9,0,1,32.55153560638428,242654,Gen1_Match276_1752159680.txt,,2025-07-10T15:48:43.172511
1,Gen1_Match277_1752159680,Gen1_Deck16,Gen1_Deck9,Gen1_Deck16,1,0,29.856579780578613,242653,Gen1_Match277_1752159680.txt,,2025-07-10T15:49:02.385967
1,Gen1_Match278_1752159680,Gen1_Deck9,Gen1_Deck17,Gen1_Deck17,0,1,30.31639528274536,242655,Gen1_Match278_1752159680.txt,,2025-07-10T15:49:04.885320
1,Gen1_Match279_1752159680,Gen1_Deck18,Gen1_Deck9,Gen1_Deck18,1,0,27.12749981880188,242654,Gen1_Match279_1752159680.txt,,2025-07-10T15:49:10.300485
1,Gen1_Match280_1752159680,Gen1_Deck19,Gen1_Deck9,Gen1_Deck19,1,0,37.08215308189392,242653,Gen1_Match280_1752159680.txt,,2025-07-10T15:49:39.468548
1,Gen1_Match281_1752159680,Gen1_Deck20,Gen1_Deck9,Gen1_Deck9,0,1,35.69535255432129,242655,Gen1_Match281_1752159680.txt,,2025-07-10T15:49:40.581130
1,Gen1_Match282_1752159680,Gen1_Deck9,Gen1_Deck21,Gen1_Deck21,0,1,36.11123204231262,242654,Gen1_Match282_1752159680.txt,,2025-07-10T15:49:46.412286
1,Gen1_Match284_1752159680,Gen1_Deck9,Gen1_Deck23,Gen1_Deck23,0,1,29.258018732070923,242655,Gen1_Match284_1752159680.txt,,2025-07-10T15:50:09.839577
1,Gen1_Match285_1752159680,Gen1_Deck24,Gen1_Deck9,Gen1_Deck24,1,0,24.342523097991943,242654,Gen1_Match285_1752159680.txt,,2025-07-10T15:50:10.755222
1,Gen1_Match283_1752159680,Gen1_Deck22,Gen1_Deck9,Gen1_Deck22,1,0,41.03140354156494,242653,Gen1_Match283_1752159680.txt,,2025-07-10T15:50:20.500374
1,Gen1_Match286_1752159680,Gen1_Deck9,Gen1_Deck25,Gen1_Deck25,0,1,23.192378759384155,242655,Gen1_Match286_1752159680.txt,,2025-07-10T15:50:33.032361
1,Gen1_Match287_1752159680,Gen1_Deck26,Gen1_Deck9,Gen1_Deck26,1,0,36.93667006492615,242654,Gen1_Match287_1752159680.txt,,2025-07-10T15:50:47.692313
1,Gen1_Match289_1752159680,Gen1_Deck9,Gen1_Deck28,Gen1_Deck9,1,0,23.495020389556885,242655,Gen1_Match289_1752159680.txt,,2025-07-10T15:50:56.527819
1,Gen1_Match288_1752159680,Gen1_Deck9,Gen1_Deck27,Gen1_Deck27,0,1,39.90764093399048,242653,Gen1_Match288_1752159680.txt,,2025-07-10T15:51:00.408479
1,Gen1_Match290_1752159680,Gen1_Deck9,Gen1_Deck29,Gen1_Deck29,0,1,24.19857668876648,242654,Gen1_Match290_1752159680.txt,,2025-07-10T15:51:11.891277
1,Gen1_Match291_1752159680,Gen1_Deck30,Gen1_Deck9,Gen1_Deck30,1,0,27.110438585281372,242655,Gen1_Match291_1752159680.txt,,2025-07-10T15:51:23.638710
1,Gen1_Match292_1752159680,Gen1_Deck9,Gen1_Deck31,Gen1_Deck31,0,1,26.37877345085144,242653,Gen1_Match292_1752159680.txt,,2025-07-10T15:51:26.787735
1,Gen1_Match293_1752159680,Gen1_Deck9,Gen1_Deck32,Gen1_Deck32,0,1,35.392017126083374,242654,Gen1_Match293_1752159680.txt,,2025-07-10T15:51:47.283789
1,Gen1_Match295_1752159680,Gen1_Deck34,Gen1_Deck9,Gen1_Deck9,0,1,25.876205921173096,242653,Gen1_Match295_1752159680.txt,,2025-07-10T15:51:52.664412
1,Gen1_Match294_1752159680,Gen1_Deck33,Gen1_Deck9,Gen1_Deck33,1,0,34.18112802505493,242655,Gen1_Match294_1752159680.txt,,2025-07-10T15:51:57.820307
1,Gen1_Match297_1752159680,Gen1_Deck12,Gen1_Deck10,Gen1_Deck10,0,1,32.8939573764801,242653,Gen1_Match297_1752159680.txt,,2025-07-10T15:52:25.558873
1,Gen1_Match298_1752159680,Gen1_Deck13,Gen1_Deck10,Gen1_Deck10,0,1,27.812748193740845,242655,Gen1_Match298_1752159680.txt,,2025-07-10T15:52:25.633514
1,Gen1_Match296_1752159680,Gen1_Deck10,Gen1_Deck11,Gen1_Deck10,1,0,42.12005543708801,242654,Gen1_Match296_1752159680.txt,,2025-07-10T15:52:29.404366
1,Gen1_Match299_1752159680,Gen1_Deck10,Gen1_Deck14,Gen1_Deck10,1,0,30.65264582633972,242653,Gen1_Match299_1752159680.txt,,2025-07-10T15:52:56.212028
1,Gen1_Match300_1752159680,Gen1_Deck15,Gen1_Deck10,Gen1_Deck10,0,1,41.85795736312866,242655,Gen1_Match300_1752159680.txt,,2025-07-10T15:53:07.491907
1,Gen1_Match301_1752159680,Gen1_Deck16,Gen1_Deck10,Gen1_Deck16,1,0,48.089733600616455,242654,Gen1_Match301_1752159680.txt,,2025-07-10T15:53:17.494755
1,Gen1_Match302_1752159680,Gen1_Deck10,Gen1_Deck17,Gen1_Deck10,1,0,28.615921020507812,242653,Gen1_Match302_1752159680.txt,,2025-07-10T15:53:24.828457
1,Gen1_Match303_1752159680,Gen1_Deck10,Gen1_Deck18,Gen1_Deck18,0,1,30.831243991851807,242655,Gen1_Match303_1752159680.txt,,2025-07-10T15:53:38.323640
1,Gen1_Match304_1752159680,Gen1_Deck19,Gen1_Deck10,Gen1_Deck10,0,1,26.172990798950195,242654,Gen1_Match304_1752159680.txt,,2025-07-10T15:53:43.668265
1,Gen1_Match305_1752159680,Gen1_Deck10,Gen1_Deck20,Gen1_Deck10,1,0,27.91166591644287,242653,Gen1_Match305_1752159680.txt,,2025-07-10T15:53:52.740629
1,Gen1_Match306_1752159680,Gen1_Deck10,Gen1_Deck21,Gen1_Deck10,1,0,26.56346559524536,242655,Gen1_Match306_1752159680.txt,,2025-07-10T15:54:04.887578
1,Gen1_Match308_1752159680,Gen1_Deck23,Gen1_Deck10,Gen1_Deck23,1,0,25.52316164970398,242653,Gen1_Match308_1752159680.txt,,2025-07-10T15:54:18.264196
1,Gen1_Match307_1752159680,Gen1_Deck22,Gen1_Deck10,Gen1_Deck22,1,0,45.86130952835083,242654,Gen1_Match307_1752159680.txt,,2025-07-10T15:54:29.530065
1,Gen1_Match309_1752159680,Gen1_Deck10,Gen1_Deck24,Gen1_Deck24,0,1,24.757226943969727,242655,Gen1_Match309_1752159680.txt,,2025-07-10T15:54:29.645243
1,Gen1_Match312_1752159680,Gen1_Deck10,Gen1_Deck27,Gen1_Deck27,0,1,27.663711071014404,242655,Gen1_Match312_1752159680.txt,,2025-07-10T15:54:57.309405
1,Gen1_Match311_1752159680,Gen1_Deck26,Gen1_Deck10,Gen1_Deck10,0,1,28.509929418563843,242654,Gen1_Match311_1752159680.txt,,2025-07-10T15:54:58.040447
1,Gen1_Match313_1752159680,Gen1_Deck10,Gen1_Deck28,Gen1_Deck28,0,1,25.51598358154297,242655,Gen1_Match313_1752159680.txt,,2025-07-10T15:55:22.825882
1,Gen1_Match314_1752159680,Gen1_Deck29,Gen1_Deck10,Gen1_Deck29,1,0,25.91079592704773,242654,Gen1_Match314_1752159680.txt,,2025-07-10T15:55:23.951669
1,Gen1_Match310_1752159680,Gen1_Deck10,Gen1_Deck25,Gen1_Deck10,1,0,78.81188106536865,242653,Gen1_Match310_1752159680.txt,,2025-07-10T15:55:37.076637
1,Gen1_Match315_1752159680,Gen1_Deck30,Gen1_Deck10,Gen1_Deck10,0,1,24.472075700759888,242655,Gen1_Match315_1752159680.txt,,2025-07-10T15:55:47.298363
1,Gen1_Match316_1752159680,Gen1_Deck10,Gen1_Deck31,Gen1_Deck10,1,0,26.688557386398315,242654,Gen1_Match316_1752159680.txt,,2025-07-10T15:55:50.640633
1,Gen1_Match317_1752159680,Gen1_Deck10,Gen1_Deck32,Gen1_Deck10,1,0,31.13034749031067,242653,Gen1_Match317_1752159680.txt,,2025-07-10T15:56:08.207458
1,Gen1_Match318_1752159680,Gen1_Deck33,Gen1_Deck10,Gen1_Deck10,0,1,27.006160020828247,242655,Gen1_Match318_1752159680.txt,,2025-07-10T15:56:14.304909
1,Gen1_Match319_1752159680,Gen1_Deck10,Gen1_Deck34,Gen1_Deck10,1,0,28.797215461730957,242654,Gen1_Match319_1752159680.txt,,2025-07-10T15:56:19.438274
1,Gen1_Match321_1752159680,Gen1_Deck13,Gen1_Deck11,Gen1_Deck13,1,0,28.687232494354248,242655,Gen1_Match321_1752159680.txt,,2025-07-10T15:56:42.992550
1,Gen1_Match322_1752159680,Gen1_Deck14,Gen1_Deck11,Gen1_Deck11,0,1,24.78568983078003,242654,Gen1_Match322_1752159680.txt,,2025-07-10T15:56:44.224365
1,Gen1_Match323_1752159680,Gen1_Deck11,Gen1_Deck15,Gen1_Deck11,1,0,29.64685606956482,242655,Gen1_Match323_1752159680.txt,,2025-07-10T15:57:12.639982
1,Gen1_Match324_1752159680,Gen1_Deck11,Gen1_Deck16,Gen1_Deck16,0,1,33.80652070045471,242654,Gen1_Match324_1752159680.txt,,2025-07-10T15:57:18.031450
1,Gen1_Match320_1752159680,Gen1_Deck11,Gen1_Deck12,Gen1_Deck11,1,0,77.8833818435669,242653,Gen1_Match320_1752159680.txt,,2025-07-10T15:57:26.091360
1,Gen1_Match327_1752159680,Gen1_Deck11,Gen1_Deck19,Gen1_Deck11,1,0,24.684462547302246,242653,Gen1_Match327_1752159680.txt,,2025-07-10T15:57:50.776320
1,Gen1_Match326_1752159680,Gen1_Deck11,Gen1_Deck18,Gen1_Deck18,0,1,33.35515117645264,242654,Gen1_Match326_1752159680.txt,,2025-07-10T15:57:51.387102
1,Gen1_Match325_1752159680,Gen1_Deck17,Gen1_Deck11,Gen1_Deck17,1,0,39.58269929885864,242655,Gen1_Match325_1752159680.txt,,2025-07-10T15:57:52.223200
1,Gen1_Match330_1752159680,Gen1_Deck11,Gen1_Deck22,Gen1_Deck11,1,0,23.030377626419067,242655,Gen1_Match330_1752159680.txt,,2025-07-10T15:58:15.254026
1,Gen1_Match329_1752159680,Gen1_Deck21,Gen1_Deck11,Gen1_Deck11,0,1,26.600630521774292,242654,Gen1_Match329_1752159680.txt,,2025-07-10T15:58:17.988218
1,Gen1_Match328_1752159680,Gen1_Deck20,Gen1_Deck11,Gen1_Deck20,1,0,29.500122547149658,242653,Gen1_Match328_1752159680.txt,,2025-07-10T15:58:20.276917
1,Gen1_Match331_1752159680,Gen1_Deck11,Gen1_Deck23,Gen1_Deck11,1,0,25.22740125656128,242655,Gen1_Match331_1752159680.txt,,2025-07-10T15:58:40.481861
1,Gen1_Match333_1752159680,Gen1_Deck11,Gen1_Deck25,Gen1_Deck11,1,0,36.28724503517151,242653,Gen1_Match333_1752159680.txt,,2025-07-10T15:58:56.564644
1,Gen1_Match334_1752159680,Gen1_Deck11,Gen1_Deck26,Gen1_Deck11,1,0,21.790098905563354,242655,Gen1_Match334_1752159680.txt,,2025-07-10T15:59:02.272430
1,Gen1_Match335_1752159680,Gen1_Deck27,Gen1_Deck11,Gen1_Deck27,1,0,24.280712366104126,242653,Gen1_Match335_1752159680.txt,,2025-07-10T15:59:20.845805
1,Gen1_Match336_1752159680,Gen1_Deck28,Gen1_Deck11,Gen1_Deck28,1,0,28.39996886253357,242655,Gen1_Match336_1752159680.txt,,2025-07-10T15:59:30.672922
1,Gen1_Match337_1752159680,Gen1_Deck11,Gen1_Deck29,Gen1_Deck11,1,0,20.258324146270752,242653,Gen1_Match337_1752159680.txt,,2025-07-10T15:59:41.104595
1,Gen1_Match338_1752159680,Gen1_Deck11,Gen1_Deck30,Gen1_Deck11,1,0,24.156396865844727,242655,Gen1_Match338_1752159680.txt,,2025-07-10T15:59:54.829790
1,Gen1_Match332_1752159680,Gen1_Deck24,Gen1_Deck11,Gen1_Deck11,0,1,98.78585982322693,242654,Gen1_Match332_1752159680.txt,,2025-07-10T15:59:56.774674
1,Gen1_Match339_1752159680,Gen1_Deck31,Gen1_Deck11,Gen1_Deck11,0,1,25.68631148338318,242653,Gen1_Match339_1752159680.txt,,2025-07-10T16:00:06.791386
1,Gen1_Match340_1752159680,Gen1_Deck11,Gen1_Deck32,Gen1_Deck11,1,0,24.447797775268555,242655,Gen1_Match340_1752159680.txt,,2025-07-10T16:00:19.278110
1,Gen1_Match341_1752159680,Gen1_Deck11,Gen1_Deck33,Gen1_Deck33,0,1,37.870052337646484,242654,Gen1_Match341_1752159680.txt,,2025-07-10T16:00:34.645261
1,Gen1_Match342_1752159680,Gen1_Deck34,Gen1_Deck11,Gen1_Deck34,1,0,28.502424955368042,242653,Gen1_Match342_1752159680.txt,,2025-07-10T16:00:35.294264
1,Gen1_Match343_1752159680,Gen1_Deck12,Gen1_Deck13,Gen1_Deck13,0,1,27.409833192825317,242655,Gen1_Match343_1752159680.txt,,2025-07-10T16:00:46.688409
1,Gen1_Match345_1752159680,Gen1_Deck15,Gen1_Deck12,Gen1_Deck15,1,0,25.296870470046997,242653,Gen1_Match345_1752159680.txt,,2025-07-10T16:01:00.591629
1,Gen1_Match346_1752159680,Gen1_Deck16,Gen1_Deck12,Gen1_Deck12,0,1,25.83676528930664,242655,Gen1_Match346_1752159680.txt,,2025-07-10T16:01:12.525615
1,Gen1_Match344_1752159680,Gen1_Deck12,Gen1_Deck14,Gen1_Deck12,1,0,41.97387075424194,242654,Gen1_Match344_1752159680.txt,,2025-07-10T16:01:16.619695
1,Gen1_Match347_1752159680,Gen1_Deck12,Gen1_Deck17,Gen1_Deck12,1,0,26.14422917366028,242653,Gen1_Match347_1752159680.txt,,2025-07-10T16:01:26.736365
1,Gen1_Match349_1752159680,Gen1_Deck19,Gen1_Deck12,Gen1_Deck12,0,1,24.84436559677124,242654,Gen1_Match349_1752159680.txt,,2025-07-10T16:01:41.464536
1,Gen1_Match350_1752159680,Gen1_Deck12,Gen1_Deck20,Gen1_Deck12,1,0,29.762776374816895,242653,Gen1_Match350_1752159680.txt,,2025-07-10T16:01:56.499643
1,Gen1_Match351_1752159680,Gen1_Deck12,Gen1_Deck21,Gen1_Deck12,1,0,24.35129475593567,242654,Gen1_Match351_1752159680.txt,,2025-07-10T16:02:05.816278
1,Gen1_Match352_1752159680,Gen1_Deck22,Gen1_Deck12,Gen1_Deck22,1,0,31.451739072799683,242653,Gen1_Match352_1752159680.txt,,2025-07-10T16:02:27.951976
1,Gen1_Match353_1752159680,Gen1_Deck23,Gen1_Deck12,Gen1_Deck12,0,1,23.026076078414917,242654,Gen1_Match353_1752159680.txt,,2025-07-10T16:02:28.842878
1,Gen1_Match354_1752159680,Gen1_Deck12,Gen1_Deck24,Gen1_Deck12,1,0,27.784831047058105,242653,Gen1_Match354_1752159680.txt,,2025-07-10T16:02:55.737350
1,Gen1_Match355_1752159680,Gen1_Deck25,Gen1_Deck12,Gen1_Deck25,1,0,36.10900902748108,242654,Gen1_Match355_1752159680.txt,,2025-07-10T16:03:04.952368
1,Gen1_Match356_1752159680,Gen1_Deck26,Gen1_Deck12,Gen1_Deck12,0,1,29.128078937530518,242653,Gen1_Match356_1752159680.txt,,2025-07-10T16:03:24.865859
1,Gen1_Match348_1752159680,Gen1_Deck18,Gen1_Deck12,Gen1_Deck18,1,0,134.58798551559448,242655,Gen1_Match348_1752159680.txt,,2025-07-10T16:03:27.114121
1,Gen1_Match357_1752159680,Gen1_Deck12,Gen1_Deck27,Gen1_Deck12,1,0,29.023362159729004,242654,Gen1_Match357_1752159680.txt,,2025-07-10T16:03:33.976189
1,Gen1_Match358_1752159680,Gen1_Deck12,Gen1_Deck28,Gen1_Deck12,1,0,25.230998039245605,242653,Gen1_Match358_1752159680.txt,,2025-07-10T16:03:50.097317
1,Gen1_Match359_1752159680,Gen1_Deck29,Gen1_Deck12,Gen1_Deck29,1,0,36.10104584693909,242655,Gen1_Match359_1752159680.txt,,2025-07-10T16:04:03.215711
1,Gen1_Match360_1752159680,Gen1_Deck30,Gen1_Deck12,Gen1_Deck12,0,1,32.708336353302,242654,Gen1_Match360_1752159680.txt,,2025-07-10T16:04:06.684972
1,Gen1_Match361_1752159680,Gen1_Deck12,Gen1_Deck31,Gen1_Deck12,1,0,26.026485204696655,242653,Gen1_Match361_1752159680.txt,,2025-07-10T16:04:16.124229
1,Gen1_Match362_1752159680,Gen1_Deck32,Gen1_Deck12,Gen1_Deck12,0,1,34.9483642578125,242655,Gen1_Match362_1752159680.txt,,2025-07-10T16:04:38.164596
1,Gen1_Match363_1752159680,Gen1_Deck33,Gen1_Deck12,Gen1_Deck12,0,1,40.203585147857666,242654,Gen1_Match363_1752159680.txt,,2025-07-10T16:04:46.888968
1,Gen1_Match364_1752159680,Gen1_Deck12,Gen1_Deck34,Gen1_Deck34,0,1,31.70575737953186,242653,Gen1_Match364_1752159680.txt,,2025-07-10T16:04:47.830514
1,Gen1_Match367_1752159680,Gen1_Deck13,Gen1_Deck16,Gen1_Deck13,1,0,27.497374296188354,242653,Gen1_Match367_1752159680.txt,,2025-07-10T16:05:15.328300
1,Gen1_Match366_1752159680,Gen1_Deck15,Gen1_Deck13,Gen1_Deck15,1,0,28.81315016746521,242654,Gen1_Match366_1752159680.txt,,2025-07-10T16:05:15.702540
1,Gen1_Match368_1752159680,Gen1_Deck13,Gen1_Deck17,Gen1_Deck17,0,1,29.59419894218445,242653,Gen1_Match368_1752159680.txt,,2025-07-10T16:05:44.923045
1,Gen1_Match369_1752159680,Gen1_Deck13,Gen1_Deck18,Gen1_Deck13,1,0,42.79585838317871,242654,Gen1_Match369_1752159680.txt,,2025-07-10T16:05:58.498908
1,Gen1_Match370_1752159680,Gen1_Deck19,Gen1_Deck13,Gen1_Deck13,0,1,24.31493878364563,242653,Gen1_Match370_1752159680.txt,,2025-07-10T16:06:09.238435
1,Gen1_Match371_1752159680,Gen1_Deck13,Gen1_Deck20,Gen1_Deck20,0,1,27.722514152526855,242654,Gen1_Match371_1752159680.txt,,2025-07-10T16:06:26.221932
1,Gen1_Match372_1752159680,Gen1_Deck21,Gen1_Deck13,Gen1_Deck13,0,1,26.332438945770264,242653,Gen1_Match372_1752159680.txt,,2025-07-10T16:06:35.571366
1,Gen1_Match365_1752159680,Gen1_Deck13,Gen1_Deck14,Gen1_Deck14,0,1,132.4648129940033,242655,Gen1_Match365_1752159680.txt,,2025-07-10T16:06:50.630008
1,Gen1_Match373_1752159680,Gen1_Deck22,Gen1_Deck13,Gen1_Deck13,0,1,35.201923847198486,242654,Gen1_Match373_1752159680.txt,,2025-07-10T16:07:01.424391
1,Gen1_Match374_1752159680,Gen1_Deck23,Gen1_Deck13,Gen1_Deck23,1,0,31.397581815719604,242653,Gen1_Match374_1752159680.txt,,2025-07-10T16:07:06.969540
1,Gen1_Match376_1752159680,Gen1_Deck25,Gen1_Deck13,Gen1_Deck25,1,0,27.918760061264038,242654,Gen1_Match376_1752159680.txt,,2025-07-10T16:07:29.343669
1,Gen1_Match377_1752159680,Gen1_Deck26,Gen1_Deck13,Gen1_Deck13,0,1,26.135642766952515,242653,Gen1_Match377_1752159680.txt,,2025-07-10T16:07:33.105649
1,Gen1_Match375_1752159680,Gen1_Deck13,Gen1_Deck24,Gen1_Deck13,1,0,43.06928491592407,242655,Gen1_Match375_1752159680.txt,,2025-07-10T16:07:33.699841
1,Gen1_Match378_1752159680,Gen1_Deck13,Gen1_Deck27,Gen1_Deck13,1,0,24.19400453567505,242654,Gen1_Match378_1752159680.txt,,2025-07-10T16:07:53.538142
1,Gen1_Match379_1752159680,Gen1_Deck13,Gen1_Deck28,Gen1_Deck13,1,0,29.578174114227295,242653,Gen1_Match379_1752159680.txt,,2025-07-10T16:08:02.684261
1,Gen1_Match380_1752159680,Gen1_Deck29,Gen1_Deck13,Gen1_Deck13,0,1,29.508471727371216,242655,Gen1_Match380_1752159680.txt,,2025-07-10T16:08:03.208833
1,Gen1_Match382_1752159680,Gen1_Deck13,Gen1_Deck31,Gen1_Deck13,1,0,23.71174907684326,242653,Gen1_Match382_1752159680.txt,,2025-07-10T16:08:26.396439
1,Gen1_Match383_1752159680,Gen1_Deck32,Gen1_Deck13,Gen1_Deck13,0,1,33.1303174495697,242655,Gen1_Match383_1752159680.txt,,2025-07-10T16:08:36.339648
1,Gen1_Match381_1752159680,Gen1_Deck30,Gen1_Deck13,Gen1_Deck13,0,1,44.37635660171509,242654,Gen1_Match381_1752159680.txt,,2025-07-10T16:08:37.915058
1,Gen1_Match385_1752159680,Gen1_Deck13,Gen1_Deck34,Gen1_Deck13,1,0,22.285404205322266,242655,Gen1_Match385_1752159680.txt,,2025-07-10T16:08:58.625534
1,Gen1_Match386_1752159680,Gen1_Deck15,Gen1_Deck14,Gen1_Deck14,0,1,25.432950735092163,242654,Gen1_Match386_1752159680.txt,,2025-07-10T16:09:03.348492
1,Gen1_Match384_1752159680,Gen1_Deck33,Gen1_Deck13,Gen1_Deck13,0,1,37.737820863723755,242653,Gen1_Match384_1752159680.txt,,2025-07-10T16:09:04.134739
1,Gen1_Match388_1752159680,Gen1_Deck17,Gen1_Deck14,Gen1_Deck17,1,0,28.110235452651978,242654,Gen1_Match388_1752159680.txt,,2025-07-10T16:09:31.459221
1,Gen1_Match387_1752159680,Gen1_Deck16,Gen1_Deck14,Gen1_Deck16,1,0,40.34570789337158,242655,Gen1_Match387_1752159680.txt,,2025-07-10T16:09:38.971898
1,Gen1_Match390_1752159680,Gen1_Deck19,Gen1_Deck14,Gen1_Deck14,0,1,28.93284320831299,242654,Gen1_Match390_1752159680.txt,,2025-07-10T16:10:00.392555
1,Gen1_Match391_1752159680,Gen1_Deck20,Gen1_Deck14,Gen1_Deck14,0,1,25.06927227973938,242655,Gen1_Match391_1752159680.txt,,2025-07-10T16:10:04.041648
1,Gen1_Match389_1752159680,Gen1_Deck14,Gen1_Deck18,Gen1_Deck18,0,1,68.20712447166443,242653,Gen1_Match389_1752159680.txt,,2025-07-10T16:10:12.342624
1,Gen1_Match392_1752159680,Gen1_Deck14,Gen1_Deck21,Gen1_Deck21,0,1,23.80741286277771,242654,Gen1_Match392_1752159680.txt,,2025-07-10T16:10:24.200432
1,Gen1_Match393_1752159680,Gen1_Deck14,Gen1_Deck22,Gen1_Deck14,1,0,32.33158206939697,242655,Gen1_Match393_1752159680.txt,,2025-07-10T16:10:36.373734
1,Gen1_Match394_1752159680,Gen1_Deck23,Gen1_Deck14,Gen1_Deck14,0,1,37.83847403526306,242653,Gen1_Match394_1752159680.txt,,2025-07-10T16:10:50.181643
1,Gen1_Match396_1752159680,Gen1_Deck14,Gen1_Deck25,Gen1_Deck25,0,1,29.482149124145508,242655,Gen1_Match396_1752159680.txt,,2025-07-10T16:11:05.856338
1,Gen1_Match395_1752159680,Gen1_Deck24,Gen1_Deck14,Gen1_Deck24,1,0,42.61827874183655,242654,Gen1_Match395_1752159680.txt,,2025-07-10T16:11:06.819248
1,Gen1_Match397_1752159680,Gen1_Deck26,Gen1_Deck14,Gen1_Deck14,0,1,25.218169927597046,242653,Gen1_Match397_1752159680.txt,,2025-07-10T16:11:15.400247
1,Gen1_Match398_1752159680,Gen1_Deck27,Gen1_Deck14,Gen1_Deck27,1,0,31.029539108276367,242655,Gen1_Match398_1752159680.txt,,2025-07-10T16:11:36.886343
1,Gen1_Match399_1752159680,Gen1_Deck28,Gen1_Deck14,Gen1_Deck14,0,1,34.51693916320801,242654,Gen1_Match399_1752159680.txt,,2025-07-10T16:11:41.336692
1,Gen1_Match400_1752159680,Gen1_Deck14,Gen1_Deck29,Gen1_Deck29,0,1,29.56688928604126,242653,Gen1_Match400_1752159680.txt,,2025-07-10T16:11:44.967606
1,Gen1_Match402_1752159680,Gen1_Deck14,Gen1_Deck31,Gen1_Deck14,1,0,30.847252368927002,242654,Gen1_Match402_1752159680.txt,,2025-07-10T16:12:12.184416
1,Gen1_Match401_1752159680,Gen1_Deck30,Gen1_Deck14,Gen1_Deck14,0,1,38.715008020401,242655,Gen1_Match401_1752159680.txt,,2025-07-10T16:12:15.601861
1,Gen1_Match403_1752159680,Gen1_Deck32,Gen1_Deck14,Gen1_Deck32,1,0,32.715577840805054,242653,Gen1_Match403_1752159680.txt,,2025-07-10T16:12:17.683796
1,Gen1_Match404_1752159680,Gen1_Deck14,Gen1_Deck33,Gen1_Deck14,1,0,26.79000163078308,242654,Gen1_Match404_1752159680.txt,,2025-07-10T16:12:38.974953
1,Gen1_Match406_1752159680,Gen1_Deck16,Gen1_Deck15,Gen1_Deck15,0,1,30.208059310913086,242653,Gen1_Match406_1752159680.txt,,2025-07-10T16:12:47.892360
1,Gen1_Match407_1752159680,Gen1_Deck15,Gen1_Deck17,Gen1_Deck15,1,0,24.691405773162842,242654,Gen1_Match407_1752159680.txt,,2025-07-10T16:13:03.666843
1,Gen1_Match408_1752159680,Gen1_Deck15,Gen1_Deck18,Gen1_Deck18,0,1,29.899919033050537,242653,Gen1_Match408_1752159680.txt,,2025-07-10T16:13:17.792756
1,Gen1_Match409_1752159680,Gen1_Deck19,Gen1_Deck15,Gen1_Deck15,0,1,21.569090843200684,242654,Gen1_Match409_1752159680.txt,,2025-07-10T16:13:25.236418
1,Gen1_Match405_1752159680,Gen1_Deck34,Gen1_Deck14,Gen1_Deck34,1,0,74.49623107910156,242655,Gen1_Match405_1752159680.txt,,2025-07-10T16:13:30.098604
1,Gen1_Match410_1752159680,Gen1_Deck15,Gen1_Deck20,Gen1_Deck15,1,0,27.61850929260254,242653,Gen1_Match410_1752159680.txt,,2025-07-10T16:13:45.411759
1,Gen1_Match411_1752159680,Gen1_Deck15,Gen1_Deck21,Gen1_Deck15,1,0,23.9437518119812,242654,Gen1_Match411_1752159680.txt,,2025-07-10T16:13:49.180672
1,Gen1_Match412_1752159680,Gen1_Deck22,Gen1_Deck15,Gen1_Deck15,0,1,25.257365703582764,242655,Gen1_Match412_1752159680.txt,,2025-07-10T16:13:55.356417
1,Gen1_Match413_1752159680,Gen1_Deck23,Gen1_Deck15,Gen1_Deck15,0,1,25.562909364700317,242653,Gen1_Match413_1752159680.txt,,2025-07-10T16:14:10.975129
1,Gen1_Match414_1752159680,Gen1_Deck15,Gen1_Deck24,Gen1_Deck24,0,1,33.66560983657837,242654,Gen1_Match414_1752159680.txt,,2025-07-10T16:14:22.846762
1,Gen1_Match415_1752159680,Gen1_Deck15,Gen1_Deck25,Gen1_Deck25,0,1,36.82097244262695,242655,Gen1_Match415_1752159680.txt,,2025-07-10T16:14:32.177820
1,Gen1_Match416_1752159680,Gen1_Deck26,Gen1_Deck15,Gen1_Deck15,0,1,29.675397872924805,242653,Gen1_Match416_1752159680.txt,,2025-07-10T16:14:40.650972
1,Gen1_Match417_1752159680,Gen1_Deck15,Gen1_Deck27,Gen1_Deck15,1,0,28.842557191848755,242654,Gen1_Match417_1752159680.txt,,2025-07-10T16:14:51.689858
1,Gen1_Match418_1752159680,Gen1_Deck15,Gen1_Deck28,Gen1_Deck15,1,0,28.44578194618225,242655,Gen1_Match418_1752159680.txt,,2025-07-10T16:15:00.624024
1,Gen1_Match419_1752159680,Gen1_Deck29,Gen1_Deck15,Gen1_Deck15,0,1,26.476864337921143,242653,Gen1_Match419_1752159680.txt,,2025-07-10T16:15:07.128238
1,Gen1_Match420_1752159680,Gen1_Deck30,Gen1_Deck15,Gen1_Deck15,0,1,24.570199251174927,242654,Gen1_Match420_1752159680.txt,,2025-07-10T16:15:16.260525
1,Gen1_Match421_1752159680,Gen1_Deck15,Gen1_Deck31,Gen1_Deck15,1,0,25.963873386383057,242655,Gen1_Match421_1752159680.txt,,2025-07-10T16:15:26.588287
1,Gen1_Match422_1752159680,Gen1_Deck15,Gen1_Deck32,Gen1_Deck15,1,0,24.728423595428467,242653,Gen1_Match422_1752159680.txt,,2025-07-10T16:15:31.857117
1,Gen1_Match423_1752159680,Gen1_Deck33,Gen1_Deck15,Gen1_Deck15,0,1,25.87528657913208,242654,Gen1_Match423_1752159680.txt,,2025-07-10T16:15:42.136299
1,Gen1_Match424_1752159680,Gen1_Deck15,Gen1_Deck34,Gen1_Deck15,1,0,26.931642770767212,242655,Gen1_Match424_1752159680.txt,,2025-07-10T16:15:53.520434
1,Gen1_Match425_1752159680,Gen1_Deck17,Gen1_Deck16,Gen1_Deck16,0,1,24.75394630432129,242653,Gen1_Match425_1752159680.txt,,2025-07-10T16:15:56.611600
1,Gen1_Match426_1752159680,Gen1_Deck16,Gen1_Deck18,Gen1_Deck18,0,1,35.96787929534912,242654,Gen1_Match426_1752159680.txt,,2025-07-10T16:16:18.104723
1,Gen1_Match427_1752159680,Gen1_Deck16,Gen1_Deck19,Gen1_Deck16,1,0,27.321635484695435,242655,Gen1_Match427_1752159680.txt,,2025-07-10T16:16:20.842499
1,Gen1_Match428_1752159680,Gen1_Deck20,Gen1_Deck16,Gen1_Deck16,0,1,25.910759210586548,242653,Gen1_Match428_1752159680.txt,,2025-07-10T16:16:22.522845
1,Gen1_Match429_1752159680,Gen1_Deck21,Gen1_Deck16,Gen1_Deck16,0,1,24.11634063720703,242654,Gen1_Match429_1752159680.txt,,2025-07-10T16:16:42.221528
1,Gen1_Match430_1752159680,Gen1_Deck16,Gen1_Deck22,Gen1_Deck22,0,1,24.004957675933838,242655,Gen1_Match430_1752159680.txt,,2025-07-10T16:16:44.847907
1,Gen1_Match431_1752159680,Gen1_Deck16,Gen1_Deck23,Gen1_Deck16,1,0,26.533178091049194,242653,Gen1_Match431_1752159680.txt,,2025-07-10T16:16:49.056510
1,Gen1_Match432_1752159680,Gen1_Deck24,Gen1_Deck16,Gen1_Deck24,1,0,25.75456690788269,242654,Gen1_Match432_1752159680.txt,,2025-07-10T16:17:07.976562
1,Gen1_Match433_1752159680,Gen1_Deck16,Gen1_Deck25,Gen1_Deck16,1,0,29.040101289749146,242655,Gen1_Match433_1752159680.txt,,2025-07-10T16:17:13.888495
1,Gen1_Match434_1752159680,Gen1_Deck16,Gen1_Deck26,Gen1_Deck16,1,0,26.70884084701538,242653,Gen1_Match434_1752159680.txt,,2025-07-10T16:17:15.765853
1,Gen1_Match435_1752159680,Gen1_Deck27,Gen1_Deck16,Gen1_Deck16,0,1,26.787441968917847,242654,Gen1_Match435_1752159680.txt,,2025-07-10T16:17:34.764509
1,Gen1_Match436_1752159680,Gen1_Deck16,Gen1_Deck28,Gen1_Deck28,0,1,26.17828917503357,242655,Gen1_Match436_1752159680.txt,,2025-07-10T16:17:40.067297
1,Gen1_Match437_1752159680,Gen1_Deck16,Gen1_Deck29,Gen1_Deck16,1,0,34.740116596221924,242653,Gen1_Match437_1752159680.txt,,2025-07-10T16:17:50.506518
1,Gen1_Match438_1752159680,Gen1_Deck16,Gen1_Deck30,Gen1_Deck16,1,0,28.24764609336853,242654,Gen1_Match438_1752159680.txt,,2025-07-10T16:18:03.012666
1,Gen1_Match439_1752159680,Gen1_Deck31,Gen1_Deck16,Gen1_Deck16,0,1,29.8005530834198,242655,Gen1_Match439_1752159680.txt,,2025-07-10T16:18:09.868322
1,Gen1_Match440_1752159680,Gen1_Deck16,Gen1_Deck32,Gen1_Deck32,0,1,21.809432983398438,242653,Gen1_Match440_1752159680.txt,,2025-07-10T16:18:12.316448
1,Gen1_Match441_1752159680,Gen1_Deck16,Gen1_Deck33,Gen1_Deck16,1,0,29.471205472946167,242654,Gen1_Match441_1752159680.txt,,2025-07-10T16:18:32.484454
1,Gen1_Match442_1752159680,Gen1_Deck34,Gen1_Deck16,Gen1_Deck34,1,0,26.778972864151,242655,Gen1_Match442_1752159680.txt,,2025-07-10T16:18:36.647828
1,Gen1_Match443_1752159680,Gen1_Deck18,Gen1_Deck17,Gen1_Deck18,1,0,28.579532384872437,242653,Gen1_Match443_1752159680.txt,,2025-07-10T16:18:40.896489
1,Gen1_Match444_1752159680,Gen1_Deck19,Gen1_Deck17,Gen1_Deck17,0,1,22.867703676223755,242654,Gen1_Match444_1752159680.txt,,2025-07-10T16:18:55.352609
1,Gen1_Match446_1752159680,Gen1_Deck17,Gen1_Deck21,Gen1_Deck17,1,0,27.734313488006592,242653,Gen1_Match446_1752159680.txt,,2025-07-10T16:19:08.631335
1,Gen1_Match445_1752159680,Gen1_Deck17,Gen1_Deck20,Gen1_Deck17,1,0,34.41927528381348,242655,Gen1_Match445_1752159680.txt,,2025-07-10T16:19:11.067640
1,Gen1_Match447_1752159680,Gen1_Deck22,Gen1_Deck17,Gen1_Deck17,0,1,28.075491666793823,242654,Gen1_Match447_1752159680.txt,,2025-07-10T16:19:23.428571
1,Gen1_Match449_1752159680,Gen1_Deck17,Gen1_Deck24,Gen1_Deck24,0,1,27.433587789535522,242655,Gen1_Match449_1752159680.txt,,2025-07-10T16:19:38.501706
1,Gen1_Match448_1752159680,Gen1_Deck23,Gen1_Deck17,Gen1_Deck23,1,0,38.07759881019592,242653,Gen1_Match448_1752159680.txt,,2025-07-10T16:19:46.709407
1,Gen1_Match450_1752159680,Gen1_Deck25,Gen1_Deck17,Gen1_Deck17,0,1,29.05127763748169,242654,Gen1_Match450_1752159680.txt,,2025-07-10T16:19:52.480323
1,Gen1_Match451_1752159680,Gen1_Deck26,Gen1_Deck17,Gen1_Deck17,0,1,32.127665996551514,242655,Gen1_Match451_1752159680.txt,,2025-07-10T16:20:10.629931
1,Gen1_Match452_1752159680,Gen1_Deck17,Gen1_Deck27,Gen1_Deck27,0,1,34.090686082839966,242653,Gen1_Match452_1752159680.txt,,2025-07-10T16:20:20.800639
1,Gen1_Match453_1752159680,Gen1_Deck17,Gen1_Deck28,Gen1_Deck17,1,0,31.359527111053467,242654,Gen1_Match453_1752159680.txt,,2025-07-10T16:20:23.840276
1,Gen1_Match454_1752159680,Gen1_Deck29,Gen1_Deck17,Gen1_Deck29,1,0,28.95375657081604,242655,Gen1_Match454_1752159680.txt,,2025-07-10T16:20:39.584228
1,Gen1_Match455_1752159680,Gen1_Deck30,Gen1_Deck17,Gen1_Deck17,0,1,25.103796005249023,242653,Gen1_Match455_1752159680.txt,,2025-07-10T16:20:45.904887
1,Gen1_Match456_1752159680,Gen1_Deck17,Gen1_Deck31,Gen1_Deck31,0,1,30.122543573379517,242654,Gen1_Match456_1752159680.txt,,2025-07-10T16:20:53.963237
1,Gen1_Match457_1752159680,Gen1_Deck32,Gen1_Deck17,Gen1_Deck32,1,0,25.272050619125366,242655,Gen1_Match457_1752159680.txt,,2025-07-10T16:21:04.856718
1,Gen1_Match458_1752159680,Gen1_Deck33,Gen1_Deck17,Gen1_Deck17,0,1,27.162976264953613,242653,Gen1_Match458_1752159680.txt,,2025-07-10T16:21:13.068312
1,Gen1_Match459_1752159680,Gen1_Deck17,Gen1_Deck34,Gen1_Deck17,1,0,26.727181673049927,242654,Gen1_Match459_1752159680.txt,,2025-07-10T16:21:20.690907
1,Gen1_Match460_1752159680,Gen1_Deck18,Gen1_Deck19,Gen1_Deck18,1,0,30.96574091911316,242655,Gen1_Match460_1752159680.txt,,2025-07-10T16:21:35.822907
1,Gen1_Match461_1752159680,Gen1_Deck20,Gen1_Deck18,Gen1_Deck18,0,1,29.856016874313354,242653,Gen1_Match461_1752159680.txt,,2025-07-10T16:21:42.924877
1,Gen1_Match462_1752159680,Gen1_Deck21,Gen1_Deck18,Gen1_Deck21,1,0,29.688218355178833,242654,Gen1_Match462_1752159680.txt,,2025-07-10T16:21:50.379604
1,Gen1_Match463_1752159680,Gen1_Deck18,Gen1_Deck22,Gen1_Deck22,0,1,33.349021911621094,242655,Gen1_Match463_1752159680.txt,,2025-07-10T16:22:09.172339
1,Gen1_Match465_1752159680,Gen1_Deck24,Gen1_Deck18,Gen1_Deck24,1,0,25.584341287612915,242654,Gen1_Match465_1752159680.txt,,2025-07-10T16:22:15.964405
1,Gen1_Match464_1752159680,Gen1_Deck18,Gen1_Deck23,Gen1_Deck18,1,0,34.54347038269043,242653,Gen1_Match464_1752159680.txt,,2025-07-10T16:22:17.468881
1,Gen1_Match467_1752159680,Gen1_Deck18,Gen1_Deck26,Gen1_Deck18,1,0,29.379538774490356,242654,Gen1_Match467_1752159680.txt,,2025-07-10T16:22:45.344396
1,Gen1_Match466_1752159680,Gen1_Deck18,Gen1_Deck25,Gen1_Deck18,1,0,38.38210940361023,242655,Gen1_Match466_1752159680.txt,,2025-07-10T16:22:47.554919
1,Gen1_Match468_1752159680,Gen1_Deck27,Gen1_Deck18,Gen1_Deck18,0,1,30.927725076675415,242653,Gen1_Match468_1752159680.txt,,2025-07-10T16:22:48.397042
1,Gen1_Match470_1752159680,Gen1_Deck18,Gen1_Deck29,Gen1_Deck29,0,1,29.070149183273315,242655,Gen1_Match470_1752159680.txt,,2025-07-10T16:23:16.625486
1,Gen1_Match469_1752159680,Gen1_Deck28,Gen1_Deck18,Gen1_Deck28,1,0,31.821557998657227,242654,Gen1_Match469_1752159680.txt,,2025-07-10T16:23:17.166476
1,Gen1_Match471_1752159680,Gen1_Deck18,Gen1_Deck30,Gen1_Deck18,1,0,28.824820518493652,242653,Gen1_Match471_1752159680.txt,,2025-07-10T16:23:17.222292
1,Gen1_Match472_1752159680,Gen1_Deck31,Gen1_Deck18,Gen1_Deck18,0,1,29.37921929359436,242655,Gen1_Match472_1752159680.txt,,2025-07-10T16:23:46.005155
1,Gen1_Match473_1752159680,Gen1_Deck18,Gen1_Deck32,Gen1_Deck18,1,0,29.154225826263428,242654,Gen1_Match473_1752159680.txt,,2025-07-10T16:23:46.321176
1,Gen1_Match474_1752159680,Gen1_Deck18,Gen1_Deck33,Gen1_Deck18,1,0,42.930742025375366,242653,Gen1_Match474_1752159680.txt,,2025-07-10T16:24:00.153547
1,Gen1_Match475_1752159680,Gen1_Deck34,Gen1_Deck18,Gen1_Deck18,0,1,28.89739441871643,242655,Gen1_Match475_1752159680.txt,,2025-07-10T16:24:14.903109
1,Gen1_Match477_1752159680,Gen1_Deck19,Gen1_Deck21,Gen1_Deck21,0,1,23.145038604736328,242653,Gen1_Match477_1752159680.txt,,2025-07-10T16:24:23.299116
1,Gen1_Match476_1752159680,Gen1_Deck19,Gen1_Deck20,Gen1_Deck20,0,1,43.227182149887085,242654,Gen1_Match476_1752159680.txt,,2025-07-10T16:24:29.548927
1,Gen1_Match478_1752159680,Gen1_Deck19,Gen1_Deck22,Gen1_Deck22,0,1,26.097135543823242,242655,Gen1_Match478_1752159680.txt,,2025-07-10T16:24:41.000727
1,Gen1_Match479_1752159680,Gen1_Deck23,Gen1_Deck19,Gen1_Deck23,1,0,20.392902135849,242653,Gen1_Match479_1752159680.txt,,2025-07-10T16:24:43.692456
1,Gen1_Match480_1752159680,Gen1_Deck19,Gen1_Deck24,Gen1_Deck24,0,1,25.26111364364624,242654,Gen1_Match480_1752159680.txt,,2025-07-10T16:24:54.810528
1,Gen1_Match481_1752159680,Gen1_Deck19,Gen1_Deck25,Gen1_Deck25,0,1,24.788279056549072,242655,Gen1_Match481_1752159680.txt,,2025-07-10T16:25:05.789460
1,Gen1_Match482_1752159680,Gen1_Deck26,Gen1_Deck19,Gen1_Deck26,1,0,29.787545204162598,242653,Gen1_Match482_1752159680.txt,,2025-07-10T16:25:13.480443
1,Gen1_Match483_1752159680,Gen1_Deck19,Gen1_Deck27,Gen1_Deck27,0,1,26.39632511138916,242654,Gen1_Match483_1752159680.txt,,2025-07-10T16:25:21.207362
1,Gen1_Match484_1752159680,Gen1_Deck19,Gen1_Deck28,Gen1_Deck28,0,1,22.721256494522095,242655,Gen1_Match484_1752159680.txt,,2025-07-10T16:25:28.511194
1,Gen1_Match485_1752159680,Gen1_Deck19,Gen1_Deck29,Gen1_Deck29,0,1,28.245566606521606,242653,Gen1_Match485_1752159680.txt,,2025-07-10T16:25:41.726450
1,Gen1_Match487_1752159680,Gen1_Deck19,Gen1_Deck31,Gen1_Deck31,0,1,25.53757905960083,242655,Gen1_Match487_1752159680.txt,,2025-07-10T16:25:54.049211
1,Gen1_Match486_1752159680,Gen1_Deck30,Gen1_Deck19,Gen1_Deck30,1,0,43.26849126815796,242654,Gen1_Match486_1752159680.txt,,2025-07-10T16:26:04.476386
1,Gen1_Match488_1752159680,Gen1_Deck32,Gen1_Deck19,Gen1_Deck32,1,0,24.06956648826599,242653,Gen1_Match488_1752159680.txt,,2025-07-10T16:26:05.796424
1,Gen1_Match489_1752159680,Gen1_Deck33,Gen1_Deck19,Gen1_Deck33,1,0,35.46226644515991,242655,Gen1_Match489_1752159680.txt,,2025-07-10T16:26:29.511895
1,Gen1_Match490_1752159680,Gen1_Deck34,Gen1_Deck19,Gen1_Deck34,1,0,26.760363817214966,242654,Gen1_Match490_1752159680.txt,,2025-07-10T16:26:31.237211
1,Gen1_Match491_1752159680,Gen1_Deck20,Gen1_Deck21,Gen1_Deck21,0,1,38.94720649719238,242653,Gen1_Match491_1752159680.txt,,2025-07-10T16:26:44.744058
1,Gen1_Match492_1752159680,Gen1_Deck22,Gen1_Deck20,Gen1_Deck22,1,0,27.001163721084595,242655,Gen1_Match492_1752159680.txt,,2025-07-10T16:26:56.513460
1,Gen1_Match493_1752159680,Gen1_Deck23,Gen1_Deck20,Gen1_Deck23,1,0,31.605080604553223,242654,Gen1_Match493_1752159680.txt,,2025-07-10T16:27:02.842772
1,Gen1_Match494_1752159680,Gen1_Deck20,Gen1_Deck24,Gen1_Deck24,0,1,33.21991777420044,242653,Gen1_Match494_1752159680.txt,,2025-07-10T16:27:17.964395
1,Gen1_Match495_1752159680,Gen1_Deck20,Gen1_Deck25,Gen1_Deck25,0,1,26.801876544952393,242655,Gen1_Match495_1752159680.txt,,2025-07-10T16:27:23.315778
1,Gen1_Match496_1752159680,Gen1_Deck26,Gen1_Deck20,Gen1_Deck26,1,0,32.571027517318726,242654,Gen1_Match496_1752159680.txt,,2025-07-10T16:27:35.414290
1,Gen1_Match497_1752159680,Gen1_Deck20,Gen1_Deck27,Gen1_Deck20,1,0,21.3433518409729,242653,Gen1_Match497_1752159680.txt,,2025-07-10T16:27:39.308154
1,Gen1_Match498_1752159680,Gen1_Deck20,Gen1_Deck28,Gen1_Deck20,1,0,27.172342777252197,242655,Gen1_Match498_1752159680.txt,,2025-07-10T16:27:50.488589
1,Gen1_Match499_1752159680,Gen1_Deck29,Gen1_Deck20,Gen1_Deck20,0,1,26.43545436859131,242654,Gen1_Match499_1752159680.txt,,2025-07-10T16:28:01.850143
1,Gen1_Match500_1752159680,Gen1_Deck30,Gen1_Deck20,Gen1_Deck30,1,0,27.71230149269104,242653,Gen1_Match500_1752159680.txt,,2025-07-10T16:28:07.020908
1,Gen1_Match501_1752159680,Gen1_Deck20,Gen1_Deck31,Gen1_Deck20,1,0,32.38060283660889,242655,Gen1_Match501_1752159680.txt,,2025-07-10T16:28:22.869691
1,Gen1_Match502_1752159680,Gen1_Deck20,Gen1_Deck32,Gen1_Deck32,0,1,25.104828119277954,242654,Gen1_Match502_1752159680.txt,,2025-07-10T16:28:26.955458
1,Gen1_Match503_1752159680,Gen1_Deck33,Gen1_Deck20,Gen1_Deck20,0,1,31.632974863052368,242653,Gen1_Match503_1752159680.txt,,2025-07-10T16:28:38.654387
1,Gen1_Match504_1752159680,Gen1_Deck20,Gen1_Deck34,Gen1_Deck34,0,1,26.065608739852905,242655,Gen1_Match504_1752159680.txt,,2025-07-10T16:28:48.935803
1,Gen1_Match506_1752159680,Gen1_Deck23,Gen1_Deck21,Gen1_Deck21,0,1,23.553444147109985,242653,Gen1_Match506_1752159680.txt,,2025-07-10T16:29:02.208255
1,Gen1_Match505_1752159680,Gen1_Deck21,Gen1_Deck22,Gen1_Deck22,0,1,37.97394371032715,242654,Gen1_Match505_1752159680.txt,,2025-07-10T16:29:04.929903
1,Gen1_Match507_1752159680,Gen1_Deck24,Gen1_Deck21,Gen1_Deck24,1,0,25.236056089401245,242655,Gen1_Match507_1752159680.txt,,2025-07-10T16:29:14.172297
1,Gen1_Match509_1752159680,Gen1_Deck21,Gen1_Deck26,Gen1_Deck21,1,0,24.406051635742188,242654,Gen1_Match509_1752159680.txt,,2025-07-10T16:29:29.336444
1,Gen1_Match508_1752159680,Gen1_Deck21,Gen1_Deck25,Gen1_Deck21,1,0,33.440489292144775,242653,Gen1_Match508_1752159680.txt,,2025-07-10T16:29:35.649219
1,Gen1_Match510_1752159680,Gen1_Deck27,Gen1_Deck21,Gen1_Deck27,1,0,33.56420135498047,242655,Gen1_Match510_1752159680.txt,,2025-07-10T16:29:47.737052
1,Gen1_Match511_1752159680,Gen1_Deck21,Gen1_Deck28,Gen1_Deck28,0,1,24.873943567276,242654,Gen1_Match511_1752159680.txt,,2025-07-10T16:29:54.210871
1,Gen1_Match512_1752159680,Gen1_Deck21,Gen1_Deck29,Gen1_Deck29,0,1,25.847618103027344,242653,Gen1_Match512_1752159680.txt,,2025-07-10T16:30:01.497308
1,Gen1_Match513_1752159680,Gen1_Deck21,Gen1_Deck30,Gen1_Deck30,0,1,29.311073780059814,242655,Gen1_Match513_1752159680.txt,,2025-07-10T16:30:17.048624
1,Gen1_Match515_1752159680,Gen1_Deck21,Gen1_Deck32,Gen1_Deck21,1,0,26.203418016433716,242653,Gen1_Match515_1752159680.txt,,2025-07-10T16:30:27.701212
1,Gen1_Match514_1752159680,Gen1_Deck31,Gen1_Deck21,Gen1_Deck21,0,1,33.65729284286499,242654,Gen1_Match514_1752159680.txt,,2025-07-10T16:30:27.868617
1,Gen1_Match516_1752159680,Gen1_Deck33,Gen1_Deck21,Gen1_Deck21,0,1,28.207361459732056,242655,Gen1_Match516_1752159680.txt,,2025-07-10T16:30:45.256434
1,Gen1_Match517_1752159680,Gen1_Deck34,Gen1_Deck21,Gen1_Deck21,0,1,29.07352566719055,242653,Gen1_Match517_1752159680.txt,,2025-07-10T16:30:56.775229
1,Gen1_Match519_1752159680,Gen1_Deck22,Gen1_Deck24,Gen1_Deck24,0,1,24.466694355010986,242655,Gen1_Match519_1752159680.txt,,2025-07-10T16:31:09.723533
1,Gen1_Match520_1752159680,Gen1_Deck22,Gen1_Deck25,Gen1_Deck22,1,0,24.840044021606445,242653,Gen1_Match520_1752159680.txt,,2025-07-10T16:31:21.615758
1,Gen1_Match518_1752159680,Gen1_Deck23,Gen1_Deck22,Gen1_Deck23,1,0,70.37749099731445,242654,Gen1_Match518_1752159680.txt,,2025-07-10T16:31:38.246600
1,Gen1_Match521_1752159680,Gen1_Deck26,Gen1_Deck22,Gen1_Deck22,0,1,33.757835388183594,242655,Gen1_Match521_1752159680.txt,,2025-07-10T16:31:43.481770
1,Gen1_Match522_1752159680,Gen1_Deck27,Gen1_Deck22,Gen1_Deck22,0,1,32.35763120651245,242653,Gen1_Match522_1752159680.txt,,2025-07-10T16:31:53.973870
1,Gen1_Match525_1752159680,Gen1_Deck30,Gen1_Deck22,Gen1_Deck22,0,1,24.671940565109253,242653,Gen1_Match525_1752159680.txt,,2025-07-10T16:32:18.646300
1,Gen1_Match524_1752159680,Gen1_Deck29,Gen1_Deck22,Gen1_Deck22,0,1,41.21815466880798,242655,Gen1_Match524_1752159680.txt,,2025-07-10T16:32:24.700435
1,Gen1_Match523_1752159680,Gen1_Deck22,Gen1_Deck28,Gen1_Deck22,1,0,54.74043369293213,242654,Gen1_Match523_1752159680.txt,,2025-07-10T16:32:32.987484
1,Gen1_Match527_1752159680,Gen1_Deck22,Gen1_Deck32,Gen1_Deck22,1,0,20.66171932220459,242655,Gen1_Match527_1752159680.txt,,2025-07-10T16:32:45.362590
1,Gen1_Match526_1752159680,Gen1_Deck22,Gen1_Deck31,Gen1_Deck22,1,0,34.032965898513794,242653,Gen1_Match526_1752159680.txt,,2025-07-10T16:32:52.679765
1,Gen1_Match530_1752159680,Gen1_Deck24,Gen1_Deck23,Gen1_Deck23,0,1,24.936708450317383,242653,Gen1_Match530_1752159680.txt,,2025-07-10T16:33:17.616952
1,Gen1_Match529_1752159680,Gen1_Deck22,Gen1_Deck34,Gen1_Deck22,1,0,36.841519355773926,242655,Gen1_Match529_1752159680.txt,,2025-07-10T16:33:22.204598
1,Gen1_Match531_1752159680,Gen1_Deck23,Gen1_Deck25,Gen1_Deck23,1,0,22.908620834350586,242653,Gen1_Match531_1752159680.txt,,2025-07-10T16:33:40.526218
1,Gen1_Match532_1752159680,Gen1_Deck23,Gen1_Deck26,Gen1_Deck23,1,0,23.12046718597412,242655,Gen1_Match532_1752159680.txt,,2025-07-10T16:33:45.325531
1,Gen1_Match533_1752159680,Gen1_Deck27,Gen1_Deck23,Gen1_Deck23,0,1,20.95782709121704,242653,Gen1_Match533_1752159680.txt,,2025-07-10T16:34:01.484567
1,Gen1_Match534_1752159680,Gen1_Deck28,Gen1_Deck23,Gen1_Deck28,1,0,22.89429211616516,242655,Gen1_Match534_1752159680.txt,,2025-07-10T16:34:08.220362
1,Gen1_Match535_1752159680,Gen1_Deck23,Gen1_Deck29,Gen1_Deck23,1,0,21.7078697681427,242653,Gen1_Match535_1752159680.txt,,2025-07-10T16:34:23.192859
1,Gen1_Match536_1752159680,Gen1_Deck23,Gen1_Deck30,Gen1_Deck23,1,0,22.92201256752014,242655,Gen1_Match536_1752159680.txt,,2025-07-10T16:34:31.142969
1,Gen1_Match537_1752159680,Gen1_Deck31,Gen1_Deck23,Gen1_Deck23,0,1,22.393131256103516,242653,Gen1_Match537_1752159680.txt,,2025-07-10T16:34:45.586450
1,Gen1_Match528_1752159680,Gen1_Deck33,Gen1_Deck22,Gen1_Deck33,1,0,133.1072974205017,242654,Gen1_Match528_1752159680.txt,,2025-07-10T16:34:46.095248
1,Gen1_Match538_1752159680,Gen1_Deck23,Gen1_Deck32,Gen1_Deck32,0,1,25.052425622940063,242655,Gen1_Match538_1752159680.txt,,2025-07-10T16:34:56.195971
1,Gen1_Match539_1752159680,Gen1_Deck23,Gen1_Deck33,Gen1_Deck23,1,0,26.684585571289062,242653,Gen1_Match539_1752159680.txt,,2025-07-10T16:35:12.271523
1,Gen1_Match540_1752159680,Gen1_Deck34,Gen1_Deck23,Gen1_Deck23,0,1,29.233844757080078,242654,Gen1_Match540_1752159680.txt,,2025-07-10T16:35:15.329519
1,Gen1_Match541_1752159680,Gen1_Deck24,Gen1_Deck25,Gen1_Deck25,0,1,27.293455362319946,242655,Gen1_Match541_1752159680.txt,,2025-07-10T16:35:23.489840
1,Gen1_Match542_1752159680,Gen1_Deck26,Gen1_Deck24,Gen1_Deck24,0,1,26.158809423446655,242653,Gen1_Match542_1752159680.txt,,2025-07-10T16:35:38.430848
1,Gen1_Match543_1752159680,Gen1_Deck24,Gen1_Deck27,Gen1_Deck24,1,0,29.337979316711426,242654,Gen1_Match543_1752159680.txt,,2025-07-10T16:35:44.667947
1,Gen1_Match544_1752159680,Gen1_Deck24,Gen1_Deck28,Gen1_Deck24,1,0,35.61152362823486,242655,Gen1_Match544_1752159680.txt,,2025-07-10T16:35:59.101859
1,Gen1_Match545_1752159680,Gen1_Deck29,Gen1_Deck24,Gen1_Deck24,0,1,24.51031804084778,242653,Gen1_Match545_1752159680.txt,,2025-07-10T16:36:02.941641
1,Gen1_Match546_1752159680,Gen1_Deck30,Gen1_Deck24,Gen1_Deck24,0,1,30.263277769088745,242654,Gen1_Match546_1752159680.txt,,2025-07-10T16:36:14.931681
1,Gen1_Match548_1752159680,Gen1_Deck32,Gen1_Deck24,Gen1_Deck32,1,0,23.020244121551514,242653,Gen1_Match548_1752159680.txt,,2025-07-10T16:36:25.962337
1,Gen1_Match547_1752159680,Gen1_Deck24,Gen1_Deck31,Gen1_Deck24,1,0,31.89016604423523,242655,Gen1_Match547_1752159680.txt,,2025-07-10T16:36:30.992527
1,Gen1_Match549_1752159680,Gen1_Deck33,Gen1_Deck24,Gen1_Deck33,1,0,22.4002046585083,242654,Gen1_Match549_1752159680.txt,,2025-07-10T16:36:37.332441
1,Gen1_Match550_1752159680,Gen1_Deck24,Gen1_Deck34,Gen1_Deck24,1,0,26.04672122001648,242653,Gen1_Match550_1752159680.txt,,2025-07-10T16:36:52.009543
1,Gen1_Match551_1752159680,Gen1_Deck25,Gen1_Deck26,Gen1_Deck25,1,0,25.8528151512146,242655,Gen1_Match551_1752159680.txt,,2025-07-10T16:36:56.845831
1,Gen1_Match552_1752159680,Gen1_Deck27,Gen1_Deck25,Gen1_Deck25,0,1,37.80760669708252,242654,Gen1_Match552_1752159680.txt,,2025-07-10T16:37:15.140566
1,Gen1_Match553_1752159680,Gen1_Deck28,Gen1_Deck25,Gen1_Deck25,0,1,24.67644953727722,242653,Gen1_Match553_1752159680.txt,,2025-07-10T16:37:16.686520
1,Gen1_Match554_1752159680,Gen1_Deck25,Gen1_Deck29,Gen1_Deck25,1,0,31.3421368598938,242655,Gen1_Match554_1752159680.txt,,2025-07-10T16:37:28.188552
1,Gen1_Match555_1752159680,Gen1_Deck30,Gen1_Deck25,Gen1_Deck25,0,1,25.439955949783325,242654,Gen1_Match555_1752159680.txt,,2025-07-10T16:37:40.581000
1,Gen1_Match556_1752159680,Gen1_Deck31,Gen1_Deck25,Gen1_Deck25,0,1,29.001332998275757,242653,Gen1_Match556_1752159680.txt,,2025-07-10T16:37:45.688324
1,Gen1_Match557_1752159680,Gen1_Deck25,Gen1_Deck32,Gen1_Deck25,1,0,28.928775548934937,242655,Gen1_Match557_1752159680.txt,,2025-07-10T16:37:57.117781
1,Gen1_Match559_1752159680,Gen1_Deck34,Gen1_Deck25,Gen1_Deck25,0,1,29.771719217300415,242653,Gen1_Match559_1752159680.txt,,2025-07-10T16:38:15.460512
1,Gen1_Match560_1752159680,Gen1_Deck27,Gen1_Deck26,Gen1_Deck27,1,0,26.89419388771057,242655,Gen1_Match560_1752159680.txt,,2025-07-10T16:38:24.012485
1,Gen1_Match558_1752159680,Gen1_Deck25,Gen1_Deck33,Gen1_Deck25,1,0,46.32074165344238,242654,Gen1_Match558_1752159680.txt,,2025-07-10T16:38:26.902249
1,Gen1_Match561_1752159680,Gen1_Deck28,Gen1_Deck26,Gen1_Deck28,1,0,28.95959186553955,242653,Gen1_Match561_1752159680.txt,,2025-07-10T16:38:44.420551
1,Gen1_Match562_1752159680,Gen1_Deck26,Gen1_Deck29,Gen1_Deck26,1,0,26.69293522834778,242655,Gen1_Match562_1752159680.txt,,2025-07-10T16:38:50.705949
1,Gen1_Match563_1752159680,Gen1_Deck26,Gen1_Deck30,Gen1_Deck26,1,0,23.847737789154053,242654,Gen1_Match563_1752159680.txt,,2025-07-10T16:38:50.750471
1,Gen1_Match564_1752159680,Gen1_Deck31,Gen1_Deck26,Gen1_Deck26,0,1,29.43532967567444,242653,Gen1_Match564_1752159680.txt,,2025-07-10T16:39:13.856325
1,Gen1_Match566_1752159680,Gen1_Deck26,Gen1_Deck33,Gen1_Deck33,0,1,24.560929775238037,242654,Gen1_Match566_1752159680.txt,,2025-07-10T16:39:15.311898
1,Gen1_Match565_1752159680,Gen1_Deck32,Gen1_Deck26,Gen1_Deck26,0,1,26.33220672607422,242655,Gen1_Match565_1752159680.txt,,2025-07-10T16:39:17.038694
1,Gen1_Match567_1752159680,Gen1_Deck34,Gen1_Deck26,Gen1_Deck34,1,0,28.27556300163269,242653,Gen1_Match567_1752159680.txt,,2025-07-10T16:39:42.132302
1,Gen1_Match569_1752159680,Gen1_Deck29,Gen1_Deck27,Gen1_Deck29,1,0,26.006595849990845,242655,Gen1_Match569_1752159680.txt,,2025-07-10T16:39:43.045780
1,Gen1_Match568_1752159680,Gen1_Deck27,Gen1_Deck28,Gen1_Deck27,1,0,31.024994611740112,242654,Gen1_Match568_1752159680.txt,,2025-07-10T16:39:46.337415
1,Gen1_Match570_1752159680,Gen1_Deck30,Gen1_Deck27,Gen1_Deck27,0,1,25.19982099533081,242653,Gen1_Match570_1752159680.txt,,2025-07-10T16:40:07.332548
1,Gen1_Match571_1752159680,Gen1_Deck27,Gen1_Deck31,Gen1_Deck31,0,1,28.189348220825195,242655,Gen1_Match571_1752159680.txt,,2025-07-10T16:40:11.235587
1,Gen1_Match572_1752159680,Gen1_Deck27,Gen1_Deck32,Gen1_Deck27,1,0,25.17833971977234,242654,Gen1_Match572_1752159680.txt,,2025-07-10T16:40:11.516221
1,Gen1_Match575_1752159680,Gen1_Deck28,Gen1_Deck29,Gen1_Deck28,1,0,22.7639377117157,242654,Gen1_Match575_1752159680.txt,,2025-07-10T16:40:34.280613
1,Gen1_Match573_1752159680,Gen1_Deck33,Gen1_Deck27,Gen1_Deck27,0,1,27.73782229423523,242653,Gen1_Match573_1752159680.txt,,2025-07-10T16:40:35.070853
1,Gen1_Match574_1752159680,Gen1_Deck27,Gen1_Deck34,Gen1_Deck27,1,0,28.249027490615845,242655,Gen1_Match574_1752159680.txt,,2025-07-10T16:40:39.485082
1,Gen1_Match578_1752159680,Gen1_Deck28,Gen1_Deck32,Gen1_Deck28,1,0,29.358912229537964,242655,Gen1_Match578_1752159680.txt,,2025-07-10T16:41:08.844574
1,Gen1_Match577_1752159680,Gen1_Deck31,Gen1_Deck28,Gen1_Deck28,0,1,41.14905118942261,242653,Gen1_Match577_1752159680.txt,,2025-07-10T16:41:16.220399
1,Gen1_Match576_1752159680,Gen1_Deck28,Gen1_Deck30,Gen1_Deck28,1,0,42.92452549934387,242654,Gen1_Match576_1752159680.txt,,2025-07-10T16:41:17.205653
1,Gen1_Match579_1752159680,Gen1_Deck28,Gen1_Deck33,Gen1_Deck28,1,0,32.118847608566284,242655,Gen1_Match579_1752159680.txt,,2025-07-10T16:41:40.963930
1,Gen1_Match581_1752159680,Gen1_Deck30,Gen1_Deck29,Gen1_Deck29,0,1,24.804328203201294,242654,Gen1_Match581_1752159680.txt,,2025-07-10T16:41:42.010375
1,Gen1_Match580_1752159680,Gen1_Deck34,Gen1_Deck28,Gen1_Deck34,1,0,28.353801012039185,242653,Gen1_Match580_1752159680.txt,,2025-07-10T16:41:44.574616
1,Gen1_Match584_1752159680,Gen1_Deck33,Gen1_Deck29,Gen1_Deck33,1,0,22.340826988220215,242653,Gen1_Match584_1752159680.txt,,2025-07-10T16:42:06.915841
1,Gen1_Match582_1752159680,Gen1_Deck29,Gen1_Deck31,Gen1_Deck29,1,0,26.597520112991333,242655,Gen1_Match582_1752159680.txt,,2025-07-10T16:42:07.561956
1,Gen1_Match583_1752159680,Gen1_Deck32,Gen1_Deck29,Gen1_Deck29,0,1,30.60974621772766,242654,Gen1_Match583_1752159680.txt,,2025-07-10T16:42:12.620595
1,Gen1_Match586_1752159680,Gen1_Deck31,Gen1_Deck30,Gen1_Deck31,1,0,26.096524953842163,242655,Gen1_Match586_1752159680.txt,,2025-07-10T16:42:33.658945
1,Gen1_Match585_1752159680,Gen1_Deck29,Gen1_Deck34,Gen1_Deck34,0,1,27.00767469406128,242653,Gen1_Match585_1752159680.txt,,2025-07-10T16:42:33.923991
1,Gen1_Match587_1752159680,Gen1_Deck32,Gen1_Deck30,Gen1_Deck30,0,1,24.871690034866333,242654,Gen1_Match587_1752159680.txt,,2025-07-10T16:42:37.492732
1,Gen1_Match588_1752159680,Gen1_Deck30,Gen1_Deck33,Gen1_Deck33,0,1,28.356566429138184,242655,Gen1_Match588_1752159680.txt,,2025-07-10T16:43:02.015940
1,Gen1_Match590_1752159680,Gen1_Deck32,Gen1_Deck31,Gen1_Deck31,0,1,24.906274795532227,242654,Gen1_Match590_1752159680.txt,,2025-07-10T16:43:02.399459
1,Gen1_Match589_1752159680,Gen1_Deck34,Gen1_Deck30,Gen1_Deck34,1,0,29.08149290084839,242653,Gen1_Match589_1752159680.txt,,2025-07-10T16:43:03.005996
1,Gen1_Match591_1752159680,Gen1_Deck31,Gen1_Deck33,Gen1_Deck33,0,1,28.40990686416626,242655,Gen1_Match591_1752159680.txt,,2025-07-10T16:43:30.426302
1,Gen1_Match592_1752159680,Gen1_Deck34,Gen1_Deck31,Gen1_Deck34,1,0,28.875460386276245,242654,Gen1_Match592_1752159680.txt,,2025-07-10T16:43:31.275426
1,Gen1_Match593_1752159680,Gen1_Deck33,Gen1_Deck32,Gen1_Deck33,1,0,29.25908923149109,242653,Gen1_Match593_1752159680.txt,,2025-07-10T16:43:32.265570
1,Gen1_Match594_1752159680,Gen1_Deck32,Gen1_Deck34,Gen1_Deck34,0,1,18.187647342681885,242655,Gen1_Match594_1752159680.txt,,2025-07-10T16:43:48.614383
1,Gen1_Match595_1752159680,Gen1_Deck34,Gen1_Deck33,Gen1_Deck34,1,0,19.824063062667847,242654,Gen1_Match595_1752159680.txt,,2025-07-10T16:43:51.100180
2,Gen2_Match3_1752165831,Gen2_Deck3,Gen2_Deck0,Gen2_Deck0,0,1,31.108442783355713,482061,Gen2_Match3_1752165831.txt,,2025-07-10T16:44:22.277747
2,Gen2_Match2_1752165831,Gen2_Deck0,Gen2_Deck2,Gen2_Deck0,1,0,45.89565968513489,482060,Gen2_Match2_1752165831.txt,,2025-07-10T16:44:37.064375
2,Gen2_Match1_1752165831,Gen2_Deck0,Gen2_Deck1,Gen2_Deck1,0,1,46.93515396118164,482059,Gen2_Match1_1752165831.txt,,2025-07-10T16:44:38.101778
2,Gen2_Match4_1752165831,Gen2_Deck4,Gen2_Deck0,Gen2_Deck4,1,0,26.277945041656494,482061,Gen2_Match4_1752165831.txt,,2025-07-10T16:44:48.556585
2,Gen2_Match5_1752165831,Gen2_Deck0,Gen2_Deck5,Gen2_Deck0,1,0,27.784651517868042,482060,Gen2_Match5_1752165831.txt,,2025-07-10T16:45:04.849865
2,Gen2_Match6_1752165831,Gen2_Deck0,Gen2_Deck6,Gen2_Deck6,0,1,32.335267543792725,482059,Gen2_Match6_1752165831.txt,,2025-07-10T16:45:10.437814
2,Gen2_Match7_1752165831,Gen2_Deck7,Gen2_Deck0,Gen2_Deck7,1,0,37.15450859069824,482061,Gen2_Match7_1752165831.txt,,2025-07-10T16:45:25.711749
2,Gen2_Match8_1752165831,Gen2_Deck0,Gen2_Deck8,Gen2_Deck8,0,1,26.905627250671387,482060,Gen2_Match8_1752165831.txt,,2025-07-10T16:45:31.755996
2,Gen2_Match9_1752165831,Gen2_Deck0,Gen2_Deck9,Gen2_Deck9,0,1,23.294313669204712,482059,Gen2_Match9_1752165831.txt,,2025-07-10T16:45:33.732676
2,Gen2_Match11_1752165831,Gen2_Deck11,Gen2_Deck0,Gen2_Deck0,0,1,23.667136907577515,482060,Gen2_Match11_1752165831.txt,,2025-07-10T16:45:55.423555
2,Gen2_Match10_1752165831,Gen2_Deck0,Gen2_Deck10,Gen2_Deck0,1,0,38.23692011833191,482061,Gen2_Match10_1752165831.txt,,2025-07-10T16:46:03.949203
2,Gen2_Match12_1752165831,Gen2_Deck0,Gen2_Deck12,Gen2_Deck12,0,1,43.6528799533844,482059,Gen2_Match12_1752165831.txt,,2025-07-10T16:46:17.386102
2,Gen2_Match13_1752165831,Gen2_Deck13,Gen2_Deck0,Gen2_Deck0,0,1,26.567816495895386,482060,Gen2_Match13_1752165831.txt,,2025-07-10T16:46:21.991805
2,Gen2_Match15_1752165831,Gen2_Deck15,Gen2_Deck0,Gen2_Deck15,1,0,27.70657968521118,482059,Gen2_Match15_1752165831.txt,,2025-07-10T16:46:45.093171
2,Gen2_Match14_1752165831,Gen2_Deck14,Gen2_Deck0,Gen2_Deck0,0,1,42.61702752113342,482061,Gen2_Match14_1752165831.txt,,2025-07-10T16:46:46.566867
2,Gen2_Match16_1752165831,Gen2_Deck0,Gen2_Deck16,Gen2_Deck0,1,0,31.952089071273804,482060,Gen2_Match16_1752165831.txt,,2025-07-10T16:46:53.944384
2,Gen2_Match18_1752165831,Gen2_Deck0,Gen2_Deck18,Gen2_Deck18,0,1,28.082173585891724,482061,Gen2_Match18_1752165831.txt,,2025-07-10T16:47:14.649516
2,Gen2_Match19_1752165831,Gen2_Deck19,Gen2_Deck0,Gen2_Deck0,0,1,44.379432678222656,482060,Gen2_Match19_1752165831.txt,,2025-07-10T16:47:38.324310
2,Gen2_Match20_1752165831,Gen2_Deck0,Gen2_Deck20,Gen2_Deck0,1,0,24.009735107421875,482061,Gen2_Match20_1752165831.txt,,2025-07-10T16:47:38.659919
2,Gen2_Match22_1752165831,Gen2_Deck0,Gen2_Deck22,Gen2_Deck0,1,0,20.633162021636963,482061,Gen2_Match22_1752165831.txt,,2025-07-10T16:47:59.293668
2,Gen2_Match21_1752165831,Gen2_Deck21,Gen2_Deck0,Gen2_Deck0,0,1,36.795570373535156,482060,Gen2_Match21_1752165831.txt,,2025-07-10T16:48:15.120337
2,Gen2_Match23_1752165831,Gen2_Deck0,Gen2_Deck23,Gen2_Deck0,1,0,32.41424489021301,482061,Gen2_Match23_1752165831.txt,,2025-07-10T16:48:31.708365
2,Gen2_Match24_1752165831,Gen2_Deck0,Gen2_Deck24,Gen2_Deck0,1,0,41.753133058547974,482060,Gen2_Match24_1752165831.txt,,2025-07-10T16:48:56.873992
2,Gen2_Match17_1752165831,Gen2_Deck17,Gen2_Deck0,Gen2_Deck17,1,0,133.55110883712769,482059,Gen2_Match17_1752165831.txt,,2025-07-10T16:48:58.644969
2,Gen2_Match25_1752165831,Gen2_Deck25,Gen2_Deck0,Gen2_Deck0,0,1,38.78731608390808,482061,Gen2_Match25_1752165831.txt,,2025-07-10T16:49:10.496191
2,Gen2_Match27_1752165831,Gen2_Deck0,Gen2_Deck27,Gen2_Deck0,1,0,27.925682306289673,482059,Gen2_Match27_1752165831.txt,,2025-07-10T16:49:26.571161
2,Gen2_Match26_1752165831,Gen2_Deck0,Gen2_Deck26,Gen2_Deck0,1,0,30.250646352767944,482060,Gen2_Match26_1752165831.txt,,2025-07-10T16:49:27.125299
2,Gen2_Match30_1752165831,Gen2_Deck0,Gen2_Deck30,Gen2_Deck30,0,1,24.551599979400635,482060,Gen2_Match30_1752165831.txt,,2025-07-10T16:49:51.677405
2,Gen2_Match31_1752165831,Gen2_Deck0,Gen2_Deck31,Gen2_Deck0,1,0,21.695322036743164,482060,Gen2_Match31_1752165831.txt,,2025-07-10T16:50:13.373253
2,Gen2_Match28_1752165831,Gen2_Deck28,Gen2_Deck0,Gen2_Deck0,0,1,94.1499171257019,482061,Gen2_Match28_1752165831.txt,,2025-07-10T16:50:44.646708
2,Gen2_Match32_1752165831,Gen2_Deck32,Gen2_Deck0,Gen2_Deck32,1,0,49.15001344680786,482060,Gen2_Match32_1752165831.txt,,2025-07-10T16:51:02.523985
2,Gen2_Match29_1752165831,Gen2_Deck29,Gen2_Deck0,Gen2_Deck29,1,0,98.90801692008972,482059,Gen2_Match29_1752165831.txt,,2025-07-10T16:51:05.479730
2,Gen2_Match33_1752165831,Gen2_Deck0,Gen2_Deck33,Gen2_Deck0,1,0,30.117157697677612,482061,Gen2_Match33_1752165831.txt,,2025-07-10T16:51:14.764429
2,Gen2_Match34_1752165831,Gen2_Deck0,Gen2_Deck34,Gen2_Deck34,0,1,32.01209115982056,482060,Gen2_Match34_1752165831.txt,,2025-07-10T16:51:34.536578
2,Gen2_Match35_1752165831,Gen2_Deck1,Gen2_Deck2,Gen2_Deck1,1,0,49.40486717224121,482059,Gen2_Match35_1752165831.txt,,2025-07-10T16:51:54.885062
2,Gen2_Match36_1752165831,Gen2_Deck3,Gen2_Deck1,Gen2_Deck3,1,0,49.7138946056366,482061,Gen2_Match36_1752165831.txt,,2025-07-10T16:52:04.478916
2,Gen2_Match37_1752165831,Gen2_Deck4,Gen2_Deck1,Gen2_Deck1,0,1,40.65525960922241,482060,Gen2_Match37_1752165831.txt,,2025-07-10T16:52:15.192357
2,Gen2_Match40_1752165831,Gen2_Deck7,Gen2_Deck1,Gen2_Deck1,0,1,26.04567575454712,482060,Gen2_Match40_1752165831.txt,,2025-07-10T16:52:41.238531
2,Gen2_Match39_1752165831,Gen2_Deck1,Gen2_Deck6,Gen2_Deck6,0,1,41.828874349594116,482061,Gen2_Match39_1752165831.txt,,2025-07-10T16:52:46.308232
2,Gen2_Match38_1752165831,Gen2_Deck1,Gen2_Deck5,Gen2_Deck1,1,0,52.190993309020996,482059,Gen2_Match38_1752165831.txt,,2025-07-10T16:52:47.076530
2,Gen2_Match43_1752165831,Gen2_Deck10,Gen2_Deck1,Gen2_Deck1,0,1,22.31542730331421,482059,Gen2_Match43_1752165831.txt,,2025-07-10T16:53:09.392446
2,Gen2_Match41_1752165831,Gen2_Deck1,Gen2_Deck8,Gen2_Deck1,1,0,31.541632652282715,482060,Gen2_Match41_1752165831.txt,,2025-07-10T16:53:12.780637
2,Gen2_Match42_1752165831,Gen2_Deck1,Gen2_Deck9,Gen2_Deck1,1,0,29.17958116531372,482061,Gen2_Match42_1752165831.txt,,2025-07-10T16:53:15.488265
2,Gen2_Match44_1752165831,Gen2_Deck11,Gen2_Deck1,Gen2_Deck1,0,1,27.207658529281616,482059,Gen2_Match44_1752165831.txt,,2025-07-10T16:53:36.600646
2,Gen2_Match45_1752165831,Gen2_Deck1,Gen2_Deck12,Gen2_Deck1,1,0,33.84354782104492,482060,Gen2_Match45_1752165831.txt,,2025-07-10T16:53:46.624637
2,Gen2_Match46_1752165831,Gen2_Deck1,Gen2_Deck13,Gen2_Deck1,1,0,34.682878494262695,482061,Gen2_Match46_1752165831.txt,,2025-07-10T16:53:50.171583
2,Gen2_Match47_1752165831,Gen2_Deck14,Gen2_Deck1,Gen2_Deck1,0,1,22.275430917739868,482059,Gen2_Match47_1752165831.txt,,2025-07-10T16:53:58.876564
2,Gen2_Match48_1752165831,Gen2_Deck1,Gen2_Deck15,Gen2_Deck1,1,0,33.055508852005005,482060,Gen2_Match48_1752165831.txt,,2025-07-10T16:54:19.680624
2,Gen2_Match49_1752165831,Gen2_Deck1,Gen2_Deck16,Gen2_Deck1,1,0,31.375587940216064,482061,Gen2_Match49_1752165831.txt,,2025-07-10T16:54:21.547602
2,Gen2_Match50_1752165831,Gen2_Deck17,Gen2_Deck1,Gen2_Deck1,0,1,24.307868242263794,482059,Gen2_Match50_1752165831.txt,,2025-07-10T16:54:23.184952
2,Gen2_Match53_1752165831,Gen2_Deck1,Gen2_Deck20,Gen2_Deck1,1,0,21.440160512924194,482059,Gen2_Match53_1752165831.txt,,2025-07-10T16:54:44.625550
2,Gen2_Match51_1752165831,Gen2_Deck18,Gen2_Deck1,Gen2_Deck1,0,1,25.751623153686523,482060,Gen2_Match51_1752165831.txt,,2025-07-10T16:54:45.432721
2,Gen2_Match52_1752165831,Gen2_Deck1,Gen2_Deck19,Gen2_Deck1,1,0,43.05251121520996,482061,Gen2_Match52_1752165831.txt,,2025-07-10T16:55:04.600606
2,Gen2_Match55_1752165831,Gen2_Deck1,Gen2_Deck22,Gen2_Deck1,1,0,27.9112548828125,482060,Gen2_Match55_1752165831.txt,,2025-07-10T16:55:13.344490
2,Gen2_Match54_1752165831,Gen2_Deck21,Gen2_Deck1,Gen2_Deck1,0,1,39.510403633117676,482059,Gen2_Match54_1752165831.txt,,2025-07-10T16:55:24.136416
2,Gen2_Match56_1752165831,Gen2_Deck1,Gen2_Deck23,Gen2_Deck1,1,0,31.579373121261597,482061,Gen2_Match56_1752165831.txt,,2025-07-10T16:55:36.180483
2,Gen2_Match57_1752165831,Gen2_Deck24,Gen2_Deck1,Gen2_Deck1,0,1,23.797208547592163,482060,Gen2_Match57_1752165831.txt,,2025-07-10T16:55:37.142172
2,Gen2_Match58_1752165831,Gen2_Deck25,Gen2_Deck1,Gen2_Deck1,0,1,33.89562225341797,482059,Gen2_Match58_1752165831.txt,,2025-07-10T16:55:58.032560
2,Gen2_Match59_1752165831,Gen2_Deck1,Gen2_Deck26,Gen2_Deck1,1,0,27.767486810684204,482061,Gen2_Match59_1752165831.txt,,2025-07-10T16:56:03.948455
2,Gen2_Match60_1752165831,Gen2_Deck27,Gen2_Deck1,Gen2_Deck1,0,1,28.659015417099,482060,Gen2_Match60_1752165831.txt,,2025-07-10T16:56:05.801644
2,Gen2_Match63_1752165831,Gen2_Deck1,Gen2_Deck30,Gen2_Deck1,1,0,25.31020188331604,482060,Gen2_Match63_1752165831.txt,,2025-07-10T16:56:31.112263
2,Gen2_Match61_1752165831,Gen2_Deck28,Gen2_Deck1,Gen2_Deck1,0,1,50.87307071685791,482059,Gen2_Match61_1752165831.txt,,2025-07-10T16:56:48.906217
2,Gen2_Match64_1752165831,Gen2_Deck31,Gen2_Deck1,Gen2_Deck1,0,1,25.319594621658325,482060,Gen2_Match64_1752165831.txt,,2025-07-10T16:56:56.432287
2,Gen2_Match66_1752165831,Gen2_Deck1,Gen2_Deck33,Gen2_Deck1,1,0,24.878601551055908,482060,Gen2_Match66_1752165831.txt,,2025-07-10T16:57:21.311359
2,Gen2_Match65_1752165831,Gen2_Deck32,Gen2_Deck1,Gen2_Deck1,0,1,55.574777364730835,482059,Gen2_Match65_1752165831.txt,,2025-07-10T16:57:44.481548
2,Gen2_Match68_1752165831,Gen2_Deck2,Gen2_Deck3,Gen2_Deck2,1,0,24.47452473640442,482059,Gen2_Match68_1752165831.txt,,2025-07-10T16:58:08.956579
2,Gen2_Match62_1752165831,Gen2_Deck1,Gen2_Deck29,Gen2_Deck1,1,0,133.3634581565857,482061,Gen2_Match62_1752165831.txt,,2025-07-10T16:58:17.312425
2,Gen2_Match69_1752165831,Gen2_Deck2,Gen2_Deck4,Gen2_Deck4,0,1,22.84827470779419,482059,Gen2_Match69_1752165831.txt,,2025-07-10T16:58:31.805361
2,Gen2_Match70_1752165831,Gen2_Deck5,Gen2_Deck2,Gen2_Deck2,0,1,28.44431161880493,482061,Gen2_Match70_1752165831.txt,,2025-07-10T16:58:45.757315
2,Gen2_Match71_1752165831,Gen2_Deck2,Gen2_Deck6,Gen2_Deck6,0,1,31.29231333732605,482059,Gen2_Match71_1752165831.txt,,2025-07-10T16:59:03.098152
2,Gen2_Match72_1752165831,Gen2_Deck2,Gen2_Deck7,Gen2_Deck7,0,1,40.62674283981323,482061,Gen2_Match72_1752165831.txt,,2025-07-10T16:59:26.384581
2,Gen2_Match67_1752165831,Gen2_Deck34,Gen2_Deck1,Gen2_Deck34,1,0,130.16870427131653,482060,Gen2_Match67_1752165831.txt,,2025-07-10T16:59:31.480534
2,Gen2_Match73_1752165831,Gen2_Deck8,Gen2_Deck2,Gen2_Deck8,1,0,32.486145973205566,482059,Gen2_Match73_1752165831.txt,,2025-07-10T16:59:35.584816
2,Gen2_Match74_1752165831,Gen2_Deck9,Gen2_Deck2,Gen2_Deck2,0,1,22.87895178794861,482061,Gen2_Match74_1752165831.txt,,2025-07-10T16:59:49.264045
2,Gen2_Match75_1752165831,Gen2_Deck2,Gen2_Deck10,Gen2_Deck2,1,0,24.164571046829224,482060,Gen2_Match75_1752165831.txt,,2025-07-10T16:59:55.645523
2,Gen2_Match77_1752165831,Gen2_Deck12,Gen2_Deck2,Gen2_Deck12,1,0,20.363157510757446,482061,Gen2_Match77_1752165831.txt,,2025-07-10T17:00:09.627677
2,Gen2_Match76_1752165831,Gen2_Deck2,Gen2_Deck11,Gen2_Deck2,1,0,38.16374492645264,482059,Gen2_Match76_1752165831.txt,,2025-07-10T17:00:13.749061
2,Gen2_Match78_1752165831,Gen2_Deck2,Gen2_Deck13,Gen2_Deck13,0,1,26.83020567893982,482060,Gen2_Match78_1752165831.txt,,2025-07-10T17:00:22.476163
2,Gen2_Match80_1752165831,Gen2_Deck15,Gen2_Deck2,Gen2_Deck2,0,1,30.65411067008972,482059,Gen2_Match80_1752165831.txt,,2025-07-10T17:00:44.403695
2,Gen2_Match81_1752165831,Gen2_Deck16,Gen2_Deck2,Gen2_Deck2,0,1,22.682807445526123,482060,Gen2_Match81_1752165831.txt,,2025-07-10T17:00:45.159408
2,Gen2_Match82_1752165831,Gen2_Deck2,Gen2_Deck17,Gen2_Deck2,1,0,18.0089168548584,482059,Gen2_Match82_1752165831.txt,,2025-07-10T17:01:02.413079
2,Gen2_Match79_1752165831,Gen2_Deck2,Gen2_Deck14,Gen2_Deck14,0,1,55.6872296333313,482061,Gen2_Match79_1752165831.txt,,2025-07-10T17:01:05.315579
2,Gen2_Match83_1752165831,Gen2_Deck2,Gen2_Deck18,Gen2_Deck18,0,1,27.24048662185669,482060,Gen2_Match83_1752165831.txt,,2025-07-10T17:01:12.400406
2,Gen2_Match84_1752165831,Gen2_Deck19,Gen2_Deck2,Gen2_Deck19,1,0,23.362919092178345,482059,Gen2_Match84_1752165831.txt,,2025-07-10T17:01:25.776440
2,Gen2_Match85_1752165831,Gen2_Deck2,Gen2_Deck20,Gen2_Deck2,1,0,36.57972311973572,482061,Gen2_Match85_1752165831.txt,,2025-07-10T17:01:41.895845
2,Gen2_Match86_1752165831,Gen2_Deck2,Gen2_Deck21,Gen2_Deck2,1,0,30.48810338973999,482060,Gen2_Match86_1752165831.txt,,2025-07-10T17:01:42.889008
2,Gen2_Match87_1752165831,Gen2_Deck22,Gen2_Deck2,Gen2_Deck22,1,0,29.42341923713684,482059,Gen2_Match87_1752165831.txt,,2025-07-10T17:01:55.200311
2,Gen2_Match88_1752165831,Gen2_Deck23,Gen2_Deck2,Gen2_Deck23,1,0,22.457601308822632,482061,Gen2_Match88_1752165831.txt,,2025-07-10T17:02:04.353919
2,Gen2_Match89_1752165831,Gen2_Deck2,Gen2_Deck24,Gen2_Deck2,1,0,30.896376371383667,482060,Gen2_Match89_1752165831.txt,,2025-07-10T17:02:13.785857
2,Gen2_Match90_1752165831,Gen2_Deck25,Gen2_Deck2,Gen2_Deck2,0,1,22.799835443496704,482059,Gen2_Match90_1752165831.txt,,2025-07-10T17:02:18.000615
2,Gen2_Match91_1752165831,Gen2_Deck26,Gen2_Deck2,Gen2_Deck26,1,0,22.2899386882782,482061,Gen2_Match91_1752165831.txt,,2025-07-10T17:02:26.644319
2,Gen2_Match92_1752165831,Gen2_Deck2,Gen2_Deck27,Gen2_Deck2,1,0,25.842060327529907,482060,Gen2_Match92_1752165831.txt,,2025-07-10T17:02:39.628403
2,Gen2_Match93_1752165831,Gen2_Deck2,Gen2_Deck28,Gen2_Deck2,1,0,26.488439321517944,482059,Gen2_Match93_1752165831.txt,,2025-07-10T17:02:44.489623
2,Gen2_Match95_1752165831,Gen2_Deck30,Gen2_Deck2,Gen2_Deck2,0,1,27.145748376846313,482060,Gen2_Match95_1752165831.txt,,2025-07-10T17:03:06.774618
2,Gen2_Match96_1752165831,Gen2_Deck2,Gen2_Deck31,Gen2_Deck31,0,1,22.414709329605103,482059,Gen2_Match96_1752165831.txt,,2025-07-10T17:03:06.904793
2,Gen2_Match94_1752165831,Gen2_Deck29,Gen2_Deck2,Gen2_Deck29,1,0,55.50499248504639,482061,Gen2_Match94_1752165831.txt,,2025-07-10T17:03:22.149789
2,Gen2_Match98_1752165831,Gen2_Deck33,Gen2_Deck2,Gen2_Deck2,0,1,23.975200414657593,482059,Gen2_Match98_1752165831.txt,,2025-07-10T17:03:30.880410
2,Gen2_Match97_1752165831,Gen2_Deck32,Gen2_Deck2,Gen2_Deck32,1,0,26.930567264556885,482060,Gen2_Match97_1752165831.txt,,2025-07-10T17:03:33.705681
2,Gen2_Match99_1752165831,Gen2_Deck2,Gen2_Deck34,Gen2_Deck34,0,1,27.458391189575195,482061,Gen2_Match99_1752165831.txt,,2025-07-10T17:03:49.608629
2,Gen2_Match100_1752165831,Gen2_Deck4,Gen2_Deck3,Gen2_Deck3,0,1,26.933067083358765,482059,Gen2_Match100_1752165831.txt,,2025-07-10T17:03:57.813914
2,Gen2_Match101_1752165831,Gen2_Deck3,Gen2_Deck5,Gen2_Deck3,1,0,29.88637137413025,482060,Gen2_Match101_1752165831.txt,,2025-07-10T17:04:03.592562
2,Gen2_Match104_1752165831,Gen2_Deck3,Gen2_Deck8,Gen2_Deck3,1,0,24.7346134185791,482060,Gen2_Match104_1752165831.txt,,2025-07-10T17:04:28.327677
2,Gen2_Match102_1752165831,Gen2_Deck6,Gen2_Deck3,Gen2_Deck6,1,0,43.80752658843994,482061,Gen2_Match102_1752165831.txt,,2025-07-10T17:04:33.416728
2,Gen2_Match103_1752165831,Gen2_Deck7,Gen2_Deck3,Gen2_Deck3,0,1,46.11022925376892,482059,Gen2_Match103_1752165831.txt,,2025-07-10T17:04:43.924725
2,Gen2_Match105_1752165831,Gen2_Deck3,Gen2_Deck9,Gen2_Deck3,1,0,28.546464920043945,482060,Gen2_Match105_1752165831.txt,,2025-07-10T17:04:56.874658
2,Gen2_Match106_1752165831,Gen2_Deck10,Gen2_Deck3,Gen2_Deck3,0,1,24.84317660331726,482061,Gen2_Match106_1752165831.txt,,2025-07-10T17:04:58.260371
2,Gen2_Match107_1752165831,Gen2_Deck11,Gen2_Deck3,Gen2_Deck3,0,1,26.778374671936035,482059,Gen2_Match107_1752165831.txt,,2025-07-10T17:05:10.703595
2,Gen2_Match109_1752165831,Gen2_Deck13,Gen2_Deck3,Gen2_Deck13,1,0,29.575557947158813,482061,Gen2_Match109_1752165831.txt,,2025-07-10T17:05:27.836396
2,Gen2_Match108_1752165831,Gen2_Deck3,Gen2_Deck12,Gen2_Deck12,0,1,38.3330295085907,482060,Gen2_Match108_1752165831.txt,,2025-07-10T17:05:35.208239
2,Gen2_Match110_1752165831,Gen2_Deck14,Gen2_Deck3,Gen2_Deck3,0,1,31.880001068115234,482059,Gen2_Match110_1752165831.txt,,2025-07-10T17:05:42.584150
2,Gen2_Match111_1752165831,Gen2_Deck3,Gen2_Deck15,Gen2_Deck15,0,1,26.89161705970764,482061,Gen2_Match111_1752165831.txt,,2025-07-10T17:05:54.728484
2,Gen2_Match112_1752165831,Gen2_Deck3,Gen2_Deck16,Gen2_Deck3,1,0,26.65309238433838,482060,Gen2_Match112_1752165831.txt,,2025-07-10T17:06:01.861913
2,Gen2_Match113_1752165831,Gen2_Deck17,Gen2_Deck3,Gen2_Deck17,1,0,22.88879108428955,482059,Gen2_Match113_1752165831.txt,,2025-07-10T17:06:05.473435
2,Gen2_Match114_1752165831,Gen2_Deck18,Gen2_Deck3,Gen2_Deck18,1,0,24.4238498210907,482061,Gen2_Match114_1752165831.txt,,2025-07-10T17:06:19.152840
2,Gen2_Match115_1752165831,Gen2_Deck3,Gen2_Deck19,Gen2_Deck3,1,0,30.74863028526306,482060,Gen2_Match115_1752165831.txt,,2025-07-10T17:06:32.611096
2,Gen2_Match116_1752165831,Gen2_Deck20,Gen2_Deck3,Gen2_Deck3,0,1,34.55893039703369,482059,Gen2_Match116_1752165831.txt,,2025-07-10T17:06:40.033024
2,Gen2_Match117_1752165831,Gen2_Deck21,Gen2_Deck3,Gen2_Deck21,1,0,26.362362384796143,482061,Gen2_Match117_1752165831.txt,,2025-07-10T17:06:45.515687
2,Gen2_Match118_1752165831,Gen2_Deck3,Gen2_Deck22,Gen2_Deck3,1,0,32.95335292816162,482060,Gen2_Match118_1752165831.txt,,2025-07-10T17:07:05.565011
2,Gen2_Match119_1752165831,Gen2_Deck3,Gen2_Deck23,Gen2_Deck3,1,0,31.610682010650635,482059,Gen2_Match119_1752165831.txt,,2025-07-10T17:07:11.644234
2,Gen2_Match120_1752165831,Gen2_Deck24,Gen2_Deck3,Gen2_Deck24,1,0,35.04710292816162,482061,Gen2_Match120_1752165831.txt,,2025-07-10T17:07:20.563332
2,Gen2_Match121_1752165831,Gen2_Deck25,Gen2_Deck3,Gen2_Deck25,1,0,26.750856399536133,482060,Gen2_Match121_1752165831.txt,,2025-07-10T17:07:32.316380
2,Gen2_Match122_1752165831,Gen2_Deck3,Gen2_Deck26,Gen2_Deck26,0,1,25.811517477035522,482059,Gen2_Match122_1752165831.txt,,2025-07-10T17:07:37.456282
2,Gen2_Match123_1752165831,Gen2_Deck27,Gen2_Deck3,Gen2_Deck3,0,1,33.58268475532532,482061,Gen2_Match123_1752165831.txt,,2025-07-10T17:07:54.146505
2,Gen2_Match124_1752165831,Gen2_Deck28,Gen2_Deck3,Gen2_Deck28,1,0,26.963428735733032,482060,Gen2_Match124_1752165831.txt,,2025-07-10T17:07:59.280287
2,Gen2_Match125_1752165831,Gen2_Deck3,Gen2_Deck29,Gen2_Deck29,0,1,42.747827768325806,482059,Gen2_Match125_1752165831.txt,,2025-07-10T17:08:20.204693
2,Gen2_Match127_1752165831,Gen2_Deck31,Gen2_Deck3,Gen2_Deck3,0,1,22.206942319869995,482060,Gen2_Match127_1752165831.txt,,2025-07-10T17:08:21.487654
2,Gen2_Match126_1752165831,Gen2_Deck3,Gen2_Deck30,Gen2_Deck3,1,0,36.12525939941406,482061,Gen2_Match126_1752165831.txt,,2025-07-10T17:08:30.272296
2,Gen2_Match128_1752165831,Gen2_Deck3,Gen2_Deck32,Gen2_Deck3,1,0,31.718077182769775,482059,Gen2_Match128_1752165831.txt,,2025-07-10T17:08:51.923289
2,Gen2_Match129_1752165831,Gen2_Deck3,Gen2_Deck33,Gen2_Deck3,1,0,36.57379364967346,482060,Gen2_Match129_1752165831.txt,,2025-07-10T17:08:58.061910
2,Gen2_Match130_1752165831,Gen2_Deck34,Gen2_Deck3,Gen2_Deck3,0,1,32.49960994720459,482061,Gen2_Match130_1752165831.txt,,2025-07-10T17:09:02.772349
2,Gen2_Match131_1752165831,Gen2_Deck5,Gen2_Deck4,Gen2_Deck4,0,1,28.183499097824097,482059,Gen2_Match131_1752165831.txt,,2025-07-10T17:09:20.107310
2,Gen2_Match132_1752165831,Gen2_Deck4,Gen2_Deck6,Gen2_Deck4,1,0,34.945937395095825,482060,Gen2_Match132_1752165831.txt,,2025-07-10T17:09:33.008410
2,Gen2_Match133_1752165831,Gen2_Deck4,Gen2_Deck7,Gen2_Deck7,0,1,30.37962555885315,482061,Gen2_Match133_1752165831.txt,,2025-07-10T17:09:33.152436
2,Gen2_Match134_1752165831,Gen2_Deck8,Gen2_Deck4,Gen2_Deck8,1,0,27.8363778591156,482059,Gen2_Match134_1752165831.txt,,2025-07-10T17:09:47.944134
2,Gen2_Match136_1752165831,Gen2_Deck4,Gen2_Deck10,Gen2_Deck4,1,0,24.026947259902954,482061,Gen2_Match136_1752165831.txt,,2025-07-10T17:09:57.179878
2,Gen2_Match135_1752165831,Gen2_Deck9,Gen2_Deck4,Gen2_Deck4,0,1,29.438599348068237,482060,Gen2_Match135_1752165831.txt,,2025-07-10T17:10:02.447465
2,Gen2_Match137_1752165831,Gen2_Deck11,Gen2_Deck4,Gen2_Deck11,1,0,26.6883327960968,482059,Gen2_Match137_1752165831.txt,,2025-07-10T17:10:14.632911
2,Gen2_Match138_1752165831,Gen2_Deck12,Gen2_Deck4,Gen2_Deck12,1,0,23.63621950149536,482061,Gen2_Match138_1752165831.txt,,2025-07-10T17:10:20.816530
2,Gen2_Match139_1752165831,Gen2_Deck4,Gen2_Deck13,Gen2_Deck4,1,0,29.469624042510986,482060,Gen2_Match139_1752165831.txt,,2025-07-10T17:10:31.917501
2,Gen2_Match140_1752165831,Gen2_Deck4,Gen2_Deck14,Gen2_Deck4,1,0,31.224846601486206,482059,Gen2_Match140_1752165831.txt,,2025-07-10T17:10:45.858212
2,Gen2_Match141_1752165831,Gen2_Deck15,Gen2_Deck4,Gen2_Deck15,1,0,35.696993827819824,482061,Gen2_Match141_1752165831.txt,,2025-07-10T17:10:56.514078
2,Gen2_Match142_1752165831,Gen2_Deck16,Gen2_Deck4,Gen2_Deck4,0,1,24.92372751235962,482060,Gen2_Match142_1752165831.txt,,2025-07-10T17:10:56.841703
2,Gen2_Match143_1752165831,Gen2_Deck4,Gen2_Deck17,Gen2_Deck4,1,0,33.56191945075989,482059,Gen2_Match143_1752165831.txt,,2025-07-10T17:11:19.420645
2,Gen2_Match144_1752165831,Gen2_Deck18,Gen2_Deck4,Gen2_Deck18,1,0,24.085052013397217,482061,Gen2_Match144_1752165831.txt,,2025-07-10T17:11:20.599607
2,Gen2_Match145_1752165831,Gen2_Deck19,Gen2_Deck4,Gen2_Deck4,0,1,36.95371985435486,482060,Gen2_Match145_1752165831.txt,,2025-07-10T17:11:33.795940
2,Gen2_Match147_1752165831,Gen2_Deck4,Gen2_Deck21,Gen2_Deck4,1,0,25.303653478622437,482061,Gen2_Match147_1752165831.txt,,2025-07-10T17:11:45.903739
2,Gen2_Match146_1752165831,Gen2_Deck4,Gen2_Deck20,Gen2_Deck20,0,1,32.73865079879761,482059,Gen2_Match146_1752165831.txt,,2025-07-10T17:11:52.159901
2,Gen2_Match148_1752165831,Gen2_Deck22,Gen2_Deck4,Gen2_Deck4,0,1,36.83171510696411,482060,Gen2_Match148_1752165831.txt,,2025-07-10T17:12:10.628206
2,Gen2_Match151_1752165831,Gen2_Deck25,Gen2_Deck4,Gen2_Deck4,0,1,20.971726894378662,482060,Gen2_Match151_1752165831.txt,,2025-07-10T17:12:31.600488
2,Gen2_Match149_1752165831,Gen2_Deck4,Gen2_Deck23,Gen2_Deck4,1,0,66.29140901565552,482061,Gen2_Match149_1752165831.txt,,2025-07-10T17:12:52.195632
2,Gen2_Match150_1752165831,Gen2_Deck4,Gen2_Deck24,Gen2_Deck24,0,1,60.38007140159607,482059,Gen2_Match150_1752165831.txt,,2025-07-10T17:12:52.540671
2,Gen2_Match152_1752165831,Gen2_Deck26,Gen2_Deck4,Gen2_Deck4,0,1,22.33743929862976,482060,Gen2_Match152_1752165831.txt,,2025-07-10T17:12:53.938481
2,Gen2_Match154_1752165831,Gen2_Deck4,Gen2_Deck28,Gen2_Deck4,1,0,28.2697856426239,482059,Gen2_Match154_1752165831.txt,,2025-07-10T17:13:20.811011
2,Gen2_Match153_1752165831,Gen2_Deck4,Gen2_Deck27,Gen2_Deck27,0,1,38.64026427268982,482061,Gen2_Match153_1752165831.txt,,2025-07-10T17:13:30.836488
2,Gen2_Match156_1752165831,Gen2_Deck4,Gen2_Deck30,Gen2_Deck4,1,0,24.335684061050415,482059,Gen2_Match156_1752165831.txt,,2025-07-10T17:13:45.147163
2,Gen2_Match157_1752165831,Gen2_Deck4,Gen2_Deck31,Gen2_Deck31,0,1,18.873634338378906,482061,Gen2_Match157_1752165831.txt,,2025-07-10T17:13:49.710559
2,Gen2_Match155_1752165831,Gen2_Deck29,Gen2_Deck4,Gen2_Deck29,1,0,74.99062609672546,482060,Gen2_Match155_1752165831.txt,,2025-07-10T17:14:08.929798
2,Gen2_Match159_1752165831,Gen2_Deck33,Gen2_Deck4,Gen2_Deck4,0,1,26.464986085891724,482061,Gen2_Match159_1752165831.txt,,2025-07-10T17:14:16.176118
2,Gen2_Match158_1752165831,Gen2_Deck32,Gen2_Deck4,Gen2_Deck4,0,1,38.83462381362915,482059,Gen2_Match158_1752165831.txt,,2025-07-10T17:14:23.982301
2,Gen2_Match160_1752165831,Gen2_Deck4,Gen2_Deck34,Gen2_Deck34,0,1,26.106191873550415,482060,Gen2_Match160_1752165831.txt,,2025-07-10T17:14:35.036489
2,Gen2_Match161_1752165831,Gen2_Deck5,Gen2_Deck6,Gen2_Deck6,0,1,26.931960344314575,482061,Gen2_Match161_1752165831.txt,,2025-07-10T17:14:43.108565
2,Gen2_Match162_1752165831,Gen2_Deck5,Gen2_Deck7,Gen2_Deck7,0,1,28.652848482131958,482059,Gen2_Match162_1752165831.txt,,2025-07-10T17:14:52.635676
2,Gen2_Match163_1752165831,Gen2_Deck8,Gen2_Deck5,Gen2_Deck8,1,0,39.66349220275879,482060,Gen2_Match163_1752165831.txt,,2025-07-10T17:15:14.700569
2,Gen2_Match165_1752165831,Gen2_Deck10,Gen2_Deck5,Gen2_Deck10,1,0,23.0332772731781,482059,Gen2_Match165_1752165831.txt,,2025-07-10T17:15:15.669389
2,Gen2_Match164_1752165831,Gen2_Deck5,Gen2_Deck9,Gen2_Deck5,1,0,35.04622459411621,482061,Gen2_Match164_1752165831.txt,,2025-07-10T17:15:18.155321
2,Gen2_Match168_1752165831,Gen2_Deck5,Gen2_Deck13,Gen2_Deck13,0,1,25.673845529556274,482061,Gen2_Match168_1752165831.txt,,2025-07-10T17:15:43.829633
2,Gen2_Match166_1752165831,Gen2_Deck11,Gen2_Deck5,Gen2_Deck5,0,1,30.308743000030518,482060,Gen2_Match166_1752165831.txt,,2025-07-10T17:15:45.009811
2,Gen2_Match167_1752165831,Gen2_Deck12,Gen2_Deck5,Gen2_Deck5,0,1,46.784603118896484,482059,Gen2_Match167_1752165831.txt,,2025-07-10T17:16:02.454646
2,Gen2_Match169_1752165831,Gen2_Deck14,Gen2_Deck5,Gen2_Deck5,0,1,34.28614401817322,482061,Gen2_Match169_1752165831.txt,,2025-07-10T17:16:18.116212
2,Gen2_Match170_1752165831,Gen2_Deck15,Gen2_Deck5,Gen2_Deck15,1,0,33.44535779953003,482060,Gen2_Match170_1752165831.txt,,2025-07-10T17:16:18.455976
2,Gen2_Match171_1752165831,Gen2_Deck5,Gen2_Deck16,Gen2_Deck5,1,0,24.97286295890808,482059,Gen2_Match171_1752165831.txt,,2025-07-10T17:16:27.428276
2,Gen2_Match172_1752165831,Gen2_Deck5,Gen2_Deck17,Gen2_Deck17,0,1,21.429706811904907,482061,Gen2_Match172_1752165831.txt,,2025-07-10T17:16:39.546322
2,Gen2_Match174_1752165831,Gen2_Deck19,Gen2_Deck5,Gen2_Deck19,1,0,28.722618103027344,482059,Gen2_Match174_1752165831.txt,,2025-07-10T17:16:56.151335
2,Gen2_Match175_1752165831,Gen2_Deck5,Gen2_Deck20,Gen2_Deck20,0,1,24.691243171691895,482061,Gen2_Match175_1752165831.txt,,2025-07-10T17:17:04.238076
2,Gen2_Match176_1752165831,Gen2_Deck21,Gen2_Deck5,Gen2_Deck21,1,0,20.569751977920532,482059,Gen2_Match176_1752165831.txt,,2025-07-10T17:17:16.721494
2,Gen2_Match177_1752165831,Gen2_Deck22,Gen2_Deck5,Gen2_Deck5,0,1,30.594138145446777,482061,Gen2_Match177_1752165831.txt,,2025-07-10T17:17:34.832692
2,Gen2_Match173_1752165831,Gen2_Deck18,Gen2_Deck5,Gen2_Deck5,0,1,108.1016743183136,482060,Gen2_Match173_1752165831.txt,,2025-07-10T17:18:06.558532
2,Gen2_Match178_1752165831,Gen2_Deck23,Gen2_Deck5,Gen2_Deck5,0,1,51.01845359802246,482059,Gen2_Match178_1752165831.txt,,2025-07-10T17:18:07.740392
2,Gen2_Match179_1752165831,Gen2_Deck5,Gen2_Deck24,Gen2_Deck5,1,0,45.00725984573364,482061,Gen2_Match179_1752165831.txt,,2025-07-10T17:18:19.840620
2,Gen2_Match181_1752165831,Gen2_Deck5,Gen2_Deck26,Gen2_Deck26,0,1,23.386221885681152,482059,Gen2_Match181_1752165831.txt,,2025-07-10T17:18:31.127051
2,Gen2_Match180_1752165831,Gen2_Deck25,Gen2_Deck5,Gen2_Deck25,1,0,26.450218677520752,482060,Gen2_Match180_1752165831.txt,,2025-07-10T17:18:33.009244
2,Gen2_Match182_1752165831,Gen2_Deck5,Gen2_Deck27,Gen2_Deck27,0,1,32.70649814605713,482061,Gen2_Match182_1752165831.txt,,2025-07-10T17:18:52.547555
2,Gen2_Match184_1752165831,Gen2_Deck29,Gen2_Deck5,Gen2_Deck29,1,0,28.613565683364868,482060,Gen2_Match184_1752165831.txt,,2025-07-10T17:19:01.623273
2,Gen2_Match183_1752165831,Gen2_Deck5,Gen2_Deck28,Gen2_Deck28,0,1,30.512561798095703,482059,Gen2_Match183_1752165831.txt,,2025-07-10T17:19:01.640034
2,Gen2_Match185_1752165831,Gen2_Deck5,Gen2_Deck30,Gen2_Deck30,0,1,28.78062081336975,482061,Gen2_Match185_1752165831.txt,,2025-07-10T17:19:21.328635
2,Gen2_Match187_1752165831,Gen2_Deck5,Gen2_Deck32,Gen2_Deck32,0,1,23.971924304962158,482059,Gen2_Match187_1752165831.txt,,2025-07-10T17:19:25.612385
2,Gen2_Match189_1752165831,Gen2_Deck5,Gen2_Deck34,Gen2_Deck34,0,1,20.26057243347168,482059,Gen2_Match189_1752165831.txt,,2025-07-10T17:19:45.873420
2,Gen2_Match188_1752165831,Gen2_Deck33,Gen2_Deck5,Gen2_Deck5,0,1,27.192049980163574,482061,Gen2_Match188_1752165831.txt,,2025-07-10T17:19:48.521166
2,Gen2_Match186_1752165831,Gen2_Deck5,Gen2_Deck31,Gen2_Deck5,1,0,47.31787157058716,482060,Gen2_Match186_1752165831.txt,,2025-07-10T17:19:48.941597
2,Gen2_Match192_1752165831,Gen2_Deck6,Gen2_Deck9,Gen2_Deck6,1,0,28.38459324836731,482060,Gen2_Match192_1752165831.txt,,2025-07-10T17:20:17.326663
2,Gen2_Match190_1752165831,Gen2_Deck7,Gen2_Deck6,Gen2_Deck6,0,1,34.99463105201721,482059,Gen2_Match190_1752165831.txt,,2025-07-10T17:20:20.868591
2,Gen2_Match191_1752165831,Gen2_Deck6,Gen2_Deck8,Gen2_Deck8,0,1,37.143102407455444,482061,Gen2_Match191_1752165831.txt,,2025-07-10T17:20:25.664728
2,Gen2_Match193_1752165831,Gen2_Deck10,Gen2_Deck6,Gen2_Deck10,1,0,30.497139930725098,482060,Gen2_Match193_1752165831.txt,,2025-07-10T17:20:47.824349
2,Gen2_Match195_1752165831,Gen2_Deck6,Gen2_Deck12,Gen2_Deck12,0,1,22.413509130477905,482061,Gen2_Match195_1752165831.txt,,2025-07-10T17:20:48.078684
2,Gen2_Match194_1752165831,Gen2_Deck11,Gen2_Deck6,Gen2_Deck11,1,0,33.667298555374146,482059,Gen2_Match194_1752165831.txt,,2025-07-10T17:20:54.536418
2,Gen2_Match197_1752165831,Gen2_Deck14,Gen2_Deck6,Gen2_Deck14,1,0,27.954981803894043,482061,Gen2_Match197_1752165831.txt,,2025-07-10T17:21:16.034186
2,Gen2_Match198_1752165831,Gen2_Deck6,Gen2_Deck15,Gen2_Deck6,1,0,38.54154324531555,482059,Gen2_Match198_1752165831.txt,,2025-07-10T17:21:33.078532
2,Gen2_Match199_1752165831,Gen2_Deck6,Gen2_Deck16,Gen2_Deck6,1,0,24.577829599380493,482061,Gen2_Match199_1752165831.txt,,2025-07-10T17:21:40.612472
2,Gen2_Match196_1752165831,Gen2_Deck6,Gen2_Deck13,Gen2_Deck13,0,1,54.6230354309082,482060,Gen2_Match196_1752165831.txt,,2025-07-10T17:21:42.447922
2,Gen2_Match200_1752165831,Gen2_Deck17,Gen2_Deck6,Gen2_Deck17,1,0,28.12358069419861,482059,Gen2_Match200_1752165831.txt,,2025-07-10T17:22:01.202622
2,Gen2_Match202_1752165831,Gen2_Deck6,Gen2_Deck19,Gen2_Deck19,0,1,26.756016492843628,482060,Gen2_Match202_1752165831.txt,,2025-07-10T17:22:09.204416
2,Gen2_Match203_1752165831,Gen2_Deck6,Gen2_Deck20,Gen2_Deck20,0,1,25.63125705718994,482059,Gen2_Match203_1752165831.txt,,2025-07-10T17:22:26.834450
2,Gen2_Match201_1752165831,Gen2_Deck18,Gen2_Deck6,Gen2_Deck18,1,0,59.272207260131836,482061,Gen2_Match201_1752165831.txt,,2025-07-10T17:22:39.885196
2,Gen2_Match204_1752165831,Gen2_Deck21,Gen2_Deck6,Gen2_Deck6,0,1,38.20767569541931,482060,Gen2_Match204_1752165831.txt,,2025-07-10T17:22:47.412736
2,Gen2_Match205_1752165831,Gen2_Deck6,Gen2_Deck22,Gen2_Deck22,0,1,31.280948162078857,482059,Gen2_Match205_1752165831.txt,,2025-07-10T17:22:58.115914
2,Gen2_Match207_1752165831,Gen2_Deck24,Gen2_Deck6,Gen2_Deck6,0,1,29.60355305671692,482060,Gen2_Match207_1752165831.txt,,2025-07-10T17:23:17.016724
2,Gen2_Match206_1752165831,Gen2_Deck6,Gen2_Deck23,Gen2_Deck6,1,0,39.91086554527283,482061,Gen2_Match206_1752165831.txt,,2025-07-10T17:23:19.796598
2,Gen2_Match208_1752165831,Gen2_Deck25,Gen2_Deck6,Gen2_Deck6,0,1,29.379746437072754,482059,Gen2_Match208_1752165831.txt,,2025-07-10T17:23:27.496204
2,Gen2_Match210_1752165831,Gen2_Deck27,Gen2_Deck6,Gen2_Deck27,1,0,25.144994974136353,482061,Gen2_Match210_1752165831.txt,,2025-07-10T17:23:44.942031
2,Gen2_Match211_1752165831,Gen2_Deck28,Gen2_Deck6,Gen2_Deck6,0,1,30.65187358856201,482059,Gen2_Match211_1752165831.txt,,2025-07-10T17:23:58.148586
2,Gen2_Match209_1752165831,Gen2_Deck6,Gen2_Deck26,Gen2_Deck26,0,1,42.887261390686035,482060,Gen2_Match209_1752165831.txt,,2025-07-10T17:23:59.904506
2,Gen2_Match212_1752165831,Gen2_Deck6,Gen2_Deck29,Gen2_Deck6,1,0,28.397700786590576,482061,Gen2_Match212_1752165831.txt,,2025-07-10T17:24:13.340370
2,Gen2_Match213_1752165831,Gen2_Deck6,Gen2_Deck30,Gen2_Deck6,1,0,25.7004976272583,482059,Gen2_Match213_1752165831.txt,,2025-07-10T17:24:23.849547
2,Gen2_Match214_1752165831,Gen2_Deck31,Gen2_Deck6,Gen2_Deck6,0,1,41.72603368759155,482060,Gen2_Match214_1752165831.txt,,2025-07-10T17:24:41.631109
2,Gen2_Match215_1752165831,Gen2_Deck32,Gen2_Deck6,Gen2_Deck6,0,1,44.0557427406311,482061,Gen2_Match215_1752165831.txt,,2025-07-10T17:24:57.396662
2,Gen2_Match217_1752165831,Gen2_Deck34,Gen2_Deck6,Gen2_Deck34,1,0,25.552891731262207,482060,Gen2_Match217_1752165831.txt,,2025-07-10T17:25:07.184495
2,Gen2_Match216_1752165831,Gen2_Deck6,Gen2_Deck33,Gen2_Deck33,0,1,45.024611711502075,482059,Gen2_Match216_1752165831.txt,,2025-07-10T17:25:08.874701
2,Gen2_Match218_1752165831,Gen2_Deck8,Gen2_Deck7,Gen2_Deck7,0,1,25.569987297058105,482061,Gen2_Match218_1752165831.txt,,2025-07-10T17:25:22.967140
2,Gen2_Match219_1752165831,Gen2_Deck9,Gen2_Deck7,Gen2_Deck9,1,0,28.67560124397278,482060,Gen2_Match219_1752165831.txt,,2025-07-10T17:25:35.860604
2,Gen2_Match221_1752165831,Gen2_Deck7,Gen2_Deck11,Gen2_Deck7,1,0,23.47648596763611,482061,Gen2_Match221_1752165831.txt,,2025-07-10T17:25:46.444130
2,Gen2_Match222_1752165831,Gen2_Deck12,Gen2_Deck7,Gen2_Deck7,0,1,33.76119661331177,482060,Gen2_Match222_1752165831.txt,,2025-07-10T17:26:09.622291
2,Gen2_Match223_1752165831,Gen2_Deck7,Gen2_Deck13,Gen2_Deck13,0,1,23.805063247680664,482061,Gen2_Match223_1752165831.txt,,2025-07-10T17:26:10.249730
2,Gen2_Match220_1752165831,Gen2_Deck7,Gen2_Deck10,Gen2_Deck10,0,1,61.962732553482056,482059,Gen2_Match220_1752165831.txt,,2025-07-10T17:26:10.838022
2,Gen2_Match226_1752165831,Gen2_Deck16,Gen2_Deck7,Gen2_Deck7,0,1,25.492246627807617,482059,Gen2_Match226_1752165831.txt,,2025-07-10T17:26:36.330766
2,Gen2_Match225_1752165831,Gen2_Deck15,Gen2_Deck7,Gen2_Deck7,0,1,31.193717002868652,482061,Gen2_Match225_1752165831.txt,,2025-07-10T17:26:41.443925
2,Gen2_Match224_1752165831,Gen2_Deck7,Gen2_Deck14,Gen2_Deck14,0,1,38.35138916969299,482060,Gen2_Match224_1752165831.txt,,2025-07-10T17:26:47.974364
2,Gen2_Match227_1752165831,Gen2_Deck7,Gen2_Deck17,Gen2_Deck7,1,0,28.18166422843933,482059,Gen2_Match227_1752165831.txt,,2025-07-10T17:27:04.512959
2,Gen2_Match229_1752165831,Gen2_Deck19,Gen2_Deck7,Gen2_Deck7,0,1,34.77259373664856,482060,Gen2_Match229_1752165831.txt,,2025-07-10T17:27:22.747585
2,Gen2_Match228_1752165831,Gen2_Deck18,Gen2_Deck7,Gen2_Deck7,0,1,48.7997522354126,482061,Gen2_Match228_1752165831.txt,,2025-07-10T17:27:30.244202
2,Gen2_Match230_1752165831,Gen2_Deck7,Gen2_Deck20,Gen2_Deck7,1,0,30.477741479873657,482059,Gen2_Match230_1752165831.txt,,2025-07-10T17:27:34.991246
2,Gen2_Match231_1752165831,Gen2_Deck7,Gen2_Deck21,Gen2_Deck7,1,0,31.487633228302002,482060,Gen2_Match231_1752165831.txt,,2025-07-10T17:27:54.235742
2,Gen2_Match232_1752165831,Gen2_Deck22,Gen2_Deck7,Gen2_Deck22,1,0,24.500789403915405,482061,Gen2_Match232_1752165831.txt,,2025-07-10T17:27:54.745496
2,Gen2_Match233_1752165831,Gen2_Deck7,Gen2_Deck23,Gen2_Deck7,1,0,37.92577791213989,482059,Gen2_Match233_1752165831.txt,,2025-07-10T17:28:12.917506
2,Gen2_Match235_1752165831,Gen2_Deck25,Gen2_Deck7,Gen2_Deck25,1,0,22.494691848754883,482061,Gen2_Match235_1752165831.txt,,2025-07-10T17:28:17.240708
2,Gen2_Match234_1752165831,Gen2_Deck7,Gen2_Deck24,Gen2_Deck24,0,1,37.06789422035217,482060,Gen2_Match234_1752165831.txt,,2025-07-10T17:28:31.304225
2,Gen2_Match236_1752165831,Gen2_Deck26,Gen2_Deck7,Gen2_Deck7,0,1,29.946176052093506,482059,Gen2_Match236_1752165831.txt,,2025-07-10T17:28:42.864194
2,Gen2_Match237_1752165831,Gen2_Deck7,Gen2_Deck27,Gen2_Deck27,0,1,31.793330669403076,482061,Gen2_Match237_1752165831.txt,,2025-07-10T17:28:49.034569
2,Gen2_Match238_1752165831,Gen2_Deck7,Gen2_Deck28,Gen2_Deck28,0,1,24.831588745117188,482060,Gen2_Match238_1752165831.txt,,2025-07-10T17:28:56.136306
2,Gen2_Match240_1752165831,Gen2_Deck30,Gen2_Deck7,Gen2_Deck30,1,0,22.283617973327637,482061,Gen2_Match240_1752165831.txt,,2025-07-10T17:29:11.318657
2,Gen2_Match239_1752165831,Gen2_Deck29,Gen2_Deck7,Gen2_Deck7,0,1,32.509827613830566,482059,Gen2_Match239_1752165831.txt,,2025-07-10T17:29:15.374495
2,Gen2_Match241_1752165831,Gen2_Deck7,Gen2_Deck31,Gen2_Deck7,1,0,23.17462706565857,482060,Gen2_Match241_1752165831.txt,,2025-07-10T17:29:19.311423
2,Gen2_Match242_1752165831,Gen2_Deck32,Gen2_Deck7,Gen2_Deck32,1,0,27.03738832473755,482061,Gen2_Match242_1752165831.txt,,2025-07-10T17:29:38.356548
2,Gen2_Match243_1752165831,Gen2_Deck33,Gen2_Deck7,Gen2_Deck7,0,1,24.208313941955566,482059,Gen2_Match243_1752165831.txt,,2025-07-10T17:29:39.583281
2,Gen2_Match244_1752165831,Gen2_Deck7,Gen2_Deck34,Gen2_Deck34,0,1,26.45236587524414,482060,Gen2_Match244_1752165831.txt,,2025-07-10T17:29:45.764228
2,Gen2_Match245_1752165831,Gen2_Deck8,Gen2_Deck9,Gen2_Deck8,1,0,26.899481773376465,482061,Gen2_Match245_1752165831.txt,,2025-07-10T17:30:05.256509
2,Gen2_Match247_1752165831,Gen2_Deck11,Gen2_Deck8,Gen2_Deck8,0,1,37.30225872993469,482060,Gen2_Match247_1752165831.txt,,2025-07-10T17:30:23.066960
2,Gen2_Match248_1752165831,Gen2_Deck8,Gen2_Deck12,Gen2_Deck12,0,1,24.438465356826782,482061,Gen2_Match248_1752165831.txt,,2025-07-10T17:30:29.695448
2,Gen2_Match246_1752165831,Gen2_Deck10,Gen2_Deck8,Gen2_Deck8,0,1,50.20135307312012,482059,Gen2_Match246_1752165831.txt,,2025-07-10T17:30:29.785289
2,Gen2_Match249_1752165831,Gen2_Deck13,Gen2_Deck8,Gen2_Deck13,1,0,31.596712350845337,482060,Gen2_Match249_1752165831.txt,,2025-07-10T17:30:54.664108
2,Gen2_Match250_1752165831,Gen2_Deck14,Gen2_Deck8,Gen2_Deck8,0,1,30.90471053123474,482061,Gen2_Match250_1752165831.txt,,2025-07-10T17:31:00.600641
2,Gen2_Match251_1752165831,Gen2_Deck8,Gen2_Deck15,Gen2_Deck15,0,1,31.80895709991455,482059,Gen2_Match251_1752165831.txt,,2025-07-10T17:31:01.594786
2,Gen2_Match253_1752165831,Gen2_Deck17,Gen2_Deck8,Gen2_Deck8,0,1,26.7754545211792,482061,Gen2_Match253_1752165831.txt,,2025-07-10T17:31:27.376621
2,Gen2_Match252_1752165831,Gen2_Deck8,Gen2_Deck16,Gen2_Deck8,1,0,33.03165316581726,482060,Gen2_Match252_1752165831.txt,,2025-07-10T17:31:27.696209
2,Gen2_Match254_1752165831,Gen2_Deck18,Gen2_Deck8,Gen2_Deck18,1,0,36.701297760009766,482059,Gen2_Match254_1752165831.txt,,2025-07-10T17:31:38.296662
2,Gen2_Match256_1752165831,Gen2_Deck20,Gen2_Deck8,Gen2_Deck8,0,1,27.065154314041138,482060,Gen2_Match256_1752165831.txt,,2025-07-10T17:31:54.761825
2,Gen2_Match257_1752165831,Gen2_Deck21,Gen2_Deck8,Gen2_Deck8,0,1,25.603668928146362,482059,Gen2_Match257_1752165831.txt,,2025-07-10T17:32:03.900844
2,Gen2_Match255_1752165831,Gen2_Deck8,Gen2_Deck19,Gen2_Deck19,0,1,56.42065954208374,482061,Gen2_Match255_1752165831.txt,,2025-07-10T17:32:23.797852
2,Gen2_Match258_1752165831,Gen2_Deck8,Gen2_Deck22,Gen2_Deck22,0,1,31.350027084350586,482060,Gen2_Match258_1752165831.txt,,2025-07-10T17:32:26.112431
2,Gen2_Match259_1752165831,Gen2_Deck8,Gen2_Deck23,Gen2_Deck8,1,0,22.76589560508728,482059,Gen2_Match259_1752165831.txt,,2025-07-10T17:32:26.667233
2,Gen2_Match262_1752165831,Gen2_Deck8,Gen2_Deck26,Gen2_Deck8,1,0,26.09351372718811,482059,Gen2_Match262_1752165831.txt,,2025-07-10T17:32:52.761258
2,Gen2_Match261_1752165831,Gen2_Deck8,Gen2_Deck25,Gen2_Deck8,1,0,27.709006547927856,482060,Gen2_Match261_1752165831.txt,,2025-07-10T17:32:53.821905
2,Gen2_Match260_1752165831,Gen2_Deck24,Gen2_Deck8,Gen2_Deck24,1,0,30.557772159576416,482061,Gen2_Match260_1752165831.txt,,2025-07-10T17:32:54.356065
2,Gen2_Match263_1752165831,Gen2_Deck27,Gen2_Deck8,Gen2_Deck8,0,1,24.71541476249695,482059,Gen2_Match263_1752165831.txt,,2025-07-10T17:33:17.477187
2,Gen2_Match264_1752165831,Gen2_Deck28,Gen2_Deck8,Gen2_Deck28,1,0,27.189329385757446,482060,Gen2_Match264_1752165831.txt,,2025-07-10T17:33:21.011653
2,Gen2_Match265_1752165831,Gen2_Deck8,Gen2_Deck29,Gen2_Deck8,1,0,35.18577861785889,482061,Gen2_Match265_1752165831.txt,,2025-07-10T17:33:29.542275
2,Gen2_Match266_1752165831,Gen2_Deck8,Gen2_Deck30,Gen2_Deck30,0,1,25.718749284744263,482059,Gen2_Match266_1752165831.txt,,2025-07-10T17:33:43.196429
2,Gen2_Match267_1752165831,Gen2_Deck31,Gen2_Deck8,Gen2_Deck31,1,0,22.638479709625244,482060,Gen2_Match267_1752165831.txt,,2025-07-10T17:33:43.650533
2,Gen2_Match268_1752165831,Gen2_Deck8,Gen2_Deck32,Gen2_Deck32,0,1,39.54865026473999,482061,Gen2_Match268_1752165831.txt,,2025-07-10T17:34:09.091403
2,Gen2_Match270_1752165831,Gen2_Deck34,Gen2_Deck8,Gen2_Deck34,1,0,27.027214288711548,482060,Gen2_Match270_1752165831.txt,,2025-07-10T17:34:10.678165
2,Gen2_Match269_1752165831,Gen2_Deck8,Gen2_Deck33,Gen2_Deck8,1,0,30.869932651519775,482059,Gen2_Match269_1752165831.txt,,2025-07-10T17:34:14.066854
2,Gen2_Match272_1752165831,Gen2_Deck11,Gen2_Deck9,Gen2_Deck9,0,1,22.81084156036377,482060,Gen2_Match272_1752165831.txt,,2025-07-10T17:34:33.489451
2,Gen2_Match271_1752165831,Gen2_Deck9,Gen2_Deck10,Gen2_Deck9,1,0,24.440244913101196,482061,Gen2_Match271_1752165831.txt,,2025-07-10T17:34:33.532090
2,Gen2_Match273_1752165831,Gen2_Deck12,Gen2_Deck9,Gen2_Deck12,1,0,25.391067504882812,482059,Gen2_Match273_1752165831.txt,,2025-07-10T17:34:39.458392
2,Gen2_Match275_1752165831,Gen2_Deck9,Gen2_Deck14,Gen2_Deck14,0,1,24.049360990524292,482061,Gen2_Match275_1752165831.txt,,2025-07-10T17:34:57.581919
2,Gen2_Match274_1752165831,Gen2_Deck9,Gen2_Deck13,Gen2_Deck9,1,0,30.36224389076233,482060,Gen2_Match274_1752165831.txt,,2025-07-10T17:35:03.852170
2,Gen2_Match276_1752165831,Gen2_Deck15,Gen2_Deck9,Gen2_Deck15,1,0,29.571888208389282,482059,Gen2_Match276_1752165831.txt,,2025-07-10T17:35:09.030793
2,Gen2_Match278_1752165831,Gen2_Deck9,Gen2_Deck17,Gen2_Deck9,1,0,24.313689947128296,482060,Gen2_Match278_1752165831.txt,,2025-07-10T17:35:28.166280
2,Gen2_Match277_1752165831,Gen2_Deck16,Gen2_Deck9,Gen2_Deck9,0,1,30.714088201522827,482061,Gen2_Match277_1752165831.txt,,2025-07-10T17:35:28.296554
2,Gen2_Match279_1752165831,Gen2_Deck18,Gen2_Deck9,Gen2_Deck18,1,0,29.12086772918701,482059,Gen2_Match279_1752165831.txt,,2025-07-10T17:35:38.152203
2,Gen2_Match281_1752165831,Gen2_Deck9,Gen2_Deck20,Gen2_Deck9,1,0,21.28488039970398,482061,Gen2_Match281_1752165831.txt,,2025-07-10T17:35:49.581888
2,Gen2_Match280_1752165831,Gen2_Deck19,Gen2_Deck9,Gen2_Deck19,1,0,36.335888147354126,482060,Gen2_Match280_1752165831.txt,,2025-07-10T17:36:04.502632
2,Gen2_Match282_1752165831,Gen2_Deck9,Gen2_Deck21,Gen2_Deck9,1,0,33.443607568740845,482059,Gen2_Match282_1752165831.txt,,2025-07-10T17:36:11.596348
2,Gen2_Match283_1752165831,Gen2_Deck22,Gen2_Deck9,Gen2_Deck9,0,1,23.429858684539795,482061,Gen2_Match283_1752165831.txt,,2025-07-10T17:36:13.012210
2,Gen2_Match286_1752165831,Gen2_Deck25,Gen2_Deck9,Gen2_Deck9,0,1,24.401951551437378,482061,Gen2_Match286_1752165831.txt,,2025-07-10T17:36:37.414570
2,Gen2_Match285_1752165831,Gen2_Deck9,Gen2_Deck24,Gen2_Deck24,0,1,31.420602560043335,482059,Gen2_Match285_1752165831.txt,,2025-07-10T17:36:43.017479
2,Gen2_Match287_1752165831,Gen2_Deck26,Gen2_Deck9,Gen2_Deck26,1,0,22.306347846984863,482061,Gen2_Match287_1752165831.txt,,2025-07-10T17:36:59.721315
2,Gen2_Match288_1752165831,Gen2_Deck9,Gen2_Deck27,Gen2_Deck27,0,1,31.269946336746216,482059,Gen2_Match288_1752165831.txt,,2025-07-10T17:37:14.287921
2,Gen2_Match289_1752165831,Gen2_Deck9,Gen2_Deck28,Gen2_Deck28,0,1,23.513054132461548,482061,Gen2_Match289_1752165831.txt,,2025-07-10T17:37:23.234889
2,Gen2_Match290_1752165831,Gen2_Deck29,Gen2_Deck9,Gen2_Deck29,1,0,20.991924047470093,482059,Gen2_Match290_1752165831.txt,,2025-07-10T17:37:35.280263
2,Gen2_Match284_1752165831,Gen2_Deck9,Gen2_Deck23,Gen2_Deck9,1,0,99.5513653755188,482060,Gen2_Match284_1752165831.txt,,2025-07-10T17:37:44.054569
2,Gen2_Match291_1752165831,Gen2_Deck9,Gen2_Deck30,Gen2_Deck9,1,0,20.960893392562866,482061,Gen2_Match291_1752165831.txt,,2025-07-10T17:37:44.196251
2,Gen2_Match292_1752165831,Gen2_Deck9,Gen2_Deck31,Gen2_Deck9,1,0,22.371103286743164,482059,Gen2_Match292_1752165831.txt,,2025-07-10T17:37:57.651767
2,Gen2_Match294_1752165831,Gen2_Deck33,Gen2_Deck9,Gen2_Deck9,0,1,23.631556034088135,482061,Gen2_Match294_1752165831.txt,,2025-07-10T17:38:07.828265
2,Gen2_Match293_1752165831,Gen2_Deck32,Gen2_Deck9,Gen2_Deck32,1,0,30.580338716506958,482060,Gen2_Match293_1752165831.txt,,2025-07-10T17:38:14.635344
2,Gen2_Match295_1752165831,Gen2_Deck9,Gen2_Deck34,Gen2_Deck34,0,1,22.465325117111206,482059,Gen2_Match295_1752165831.txt,,2025-07-10T17:38:20.117487
2,Gen2_Match296_1752165831,Gen2_Deck11,Gen2_Deck10,Gen2_Deck10,0,1,28.506848335266113,482061,Gen2_Match296_1752165831.txt,,2025-07-10T17:38:36.335685
2,Gen2_Match297_1752165831,Gen2_Deck12,Gen2_Deck10,Gen2_Deck12,1,0,28.372613191604614,482060,Gen2_Match297_1752165831.txt,,2025-07-10T17:38:43.008403
2,Gen2_Match298_1752165831,Gen2_Deck10,Gen2_Deck13,Gen2_Deck13,0,1,27.170376777648926,482059,Gen2_Match298_1752165831.txt,,2025-07-10T17:38:47.288284
2,Gen2_Match300_1752165831,Gen2_Deck10,Gen2_Deck15,Gen2_Deck15,0,1,27.02335262298584,482060,Gen2_Match300_1752165831.txt,,2025-07-10T17:39:10.032221
2,Gen2_Match301_1752165831,Gen2_Deck10,Gen2_Deck16,Gen2_Deck10,1,0,26.270999908447266,482059,Gen2_Match301_1752165831.txt,,2025-07-10T17:39:13.559698
2,Gen2_Match299_1752165831,Gen2_Deck14,Gen2_Deck10,Gen2_Deck14,1,0,39.548211336135864,482061,Gen2_Match299_1752165831.txt,,2025-07-10T17:39:15.884382
2,Gen2_Match302_1752165831,Gen2_Deck17,Gen2_Deck10,Gen2_Deck17,1,0,30.773143529891968,482060,Gen2_Match302_1752165831.txt,,2025-07-10T17:39:40.805858
2,Gen2_Match304_1752165831,Gen2_Deck10,Gen2_Deck19,Gen2_Deck19,0,1,29.929163455963135,482061,Gen2_Match304_1752165831.txt,,2025-07-10T17:39:45.813997
2,Gen2_Match305_1752165831,Gen2_Deck10,Gen2_Deck20,Gen2_Deck20,0,1,23.40994358062744,482060,Gen2_Match305_1752165831.txt,,2025-07-10T17:40:04.216235
2,Gen2_Match306_1752165831,Gen2_Deck21,Gen2_Deck10,Gen2_Deck21,1,0,34.08694386482239,482061,Gen2_Match306_1752165831.txt,,2025-07-10T17:40:19.901478
2,Gen2_Match303_1752165831,Gen2_Deck18,Gen2_Deck10,Gen2_Deck18,1,0,70.74832463264465,482059,Gen2_Match303_1752165831.txt,,2025-07-10T17:40:24.308590
2,Gen2_Match307_1752165831,Gen2_Deck10,Gen2_Deck22,Gen2_Deck10,1,0,22.82763123512268,482060,Gen2_Match307_1752165831.txt,,2025-07-10T17:40:27.044303
2,Gen2_Match308_1752165831,Gen2_Deck10,Gen2_Deck23,Gen2_Deck10,1,0,26.622973203659058,482061,Gen2_Match308_1752165831.txt,,2025-07-10T17:40:46.524887
2,Gen2_Match310_1752165831,Gen2_Deck25,Gen2_Deck10,Gen2_Deck10,0,1,30.803802967071533,482060,Gen2_Match310_1752165831.txt,,2025-07-10T17:40:57.848542
2,Gen2_Match309_1752165831,Gen2_Deck10,Gen2_Deck24,Gen2_Deck24,0,1,37.24334692955017,482059,Gen2_Match309_1752165831.txt,,2025-07-10T17:41:01.552444
2,Gen2_Match311_1752165831,Gen2_Deck10,Gen2_Deck26,Gen2_Deck10,1,0,25.825844287872314,482061,Gen2_Match311_1752165831.txt,,2025-07-10T17:41:12.351172
2,Gen2_Match313_1752165831,Gen2_Deck28,Gen2_Deck10,Gen2_Deck28,1,0,28.81947135925293,482059,Gen2_Match313_1752165831.txt,,2025-07-10T17:41:30.372429
2,Gen2_Match312_1752165831,Gen2_Deck27,Gen2_Deck10,Gen2_Deck27,1,0,32.58722710609436,482060,Gen2_Match312_1752165831.txt,,2025-07-10T17:41:30.436242
2,Gen2_Match315_1752165831,Gen2_Deck10,Gen2_Deck30,Gen2_Deck30,0,1,21.223386526107788,482059,Gen2_Match315_1752165831.txt,,2025-07-10T17:41:51.596298
2,Gen2_Match316_1752165831,Gen2_Deck31,Gen2_Deck10,Gen2_Deck31,1,0,22.194749116897583,482060,Gen2_Match316_1752165831.txt,,2025-07-10T17:41:52.631477
2,Gen2_Match318_1752165831,Gen2_Deck33,Gen2_Deck10,Gen2_Deck10,0,1,22.45965886116028,482060,Gen2_Match318_1752165831.txt,,2025-07-10T17:42:15.091608
2,Gen2_Match314_1752165831,Gen2_Deck29,Gen2_Deck10,Gen2_Deck10,0,1,66.54429650306702,482061,Gen2_Match314_1752165831.txt,,2025-07-10T17:42:18.895994
2,Gen2_Match319_1752165831,Gen2_Deck10,Gen2_Deck34,Gen2_Deck34,0,1,24.122265815734863,482060,Gen2_Match319_1752165831.txt,,2025-07-10T17:42:39.214376
2,Gen2_Match317_1752165831,Gen2_Deck32,Gen2_Deck10,Gen2_Deck10,0,1,48.434592962265015,482059,Gen2_Match317_1752165831.txt,,2025-07-10T17:42:40.031391
2,Gen2_Match320_1752165831,Gen2_Deck12,Gen2_Deck11,Gen2_Deck12,1,0,22.472163438796997,482061,Gen2_Match320_1752165831.txt,,2025-07-10T17:42:41.368623
2,Gen2_Match321_1752165831,Gen2_Deck11,Gen2_Deck13,Gen2_Deck13,0,1,23.09692621231079,482060,Gen2_Match321_1752165831.txt,,2025-07-10T17:43:02.311707
2,Gen2_Match323_1752165831,Gen2_Deck15,Gen2_Deck11,Gen2_Deck15,1,0,26.33938765525818,482061,Gen2_Match323_1752165831.txt,,2025-07-10T17:43:07.708433
2,Gen2_Match322_1752165831,Gen2_Deck11,Gen2_Deck14,Gen2_Deck14,0,1,44.79931402206421,482059,Gen2_Match322_1752165831.txt,,2025-07-10T17:43:24.831145
2,Gen2_Match324_1752165831,Gen2_Deck16,Gen2_Deck11,Gen2_Deck16,1,0,24.696170568466187,482060,Gen2_Match324_1752165831.txt,,2025-07-10T17:43:27.008341
2,Gen2_Match325_1752165831,Gen2_Deck11,Gen2_Deck17,Gen2_Deck11,1,0,33.268837213516235,482061,Gen2_Match325_1752165831.txt,,2025-07-10T17:43:40.977711
2,Gen2_Match327_1752165831,Gen2_Deck19,Gen2_Deck11,Gen2_Deck19,1,0,28.85255742073059,482060,Gen2_Match327_1752165831.txt,,2025-07-10T17:43:55.861384
2,Gen2_Match326_1752165831,Gen2_Deck18,Gen2_Deck11,Gen2_Deck11,0,1,35.55459547042847,482059,Gen2_Match326_1752165831.txt,,2025-07-10T17:44:00.386220
2,Gen2_Match328_1752165831,Gen2_Deck11,Gen2_Deck20,Gen2_Deck20,0,1,25.606226444244385,482061,Gen2_Match328_1752165831.txt,,2025-07-10T17:44:06.584400
2,Gen2_Match330_1752165831,Gen2_Deck22,Gen2_Deck11,Gen2_Deck22,1,0,23.597655773162842,482059,Gen2_Match330_1752165831.txt,,2025-07-10T17:44:23.984287
2,Gen2_Match329_1752165831,Gen2_Deck11,Gen2_Deck21,Gen2_Deck21,0,1,29.325506925582886,482060,Gen2_Match329_1752165831.txt,,2025-07-10T17:44:25.187356
2,Gen2_Match331_1752165831,Gen2_Deck23,Gen2_Deck11,Gen2_Deck11,0,1,34.07398295402527,482061,Gen2_Match331_1752165831.txt,,2025-07-10T17:44:40.658874
2,Gen2_Match332_1752165831,Gen2_Deck11,Gen2_Deck24,Gen2_Deck24,0,1,34.92223906517029,482059,Gen2_Match332_1752165831.txt,,2025-07-10T17:44:58.907037
2,Gen2_Match334_1752165831,Gen2_Deck26,Gen2_Deck11,Gen2_Deck26,1,0,25.302722215652466,482061,Gen2_Match334_1752165831.txt,,2025-07-10T17:45:05.962036
2,Gen2_Match333_1752165831,Gen2_Deck25,Gen2_Deck11,Gen2_Deck11,0,1,40.82037925720215,482060,Gen2_Match333_1752165831.txt,,2025-07-10T17:45:06.008191
2,Gen2_Match335_1752165831,Gen2_Deck11,Gen2_Deck27,Gen2_Deck11,1,0,29.70116925239563,482059,Gen2_Match335_1752165831.txt,,2025-07-10T17:45:28.608652
2,Gen2_Match336_1752165831,Gen2_Deck11,Gen2_Deck28,Gen2_Deck28,0,1,28.15775227546692,482061,Gen2_Match336_1752165831.txt,,2025-07-10T17:45:34.120215
2,Gen2_Match338_1752165831,Gen2_Deck30,Gen2_Deck11,Gen2_Deck30,1,0,23.871610164642334,482059,Gen2_Match338_1752165831.txt,,2025-07-10T17:45:52.480678
2,Gen2_Match340_1752165831,Gen2_Deck32,Gen2_Deck11,Gen2_Deck32,1,0,20.698801040649414,482059,Gen2_Match340_1752165831.txt,,2025-07-10T17:46:13.179869
2,Gen2_Match339_1752165831,Gen2_Deck11,Gen2_Deck31,Gen2_Deck31,0,1,45.1887629032135,482061,Gen2_Match339_1752165831.txt,,2025-07-10T17:46:19.309496
2,Gen2_Match337_1752165831,Gen2_Deck29,Gen2_Deck11,Gen2_Deck11,0,1,85.56690287590027,482060,Gen2_Match337_1752165831.txt,,2025-07-10T17:46:31.575604
2,Gen2_Match341_1752165831,Gen2_Deck33,Gen2_Deck11,Gen2_Deck11,0,1,21.004312992095947,482059,Gen2_Match341_1752165831.txt,,2025-07-10T17:46:34.184600
2,Gen2_Match342_1752165831,Gen2_Deck11,Gen2_Deck34,Gen2_Deck34,0,1,22.702268838882446,482061,Gen2_Match342_1752165831.txt,,2025-07-10T17:46:42.012199
2,Gen2_Match344_1752165831,Gen2_Deck12,Gen2_Deck14,Gen2_Deck12,1,0,26.105668306350708,482059,Gen2_Match344_1752165831.txt,,2025-07-10T17:47:00.290733
2,Gen2_Match345_1752165831,Gen2_Deck15,Gen2_Deck12,Gen2_Deck12,0,1,22.123437881469727,482061,Gen2_Match345_1752165831.txt,,2025-07-10T17:47:04.136055
2,Gen2_Match343_1752165831,Gen2_Deck12,Gen2_Deck13,Gen2_Deck13,0,1,32.874945878982544,482060,Gen2_Match343_1752165831.txt,,2025-07-10T17:47:04.451010
2,Gen2_Match346_1752165831,Gen2_Deck16,Gen2_Deck12,Gen2_Deck12,0,1,26.38417100906372,482059,Gen2_Match346_1752165831.txt,,2025-07-10T17:47:26.675380
2,Gen2_Match348_1752165831,Gen2_Deck18,Gen2_Deck12,Gen2_Deck18,1,0,31.67924737930298,482060,Gen2_Match348_1752165831.txt,,2025-07-10T17:47:36.130729
2,Gen2_Match347_1752165831,Gen2_Deck12,Gen2_Deck17,Gen2_Deck17,0,1,34.58435821533203,482061,Gen2_Match347_1752165831.txt,,2025-07-10T17:47:38.720848
2,Gen2_Match350_1752165831,Gen2_Deck12,Gen2_Deck20,Gen2_Deck12,1,0,26.437122583389282,482060,Gen2_Match350_1752165831.txt,,2025-07-10T17:48:02.568363
2,Gen2_Match351_1752165831,Gen2_Deck12,Gen2_Deck21,Gen2_Deck12,1,0,35.37897229194641,482061,Gen2_Match351_1752165831.txt,,2025-07-10T17:48:14.100255
2,Gen2_Match352_1752165831,Gen2_Deck22,Gen2_Deck12,Gen2_Deck22,1,0,35.332932233810425,482060,Gen2_Match352_1752165831.txt,,2025-07-10T17:48:37.901759
2,Gen2_Match353_1752165831,Gen2_Deck12,Gen2_Deck23,Gen2_Deck12,1,0,30.933107376098633,482061,Gen2_Match353_1752165831.txt,,2025-07-10T17:48:45.033802
2,Gen2_Match354_1752165831,Gen2_Deck12,Gen2_Deck24,Gen2_Deck12,1,0,32.89817523956299,482060,Gen2_Match354_1752165831.txt,,2025-07-10T17:49:10.800410
2,Gen2_Match355_1752165831,Gen2_Deck25,Gen2_Deck12,Gen2_Deck12,0,1,48.46846413612366,482061,Gen2_Match355_1752165831.txt,,2025-07-10T17:49:33.502840
2,Gen2_Match356_1752165831,Gen2_Deck26,Gen2_Deck12,Gen2_Deck26,1,0,27.31952667236328,482060,Gen2_Match356_1752165831.txt,,2025-07-10T17:49:38.120413
2,Gen2_Match349_1752165831,Gen2_Deck19,Gen2_Deck12,Gen2_Deck19,1,0,132.03927779197693,482059,Gen2_Match349_1752165831.txt,,2025-07-10T17:49:38.715192
2,Gen2_Match358_1752165831,Gen2_Deck28,Gen2_Deck12,Gen2_Deck28,1,0,32.12099575996399,482060,Gen2_Match358_1752165831.txt,,2025-07-10T17:50:10.241914
2,Gen2_Match357_1752165831,Gen2_Deck12,Gen2_Deck27,Gen2_Deck12,1,0,39.52477312088013,482061,Gen2_Match357_1752165831.txt,,2025-07-10T17:50:13.028132
2,Gen2_Match359_1752165831,Gen2_Deck29,Gen2_Deck12,Gen2_Deck29,1,0,44.06364679336548,482059,Gen2_Match359_1752165831.txt,,2025-07-10T17:50:22.779441
2,Gen2_Match360_1752165831,Gen2_Deck30,Gen2_Deck12,Gen2_Deck12,0,1,23.60812473297119,482060,Gen2_Match360_1752165831.txt,,2025-07-10T17:50:33.850520
2,Gen2_Match361_1752165831,Gen2_Deck12,Gen2_Deck31,Gen2_Deck12,1,0,28.027836084365845,482061,Gen2_Match361_1752165831.txt,,2025-07-10T17:50:41.056438
2,Gen2_Match362_1752165831,Gen2_Deck32,Gen2_Deck12,Gen2_Deck12,0,1,27.495455265045166,482059,Gen2_Match362_1752165831.txt,,2025-07-10T17:50:50.275438
2,Gen2_Match363_1752165831,Gen2_Deck33,Gen2_Deck12,Gen2_Deck12,0,1,27.08495044708252,482060,Gen2_Match363_1752165831.txt,,2025-07-10T17:51:00.935992
2,Gen2_Match364_1752165831,Gen2_Deck12,Gen2_Deck34,Gen2_Deck34,0,1,59.473196506500244,482061,Gen2_Match364_1752165831.txt,,2025-07-10T17:51:40.530146
2,Gen2_Match367_1752165831,Gen2_Deck13,Gen2_Deck16,Gen2_Deck13,1,0,19.889652490615845,482061,Gen2_Match367_1752165831.txt,,2025-07-10T17:52:00.420277
2,Gen2_Match368_1752165831,Gen2_Deck17,Gen2_Deck13,Gen2_Deck17,1,0,21.11616826057434,482061,Gen2_Match368_1752165831.txt,,2025-07-10T17:52:21.537017
2,Gen2_Match365_1752165831,Gen2_Deck14,Gen2_Deck13,Gen2_Deck13,0,1,110.60764336585999,482059,Gen2_Match365_1752165831.txt,,2025-07-10T17:52:40.883634
2,Gen2_Match369_1752165831,Gen2_Deck18,Gen2_Deck13,Gen2_Deck13,0,1,34.53705954551697,482061,Gen2_Match369_1752165831.txt,,2025-07-10T17:52:56.074572
2,Gen2_Match370_1752165831,Gen2_Deck13,Gen2_Deck19,Gen2_Deck19,0,1,16.21374487876892,482059,Gen2_Match370_1752165831.txt,,2025-07-10T17:52:57.097837
2,Gen2_Match366_1752165831,Gen2_Deck13,Gen2_Deck15,Gen2_Deck13,1,0,133.401682138443,482060,Gen2_Match366_1752165831.txt,,2025-07-10T17:53:14.338232
2,Gen2_Match372_1752165831,Gen2_Deck21,Gen2_Deck13,Gen2_Deck13,0,1,30.04605793952942,482059,Gen2_Match372_1752165831.txt,,2025-07-10T17:53:27.144416
2,Gen2_Match371_1752165831,Gen2_Deck20,Gen2_Deck13,Gen2_Deck20,1,0,31.626283884048462,482061,Gen2_Match371_1752165831.txt,,2025-07-10T17:53:27.701392
2,Gen2_Match373_1752165831,Gen2_Deck13,Gen2_Deck22,Gen2_Deck22,0,1,36.01788115501404,482060,Gen2_Match373_1752165831.txt,,2025-07-10T17:53:50.356617
2,Gen2_Match374_1752165831,Gen2_Deck13,Gen2_Deck23,Gen2_Deck13,1,0,34.375537157058716,482059,Gen2_Match374_1752165831.txt,,2025-07-10T17:54:01.520448
2,Gen2_Match377_1752165831,Gen2_Deck13,Gen2_Deck26,Gen2_Deck13,1,0,19.310791015625,482059,Gen2_Match377_1752165831.txt,,2025-07-10T17:54:20.831719
2,Gen2_Match376_1752165831,Gen2_Deck13,Gen2_Deck25,Gen2_Deck25,0,1,35.95652937889099,482060,Gen2_Match376_1752165831.txt,,2025-07-10T17:54:26.313915
2,Gen2_Match378_1752165831,Gen2_Deck27,Gen2_Deck13,Gen2_Deck13,0,1,22.17052459716797,482059,Gen2_Match378_1752165831.txt,,2025-07-10T17:54:43.002713
2,Gen2_Match379_1752165831,Gen2_Deck28,Gen2_Deck13,Gen2_Deck13,0,1,27.07369041442871,482060,Gen2_Match379_1752165831.txt,,2025-07-10T17:54:53.388192
2,Gen2_Match375_1752165831,Gen2_Deck24,Gen2_Deck13,Gen2_Deck24,1,0,86.90275979042053,482061,Gen2_Match375_1752165831.txt,,2025-07-10T17:54:54.604769
2,Gen2_Match380_1752165831,Gen2_Deck13,Gen2_Deck29,Gen2_Deck29,0,1,21.6769962310791,482059,Gen2_Match380_1752165831.txt,,2025-07-10T17:55:04.680204
2,Gen2_Match381_1752165831,Gen2_Deck13,Gen2_Deck30,Gen2_Deck13,1,0,24.483761072158813,482060,Gen2_Match381_1752165831.txt,,2025-07-10T17:55:17.872400
2,Gen2_Match382_1752165831,Gen2_Deck31,Gen2_Deck13,Gen2_Deck13,0,1,37.999157428741455,482061,Gen2_Match382_1752165831.txt,,2025-07-10T17:55:32.604370
2,Gen2_Match383_1752165831,Gen2_Deck13,Gen2_Deck32,Gen2_Deck13,1,0,29.2686870098114,482059,Gen2_Match383_1752165831.txt,,2025-07-10T17:55:33.949324
2,Gen2_Match384_1752165831,Gen2_Deck13,Gen2_Deck33,Gen2_Deck13,1,0,24.851571798324585,482060,Gen2_Match384_1752165831.txt,,2025-07-10T17:55:42.724457
2,Gen2_Match386_1752165831,Gen2_Deck15,Gen2_Deck14,Gen2_Deck14,0,1,27.642257928848267,482059,Gen2_Match386_1752165831.txt,,2025-07-10T17:56:01.592049
2,Gen2_Match387_1752165831,Gen2_Deck16,Gen2_Deck14,Gen2_Deck14,0,1,28.267226934432983,482060,Gen2_Match387_1752165831.txt,,2025-07-10T17:56:10.992189
2,Gen2_Match385_1752165831,Gen2_Deck34,Gen2_Deck13,Gen2_Deck34,1,0,46.50224804878235,482061,Gen2_Match385_1752165831.txt,,2025-07-10T17:56:19.107154
2,Gen2_Match390_1752165831,Gen2_Deck19,Gen2_Deck14,Gen2_Deck19,1,0,27.11816954612732,482061,Gen2_Match390_1752165831.txt,,2025-07-10T17:56:46.225882
2,Gen2_Match389_1752165831,Gen2_Deck14,Gen2_Deck18,Gen2_Deck18,0,1,35.89109826087952,482060,Gen2_Match389_1752165831.txt,,2025-07-10T17:56:46.883820
2,Gen2_Match388_1752165831,Gen2_Deck14,Gen2_Deck17,Gen2_Deck17,0,1,51.843841314315796,482059,Gen2_Match388_1752165831.txt,,2025-07-10T17:56:53.436394
2,Gen2_Match391_1752165831,Gen2_Deck14,Gen2_Deck20,Gen2_Deck14,1,0,27.89232850074768,482061,Gen2_Match391_1752165831.txt,,2025-07-10T17:57:14.118796
2,Gen2_Match392_1752165831,Gen2_Deck14,Gen2_Deck21,Gen2_Deck14,1,0,40.18683648109436,482060,Gen2_Match392_1752165831.txt,,2025-07-10T17:57:27.071196
2,Gen2_Match394_1752165831,Gen2_Deck23,Gen2_Deck14,Gen2_Deck23,1,0,25.31067681312561,482061,Gen2_Match394_1752165831.txt,,2025-07-10T17:57:39.430036
2,Gen2_Match393_1752165831,Gen2_Deck22,Gen2_Deck14,Gen2_Deck14,0,1,58.95151734352112,482059,Gen2_Match393_1752165831.txt,,2025-07-10T17:57:52.388353
2,Gen2_Match395_1752165831,Gen2_Deck14,Gen2_Deck24,Gen2_Deck14,1,0,33.71831965446472,482060,Gen2_Match395_1752165831.txt,,2025-07-10T17:58:00.790014
2,Gen2_Match396_1752165831,Gen2_Deck14,Gen2_Deck25,Gen2_Deck25,0,1,23.0698184967041,482061,Gen2_Match396_1752165831.txt,,2025-07-10T17:58:02.500363
2,Gen2_Match397_1752165831,Gen2_Deck26,Gen2_Deck14,Gen2_Deck14,0,1,25.637673377990723,482059,Gen2_Match397_1752165831.txt,,2025-07-10T17:58:18.026528
2,Gen2_Match398_1752165831,Gen2_Deck14,Gen2_Deck27,Gen2_Deck27,0,1,25.086082935333252,482060,Gen2_Match398_1752165831.txt,,2025-07-10T17:58:25.876607
2,Gen2_Match401_1752165831,Gen2_Deck30,Gen2_Deck14,Gen2_Deck14,0,1,24.733656406402588,482060,Gen2_Match401_1752165831.txt,,2025-07-10T17:58:50.610755
2,Gen2_Match402_1752165831,Gen2_Deck14,Gen2_Deck31,Gen2_Deck14,1,0,20.52412176132202,482060,Gen2_Match402_1752165831.txt,,2025-07-10T17:59:11.135389
2,Gen2_Match400_1752165831,Gen2_Deck29,Gen2_Deck14,Gen2_Deck14,0,1,53.77155613899231,482059,Gen2_Match400_1752165831.txt,,2025-07-10T17:59:11.798589
2,Gen2_Match404_1752165831,Gen2_Deck33,Gen2_Deck14,Gen2_Deck14,0,1,20.75073003768921,482059,Gen2_Match404_1752165831.txt,,2025-07-10T17:59:32.549740
2,Gen2_Match403_1752165831,Gen2_Deck14,Gen2_Deck32,Gen2_Deck32,0,1,22.598468542099,482060,Gen2_Match403_1752165831.txt,,2025-07-10T17:59:33.734362
2,Gen2_Match405_1752165831,Gen2_Deck14,Gen2_Deck34,Gen2_Deck34,0,1,21.602751970291138,482059,Gen2_Match405_1752165831.txt,,2025-07-10T17:59:54.153014
2,Gen2_Match406_1752165831,Gen2_Deck15,Gen2_Deck16,Gen2_Deck15,1,0,28.441529750823975,482060,Gen2_Match406_1752165831.txt,,2025-07-10T18:00:02.176392
2,Gen2_Match399_1752165831,Gen2_Deck14,Gen2_Deck28,Gen2_Deck14,1,0,133.35966420173645,482061,Gen2_Match399_1752165831.txt,,2025-07-10T18:00:15.860658
2,Gen2_Match407_1752165831,Gen2_Deck17,Gen2_Deck15,Gen2_Deck15,0,1,24.758087396621704,482059,Gen2_Match407_1752165831.txt,,2025-07-10T18:00:18.911559
2,Gen2_Match408_1752165831,Gen2_Deck18,Gen2_Deck15,Gen2_Deck18,1,0,27.018741369247437,482060,Gen2_Match408_1752165831.txt,,2025-07-10T18:00:29.195645
2,Gen2_Match410_1752165831,Gen2_Deck20,Gen2_Deck15,Gen2_Deck20,1,0,26.139749765396118,482059,Gen2_Match410_1752165831.txt,,2025-07-10T18:00:45.051808
2,Gen2_Match412_1752165831,Gen2_Deck15,Gen2_Deck22,Gen2_Deck15,1,0,22.066275358200073,482059,Gen2_Match412_1752165831.txt,,2025-07-10T18:01:07.118546
2,Gen2_Match411_1752165831,Gen2_Deck21,Gen2_Deck15,Gen2_Deck15,0,1,43.45621991157532,482060,Gen2_Match411_1752165831.txt,,2025-07-10T18:01:12.652422
2,Gen2_Match413_1752165831,Gen2_Deck15,Gen2_Deck23,Gen2_Deck15,1,0,22.78232455253601,482059,Gen2_Match413_1752165831.txt,,2025-07-10T18:01:29.901371
2,Gen2_Match414_1752165831,Gen2_Deck24,Gen2_Deck15,Gen2_Deck15,0,1,30.237812995910645,482060,Gen2_Match414_1752165831.txt,,2025-07-10T18:01:42.890724
2,Gen2_Match416_1752165831,Gen2_Deck15,Gen2_Deck26,Gen2_Deck26,0,1,21.409477710723877,482060,Gen2_Match416_1752165831.txt,,2025-07-10T18:02:04.300710
2,Gen2_Match415_1752165831,Gen2_Deck25,Gen2_Deck15,Gen2_Deck15,0,1,39.278690338134766,482059,Gen2_Match415_1752165831.txt,,2025-07-10T18:02:09.180632
2,Gen2_Match417_1752165831,Gen2_Deck27,Gen2_Deck15,Gen2_Deck15,0,1,22.207558155059814,482060,Gen2_Match417_1752165831.txt,,2025-07-10T18:02:26.508777
2,Gen2_Match409_1752165831,Gen2_Deck15,Gen2_Deck19,Gen2_Deck15,1,0,133.5427565574646,482061,Gen2_Match409_1752165831.txt,,2025-07-10T18:02:29.404008
2,Gen2_Match418_1752165831,Gen2_Deck28,Gen2_Deck15,Gen2_Deck15,0,1,35.1674747467041,482059,Gen2_Match418_1752165831.txt,,2025-07-10T18:02:44.348633
2,Gen2_Match419_1752165831,Gen2_Deck15,Gen2_Deck29,Gen2_Deck15,1,0,26.952532291412354,482060,Gen2_Match419_1752165831.txt,,2025-07-10T18:02:53.461767
2,Gen2_Match421_1752165831,Gen2_Deck31,Gen2_Deck15,Gen2_Deck15,0,1,23.647531509399414,482059,Gen2_Match421_1752165831.txt,,2025-07-10T18:03:07.996650
2,Gen2_Match420_1752165831,Gen2_Deck15,Gen2_Deck30,Gen2_Deck15,1,0,44.44422674179077,482061,Gen2_Match420_1752165831.txt,,2025-07-10T18:03:13.848796
2,Gen2_Match422_1752165831,Gen2_Deck32,Gen2_Deck15,Gen2_Deck15,0,1,28.478379487991333,482060,Gen2_Match422_1752165831.txt,,2025-07-10T18:03:21.940646
2,Gen2_Match424_1752165831,Gen2_Deck15,Gen2_Deck34,Gen2_Deck15,1,0,27.386147022247314,482061,Gen2_Match424_1752165831.txt,,2025-07-10T18:03:41.235481
2,Gen2_Match423_1752165831,Gen2_Deck15,Gen2_Deck33,Gen2_Deck15,1,0,33.27359414100647,482059,Gen2_Match423_1752165831.txt,,2025-07-10T18:03:41.270792
2,Gen2_Match425_1752165831,Gen2_Deck16,Gen2_Deck17,Gen2_Deck17,0,1,36.895232915878296,482060,Gen2_Match425_1752165831.txt,,2025-07-10T18:03:58.836529
2,Gen2_Match426_1752165831,Gen2_Deck18,Gen2_Deck16,Gen2_Deck18,1,0,24.19660782814026,482061,Gen2_Match426_1752165831.txt,,2025-07-10T18:04:05.432570
2,Gen2_Match427_1752165831,Gen2_Deck19,Gen2_Deck16,Gen2_Deck19,1,0,26.829192638397217,482059,Gen2_Match427_1752165831.txt,,2025-07-10T18:04:08.100503
2,Gen2_Match428_1752165831,Gen2_Deck16,Gen2_Deck20,Gen2_Deck20,0,1,23.21723246574402,482060,Gen2_Match428_1752165831.txt,,2025-07-10T18:04:22.054227
2,Gen2_Match429_1752165831,Gen2_Deck16,Gen2_Deck21,Gen2_Deck21,0,1,27.830488681793213,482061,Gen2_Match429_1752165831.txt,,2025-07-10T18:04:33.263541
2,Gen2_Match430_1752165831,Gen2_Deck22,Gen2_Deck16,Gen2_Deck22,1,0,26.47126817703247,482059,Gen2_Match430_1752165831.txt,,2025-07-10T18:04:34.572257
2,Gen2_Match431_1752165831,Gen2_Deck23,Gen2_Deck16,Gen2_Deck23,1,0,25.904860496520996,482060,Gen2_Match431_1752165831.txt,,2025-07-10T18:04:47.959578
2,Gen2_Match433_1752165831,Gen2_Deck25,Gen2_Deck16,Gen2_Deck25,1,0,24.288970947265625,482059,Gen2_Match433_1752165831.txt,,2025-07-10T18:04:58.861714
2,Gen2_Match432_1752165831,Gen2_Deck16,Gen2_Deck24,Gen2_Deck24,0,1,25.751256942749023,482061,Gen2_Match432_1752165831.txt,,2025-07-10T18:04:59.015674
2,Gen2_Match434_1752165831,Gen2_Deck26,Gen2_Deck16,Gen2_Deck26,1,0,24.696855306625366,482060,Gen2_Match434_1752165831.txt,,2025-07-10T18:05:12.656906
2,Gen2_Match436_1752165831,Gen2_Deck16,Gen2_Deck28,Gen2_Deck28,0,1,23.13440775871277,482061,Gen2_Match436_1752165831.txt,,2025-07-10T18:05:22.150682
2,Gen2_Match435_1752165831,Gen2_Deck16,Gen2_Deck27,Gen2_Deck27,0,1,24.16248369216919,482059,Gen2_Match435_1752165831.txt,,2025-07-10T18:05:23.024723
2,Gen2_Match437_1752165831,Gen2_Deck29,Gen2_Deck16,Gen2_Deck29,1,0,28.368610382080078,482060,Gen2_Match437_1752165831.txt,,2025-07-10T18:05:41.025961
2,Gen2_Match438_1752165831,Gen2_Deck30,Gen2_Deck16,Gen2_Deck30,1,0,26.605227947235107,482061,Gen2_Match438_1752165831.txt,,2025-07-10T18:05:48.756420
2,Gen2_Match439_1752165831,Gen2_Deck16,Gen2_Deck31,Gen2_Deck16,1,0,33.15943622589111,482059,Gen2_Match439_1752165831.txt,,2025-07-10T18:05:56.184828
2,Gen2_Match440_1752165831,Gen2_Deck32,Gen2_Deck16,Gen2_Deck32,1,0,25.73604989051819,482060,Gen2_Match440_1752165831.txt,,2025-07-10T18:06:06.762467
2,Gen2_Match441_1752165831,Gen2_Deck33,Gen2_Deck16,Gen2_Deck33,1,0,25.74731993675232,482061,Gen2_Match441_1752165831.txt,,2025-07-10T18:06:14.504275
2,Gen2_Match442_1752165831,Gen2_Deck16,Gen2_Deck34,Gen2_Deck34,0,1,28.268590688705444,482059,Gen2_Match442_1752165831.txt,,2025-07-10T18:06:24.453907
2,Gen2_Match444_1752165831,Gen2_Deck19,Gen2_Deck17,Gen2_Deck17,0,1,27.323899745941162,482061,Gen2_Match444_1752165831.txt,,2025-07-10T18:06:41.828674
2,Gen2_Match443_1752165831,Gen2_Deck18,Gen2_Deck17,Gen2_Deck18,1,0,36.74603533744812,482060,Gen2_Match443_1752165831.txt,,2025-07-10T18:06:43.508998
2,Gen2_Match445_1752165831,Gen2_Deck17,Gen2_Deck20,Gen2_Deck20,0,1,28.902084589004517,482059,Gen2_Match445_1752165831.txt,,2025-07-10T18:06:53.356513
2,Gen2_Match447_1752165831,Gen2_Deck22,Gen2_Deck17,Gen2_Deck17,0,1,23.963445901870728,482060,Gen2_Match447_1752165831.txt,,2025-07-10T18:07:07.472902
2,Gen2_Match446_1752165831,Gen2_Deck21,Gen2_Deck17,Gen2_Deck17,0,1,25.79529643058777,482061,Gen2_Match446_1752165831.txt,,2025-07-10T18:07:07.624441
2,Gen2_Match448_1752165831,Gen2_Deck17,Gen2_Deck23,Gen2_Deck17,1,0,25.898295402526855,482059,Gen2_Match448_1752165831.txt,,2025-07-10T18:07:19.255288
2,Gen2_Match450_1752165831,Gen2_Deck25,Gen2_Deck17,Gen2_Deck25,1,0,26.06027841567993,482061,Gen2_Match450_1752165831.txt,,2025-07-10T18:07:33.685213
2,Gen2_Match449_1752165831,Gen2_Deck17,Gen2_Deck24,Gen2_Deck17,1,0,30.342241764068604,482060,Gen2_Match449_1752165831.txt,,2025-07-10T18:07:37.815568
2,Gen2_Match451_1752165831,Gen2_Deck26,Gen2_Deck17,Gen2_Deck17,0,1,25.62497305870056,482059,Gen2_Match451_1752165831.txt,,2025-07-10T18:07:44.880798
2,Gen2_Match452_1752165831,Gen2_Deck17,Gen2_Deck27,Gen2_Deck27,0,1,24.233932495117188,482061,Gen2_Match452_1752165831.txt,,2025-07-10T18:07:57.919646
2,Gen2_Match453_1752165831,Gen2_Deck28,Gen2_Deck17,Gen2_Deck28,1,0,24.816428899765015,482060,Gen2_Match453_1752165831.txt,,2025-07-10T18:08:02.632409
2,Gen2_Match454_1752165831,Gen2_Deck29,Gen2_Deck17,Gen2_Deck17,0,1,23.581616163253784,482059,Gen2_Match454_1752165831.txt,,2025-07-10T18:08:08.462963
2,Gen2_Match455_1752165831,Gen2_Deck30,Gen2_Deck17,Gen2_Deck17,0,1,29.760379552841187,482061,Gen2_Match455_1752165831.txt,,2025-07-10T18:08:27.680539
2,Gen2_Match456_1752165831,Gen2_Deck17,Gen2_Deck31,Gen2_Deck17,1,0,29.09592056274414,482060,Gen2_Match456_1752165831.txt,,2025-07-10T18:08:31.728779
2,Gen2_Match457_1752165831,Gen2_Deck32,Gen2_Deck17,Gen2_Deck32,1,0,38.31994104385376,482059,Gen2_Match457_1752165831.txt,,2025-07-10T18:08:46.783482
2,Gen2_Match458_1752165831,Gen2_Deck17,Gen2_Deck33,Gen2_Deck17,1,0,21.059680223464966,482061,Gen2_Match458_1752165831.txt,,2025-07-10T18:08:48.740707
2,Gen2_Match459_1752165831,Gen2_Deck17,Gen2_Deck34,Gen2_Deck34,0,1,25.359139919281006,482060,Gen2_Match459_1752165831.txt,,2025-07-10T18:08:57.088356
2,Gen2_Match460_1752165831,Gen2_Deck19,Gen2_Deck18,Gen2_Deck18,0,1,26.228674173355103,482059,Gen2_Match460_1752165831.txt,,2025-07-10T18:09:13.012645
2,Gen2_Match461_1752165831,Gen2_Deck20,Gen2_Deck18,Gen2_Deck18,0,1,28.329773664474487,482061,Gen2_Match461_1752165831.txt,,2025-07-10T18:09:17.071003
2,Gen2_Match462_1752165831,Gen2_Deck18,Gen2_Deck21,Gen2_Deck18,1,0,34.851304054260254,482060,Gen2_Match462_1752165831.txt,,2025-07-10T18:09:31.940140
2,Gen2_Match464_1752165831,Gen2_Deck23,Gen2_Deck18,Gen2_Deck18,0,1,27.249590158462524,482061,Gen2_Match464_1752165831.txt,,2025-07-10T18:09:44.321066
2,Gen2_Match463_1752165831,Gen2_Deck22,Gen2_Deck18,Gen2_Deck18,0,1,40.50336003303528,482059,Gen2_Match463_1752165831.txt,,2025-07-10T18:09:53.516559
2,Gen2_Match465_1752165831,Gen2_Deck18,Gen2_Deck24,Gen2_Deck18,1,0,26.771931886672974,482060,Gen2_Match465_1752165831.txt,,2025-07-10T18:09:58.712497
2,Gen2_Match466_1752165831,Gen2_Deck18,Gen2_Deck25,Gen2_Deck25,0,1,25.601916313171387,482061,Gen2_Match466_1752165831.txt,,2025-07-10T18:10:09.923459
2,Gen2_Match467_1752165831,Gen2_Deck26,Gen2_Deck18,Gen2_Deck18,0,1,28.071858644485474,482059,Gen2_Match467_1752165831.txt,,2025-07-10T18:10:21.588927
2,Gen2_Match468_1752165831,Gen2_Deck18,Gen2_Deck27,Gen2_Deck18,1,0,25.466609477996826,482060,Gen2_Match468_1752165831.txt,,2025-07-10T18:10:24.179753
2,Gen2_Match469_1752165831,Gen2_Deck18,Gen2_Deck28,Gen2_Deck28,0,1,36.96863651275635,482061,Gen2_Match469_1752165831.txt,,2025-07-10T18:10:46.892585
2,Gen2_Match470_1752165831,Gen2_Deck29,Gen2_Deck18,Gen2_Deck18,0,1,31.434842109680176,482059,Gen2_Match470_1752165831.txt,,2025-07-10T18:10:53.024198
2,Gen2_Match471_1752165831,Gen2_Deck30,Gen2_Deck18,Gen2_Deck30,1,0,36.92547106742859,482060,Gen2_Match471_1752165831.txt,,2025-07-10T18:11:01.105787
2,Gen2_Match474_1752165831,Gen2_Deck33,Gen2_Deck18,Gen2_Deck33,1,0,26.05308747291565,482060,Gen2_Match474_1752165831.txt,,2025-07-10T18:11:27.159379
2,Gen2_Match472_1752165831,Gen2_Deck18,Gen2_Deck31,Gen2_Deck31,0,1,48.81159687042236,482061,Gen2_Match472_1752165831.txt,,2025-07-10T18:11:35.704749
2,Gen2_Match473_1752165831,Gen2_Deck18,Gen2_Deck32,Gen2_Deck18,1,0,51.62341356277466,482059,Gen2_Match473_1752165831.txt,,2025-07-10T18:11:44.648110
2,Gen2_Match475_1752165831,Gen2_Deck18,Gen2_Deck34,Gen2_Deck34,0,1,25.073164463043213,482060,Gen2_Match475_1752165831.txt,,2025-07-10T18:11:52.233079
2,Gen2_Match476_1752165831,Gen2_Deck19,Gen2_Deck20,Gen2_Deck19,1,0,27.07687258720398,482061,Gen2_Match476_1752165831.txt,,2025-07-10T18:12:02.782138
2,Gen2_Match478_1752165831,Gen2_Deck22,Gen2_Deck19,Gen2_Deck19,0,1,21.478967666625977,482060,Gen2_Match478_1752165831.txt,,2025-07-10T18:12:13.712534
2,Gen2_Match477_1752165831,Gen2_Deck19,Gen2_Deck21,Gen2_Deck21,0,1,53.51992440223694,482059,Gen2_Match477_1752165831.txt,,2025-07-10T18:12:38.168581
2,Gen2_Match480_1752165831,Gen2_Deck19,Gen2_Deck24,Gen2_Deck19,1,0,27.18660593032837,482060,Gen2_Match480_1752165831.txt,,2025-07-10T18:12:40.899630
2,Gen2_Match479_1752165831,Gen2_Deck23,Gen2_Deck19,Gen2_Deck19,0,1,44.06997752189636,482061,Gen2_Match479_1752165831.txt,,2025-07-10T18:12:46.852635
2,Gen2_Match481_1752165831,Gen2_Deck19,Gen2_Deck25,Gen2_Deck19,1,0,23.008549451828003,482059,Gen2_Match481_1752165831.txt,,2025-07-10T18:13:01.177624
2,Gen2_Match482_1752165831,Gen2_Deck26,Gen2_Deck19,Gen2_Deck19,0,1,34.67628622055054,482060,Gen2_Match482_1752165831.txt,,2025-07-10T18:13:15.576432
2,Gen2_Match483_1752165831,Gen2_Deck19,Gen2_Deck27,Gen2_Deck27,0,1,42.79802489280701,482061,Gen2_Match483_1752165831.txt,,2025-07-10T18:13:29.651239
2,Gen2_Match485_1752165831,Gen2_Deck29,Gen2_Deck19,Gen2_Deck29,1,0,25.910244941711426,482060,Gen2_Match485_1752165831.txt,,2025-07-10T18:13:41.487158
2,Gen2_Match486_1752165831,Gen2_Deck30,Gen2_Deck19,Gen2_Deck30,1,0,21.555458784103394,482061,Gen2_Match486_1752165831.txt,,2025-07-10T18:13:51.207392
2,Gen2_Match487_1752165831,Gen2_Deck19,Gen2_Deck31,Gen2_Deck19,1,0,25.48169779777527,482060,Gen2_Match487_1752165831.txt,,2025-07-10T18:14:06.969340
2,Gen2_Match488_1752165831,Gen2_Deck32,Gen2_Deck19,Gen2_Deck19,0,1,32.337666511535645,482061,Gen2_Match488_1752165831.txt,,2025-07-10T18:14:23.545607
2,Gen2_Match489_1752165831,Gen2_Deck33,Gen2_Deck19,Gen2_Deck19,0,1,23.006598711013794,482060,Gen2_Match489_1752165831.txt,,2025-07-10T18:14:29.976435
2,Gen2_Match491_1752165831,Gen2_Deck21,Gen2_Deck20,Gen2_Deck20,0,1,20.68513298034668,482060,Gen2_Match491_1752165831.txt,,2025-07-10T18:14:50.662059
2,Gen2_Match484_1752165831,Gen2_Deck19,Gen2_Deck28,Gen2_Deck28,0,1,121.68284773826599,482059,Gen2_Match484_1752165831.txt,,2025-07-10T18:15:02.861086
2,Gen2_Match492_1752165831,Gen2_Deck20,Gen2_Deck22,Gen2_Deck20,1,0,28.38601851463318,482060,Gen2_Match492_1752165831.txt,,2025-07-10T18:15:19.048721
2,Gen2_Match493_1752165831,Gen2_Deck20,Gen2_Deck23,Gen2_Deck20,1,0,23.934995651245117,482059,Gen2_Match493_1752165831.txt,,2025-07-10T18:15:26.796686
2,Gen2_Match494_1752165831,Gen2_Deck24,Gen2_Deck20,Gen2_Deck24,1,0,25.575324535369873,482060,Gen2_Match494_1752165831.txt,,2025-07-10T18:15:44.624600
2,Gen2_Match495_1752165831,Gen2_Deck25,Gen2_Deck20,Gen2_Deck20,0,1,27.351465225219727,482059,Gen2_Match495_1752165831.txt,,2025-07-10T18:15:54.148721
2,Gen2_Match496_1752165831,Gen2_Deck20,Gen2_Deck26,Gen2_Deck20,1,0,26.27083468437195,482060,Gen2_Match496_1752165831.txt,,2025-07-10T18:16:10.895946
2,Gen2_Match497_1752165831,Gen2_Deck27,Gen2_Deck20,Gen2_Deck27,1,0,28.592053651809692,482059,Gen2_Match497_1752165831.txt,,2025-07-10T18:16:22.741247
2,Gen2_Match490_1752165831,Gen2_Deck19,Gen2_Deck34,Gen2_Deck19,1,0,120.79436779022217,482061,Gen2_Match490_1752165831.txt,,2025-07-10T18:16:24.340572
2,Gen2_Match498_1752165831,Gen2_Deck28,Gen2_Deck20,Gen2_Deck28,1,0,37.432016372680664,482060,Gen2_Match498_1752165831.txt,,2025-07-10T18:16:48.328500
2,Gen2_Match499_1752165831,Gen2_Deck20,Gen2_Deck29,Gen2_Deck29,0,1,31.64699411392212,482059,Gen2_Match499_1752165831.txt,,2025-07-10T18:16:54.388732
2,Gen2_Match500_1752165831,Gen2_Deck20,Gen2_Deck30,Gen2_Deck20,1,0,36.30366587638855,482061,Gen2_Match500_1752165831.txt,,2025-07-10T18:17:00.644756
2,Gen2_Match501_1752165831,Gen2_Deck31,Gen2_Deck20,Gen2_Deck31,1,0,25.841774702072144,482060,Gen2_Match501_1752165831.txt,,2025-07-10T18:17:14.170735
2,Gen2_Match502_1752165831,Gen2_Deck32,Gen2_Deck20,Gen2_Deck32,1,0,24.944079637527466,482059,Gen2_Match502_1752165831.txt,,2025-07-10T18:17:19.333249
2,Gen2_Match503_1752165831,Gen2_Deck20,Gen2_Deck33,Gen2_Deck33,0,1,24.187012910842896,482061,Gen2_Match503_1752165831.txt,,2025-07-10T18:17:24.832218
2,Gen2_Match504_1752165831,Gen2_Deck34,Gen2_Deck20,Gen2_Deck34,1,0,23.58043670654297,482060,Gen2_Match504_1752165831.txt,,2025-07-10T18:17:37.751606
2,Gen2_Match505_1752165831,Gen2_Deck22,Gen2_Deck21,Gen2_Deck22,1,0,33.94024682044983,482059,Gen2_Match505_1752165831.txt,,2025-07-10T18:17:53.273985
2,Gen2_Match506_1752165831,Gen2_Deck23,Gen2_Deck21,Gen2_Deck23,1,0,41.89974927902222,482061,Gen2_Match506_1752165831.txt,,2025-07-10T18:18:06.732480
2,Gen2_Match507_1752165831,Gen2_Deck21,Gen2_Deck24,Gen2_Deck24,0,1,42.429595947265625,482060,Gen2_Match507_1752165831.txt,,2025-07-10T18:18:20.181660
2,Gen2_Match508_1752165831,Gen2_Deck25,Gen2_Deck21,Gen2_Deck25,1,0,31.789942026138306,482059,Gen2_Match508_1752165831.txt,,2025-07-10T18:18:25.064434
2,Gen2_Match509_1752165831,Gen2_Deck26,Gen2_Deck21,Gen2_Deck26,1,0,27.6786367893219,482061,Gen2_Match509_1752165831.txt,,2025-07-10T18:18:34.411602
2,Gen2_Match510_1752165831,Gen2_Deck21,Gen2_Deck27,Gen2_Deck27,0,1,29.643824577331543,482060,Gen2_Match510_1752165831.txt,,2025-07-10T18:18:49.825989
2,Gen2_Match511_1752165831,Gen2_Deck21,Gen2_Deck28,Gen2_Deck28,0,1,36.377132415771484,482059,Gen2_Match511_1752165831.txt,,2025-07-10T18:19:01.442039
2,Gen2_Match512_1752165831,Gen2_Deck29,Gen2_Deck21,Gen2_Deck29,1,0,32.82424187660217,482061,Gen2_Match512_1752165831.txt,,2025-07-10T18:19:07.236296
2,Gen2_Match513_1752165831,Gen2_Deck30,Gen2_Deck21,Gen2_Deck21,0,1,31.28194785118103,482060,Gen2_Match513_1752165831.txt,,2025-07-10T18:19:21.108491
2,Gen2_Match514_1752165831,Gen2_Deck21,Gen2_Deck31,Gen2_Deck31,0,1,28.801872491836548,482059,Gen2_Match514_1752165831.txt,,2025-07-10T18:19:30.244383
2,Gen2_Match516_1752165831,Gen2_Deck33,Gen2_Deck21,Gen2_Deck21,0,1,26.633491039276123,482060,Gen2_Match516_1752165831.txt,,2025-07-10T18:19:47.742516
2,Gen2_Match517_1752165831,Gen2_Deck21,Gen2_Deck34,Gen2_Deck34,0,1,30.04355001449585,482059,Gen2_Match517_1752165831.txt,,2025-07-10T18:20:00.288397
2,Gen2_Match515_1752165831,Gen2_Deck32,Gen2_Deck21,Gen2_Deck32,1,0,55.322274684906006,482061,Gen2_Match515_1752165831.txt,,2025-07-10T18:20:02.559146
2,Gen2_Match518_1752165831,Gen2_Deck23,Gen2_Deck22,Gen2_Deck22,0,1,31.523365259170532,482060,Gen2_Match518_1752165831.txt,,2025-07-10T18:20:19.266343
2,Gen2_Match519_1752165831,Gen2_Deck22,Gen2_Deck24,Gen2_Deck22,1,0,27.757055521011353,482059,Gen2_Match519_1752165831.txt,,2025-07-10T18:20:28.045876
2,Gen2_Match520_1752165831,Gen2_Deck25,Gen2_Deck22,Gen2_Deck25,1,0,34.49680471420288,482061,Gen2_Match520_1752165831.txt,,2025-07-10T18:20:37.056430
2,Gen2_Match521_1752165831,Gen2_Deck26,Gen2_Deck22,Gen2_Deck26,1,0,21.43754553794861,482060,Gen2_Match521_1752165831.txt,,2025-07-10T18:20:40.704352
2,Gen2_Match522_1752165831,Gen2_Deck22,Gen2_Deck27,Gen2_Deck27,0,1,28.380839824676514,482059,Gen2_Match522_1752165831.txt,,2025-07-10T18:20:56.427217
2,Gen2_Match523_1752165831,Gen2_Deck22,Gen2_Deck28,Gen2_Deck28,0,1,27.625298500061035,482061,Gen2_Match523_1752165831.txt,,2025-07-10T18:21:04.682257
2,Gen2_Match524_1752165831,Gen2_Deck29,Gen2_Deck22,Gen2_Deck22,0,1,27.531760454177856,482060,Gen2_Match524_1752165831.txt,,2025-07-10T18:21:08.236630
2,Gen2_Match525_1752165831,Gen2_Deck30,Gen2_Deck22,Gen2_Deck22,0,1,25.760591506958008,482059,Gen2_Match525_1752165831.txt,,2025-07-10T18:21:22.188365
2,Gen2_Match526_1752165831,Gen2_Deck22,Gen2_Deck31,Gen2_Deck22,1,0,23.734068870544434,482061,Gen2_Match526_1752165831.txt,,2025-07-10T18:21:28.416781
2,Gen2_Match527_1752165831,Gen2_Deck32,Gen2_Deck22,Gen2_Deck32,1,0,26.223419427871704,482060,Gen2_Match527_1752165831.txt,,2025-07-10T18:21:34.460519
2,Gen2_Match529_1752165831,Gen2_Deck22,Gen2_Deck34,Gen2_Deck34,0,1,20.63514256477356,482061,Gen2_Match529_1752165831.txt,,2025-07-10T18:21:49.052351
2,Gen2_Match528_1752165831,Gen2_Deck33,Gen2_Deck22,Gen2_Deck33,1,0,30.018789052963257,482059,Gen2_Match528_1752165831.txt,,2025-07-10T18:21:52.207678
2,Gen2_Match530_1752165831,Gen2_Deck23,Gen2_Deck24,Gen2_Deck24,0,1,36.81067442893982,482060,Gen2_Match530_1752165831.txt,,2025-07-10T18:22:11.271653
2,Gen2_Match531_1752165831,Gen2_Deck23,Gen2_Deck25,Gen2_Deck25,0,1,31.11197590827942,482061,Gen2_Match531_1752165831.txt,,2025-07-10T18:22:20.164861
2,Gen2_Match533_1752165831,Gen2_Deck23,Gen2_Deck27,Gen2_Deck23,1,0,24.70950222015381,482060,Gen2_Match533_1752165831.txt,,2025-07-10T18:22:35.981604
2,Gen2_Match532_1752165831,Gen2_Deck26,Gen2_Deck23,Gen2_Deck26,1,0,47.388904333114624,482059,Gen2_Match532_1752165831.txt,,2025-07-10T18:22:39.597105
2,Gen2_Match534_1752165831,Gen2_Deck23,Gen2_Deck28,Gen2_Deck28,0,1,36.579721450805664,482061,Gen2_Match534_1752165831.txt,,2025-07-10T18:22:56.745070
2,Gen2_Match536_1752165831,Gen2_Deck30,Gen2_Deck23,Gen2_Deck30,1,0,24.146713733673096,482059,Gen2_Match536_1752165831.txt,,2025-07-10T18:23:03.744241
2,Gen2_Match535_1752165831,Gen2_Deck29,Gen2_Deck23,Gen2_Deck29,1,0,29.962265491485596,482060,Gen2_Match535_1752165831.txt,,2025-07-10T18:23:05.944357
2,Gen2_Match537_1752165831,Gen2_Deck23,Gen2_Deck31,Gen2_Deck23,1,0,27.086923360824585,482061,Gen2_Match537_1752165831.txt,,2025-07-10T18:23:23.832493
2,Gen2_Match539_1752165831,Gen2_Deck33,Gen2_Deck23,Gen2_Deck23,0,1,38.52360248565674,482060,Gen2_Match539_1752165831.txt,,2025-07-10T18:23:44.468460
2,Gen2_Match540_1752165831,Gen2_Deck23,Gen2_Deck34,Gen2_Deck34,0,1,30.805062532424927,482061,Gen2_Match540_1752165831.txt,,2025-07-10T18:23:54.638058
2,Gen2_Match538_1752165831,Gen2_Deck32,Gen2_Deck23,Gen2_Deck32,1,0,70.41973638534546,482059,Gen2_Match538_1752165831.txt,,2025-07-10T18:24:14.164490
2,Gen2_Match542_1752165831,Gen2_Deck26,Gen2_Deck24,Gen2_Deck24,0,1,20.50334668159485,482061,Gen2_Match542_1752165831.txt,,2025-07-10T18:24:15.141887
2,Gen2_Match541_1752165831,Gen2_Deck24,Gen2_Deck25,Gen2_Deck24,1,0,49.491015672683716,482060,Gen2_Match541_1752165831.txt,,2025-07-10T18:24:33.959987
2,Gen2_Match544_1752165831,Gen2_Deck24,Gen2_Deck28,Gen2_Deck28,0,1,23.74482536315918,482061,Gen2_Match544_1752165831.txt,,2025-07-10T18:24:38.887173
2,Gen2_Match543_1752165831,Gen2_Deck24,Gen2_Deck27,Gen2_Deck24,1,0,33.4275963306427,482059,Gen2_Match543_1752165831.txt,,2025-07-10T18:24:47.592561
2,Gen2_Match545_1752165831,Gen2_Deck29,Gen2_Deck24,Gen2_Deck29,1,0,31.559528589248657,482060,Gen2_Match545_1752165831.txt,,2025-07-10T18:25:05.519998
2,Gen2_Match546_1752165831,Gen2_Deck30,Gen2_Deck24,Gen2_Deck24,0,1,31.70873785018921,482061,Gen2_Match546_1752165831.txt,,2025-07-10T18:25:10.596425
2,Gen2_Match547_1752165831,Gen2_Deck24,Gen2_Deck31,Gen2_Deck31,0,1,24.88337731361389,482059,Gen2_Match547_1752165831.txt,,2025-07-10T18:25:12.476359
2,Gen2_Match548_1752165831,Gen2_Deck32,Gen2_Deck24,Gen2_Deck32,1,0,24.541067361831665,482060,Gen2_Match548_1752165831.txt,,2025-07-10T18:25:30.061546
2,Gen2_Match549_1752165831,Gen2_Deck33,Gen2_Deck24,Gen2_Deck24,0,1,29.046594381332397,482061,Gen2_Match549_1752165831.txt,,2025-07-10T18:25:39.643464
2,Gen2_Match550_1752165831,Gen2_Deck24,Gen2_Deck34,Gen2_Deck34,0,1,31.415746212005615,482059,Gen2_Match550_1752165831.txt,,2025-07-10T18:25:43.892583
2,Gen2_Match551_1752165831,Gen2_Deck25,Gen2_Deck26,Gen2_Deck26,0,1,23.313514709472656,482060,Gen2_Match551_1752165831.txt,,2025-07-10T18:25:53.375577
2,Gen2_Match553_1752165831,Gen2_Deck25,Gen2_Deck28,Gen2_Deck28,0,1,23.428768396377563,482059,Gen2_Match553_1752165831.txt,,2025-07-10T18:26:07.321853
2,Gen2_Match552_1752165831,Gen2_Deck27,Gen2_Deck25,Gen2_Deck27,1,0,27.840524196624756,482061,Gen2_Match552_1752165831.txt,,2025-07-10T18:26:07.484419
2,Gen2_Match556_1752165831,Gen2_Deck25,Gen2_Deck31,Gen2_Deck31,0,1,25.77661442756653,482061,Gen2_Match556_1752165831.txt,,2025-07-10T18:26:33.261490
2,Gen2_Match554_1752165831,Gen2_Deck29,Gen2_Deck25,Gen2_Deck29,1,0,40.10915446281433,482060,Gen2_Match554_1752165831.txt,,2025-07-10T18:26:33.485226
2,Gen2_Match558_1752165831,Gen2_Deck33,Gen2_Deck25,Gen2_Deck33,1,0,19.862123012542725,482060,Gen2_Match558_1752165831.txt,,2025-07-10T18:26:53.347825
2,Gen2_Match555_1752165831,Gen2_Deck30,Gen2_Deck25,Gen2_Deck30,1,0,53.8620810508728,482059,Gen2_Match555_1752165831.txt,,2025-07-10T18:27:01.184489
2,Gen2_Match557_1752165831,Gen2_Deck25,Gen2_Deck32,Gen2_Deck25,1,0,35.08638119697571,482061,Gen2_Match557_1752165831.txt,,2025-07-10T18:27:08.348398
2,Gen2_Match559_1752165831,Gen2_Deck34,Gen2_Deck25,Gen2_Deck34,1,0,20.626663208007812,482060,Gen2_Match559_1752165831.txt,,2025-07-10T18:27:13.975003
2,Gen2_Match560_1752165831,Gen2_Deck26,Gen2_Deck27,Gen2_Deck27,0,1,29.088695287704468,482059,Gen2_Match560_1752165831.txt,,2025-07-10T18:27:30.273718
2,Gen2_Match561_1752165831,Gen2_Deck26,Gen2_Deck28,Gen2_Deck26,1,0,29.651715517044067,482061,Gen2_Match561_1752165831.txt,,2025-07-10T18:27:38.000592
2,Gen2_Match562_1752165831,Gen2_Deck29,Gen2_Deck26,Gen2_Deck29,1,0,24.822667121887207,482060,Gen2_Match562_1752165831.txt,,2025-07-10T18:27:38.798099
2,Gen2_Match563_1752165831,Gen2_Deck30,Gen2_Deck26,Gen2_Deck30,1,0,26.671631336212158,482059,Gen2_Match563_1752165831.txt,,2025-07-10T18:27:56.945839
2,Gen2_Match564_1752165831,Gen2_Deck26,Gen2_Deck31,Gen2_Deck26,1,0,25.791348457336426,482061,Gen2_Match564_1752165831.txt,,2025-07-10T18:28:03.792412
2,Gen2_Match565_1752165831,Gen2_Deck26,Gen2_Deck32,Gen2_Deck32,0,1,28.342090606689453,482060,Gen2_Match565_1752165831.txt,,2025-07-10T18:28:07.140693
2,Gen2_Match566_1752165831,Gen2_Deck33,Gen2_Deck26,Gen2_Deck33,1,0,22.201251745224,482059,Gen2_Match566_1752165831.txt,,2025-07-10T18:28:19.147529
2,Gen2_Match567_1752165831,Gen2_Deck26,Gen2_Deck34,Gen2_Deck34,0,1,22.53049874305725,482061,Gen2_Match567_1752165831.txt,,2025-07-10T18:28:26.323339
2,Gen2_Match568_1752165831,Gen2_Deck27,Gen2_Deck28,Gen2_Deck27,1,0,30.795087814331055,482060,Gen2_Match568_1752165831.txt,,2025-07-10T18:28:37.936342
2,Gen2_Match569_1752165831,Gen2_Deck29,Gen2_Deck27,Gen2_Deck29,1,0,31.79640007019043,482059,Gen2_Match569_1752165831.txt,,2025-07-10T18:28:50.944414
2,Gen2_Match570_1752165831,Gen2_Deck27,Gen2_Deck30,Gen2_Deck30,0,1,28.228317737579346,482061,Gen2_Match570_1752165831.txt,,2025-07-10T18:28:54.552175
2,Gen2_Match573_1752165831,Gen2_Deck33,Gen2_Deck27,Gen2_Deck27,0,1,22.47299098968506,482061,Gen2_Match573_1752165831.txt,,2025-07-10T18:29:17.025658
2,Gen2_Match572_1752165831,Gen2_Deck32,Gen2_Deck27,Gen2_Deck32,1,0,27.647388458251953,482059,Gen2_Match572_1752165831.txt,,2025-07-10T18:29:18.592287
2,Gen2_Match571_1752165831,Gen2_Deck31,Gen2_Deck27,Gen2_Deck27,0,1,49.86350965499878,482060,Gen2_Match571_1752165831.txt,,2025-07-10T18:29:27.800438
2,Gen2_Match574_1752165831,Gen2_Deck27,Gen2_Deck34,Gen2_Deck34,0,1,35.21840310096741,482061,Gen2_Match574_1752165831.txt,,2025-07-10T18:29:52.244635
2,Gen2_Match576_1752165831,Gen2_Deck30,Gen2_Deck28,Gen2_Deck28,0,1,28.839383125305176,482060,Gen2_Match576_1752165831.txt,,2025-07-10T18:29:56.640362
2,Gen2_Match577_1752165831,Gen2_Deck28,Gen2_Deck31,Gen2_Deck31,0,1,26.346914291381836,482061,Gen2_Match577_1752165831.txt,,2025-07-10T18:30:18.592037
2,Gen2_Match578_1752165831,Gen2_Deck32,Gen2_Deck28,Gen2_Deck28,0,1,41.45898652076721,482060,Gen2_Match578_1752165831.txt,,2025-07-10T18:30:38.099916
2,Gen2_Match579_1752165831,Gen2_Deck33,Gen2_Deck28,Gen2_Deck28,0,1,26.24397301673889,482061,Gen2_Match579_1752165831.txt,,2025-07-10T18:30:44.836483
2,Gen2_Match580_1752165831,Gen2_Deck28,Gen2_Deck34,Gen2_Deck34,0,1,18.19434118270874,482060,Gen2_Match580_1752165831.txt,,2025-07-10T18:30:56.294750
2,Gen2_Match581_1752165831,Gen2_Deck30,Gen2_Deck29,Gen2_Deck29,0,1,23.847485780715942,482061,Gen2_Match581_1752165831.txt,,2025-07-10T18:31:08.684455
2,Gen2_Match582_1752165831,Gen2_Deck29,Gen2_Deck31,Gen2_Deck29,1,0,27.16125226020813,482060,Gen2_Match582_1752165831.txt,,2025-07-10T18:31:23.456527
2,Gen2_Match575_1752165831,Gen2_Deck29,Gen2_Deck28,Gen2_Deck29,1,0,133.6472029685974,482059,Gen2_Match575_1752165831.txt,,2025-07-10T18:31:32.239988
2,Gen2_Match584_1752165831,Gen2_Deck33,Gen2_Deck29,Gen2_Deck33,1,0,26.03445553779602,482060,Gen2_Match584_1752165831.txt,,2025-07-10T18:31:49.491475
2,Gen2_Match585_1752165831,Gen2_Deck29,Gen2_Deck34,Gen2_Deck29,1,0,40.10451602935791,482059,Gen2_Match585_1752165831.txt,,2025-07-10T18:32:12.344953
2,Gen2_Match586_1752165831,Gen2_Deck31,Gen2_Deck30,Gen2_Deck31,1,0,25.13535213470459,482060,Gen2_Match586_1752165831.txt,,2025-07-10T18:32:14.627317
2,Gen2_Match587_1752165831,Gen2_Deck30,Gen2_Deck32,Gen2_Deck30,1,0,20.33521842956543,482059,Gen2_Match587_1752165831.txt,,2025-07-10T18:32:32.680642
2,Gen2_Match588_1752165831,Gen2_Deck33,Gen2_Deck30,Gen2_Deck33,1,0,25.47658395767212,482060,Gen2_Match588_1752165831.txt,,2025-07-10T18:32:40.104374
2,Gen2_Match589_1752165831,Gen2_Deck34,Gen2_Deck30,Gen2_Deck34,1,0,25.520771265029907,482059,Gen2_Match589_1752165831.txt,,2025-07-10T18:32:58.201936
2,Gen2_Match590_1752165831,Gen2_Deck31,Gen2_Deck32,Gen2_Deck32,0,1,27.041350841522217,482060,Gen2_Match590_1752165831.txt,,2025-07-10T18:33:07.146357
2,Gen2_Match591_1752165831,Gen2_Deck33,Gen2_Deck31,Gen2_Deck33,1,0,19.88161063194275,482059,Gen2_Match591_1752165831.txt,,2025-07-10T18:33:18.083982
2,Gen2_Match583_1752165831,Gen2_Deck32,Gen2_Deck29,Gen2_Deck32,1,0,134.0995011329651,482061,Gen2_Match583_1752165831.txt,,2025-07-10T18:33:22.809638
2,Gen2_Match592_1752165831,Gen2_Deck31,Gen2_Deck34,Gen2_Deck34,0,1,29.277661085128784,482060,Gen2_Match592_1752165831.txt,,2025-07-10T18:33:36.424555
2,Gen2_Match593_1752165831,Gen2_Deck33,Gen2_Deck32,Gen2_Deck32,0,1,26.77557349205017,482059,Gen2_Match593_1752165831.txt,,2025-07-10T18:33:44.860029
2,Gen2_Match594_1752165831,Gen2_Deck32,Gen2_Deck34,Gen2_Deck34,0,1,24.47992753982544,482061,Gen2_Match594_1752165831.txt,,2025-07-10T18:33:47.290045
2,Gen2_Match595_1752165831,Gen2_Deck33,Gen2_Deck34,Gen2_Deck34,0,1,16.015151739120483,482060,Gen2_Match595_1752165831.txt,,2025-07-10T18:33:52.440159
3,Gen3_Match1_1752172432,Gen3_Deck0,Gen3_Deck1,Gen3_Deck0,1,0,31.06789469718933,725047,Gen3_Match1_1752172432.txt,,2025-07-10T18:34:23.557002
3,Gen3_Match3_1752172432,Gen3_Deck3,Gen3_Deck0,Gen3_Deck0,0,1,33.34507131576538,725049,Gen3_Match3_1752172432.txt,,2025-07-10T18:34:25.836717
3,Gen3_Match2_1752172432,Gen3_Deck0,Gen3_Deck2,Gen3_Deck0,1,0,39.498576164245605,725048,Gen3_Match2_1752172432.txt,,2025-07-10T18:34:31.989283
3,Gen3_Match5_1752172432,Gen3_Deck0,Gen3_Deck5,Gen3_Deck5,0,1,27.263044595718384,725049,Gen3_Match5_1752172432.txt,,2025-07-10T18:34:53.100600
3,Gen3_Match4_1752172432,Gen3_Deck0,Gen3_Deck4,Gen3_Deck0,1,0,45.17486381530762,725047,Gen3_Match4_1752172432.txt,,2025-07-10T18:35:08.732656
3,Gen3_Match7_1752172432,Gen3_Deck7,Gen3_Deck0,Gen3_Deck0,0,1,26.289937019348145,725049,Gen3_Match7_1752172432.txt,,2025-07-10T18:35:19.391061
3,Gen3_Match6_1752172432,Gen3_Deck6,Gen3_Deck0,Gen3_Deck0,0,1,49.34609055519104,725048,Gen3_Match6_1752172432.txt,,2025-07-10T18:35:21.336121
3,Gen3_Match9_1752172432,Gen3_Deck0,Gen3_Deck9,Gen3_Deck0,1,0,23.681452989578247,725049,Gen3_Match9_1752172432.txt,,2025-07-10T18:35:43.072966
3,Gen3_Match8_1752172432,Gen3_Deck0,Gen3_Deck8,Gen3_Deck0,1,0,38.5022714138031,725047,Gen3_Match8_1752172432.txt,,2025-07-10T18:35:47.235427
3,Gen3_Match10_1752172432,Gen3_Deck10,Gen3_Deck0,Gen3_Deck0,0,1,45.56237435340881,725048,Gen3_Match10_1752172432.txt,,2025-07-10T18:36:06.899095
3,Gen3_Match12_1752172432,Gen3_Deck0,Gen3_Deck12,Gen3_Deck0,1,0,20.422260284423828,725047,Gen3_Match12_1752172432.txt,,2025-07-10T18:36:07.658105
3,Gen3_Match11_1752172432,Gen3_Deck0,Gen3_Deck11,Gen3_Deck0,1,0,25.401689052581787,725049,Gen3_Match11_1752172432.txt,,2025-07-10T18:36:08.475155
3,Gen3_Match14_1752172432,Gen3_Deck14,Gen3_Deck0,Gen3_Deck0,0,1,23.759239435195923,725047,Gen3_Match14_1752172432.txt,,2025-07-10T18:36:31.417781
3,Gen3_Match15_1752172432,Gen3_Deck0,Gen3_Deck15,Gen3_Deck0,1,0,27.21873664855957,725049,Gen3_Match15_1752172432.txt,,2025-07-10T18:36:35.694371
3,Gen3_Match13_1752172432,Gen3_Deck13,Gen3_Deck0,Gen3_Deck0,0,1,29.115352153778076,725048,Gen3_Match13_1752172432.txt,,2025-07-10T18:36:36.014926
3,Gen3_Match16_1752172432,Gen3_Deck0,Gen3_Deck16,Gen3_Deck0,1,0,25.629562854766846,725047,Gen3_Match16_1752172432.txt,,2025-07-10T18:36:57.047773
3,Gen3_Match18_1752172432,Gen3_Deck0,Gen3_Deck18,Gen3_Deck0,1,0,31.588480472564697,725048,Gen3_Match18_1752172432.txt,,2025-07-10T18:37:07.603963
3,Gen3_Match19_1752172432,Gen3_Deck0,Gen3_Deck19,Gen3_Deck0,1,0,27.904581546783447,725047,Gen3_Match19_1752172432.txt,,2025-07-10T18:37:24.952815
3,Gen3_Match17_1752172432,Gen3_Deck17,Gen3_Deck0,Gen3_Deck0,0,1,54.365575313568115,725049,Gen3_Match17_1752172432.txt,,2025-07-10T18:37:30.060509
3,Gen3_Match20_1752172432,Gen3_Deck20,Gen3_Deck0,Gen3_Deck0,0,1,31.851991415023804,725048,Gen3_Match20_1752172432.txt,,2025-07-10T18:37:39.456415
3,Gen3_Match21_1752172432,Gen3_Deck21,Gen3_Deck0,Gen3_Deck0,0,1,28.027626752853394,725047,Gen3_Match21_1752172432.txt,,2025-07-10T18:37:52.980928
3,Gen3_Match22_1752172432,Gen3_Deck0,Gen3_Deck22,Gen3_Deck0,1,0,31.863523960113525,725049,Gen3_Match22_1752172432.txt,,2025-07-10T18:38:01.924487
3,Gen3_Match24_1752172432,Gen3_Deck24,Gen3_Deck0,Gen3_Deck0,0,1,23.498158931732178,725047,Gen3_Match24_1752172432.txt,,2025-07-10T18:38:16.479488
3,Gen3_Match25_1752172432,Gen3_Deck0,Gen3_Deck25,Gen3_Deck25,0,1,32.99524688720703,725049,Gen3_Match25_1752172432.txt,,2025-07-10T18:38:34.920193
3,Gen3_Match23_1752172432,Gen3_Deck0,Gen3_Deck23,Gen3_Deck0,1,0,60.01678395271301,725048,Gen3_Match23_1752172432.txt,,2025-07-10T18:38:39.473832
3,Gen3_Match26_1752172432,Gen3_Deck0,Gen3_Deck26,Gen3_Deck0,1,0,41.052457332611084,725047,Gen3_Match26_1752172432.txt,,2025-07-10T18:38:57.532447
3,Gen3_Match27_1752172432,Gen3_Deck27,Gen3_Deck0,Gen3_Deck27,1,0,24.750849723815918,725049,Gen3_Match27_1752172432.txt,,2025-07-10T18:38:59.671479
3,Gen3_Match28_1752172432,Gen3_Deck28,Gen3_Deck0,Gen3_Deck0,0,1,27.966012716293335,725048,Gen3_Match28_1752172432.txt,,2025-07-10T18:39:07.440370
3,Gen3_Match29_1752172432,Gen3_Deck0,Gen3_Deck29,Gen3_Deck0,1,0,21.217455863952637,725047,Gen3_Match29_1752172432.txt,,2025-07-10T18:39:18.750345
3,Gen3_Match30_1752172432,Gen3_Deck30,Gen3_Deck0,Gen3_Deck30,1,0,26.160279035568237,725049,Gen3_Match30_1752172432.txt,,2025-07-10T18:39:25.832233
3,Gen3_Match31_1752172432,Gen3_Deck31,Gen3_Deck0,Gen3_Deck0,0,1,31.445947885513306,725048,Gen3_Match31_1752172432.txt,,2025-07-10T18:39:38.886786
3,Gen3_Match32_1752172432,Gen3_Deck0,Gen3_Deck32,Gen3_Deck0,1,0,30.39971399307251,725047,Gen3_Match32_1752172432.txt,,2025-07-10T18:39:49.150495
3,Gen3_Match33_1752172432,Gen3_Deck0,Gen3_Deck33,Gen3_Deck0,1,0,27.544877529144287,725049,Gen3_Match33_1752172432.txt,,2025-07-10T18:39:53.377625
3,Gen3_Match34_1752172432,Gen3_Deck34,Gen3_Deck0,Gen3_Deck0,0,1,23.30591893196106,725048,Gen3_Match34_1752172432.txt,,2025-07-10T18:40:02.193204
3,Gen3_Match35_1752172432,Gen3_Deck2,Gen3_Deck1,Gen3_Deck1,0,1,39.88952302932739,725047,Gen3_Match35_1752172432.txt,,2025-07-10T18:40:29.040546
3,Gen3_Match36_1752172432,Gen3_Deck3,Gen3_Deck1,Gen3_Deck1,0,1,45.0201051235199,725049,Gen3_Match36_1752172432.txt,,2025-07-10T18:40:38.398288
3,Gen3_Match37_1752172432,Gen3_Deck1,Gen3_Deck4,Gen3_Deck1,1,0,41.842761754989624,725048,Gen3_Match37_1752172432.txt,,2025-07-10T18:40:44.036424
3,Gen3_Match38_1752172432,Gen3_Deck5,Gen3_Deck1,Gen3_Deck1,0,1,27.187418460845947,725047,Gen3_Match38_1752172432.txt,,2025-07-10T18:40:56.228470
3,Gen3_Match40_1752172432,Gen3_Deck1,Gen3_Deck7,Gen3_Deck1,1,0,29.26191282272339,725048,Gen3_Match40_1752172432.txt,,2025-07-10T18:41:13.298787
3,Gen3_Match39_1752172432,Gen3_Deck6,Gen3_Deck1,Gen3_Deck6,1,0,46.4374463558197,725049,Gen3_Match39_1752172432.txt,,2025-07-10T18:41:24.836246
3,Gen3_Match41_1752172432,Gen3_Deck1,Gen3_Deck8,Gen3_Deck8,0,1,29.345635652542114,725047,Gen3_Match41_1752172432.txt,,2025-07-10T18:41:25.574542
3,Gen3_Match42_1752172432,Gen3_Deck9,Gen3_Deck1,Gen3_Deck1,0,1,23.51766848564148,725048,Gen3_Match42_1752172432.txt,,2025-07-10T18:41:36.816932
3,Gen3_Match43_1752172432,Gen3_Deck1,Gen3_Deck10,Gen3_Deck1,1,0,25.124799728393555,725049,Gen3_Match43_1752172432.txt,,2025-07-10T18:41:49.961473
3,Gen3_Match44_1752172432,Gen3_Deck1,Gen3_Deck11,Gen3_Deck1,1,0,25.249210119247437,725047,Gen3_Match44_1752172432.txt,,2025-07-10T18:41:50.824163
3,Gen3_Match47_1752172432,Gen3_Deck1,Gen3_Deck14,Gen3_Deck1,1,0,24.307729482650757,725047,Gen3_Match47_1752172432.txt,,2025-07-10T18:42:15.132317
3,Gen3_Match46_1752172432,Gen3_Deck13,Gen3_Deck1,Gen3_Deck1,0,1,35.55844807624817,725049,Gen3_Match46_1752172432.txt,,2025-07-10T18:42:25.520369
3,Gen3_Match45_1752172432,Gen3_Deck12,Gen3_Deck1,Gen3_Deck12,1,0,57.17097783088684,725048,Gen3_Match45_1752172432.txt,,2025-07-10T18:42:33.988453
3,Gen3_Match48_1752172432,Gen3_Deck1,Gen3_Deck15,Gen3_Deck1,1,0,26.408106565475464,725047,Gen3_Match48_1752172432.txt,,2025-07-10T18:42:41.540885
3,Gen3_Match49_1752172432,Gen3_Deck16,Gen3_Deck1,Gen3_Deck1,0,1,21.275619983673096,725049,Gen3_Match49_1752172432.txt,,2025-07-10T18:42:46.796452
3,Gen3_Match50_1752172432,Gen3_Deck1,Gen3_Deck17,Gen3_Deck1,1,0,28.94226837158203,725048,Gen3_Match50_1752172432.txt,,2025-07-10T18:43:02.931183
3,Gen3_Match52_1752172432,Gen3_Deck1,Gen3_Deck19,Gen3_Deck1,1,0,25.50765323638916,725049,Gen3_Match52_1752172432.txt,,2025-07-10T18:43:12.304594
3,Gen3_Match51_1752172432,Gen3_Deck1,Gen3_Deck18,Gen3_Deck1,1,0,51.320302963256836,725047,Gen3_Match51_1752172432.txt,,2025-07-10T18:43:32.861702
3,Gen3_Match53_1752172432,Gen3_Deck20,Gen3_Deck1,Gen3_Deck1,0,1,34.75291991233826,725048,Gen3_Match53_1752172432.txt,,2025-07-10T18:43:37.684577
3,Gen3_Match54_1752172432,Gen3_Deck1,Gen3_Deck21,Gen3_Deck1,1,0,27.18319606781006,725049,Gen3_Match54_1752172432.txt,,2025-07-10T18:43:39.488270
3,Gen3_Match56_1752172432,Gen3_Deck1,Gen3_Deck23,Gen3_Deck1,1,0,23.275851488113403,725048,Gen3_Match56_1752172432.txt,,2025-07-10T18:44:00.960900
3,Gen3_Match55_1752172432,Gen3_Deck22,Gen3_Deck1,Gen3_Deck1,0,1,32.32624077796936,725047,Gen3_Match55_1752172432.txt,,2025-07-10T18:44:05.188396
3,Gen3_Match57_1752172432,Gen3_Deck24,Gen3_Deck1,Gen3_Deck1,0,1,50.68663716316223,725049,Gen3_Match57_1752172432.txt,,2025-07-10T18:44:30.175391
3,Gen3_Match58_1752172432,Gen3_Deck1,Gen3_Deck25,Gen3_Deck1,1,0,36.526772260665894,725048,Gen3_Match58_1752172432.txt,,2025-07-10T18:44:37.488171
3,Gen3_Match59_1752172432,Gen3_Deck26,Gen3_Deck1,Gen3_Deck1,0,1,32.31543827056885,725047,Gen3_Match59_1752172432.txt,,2025-07-10T18:44:37.504311
3,Gen3_Match62_1752172432,Gen3_Deck1,Gen3_Deck29,Gen3_Deck1,1,0,28.191559314727783,725047,Gen3_Match62_1752172432.txt,,2025-07-10T18:45:05.696321
3,Gen3_Match60_1752172432,Gen3_Deck1,Gen3_Deck27,Gen3_Deck1,1,0,36.55469346046448,725049,Gen3_Match60_1752172432.txt,,2025-07-10T18:45:06.730543
3,Gen3_Match61_1752172432,Gen3_Deck28,Gen3_Deck1,Gen3_Deck28,1,0,44.20253896713257,725048,Gen3_Match61_1752172432.txt,,2025-07-10T18:45:21.691303
3,Gen3_Match63_1752172432,Gen3_Deck30,Gen3_Deck1,Gen3_Deck30,1,0,24.65387535095215,725047,Gen3_Match63_1752172432.txt,,2025-07-10T18:45:30.350620
3,Gen3_Match64_1752172432,Gen3_Deck1,Gen3_Deck31,Gen3_Deck31,0,1,29.22145366668701,725049,Gen3_Match64_1752172432.txt,,2025-07-10T18:45:35.952420
3,Gen3_Match65_1752172432,Gen3_Deck1,Gen3_Deck32,Gen3_Deck1,1,0,27.20985746383667,725048,Gen3_Match65_1752172432.txt,,2025-07-10T18:45:48.901624
3,Gen3_Match67_1752172432,Gen3_Deck34,Gen3_Deck1,Gen3_Deck1,0,1,27.19190001487732,725049,Gen3_Match67_1752172432.txt,,2025-07-10T18:46:03.144756
3,Gen3_Match69_1752172432,Gen3_Deck4,Gen3_Deck2,Gen3_Deck2,0,1,26.796433448791504,725049,Gen3_Match69_1752172432.txt,,2025-07-10T18:46:29.941614
3,Gen3_Match68_1752172432,Gen3_Deck3,Gen3_Deck2,Gen3_Deck3,1,0,55.01421141624451,725048,Gen3_Match68_1752172432.txt,,2025-07-10T18:46:43.916344
3,Gen3_Match70_1752172432,Gen3_Deck2,Gen3_Deck5,Gen3_Deck5,0,1,18.25421953201294,725049,Gen3_Match70_1752172432.txt,,2025-07-10T18:46:48.196243
3,Gen3_Match71_1752172432,Gen3_Deck6,Gen3_Deck2,Gen3_Deck6,1,0,25.883557319641113,725048,Gen3_Match71_1752172432.txt,,2025-07-10T18:47:09.800352
3,Gen3_Match72_1752172432,Gen3_Deck7,Gen3_Deck2,Gen3_Deck7,1,0,34.73034620285034,725049,Gen3_Match72_1752172432.txt,,2025-07-10T18:47:22.927173
3,Gen3_Match73_1752172432,Gen3_Deck2,Gen3_Deck8,Gen3_Deck2,1,0,27.238072395324707,725048,Gen3_Match73_1752172432.txt,,2025-07-10T18:47:37.038928
3,Gen3_Match66_1752172432,Gen3_Deck1,Gen3_Deck33,Gen3_Deck1,1,0,133.74126529693604,725047,Gen3_Match66_1752172432.txt,,2025-07-10T18:47:44.092384
3,Gen3_Match74_1752172432,Gen3_Deck2,Gen3_Deck9,Gen3_Deck2,1,0,30.710743188858032,725049,Gen3_Match74_1752172432.txt,,2025-07-10T18:47:53.647662
3,Gen3_Match75_1752172432,Gen3_Deck10,Gen3_Deck2,Gen3_Deck10,1,0,29.678941249847412,725048,Gen3_Match75_1752172432.txt,,2025-07-10T18:48:06.718290
3,Gen3_Match77_1752172432,Gen3_Deck2,Gen3_Deck12,Gen3_Deck12,0,1,28.2601637840271,725049,Gen3_Match77_1752172432.txt,,2025-07-10T18:48:21.908274
3,Gen3_Match76_1752172432,Gen3_Deck11,Gen3_Deck2,Gen3_Deck2,0,1,47.02497696876526,725047,Gen3_Match76_1752172432.txt,,2025-07-10T18:48:31.117962
3,Gen3_Match78_1752172432,Gen3_Deck13,Gen3_Deck2,Gen3_Deck2,0,1,27.969550609588623,725048,Gen3_Match78_1752172432.txt,,2025-07-10T18:48:34.688313
3,Gen3_Match79_1752172432,Gen3_Deck14,Gen3_Deck2,Gen3_Deck2,0,1,25.5378360748291,725049,Gen3_Match79_1752172432.txt,,2025-07-10T18:48:47.446544
3,Gen3_Match80_1752172432,Gen3_Deck2,Gen3_Deck15,Gen3_Deck15,0,1,28.690528392791748,725047,Gen3_Match80_1752172432.txt,,2025-07-10T18:48:59.808976
3,Gen3_Match83_1752172432,Gen3_Deck18,Gen3_Deck2,Gen3_Deck18,1,0,20.819897174835205,725047,Gen3_Match83_1752172432.txt,,2025-07-10T18:49:20.629424
3,Gen3_Match82_1752172432,Gen3_Deck17,Gen3_Deck2,Gen3_Deck2,0,1,38.293474435806274,725049,Gen3_Match82_1752172432.txt,,2025-07-10T18:49:25.740529
3,Gen3_Match84_1752172432,Gen3_Deck2,Gen3_Deck19,Gen3_Deck19,0,1,20.808592081069946,725047,Gen3_Match84_1752172432.txt,,2025-07-10T18:49:41.438523
3,Gen3_Match85_1752172432,Gen3_Deck20,Gen3_Deck2,Gen3_Deck2,0,1,24.7011559009552,725049,Gen3_Match85_1752172432.txt,,2025-07-10T18:49:50.442196
3,Gen3_Match81_1752172432,Gen3_Deck2,Gen3_Deck16,Gen3_Deck16,0,1,88.72765779495239,725048,Gen3_Match81_1752172432.txt,,2025-07-10T18:50:03.416600
3,Gen3_Match86_1752172432,Gen3_Deck21,Gen3_Deck2,Gen3_Deck21,1,0,27.801844596862793,725047,Gen3_Match86_1752172432.txt,,2025-07-10T18:50:09.240846
3,Gen3_Match87_1752172432,Gen3_Deck2,Gen3_Deck22,Gen3_Deck2,1,0,32.852635860443115,725049,Gen3_Match87_1752172432.txt,,2025-07-10T18:50:23.295320
3,Gen3_Match88_1752172432,Gen3_Deck2,Gen3_Deck23,Gen3_Deck2,1,0,43.14665937423706,725048,Gen3_Match88_1752172432.txt,,2025-07-10T18:50:46.563800
3,Gen3_Match90_1752172432,Gen3_Deck2,Gen3_Deck25,Gen3_Deck2,1,0,23.64989447593689,725049,Gen3_Match90_1752172432.txt,,2025-07-10T18:50:46.945646
3,Gen3_Match89_1752172432,Gen3_Deck24,Gen3_Deck2,Gen3_Deck2,0,1,39.6549928188324,725047,Gen3_Match89_1752172432.txt,,2025-07-10T18:50:48.896300
3,Gen3_Match93_1752172432,Gen3_Deck28,Gen3_Deck2,Gen3_Deck28,1,0,23.49987006187439,725047,Gen3_Match93_1752172432.txt,,2025-07-10T18:51:12.396604
3,Gen3_Match91_1752172432,Gen3_Deck2,Gen3_Deck26,Gen3_Deck2,1,0,28.268401861190796,725048,Gen3_Match91_1752172432.txt,,2025-07-10T18:51:14.832695
3,Gen3_Match92_1752172432,Gen3_Deck27,Gen3_Deck2,Gen3_Deck2,0,1,35.70223426818848,725049,Gen3_Match92_1752172432.txt,,2025-07-10T18:51:22.648343
3,Gen3_Match95_1752172432,Gen3_Deck2,Gen3_Deck30,Gen3_Deck30,0,1,29.659173011779785,725048,Gen3_Match95_1752172432.txt,,2025-07-10T18:51:44.492332
3,Gen3_Match96_1752172432,Gen3_Deck31,Gen3_Deck2,Gen3_Deck31,1,0,27.331523418426514,725049,Gen3_Match96_1752172432.txt,,2025-07-10T18:51:49.980306
3,Gen3_Match94_1752172432,Gen3_Deck2,Gen3_Deck29,Gen3_Deck2,1,0,51.82178330421448,725047,Gen3_Match94_1752172432.txt,,2025-07-10T18:52:04.218963
3,Gen3_Match99_1752172432,Gen3_Deck34,Gen3_Deck2,Gen3_Deck34,1,0,21.95720863342285,725047,Gen3_Match99_1752172432.txt,,2025-07-10T18:52:26.176702
3,Gen3_Match98_1752172432,Gen3_Deck2,Gen3_Deck33,Gen3_Deck33,0,1,37.94749140739441,725049,Gen3_Match98_1752172432.txt,,2025-07-10T18:52:27.928265
3,Gen3_Match100_1752172432,Gen3_Deck4,Gen3_Deck3,Gen3_Deck4,1,0,37.459136724472046,725047,Gen3_Match100_1752172432.txt,,2025-07-10T18:53:03.636362
3,Gen3_Match102_1752172432,Gen3_Deck6,Gen3_Deck3,Gen3_Deck3,0,1,24.730217456817627,725047,Gen3_Match102_1752172432.txt,,2025-07-10T18:53:28.367087
3,Gen3_Match103_1752172432,Gen3_Deck7,Gen3_Deck3,Gen3_Deck3,0,1,25.547187328338623,725047,Gen3_Match103_1752172432.txt,,2025-07-10T18:53:53.915054
3,Gen3_Match97_1752172432,Gen3_Deck2,Gen3_Deck32,Gen3_Deck2,1,0,133.5034954547882,725048,Gen3_Match97_1752172432.txt,,2025-07-10T18:53:57.996426
3,Gen3_Match101_1752172432,Gen3_Deck3,Gen3_Deck5,Gen3_Deck5,0,1,90.10354280471802,725049,Gen3_Match101_1752172432.txt,,2025-07-10T18:53:58.032284
3,Gen3_Match106_1752172432,Gen3_Deck10,Gen3_Deck3,Gen3_Deck10,1,0,30.763575553894043,725049,Gen3_Match106_1752172432.txt,,2025-07-10T18:54:28.796296
3,Gen3_Match104_1752172432,Gen3_Deck3,Gen3_Deck8,Gen3_Deck3,1,0,40.30070686340332,725047,Gen3_Match104_1752172432.txt,,2025-07-10T18:54:34.216372
3,Gen3_Match107_1752172432,Gen3_Deck11,Gen3_Deck3,Gen3_Deck3,0,1,22.48641061782837,725049,Gen3_Match107_1752172432.txt,,2025-07-10T18:54:51.283149
3,Gen3_Match109_1752172432,Gen3_Deck13,Gen3_Deck3,Gen3_Deck3,0,1,21.996521949768066,725049,Gen3_Match109_1752172432.txt,,2025-07-10T18:55:13.280075
3,Gen3_Match108_1752172432,Gen3_Deck3,Gen3_Deck12,Gen3_Deck12,0,1,48.25456476211548,725047,Gen3_Match108_1752172432.txt,,2025-07-10T18:55:22.471468
3,Gen3_Match111_1752172432,Gen3_Deck3,Gen3_Deck15,Gen3_Deck15,0,1,27.748001098632812,725047,Gen3_Match111_1752172432.txt,,2025-07-10T18:55:50.219947
3,Gen3_Match110_1752172432,Gen3_Deck14,Gen3_Deck3,Gen3_Deck3,0,1,46.68785071372986,725049,Gen3_Match110_1752172432.txt,,2025-07-10T18:55:59.968459
3,Gen3_Match112_1752172432,Gen3_Deck3,Gen3_Deck16,Gen3_Deck3,1,0,20.199280261993408,725047,Gen3_Match112_1752172432.txt,,2025-07-10T18:56:10.419726
3,Gen3_Match105_1752172432,Gen3_Deck3,Gen3_Deck9,Gen3_Deck3,1,0,133.13972115516663,725048,Gen3_Match105_1752172432.txt,,2025-07-10T18:56:11.136631
3,Gen3_Match113_1752172432,Gen3_Deck17,Gen3_Deck3,Gen3_Deck3,0,1,32.90184283256531,725049,Gen3_Match113_1752172432.txt,,2025-07-10T18:56:32.870766
3,Gen3_Match115_1752172432,Gen3_Deck3,Gen3_Deck19,Gen3_Deck19,0,1,28.093513011932373,725048,Gen3_Match115_1752172432.txt,,2025-07-10T18:56:39.230805
3,Gen3_Match116_1752172432,Gen3_Deck20,Gen3_Deck3,Gen3_Deck3,0,1,29.348007202148438,725049,Gen3_Match116_1752172432.txt,,2025-07-10T18:57:02.219240
3,Gen3_Match114_1752172432,Gen3_Deck3,Gen3_Deck18,Gen3_Deck3,1,0,51.98317313194275,725047,Gen3_Match114_1752172432.txt,,2025-07-10T18:57:02.403404
3,Gen3_Match117_1752172432,Gen3_Deck21,Gen3_Deck3,Gen3_Deck21,1,0,43.80887055397034,725048,Gen3_Match117_1752172432.txt,,2025-07-10T18:57:23.040299
3,Gen3_Match119_1752172432,Gen3_Deck23,Gen3_Deck3,Gen3_Deck23,1,0,26.440494537353516,725047,Gen3_Match119_1752172432.txt,,2025-07-10T18:57:28.844354
3,Gen3_Match118_1752172432,Gen3_Deck3,Gen3_Deck22,Gen3_Deck3,1,0,28.415043115615845,725049,Gen3_Match118_1752172432.txt,,2025-07-10T18:57:30.634687
3,Gen3_Match120_1752172432,Gen3_Deck24,Gen3_Deck3,Gen3_Deck24,1,0,23.70450496673584,725048,Gen3_Match120_1752172432.txt,,2025-07-10T18:57:46.745296
3,Gen3_Match122_1752172432,Gen3_Deck3,Gen3_Deck26,Gen3_Deck3,1,0,27.37360167503357,725049,Gen3_Match122_1752172432.txt,,2025-07-10T18:57:58.008735
3,Gen3_Match121_1752172432,Gen3_Deck25,Gen3_Deck3,Gen3_Deck25,1,0,39.722349405288696,725047,Gen3_Match121_1752172432.txt,,2025-07-10T18:58:08.567178
3,Gen3_Match123_1752172432,Gen3_Deck27,Gen3_Deck3,Gen3_Deck27,1,0,29.796460390090942,725048,Gen3_Match123_1752172432.txt,,2025-07-10T18:58:16.542229
3,Gen3_Match124_1752172432,Gen3_Deck28,Gen3_Deck3,Gen3_Deck3,0,1,27.387279272079468,725049,Gen3_Match124_1752172432.txt,,2025-07-10T18:58:25.396468
3,Gen3_Match126_1752172432,Gen3_Deck3,Gen3_Deck30,Gen3_Deck3,1,0,25.49781584739685,725048,Gen3_Match126_1752172432.txt,,2025-07-10T18:58:42.040489
3,Gen3_Match125_1752172432,Gen3_Deck3,Gen3_Deck29,Gen3_Deck29,0,1,40.72845149040222,725047,Gen3_Match125_1752172432.txt,,2025-07-10T18:58:49.296146
3,Gen3_Match127_1752172432,Gen3_Deck31,Gen3_Deck3,Gen3_Deck31,1,0,26.75154185295105,725049,Gen3_Match127_1752172432.txt,,2025-07-10T18:58:52.148471
3,Gen3_Match128_1752172432,Gen3_Deck3,Gen3_Deck32,Gen3_Deck3,1,0,30.40352749824524,725048,Gen3_Match128_1752172432.txt,,2025-07-10T18:59:12.444504
3,Gen3_Match129_1752172432,Gen3_Deck3,Gen3_Deck33,Gen3_Deck3,1,0,24.21711754798889,725047,Gen3_Match129_1752172432.txt,,2025-07-10T18:59:13.513701
3,Gen3_Match132_1752172432,Gen3_Deck4,Gen3_Deck6,Gen3_Deck4,1,0,22.038084506988525,725047,Gen3_Match132_1752172432.txt,,2025-07-10T18:59:35.552194
3,Gen3_Match131_1752172432,Gen3_Deck4,Gen3_Deck5,Gen3_Deck5,0,1,30.229737758636475,725048,Gen3_Match131_1752172432.txt,,2025-07-10T18:59:42.674714
3,Gen3_Match130_1752172432,Gen3_Deck34,Gen3_Deck3,Gen3_Deck3,0,1,74.37056684494019,725049,Gen3_Match130_1752172432.txt,,2025-07-10T19:00:06.519571
3,Gen3_Match134_1752172432,Gen3_Deck4,Gen3_Deck8,Gen3_Deck4,1,0,24.51198720932007,725048,Gen3_Match134_1752172432.txt,,2025-07-10T19:00:07.187212
3,Gen3_Match133_1752172432,Gen3_Deck7,Gen3_Deck4,Gen3_Deck4,0,1,34.55683660507202,725047,Gen3_Match133_1752172432.txt,,2025-07-10T19:00:10.109508
3,Gen3_Match137_1752172432,Gen3_Deck4,Gen3_Deck11,Gen3_Deck4,1,0,38.130504846572876,725047,Gen3_Match137_1752172432.txt,,2025-07-10T19:00:48.240515
3,Gen3_Match135_1752172432,Gen3_Deck4,Gen3_Deck9,Gen3_Deck9,0,1,49.64435052871704,725049,Gen3_Match135_1752172432.txt,,2025-07-10T19:00:56.164424
3,Gen3_Match136_1752172432,Gen3_Deck10,Gen3_Deck4,Gen3_Deck10,1,0,56.387009143829346,725048,Gen3_Match136_1752172432.txt,,2025-07-10T19:01:03.575065
3,Gen3_Match138_1752172432,Gen3_Deck4,Gen3_Deck12,Gen3_Deck12,0,1,28.078860998153687,725047,Gen3_Match138_1752172432.txt,,2025-07-10T19:01:16.319895
3,Gen3_Match139_1752172432,Gen3_Deck13,Gen3_Deck4,Gen3_Deck13,1,0,31.763421058654785,725049,Gen3_Match139_1752172432.txt,,2025-07-10T19:01:27.928261
3,Gen3_Match140_1752172432,Gen3_Deck14,Gen3_Deck4,Gen3_Deck4,0,1,24.87436318397522,725048,Gen3_Match140_1752172432.txt,,2025-07-10T19:01:28.449899
3,Gen3_Match141_1752172432,Gen3_Deck4,Gen3_Deck15,Gen3_Deck4,1,0,21.299617528915405,725047,Gen3_Match141_1752172432.txt,,2025-07-10T19:01:37.619931
3,Gen3_Match143_1752172432,Gen3_Deck17,Gen3_Deck4,Gen3_Deck4,0,1,34.22956967353821,725048,Gen3_Match143_1752172432.txt,,2025-07-10T19:02:02.679962
3,Gen3_Match142_1752172432,Gen3_Deck4,Gen3_Deck16,Gen3_Deck4,1,0,58.697059631347656,725049,Gen3_Match142_1752172432.txt,,2025-07-10T19:02:26.625823
3,Gen3_Match145_1752172432,Gen3_Deck4,Gen3_Deck19,Gen3_Deck19,0,1,25.72797703742981,725048,Gen3_Match145_1752172432.txt,,2025-07-10T19:02:28.408426
3,Gen3_Match146_1752172432,Gen3_Deck20,Gen3_Deck4,Gen3_Deck20,1,0,23.14768934249878,725049,Gen3_Match146_1752172432.txt,,2025-07-10T19:02:49.773970
3,Gen3_Match147_1752172432,Gen3_Deck21,Gen3_Deck4,Gen3_Deck4,0,1,28.927448511123657,725048,Gen3_Match147_1752172432.txt,,2025-07-10T19:02:57.336336
3,Gen3_Match148_1752172432,Gen3_Deck4,Gen3_Deck22,Gen3_Deck4,1,0,24.25991439819336,725049,Gen3_Match148_1752172432.txt,,2025-07-10T19:03:14.034350
3,Gen3_Match150_1752172432,Gen3_Deck24,Gen3_Deck4,Gen3_Deck4,0,1,25.909590005874634,725049,Gen3_Match150_1752172432.txt,,2025-07-10T19:03:39.944416
3,Gen3_Match149_1752172432,Gen3_Deck4,Gen3_Deck23,Gen3_Deck4,1,0,44.65444540977478,725048,Gen3_Match149_1752172432.txt,,2025-07-10T19:03:41.991271
3,Gen3_Match144_1752172432,Gen3_Deck18,Gen3_Deck4,Gen3_Deck18,1,0,133.06388354301453,725047,Gen3_Match144_1752172432.txt,,2025-07-10T19:03:50.684297
3,Gen3_Match152_1752172432,Gen3_Deck4,Gen3_Deck26,Gen3_Deck26,0,1,28.367863416671753,725048,Gen3_Match152_1752172432.txt,,2025-07-10T19:04:10.359596
3,Gen3_Match154_1752172432,Gen3_Deck28,Gen3_Deck4,Gen3_Deck4,0,1,22.33012318611145,725048,Gen3_Match154_1752172432.txt,,2025-07-10T19:04:32.690200
3,Gen3_Match151_1752172432,Gen3_Deck4,Gen3_Deck25,Gen3_Deck25,0,1,67.08853936195374,725049,Gen3_Match151_1752172432.txt,,2025-07-10T19:04:47.033525
3,Gen3_Match155_1752172432,Gen3_Deck4,Gen3_Deck29,Gen3_Deck29,0,1,24.508124113082886,725048,Gen3_Match155_1752172432.txt,,2025-07-10T19:04:57.198835
3,Gen3_Match153_1752172432,Gen3_Deck4,Gen3_Deck27,Gen3_Deck4,1,0,67.02721428871155,725047,Gen3_Match153_1752172432.txt,,2025-07-10T19:04:57.711999
3,Gen3_Match158_1752172432,Gen3_Deck32,Gen3_Deck4,Gen3_Deck4,0,1,21.79838275909424,725047,Gen3_Match158_1752172432.txt,,2025-07-10T19:05:19.510869
3,Gen3_Match156_1752172432,Gen3_Deck30,Gen3_Deck4,Gen3_Deck30,1,0,32.639599323272705,725049,Gen3_Match156_1752172432.txt,,2025-07-10T19:05:19.673671
3,Gen3_Match157_1752172432,Gen3_Deck31,Gen3_Deck4,Gen3_Deck31,1,0,34.77341365814209,725048,Gen3_Match157_1752172432.txt,,2025-07-10T19:05:31.972764
3,Gen3_Match160_1752172432,Gen3_Deck34,Gen3_Deck4,Gen3_Deck34,1,0,33.266332387924194,725049,Gen3_Match160_1752172432.txt,,2025-07-10T19:05:52.940492
3,Gen3_Match161_1752172432,Gen3_Deck5,Gen3_Deck6,Gen3_Deck5,1,0,26.937244415283203,725048,Gen3_Match161_1752172432.txt,,2025-07-10T19:05:58.910570
3,Gen3_Match159_1752172432,Gen3_Deck4,Gen3_Deck33,Gen3_Deck4,1,0,41.06501913070679,725047,Gen3_Match159_1752172432.txt,,2025-07-10T19:06:00.576412
3,Gen3_Match163_1752172432,Gen3_Deck5,Gen3_Deck8,Gen3_Deck5,1,0,26.114845514297485,725048,Gen3_Match163_1752172432.txt,,2025-07-10T19:06:25.025987
3,Gen3_Match164_1752172432,Gen3_Deck5,Gen3_Deck9,Gen3_Deck9,0,1,37.37699604034424,725047,Gen3_Match164_1752172432.txt,,2025-07-10T19:06:37.953941
3,Gen3_Match165_1752172432,Gen3_Deck10,Gen3_Deck5,Gen3_Deck5,0,1,29.84055209159851,725048,Gen3_Match165_1752172432.txt,,2025-07-10T19:06:54.867108
3,Gen3_Match166_1752172432,Gen3_Deck11,Gen3_Deck5,Gen3_Deck11,1,0,41.42686700820923,725047,Gen3_Match166_1752172432.txt,,2025-07-10T19:07:19.381684
3,Gen3_Match167_1752172432,Gen3_Deck5,Gen3_Deck12,Gen3_Deck5,1,0,27.40219020843506,725048,Gen3_Match167_1752172432.txt,,2025-07-10T19:07:22.269792
3,Gen3_Match169_1752172432,Gen3_Deck14,Gen3_Deck5,Gen3_Deck5,0,1,19.859958171844482,725048,Gen3_Match169_1752172432.txt,,2025-07-10T19:07:42.130224
3,Gen3_Match168_1752172432,Gen3_Deck5,Gen3_Deck13,Gen3_Deck13,0,1,23.45704960823059,725047,Gen3_Match168_1752172432.txt,,2025-07-10T19:07:42.839345
3,Gen3_Match171_1752172432,Gen3_Deck5,Gen3_Deck16,Gen3_Deck5,1,0,20.269742965698242,725047,Gen3_Match171_1752172432.txt,,2025-07-10T19:08:03.109545
3,Gen3_Match162_1752172432,Gen3_Deck7,Gen3_Deck5,Gen3_Deck7,1,0,133.49642610549927,725049,Gen3_Match162_1752172432.txt,,2025-07-10T19:08:06.437483
3,Gen3_Match170_1752172432,Gen3_Deck5,Gen3_Deck15,Gen3_Deck5,1,0,24.335716485977173,725048,Gen3_Match170_1752172432.txt,,2025-07-10T19:08:06.466360
3,Gen3_Match174_1752172432,Gen3_Deck5,Gen3_Deck19,Gen3_Deck19,0,1,24.829779148101807,725048,Gen3_Match174_1752172432.txt,,2025-07-10T19:08:31.296559
3,Gen3_Match172_1752172432,Gen3_Deck17,Gen3_Deck5,Gen3_Deck5,0,1,28.612674474716187,725047,Gen3_Match172_1752172432.txt,,2025-07-10T19:08:31.722721
3,Gen3_Match175_1752172432,Gen3_Deck20,Gen3_Deck5,Gen3_Deck20,1,0,27.438682079315186,725048,Gen3_Match175_1752172432.txt,,2025-07-10T19:08:58.735815
3,Gen3_Match176_1752172432,Gen3_Deck21,Gen3_Deck5,Gen3_Deck21,1,0,38.85323643684387,725047,Gen3_Match176_1752172432.txt,,2025-07-10T19:09:10.576552
3,Gen3_Match177_1752172432,Gen3_Deck5,Gen3_Deck22,Gen3_Deck5,1,0,23.826456546783447,725048,Gen3_Match177_1752172432.txt,,2025-07-10T19:09:22.562769
3,Gen3_Match178_1752172432,Gen3_Deck5,Gen3_Deck23,Gen3_Deck5,1,0,20.803390979766846,725047,Gen3_Match178_1752172432.txt,,2025-07-10T19:09:31.380476
3,Gen3_Match179_1752172432,Gen3_Deck24,Gen3_Deck5,Gen3_Deck5,0,1,22.838956594467163,725048,Gen3_Match179_1752172432.txt,,2025-07-10T19:09:45.402245
3,Gen3_Match180_1752172432,Gen3_Deck25,Gen3_Deck5,Gen3_Deck25,1,0,21.609187364578247,725047,Gen3_Match180_1752172432.txt,,2025-07-10T19:09:52.990087
3,Gen3_Match173_1752172432,Gen3_Deck18,Gen3_Deck5,Gen3_Deck5,0,1,127.64731907844543,725049,Gen3_Match173_1752172432.txt,,2025-07-10T19:10:14.085357
3,Gen3_Match181_1752172432,Gen3_Deck5,Gen3_Deck26,Gen3_Deck26,0,1,29.049888372421265,725048,Gen3_Match181_1752172432.txt,,2025-07-10T19:10:14.452652
3,Gen3_Match182_1752172432,Gen3_Deck27,Gen3_Deck5,Gen3_Deck5,0,1,28.254209756851196,725047,Gen3_Match182_1752172432.txt,,2025-07-10T19:10:21.244771
3,Gen3_Match183_1752172432,Gen3_Deck28,Gen3_Deck5,Gen3_Deck5,0,1,24.79923176765442,725049,Gen3_Match183_1752172432.txt,,2025-07-10T19:10:38.885082
3,Gen3_Match184_1752172432,Gen3_Deck5,Gen3_Deck29,Gen3_Deck5,1,0,25.587976217269897,725048,Gen3_Match184_1752172432.txt,,2025-07-10T19:10:40.041122
3,Gen3_Match185_1752172432,Gen3_Deck5,Gen3_Deck30,Gen3_Deck5,1,0,23.37365198135376,725047,Gen3_Match185_1752172432.txt,,2025-07-10T19:10:44.618959
3,Gen3_Match186_1752172432,Gen3_Deck31,Gen3_Deck5,Gen3_Deck5,0,1,24.819302797317505,725049,Gen3_Match186_1752172432.txt,,2025-07-10T19:11:03.704835
3,Gen3_Match187_1752172432,Gen3_Deck32,Gen3_Deck5,Gen3_Deck5,0,1,26.03232479095459,725048,Gen3_Match187_1752172432.txt,,2025-07-10T19:11:06.073946
3,Gen3_Match188_1752172432,Gen3_Deck5,Gen3_Deck33,Gen3_Deck33,0,1,22.90103030204773,725047,Gen3_Match188_1752172432.txt,,2025-07-10T19:11:07.520456
3,Gen3_Match189_1752172432,Gen3_Deck34,Gen3_Deck5,Gen3_Deck5,0,1,30.235249757766724,725049,Gen3_Match189_1752172432.txt,,2025-07-10T19:11:33.940573
3,Gen3_Match190_1752172432,Gen3_Deck6,Gen3_Deck7,Gen3_Deck6,1,0,30.375362634658813,725048,Gen3_Match190_1752172432.txt,,2025-07-10T19:11:36.449797
3,Gen3_Match191_1752172432,Gen3_Deck6,Gen3_Deck8,Gen3_Deck8,0,1,47.09378266334534,725047,Gen3_Match191_1752172432.txt,,2025-07-10T19:11:54.614736
3,Gen3_Match193_1752172432,Gen3_Deck6,Gen3_Deck10,Gen3_Deck6,1,0,26.17406988143921,725048,Gen3_Match193_1752172432.txt,,2025-07-10T19:12:02.624372
3,Gen3_Match195_1752172432,Gen3_Deck12,Gen3_Deck6,Gen3_Deck6,0,1,19.67953872680664,725048,Gen3_Match195_1752172432.txt,,2025-07-10T19:12:22.304400
3,Gen3_Match194_1752172432,Gen3_Deck6,Gen3_Deck11,Gen3_Deck11,0,1,43.612919330596924,725047,Gen3_Match194_1752172432.txt,,2025-07-10T19:12:38.228183
3,Gen3_Match196_1752172432,Gen3_Deck13,Gen3_Deck6,Gen3_Deck6,0,1,27.93965172767639,725048,Gen3_Match196_1752172432.txt,,2025-07-10T19:12:50.244556
3,Gen3_Match197_1752172432,Gen3_Deck6,Gen3_Deck14,Gen3_Deck6,1,0,27.087661504745483,725047,Gen3_Match197_1752172432.txt,,2025-07-10T19:13:05.316349
3,Gen3_Match198_1752172432,Gen3_Deck15,Gen3_Deck6,Gen3_Deck6,0,1,28.69668483734131,725048,Gen3_Match198_1752172432.txt,,2025-07-10T19:13:18.941757
3,Gen3_Match192_1752172432,Gen3_Deck9,Gen3_Deck6,Gen3_Deck6,0,1,114.7755491733551,725049,Gen3_Match192_1752172432.txt,,2025-07-10T19:13:28.716659
3,Gen3_Match199_1752172432,Gen3_Deck16,Gen3_Deck6,Gen3_Deck6,0,1,32.98359489440918,725047,Gen3_Match199_1752172432.txt,,2025-07-10T19:13:38.300430
3,Gen3_Match200_1752172432,Gen3_Deck6,Gen3_Deck17,Gen3_Deck6,1,0,37.258304834365845,725048,Gen3_Match200_1752172432.txt,,2025-07-10T19:13:56.200554
3,Gen3_Match201_1752172432,Gen3_Deck6,Gen3_Deck18,Gen3_Deck6,1,0,55.284934520721436,725049,Gen3_Match201_1752172432.txt,,2025-07-10T19:14:24.002111
3,Gen3_Match203_1752172432,Gen3_Deck20,Gen3_Deck6,Gen3_Deck6,0,1,36.48238706588745,725048,Gen3_Match203_1752172432.txt,,2025-07-10T19:14:32.683581
3,Gen3_Match202_1752172432,Gen3_Deck19,Gen3_Deck6,Gen3_Deck19,1,0,60.046634674072266,725047,Gen3_Match202_1752172432.txt,,2025-07-10T19:14:38.347642
3,Gen3_Match205_1752172432,Gen3_Deck22,Gen3_Deck6,Gen3_Deck6,0,1,26.314631462097168,725048,Gen3_Match205_1752172432.txt,,2025-07-10T19:14:58.998720
3,Gen3_Match204_1752172432,Gen3_Deck6,Gen3_Deck21,Gen3_Deck21,0,1,36.509981870651245,725049,Gen3_Match204_1752172432.txt,,2025-07-10T19:15:00.512560
3,Gen3_Match206_1752172432,Gen3_Deck23,Gen3_Deck6,Gen3_Deck6,0,1,40.978039264678955,725047,Gen3_Match206_1752172432.txt,,2025-07-10T19:15:19.326202
3,Gen3_Match208_1752172432,Gen3_Deck6,Gen3_Deck25,Gen3_Deck25,0,1,24.991440057754517,725049,Gen3_Match208_1752172432.txt,,2025-07-10T19:15:25.504451
3,Gen3_Match207_1752172432,Gen3_Deck6,Gen3_Deck24,Gen3_Deck6,1,0,49.37392973899841,725048,Gen3_Match207_1752172432.txt,,2025-07-10T19:15:48.373190
3,Gen3_Match210_1752172432,Gen3_Deck6,Gen3_Deck27,Gen3_Deck6,1,0,27.2679123878479,725049,Gen3_Match210_1752172432.txt,,2025-07-10T19:15:52.772880
3,Gen3_Match209_1752172432,Gen3_Deck26,Gen3_Deck6,Gen3_Deck6,0,1,48.9282488822937,725047,Gen3_Match209_1752172432.txt,,2025-07-10T19:16:08.255015
3,Gen3_Match211_1752172432,Gen3_Deck6,Gen3_Deck28,Gen3_Deck6,1,0,26.90680432319641,725048,Gen3_Match211_1752172432.txt,,2025-07-10T19:16:15.280502
3,Gen3_Match212_1752172432,Gen3_Deck6,Gen3_Deck29,Gen3_Deck6,1,0,32.351590633392334,725049,Gen3_Match212_1752172432.txt,,2025-07-10T19:16:25.125006
3,Gen3_Match213_1752172432,Gen3_Deck30,Gen3_Deck6,Gen3_Deck30,1,0,27.33700203895569,725047,Gen3_Match213_1752172432.txt,,2025-07-10T19:16:35.592521
3,Gen3_Match216_1752172432,Gen3_Deck6,Gen3_Deck33,Gen3_Deck6,1,0,27.04193615913391,725047,Gen3_Match216_1752172432.txt,,2025-07-10T19:17:02.635005
3,Gen3_Match214_1752172432,Gen3_Deck6,Gen3_Deck31,Gen3_Deck31,0,1,51.255006551742554,725048,Gen3_Match214_1752172432.txt,,2025-07-10T19:17:06.536059
3,Gen3_Match215_1752172432,Gen3_Deck6,Gen3_Deck32,Gen3_Deck32,0,1,45.28708481788635,725049,Gen3_Match215_1752172432.txt,,2025-07-10T19:17:10.412616
3,Gen3_Match218_1752172432,Gen3_Deck7,Gen3_Deck8,Gen3_Deck8,0,1,27.814717531204224,725048,Gen3_Match218_1752172432.txt,,2025-07-10T19:17:34.351236
3,Gen3_Match217_1752172432,Gen3_Deck34,Gen3_Deck6,Gen3_Deck34,1,0,43.233089208602905,725047,Gen3_Match217_1752172432.txt,,2025-07-10T19:17:45.868643
3,Gen3_Match221_1752172432,Gen3_Deck11,Gen3_Deck7,Gen3_Deck11,1,0,25.639325380325317,725047,Gen3_Match221_1752172432.txt,,2025-07-10T19:18:11.508579
3,Gen3_Match220_1752172432,Gen3_Deck10,Gen3_Deck7,Gen3_Deck7,0,1,40.14602565765381,725048,Gen3_Match220_1752172432.txt,,2025-07-10T19:18:14.497777
3,Gen3_Match222_1752172432,Gen3_Deck7,Gen3_Deck12,Gen3_Deck7,1,0,38.2918438911438,725047,Gen3_Match222_1752172432.txt,,2025-07-10T19:18:49.801019
3,Gen3_Match223_1752172432,Gen3_Deck13,Gen3_Deck7,Gen3_Deck7,0,1,42.15434455871582,725048,Gen3_Match223_1752172432.txt,,2025-07-10T19:18:56.652694
3,Gen3_Match224_1752172432,Gen3_Deck14,Gen3_Deck7,Gen3_Deck7,0,1,23.940932750701904,725047,Gen3_Match224_1752172432.txt,,2025-07-10T19:19:13.742433
3,Gen3_Match225_1752172432,Gen3_Deck7,Gen3_Deck15,Gen3_Deck7,1,0,21.59532594680786,725048,Gen3_Match225_1752172432.txt,,2025-07-10T19:19:18.248509
3,Gen3_Match219_1752172432,Gen3_Deck7,Gen3_Deck9,Gen3_Deck7,1,0,133.29136300086975,725049,Gen3_Match219_1752172432.txt,,2025-07-10T19:19:23.704519
3,Gen3_Match227_1752172432,Gen3_Deck17,Gen3_Deck7,Gen3_Deck7,0,1,26.964786529541016,725048,Gen3_Match227_1752172432.txt,,2025-07-10T19:19:45.213818
3,Gen3_Match226_1752172432,Gen3_Deck7,Gen3_Deck16,Gen3_Deck7,1,0,40.297645807266235,725047,Gen3_Match226_1752172432.txt,,2025-07-10T19:19:54.040615
3,Gen3_Match229_1752172432,Gen3_Deck7,Gen3_Deck19,Gen3_Deck7,1,0,27.520989418029785,725048,Gen3_Match229_1752172432.txt,,2025-07-10T19:20:12.735289
3,Gen3_Match230_1752172432,Gen3_Deck20,Gen3_Deck7,Gen3_Deck7,0,1,30.118319034576416,725047,Gen3_Match230_1752172432.txt,,2025-07-10T19:20:24.159489
3,Gen3_Match228_1752172432,Gen3_Deck7,Gen3_Deck18,Gen3_Deck18,0,1,69.02920579910278,725049,Gen3_Match228_1752172432.txt,,2025-07-10T19:20:32.734240
3,Gen3_Match231_1752172432,Gen3_Deck21,Gen3_Deck7,Gen3_Deck7,0,1,27.396835803985596,725048,Gen3_Match231_1752172432.txt,,2025-07-10T19:20:40.132622
3,Gen3_Match234_1752172432,Gen3_Deck24,Gen3_Deck7,Gen3_Deck24,1,0,27.877700567245483,725048,Gen3_Match234_1752172432.txt,,2025-07-10T19:21:08.010846
3,Gen3_Match233_1752172432,Gen3_Deck7,Gen3_Deck23,Gen3_Deck23,0,1,40.1657657623291,725049,Gen3_Match233_1752172432.txt,,2025-07-10T19:21:12.900569
3,Gen3_Match235_1752172432,Gen3_Deck7,Gen3_Deck25,Gen3_Deck7,1,0,33.5441792011261,725048,Gen3_Match235_1752172432.txt,,2025-07-10T19:21:41.555505
3,Gen3_Match236_1752172432,Gen3_Deck7,Gen3_Deck26,Gen3_Deck7,1,0,28.83954167366028,725049,Gen3_Match236_1752172432.txt,,2025-07-10T19:21:41.740622
3,Gen3_Match232_1752172432,Gen3_Deck7,Gen3_Deck22,Gen3_Deck7,1,0,87.30091714859009,725047,Gen3_Match232_1752172432.txt,,2025-07-10T19:21:51.461005
3,Gen3_Match237_1752172432,Gen3_Deck27,Gen3_Deck7,Gen3_Deck27,1,0,31.131913661956787,725048,Gen3_Match237_1752172432.txt,,2025-07-10T19:22:12.687916
3,Gen3_Match239_1752172432,Gen3_Deck7,Gen3_Deck29,Gen3_Deck7,1,0,30.678112745285034,725047,Gen3_Match239_1752172432.txt,,2025-07-10T19:22:22.139599
3,Gen3_Match241_1752172432,Gen3_Deck31,Gen3_Deck7,Gen3_Deck7,0,1,19.465555667877197,725047,Gen3_Match241_1752172432.txt,,2025-07-10T19:22:41.605594
3,Gen3_Match238_1752172432,Gen3_Deck28,Gen3_Deck7,Gen3_Deck7,0,1,61.26368522644043,725049,Gen3_Match238_1752172432.txt,,2025-07-10T19:22:43.004962
3,Gen3_Match240_1752172432,Gen3_Deck7,Gen3_Deck30,Gen3_Deck7,1,0,43.078514099121094,725048,Gen3_Match240_1752172432.txt,,2025-07-10T19:22:55.767010
3,Gen3_Match242_1752172432,Gen3_Deck7,Gen3_Deck32,Gen3_Deck7,1,0,26.758912324905396,725047,Gen3_Match242_1752172432.txt,,2025-07-10T19:23:08.364936
3,Gen3_Match244_1752172432,Gen3_Deck34,Gen3_Deck7,Gen3_Deck7,0,1,25.24174451828003,725048,Gen3_Match244_1752172432.txt,,2025-07-10T19:23:21.009251
3,Gen3_Match243_1752172432,Gen3_Deck7,Gen3_Deck33,Gen3_Deck33,0,1,39.94292330741882,725049,Gen3_Match243_1752172432.txt,,2025-07-10T19:23:22.948425
3,Gen3_Match245_1752172432,Gen3_Deck8,Gen3_Deck9,Gen3_Deck9,0,1,29.510783910751343,725047,Gen3_Match245_1752172432.txt,,2025-07-10T19:23:37.876182
3,Gen3_Match246_1752172432,Gen3_Deck10,Gen3_Deck8,Gen3_Deck8,0,1,30.526723384857178,725048,Gen3_Match246_1752172432.txt,,2025-07-10T19:23:51.536573
3,Gen3_Match247_1752172432,Gen3_Deck8,Gen3_Deck11,Gen3_Deck8,1,0,35.85143804550171,725049,Gen3_Match247_1752172432.txt,,2025-07-10T19:23:58.800349
3,Gen3_Match248_1752172432,Gen3_Deck8,Gen3_Deck12,Gen3_Deck8,1,0,31.11360239982605,725047,Gen3_Match248_1752172432.txt,,2025-07-10T19:24:08.990256
3,Gen3_Match250_1752172432,Gen3_Deck14,Gen3_Deck8,Gen3_Deck8,0,1,28.264358043670654,725049,Gen3_Match250_1752172432.txt,,2025-07-10T19:24:27.065168
3,Gen3_Match251_1752172432,Gen3_Deck8,Gen3_Deck15,Gen3_Deck15,0,1,27.277718782424927,725047,Gen3_Match251_1752172432.txt,,2025-07-10T19:24:36.268426
3,Gen3_Match249_1752172432,Gen3_Deck13,Gen3_Deck8,Gen3_Deck13,1,0,50.00738453865051,725048,Gen3_Match249_1752172432.txt,,2025-07-10T19:24:41.544490
3,Gen3_Match252_1752172432,Gen3_Deck16,Gen3_Deck8,Gen3_Deck16,1,0,32.16823196411133,725049,Gen3_Match252_1752172432.txt,,2025-07-10T19:24:59.233879
3,Gen3_Match253_1752172432,Gen3_Deck17,Gen3_Deck8,Gen3_Deck8,0,1,28.082151651382446,725047,Gen3_Match253_1752172432.txt,,2025-07-10T19:25:04.351145
3,Gen3_Match254_1752172432,Gen3_Deck8,Gen3_Deck18,Gen3_Deck18,0,1,37.73317551612854,725048,Gen3_Match254_1752172432.txt,,2025-07-10T19:25:19.278143
3,Gen3_Match255_1752172432,Gen3_Deck19,Gen3_Deck8,Gen3_Deck8,0,1,27.005919933319092,725049,Gen3_Match255_1752172432.txt,,2025-07-10T19:25:26.240232
3,Gen3_Match256_1752172432,Gen3_Deck20,Gen3_Deck8,Gen3_Deck8,0,1,27.39685034751892,725047,Gen3_Match256_1752172432.txt,,2025-07-10T19:25:31.748408
3,Gen3_Match259_1752172432,Gen3_Deck23,Gen3_Deck8,Gen3_Deck8,0,1,25.31465482711792,725047,Gen3_Match259_1752172432.txt,,2025-07-10T19:25:57.063491
3,Gen3_Match258_1752172432,Gen3_Deck8,Gen3_Deck22,Gen3_Deck8,1,0,34.17889356613159,725049,Gen3_Match258_1752172432.txt,,2025-07-10T19:26:00.419582
3,Gen3_Match257_1752172432,Gen3_Deck21,Gen3_Deck8,Gen3_Deck8,0,1,54.88499855995178,725048,Gen3_Match257_1752172432.txt,,2025-07-10T19:26:14.163637
3,Gen3_Match261_1752172432,Gen3_Deck8,Gen3_Deck25,Gen3_Deck8,1,0,24.15665340423584,725049,Gen3_Match261_1752172432.txt,,2025-07-10T19:26:24.576673
3,Gen3_Match260_1752172432,Gen3_Deck8,Gen3_Deck24,Gen3_Deck24,0,1,27.552578687667847,725047,Gen3_Match260_1752172432.txt,,2025-07-10T19:26:24.616730
3,Gen3_Match262_1752172432,Gen3_Deck8,Gen3_Deck26,Gen3_Deck8,1,0,34.09278988838196,725048,Gen3_Match262_1752172432.txt,,2025-07-10T19:26:48.256885
3,Gen3_Match263_1752172432,Gen3_Deck27,Gen3_Deck8,Gen3_Deck27,1,0,29.33906054496765,725049,Gen3_Match263_1752172432.txt,,2025-07-10T19:26:53.916162
3,Gen3_Match264_1752172432,Gen3_Deck8,Gen3_Deck28,Gen3_Deck28,0,1,34.134684562683105,725047,Gen3_Match264_1752172432.txt,,2025-07-10T19:26:58.752014
3,Gen3_Match267_1752172432,Gen3_Deck31,Gen3_Deck8,Gen3_Deck8,0,1,29.938725471496582,725047,Gen3_Match267_1752172432.txt,,2025-07-10T19:27:28.691197
3,Gen3_Match265_1752172432,Gen3_Deck8,Gen3_Deck29,Gen3_Deck8,1,0,43.75633716583252,725048,Gen3_Match265_1752172432.txt,,2025-07-10T19:27:32.013747
3,Gen3_Match266_1752172432,Gen3_Deck8,Gen3_Deck30,Gen3_Deck30,0,1,40.527268409729004,725049,Gen3_Match266_1752172432.txt,,2025-07-10T19:27:34.443899
3,Gen3_Match268_1752172432,Gen3_Deck8,Gen3_Deck32,Gen3_Deck8,1,0,31.706023693084717,725047,Gen3_Match268_1752172432.txt,,2025-07-10T19:28:00.397746
3,Gen3_Match270_1752172432,Gen3_Deck34,Gen3_Deck8,Gen3_Deck8,0,1,38.89598488807678,725049,Gen3_Match270_1752172432.txt,,2025-07-10T19:28:13.340382
3,Gen3_Match269_1752172432,Gen3_Deck8,Gen3_Deck33,Gen3_Deck8,1,0,43.31816077232361,725048,Gen3_Match269_1752172432.txt,,2025-07-10T19:28:15.332443
3,Gen3_Match271_1752172432,Gen3_Deck10,Gen3_Deck9,Gen3_Deck9,0,1,27.753247499465942,725047,Gen3_Match271_1752172432.txt,,2025-07-10T19:28:28.151466
3,Gen3_Match273_1752172432,Gen3_Deck9,Gen3_Deck12,Gen3_Deck9,1,0,22.307465076446533,725048,Gen3_Match273_1752172432.txt,,2025-07-10T19:28:37.640335
3,Gen3_Match272_1752172432,Gen3_Deck9,Gen3_Deck11,Gen3_Deck11,0,1,50.03885340690613,725049,Gen3_Match272_1752172432.txt,,2025-07-10T19:29:03.379727
3,Gen3_Match275_1752172432,Gen3_Deck14,Gen3_Deck9,Gen3_Deck9,0,1,26.467585802078247,725048,Gen3_Match275_1752172432.txt,,2025-07-10T19:29:04.108343
3,Gen3_Match274_1752172432,Gen3_Deck13,Gen3_Deck9,Gen3_Deck13,1,0,39.46503734588623,725047,Gen3_Match274_1752172432.txt,,2025-07-10T19:29:07.617031
3,Gen3_Match276_1752172432,Gen3_Deck9,Gen3_Deck15,Gen3_Deck9,1,0,27.49620747566223,725049,Gen3_Match276_1752172432.txt,,2025-07-10T19:29:30.876513
3,Gen3_Match278_1752172432,Gen3_Deck17,Gen3_Deck9,Gen3_Deck9,0,1,37.820348262786865,725047,Gen3_Match278_1752172432.txt,,2025-07-10T19:29:45.437838
3,Gen3_Match277_1752172432,Gen3_Deck9,Gen3_Deck16,Gen3_Deck16,0,1,49.47962546348572,725048,Gen3_Match277_1752172432.txt,,2025-07-10T19:29:53.588434
3,Gen3_Match280_1752172432,Gen3_Deck9,Gen3_Deck19,Gen3_Deck19,0,1,21.362090587615967,725047,Gen3_Match280_1752172432.txt,,2025-07-10T19:30:06.800335
3,Gen3_Match279_1752172432,Gen3_Deck9,Gen3_Deck18,Gen3_Deck9,1,0,42.91518449783325,725049,Gen3_Match279_1752172432.txt,,2025-07-10T19:30:13.792206
3,Gen3_Match281_1752172432,Gen3_Deck20,Gen3_Deck9,Gen3_Deck20,1,0,30.481313705444336,725048,Gen3_Match281_1752172432.txt,,2025-07-10T19:30:24.070209
3,Gen3_Match284_1752172432,Gen3_Deck23,Gen3_Deck9,Gen3_Deck9,0,1,36.151004791259766,725048,Gen3_Match284_1752172432.txt,,2025-07-10T19:31:00.221670
3,Gen3_Match283_1752172432,Gen3_Deck9,Gen3_Deck22,Gen3_Deck9,1,0,47.479657888412476,725049,Gen3_Match283_1752172432.txt,,2025-07-10T19:31:01.272349
3,Gen3_Match282_1752172432,Gen3_Deck21,Gen3_Deck9,Gen3_Deck21,1,0,72.40651988983154,725047,Gen3_Match282_1752172432.txt,,2025-07-10T19:31:19.207407
3,Gen3_Match285_1752172432,Gen3_Deck24,Gen3_Deck9,Gen3_Deck24,1,0,27.17746591567993,725048,Gen3_Match285_1752172432.txt,,2025-07-10T19:31:27.399590
3,Gen3_Match288_1752172432,Gen3_Deck27,Gen3_Deck9,Gen3_Deck27,1,0,24.800339698791504,725048,Gen3_Match288_1752172432.txt,,2025-07-10T19:31:52.200408
3,Gen3_Match287_1752172432,Gen3_Deck9,Gen3_Deck26,Gen3_Deck26,0,1,35.36978816986084,725047,Gen3_Match287_1752172432.txt,,2025-07-10T19:31:54.577704
3,Gen3_Match290_1752172432,Gen3_Deck9,Gen3_Deck29,Gen3_Deck9,1,0,23.551541805267334,725047,Gen3_Match290_1752172432.txt,,2025-07-10T19:32:18.129718
3,Gen3_Match286_1752172432,Gen3_Deck9,Gen3_Deck25,Gen3_Deck9,1,0,86.06821632385254,725049,Gen3_Match286_1752172432.txt,,2025-07-10T19:32:27.341199
3,Gen3_Match289_1752172432,Gen3_Deck28,Gen3_Deck9,Gen3_Deck28,1,0,56.24359726905823,725048,Gen3_Match289_1752172432.txt,,2025-07-10T19:32:48.444554
3,Gen3_Match291_1752172432,Gen3_Deck30,Gen3_Deck9,Gen3_Deck30,1,0,41.15432143211365,725047,Gen3_Match291_1752172432.txt,,2025-07-10T19:32:59.284580
3,Gen3_Match293_1752172432,Gen3_Deck32,Gen3_Deck9,Gen3_Deck9,0,1,22.45504117012024,725048,Gen3_Match293_1752172432.txt,,2025-07-10T19:33:10.900052
3,Gen3_Match292_1752172432,Gen3_Deck31,Gen3_Deck9,Gen3_Deck9,0,1,56.7355592250824,725049,Gen3_Match292_1752172432.txt,,2025-07-10T19:33:24.077307
3,Gen3_Match295_1752172432,Gen3_Deck34,Gen3_Deck9,Gen3_Deck34,1,0,28.456377744674683,725048,Gen3_Match295_1752172432.txt,,2025-07-10T19:33:39.356954
3,Gen3_Match294_1752172432,Gen3_Deck9,Gen3_Deck33,Gen3_Deck33,0,1,42.9189019203186,725047,Gen3_Match294_1752172432.txt,,2025-07-10T19:33:42.204017
3,Gen3_Match296_1752172432,Gen3_Deck11,Gen3_Deck10,Gen3_Deck11,1,0,23.829222917556763,725049,Gen3_Match296_1752172432.txt,,2025-07-10T19:33:47.906972
3,Gen3_Match298_1752172432,Gen3_Deck10,Gen3_Deck13,Gen3_Deck10,1,0,26.71733546257019,725047,Gen3_Match298_1752172432.txt,,2025-07-10T19:34:08.921849
3,Gen3_Match297_1752172432,Gen3_Deck10,Gen3_Deck12,Gen3_Deck10,1,0,37.3349723815918,725048,Gen3_Match297_1752172432.txt,,2025-07-10T19:34:16.692446
3,Gen3_Match299_1752172432,Gen3_Deck14,Gen3_Deck10,Gen3_Deck14,1,0,29.861075401306152,725049,Gen3_Match299_1752172432.txt,,2025-07-10T19:34:17.768531
3,Gen3_Match300_1752172432,Gen3_Deck10,Gen3_Deck15,Gen3_Deck15,0,1,25.919966459274292,725047,Gen3_Match300_1752172432.txt,,2025-07-10T19:34:34.842301
3,Gen3_Match302_1752172432,Gen3_Deck17,Gen3_Deck10,Gen3_Deck10,0,1,26.608960390090942,725049,Gen3_Match302_1752172432.txt,,2025-07-10T19:34:44.378006
3,Gen3_Match304_1752172432,Gen3_Deck10,Gen3_Deck19,Gen3_Deck19,0,1,19.992745876312256,725049,Gen3_Match304_1752172432.txt,,2025-07-10T19:35:04.371252
3,Gen3_Match303_1752172432,Gen3_Deck18,Gen3_Deck10,Gen3_Deck10,0,1,34.861736536026,725047,Gen3_Match303_1752172432.txt,,2025-07-10T19:35:09.704546
3,Gen3_Match305_1752172432,Gen3_Deck20,Gen3_Deck10,Gen3_Deck20,1,0,27.199836015701294,725049,Gen3_Match305_1752172432.txt,,2025-07-10T19:35:31.571582
3,Gen3_Match307_1752172432,Gen3_Deck10,Gen3_Deck22,Gen3_Deck10,1,0,25.971802711486816,725049,Gen3_Match307_1752172432.txt,,2025-07-10T19:35:57.543895
3,Gen3_Match306_1752172432,Gen3_Deck21,Gen3_Deck10,Gen3_Deck21,1,0,53.53154635429382,725047,Gen3_Match306_1752172432.txt,,2025-07-10T19:36:03.236718
3,Gen3_Match308_1752172432,Gen3_Deck10,Gen3_Deck23,Gen3_Deck10,1,0,24.200279474258423,725049,Gen3_Match308_1752172432.txt,,2025-07-10T19:36:21.744631
3,Gen3_Match309_1752172432,Gen3_Deck24,Gen3_Deck10,Gen3_Deck10,0,1,25.51118302345276,725047,Gen3_Match309_1752172432.txt,,2025-07-10T19:36:28.748448
3,Gen3_Match301_1752172432,Gen3_Deck10,Gen3_Deck16,Gen3_Deck10,1,0,133.4436891078949,725048,Gen3_Match301_1752172432.txt,,2025-07-10T19:36:30.136772
3,Gen3_Match311_1752172432,Gen3_Deck10,Gen3_Deck26,Gen3_Deck10,1,0,41.683706283569336,725047,Gen3_Match311_1752172432.txt,,2025-07-10T19:37:10.432691
3,Gen3_Match313_1752172432,Gen3_Deck28,Gen3_Deck10,Gen3_Deck10,0,1,20.386600732803345,725047,Gen3_Match313_1752172432.txt,,2025-07-10T19:37:30.819769
3,Gen3_Match312_1752172432,Gen3_Deck27,Gen3_Deck10,Gen3_Deck10,0,1,78.48728108406067,725048,Gen3_Match312_1752172432.txt,,2025-07-10T19:37:48.624629
3,Gen3_Match314_1752172432,Gen3_Deck10,Gen3_Deck29,Gen3_Deck29,0,1,23.620145082473755,725047,Gen3_Match314_1752172432.txt,,2025-07-10T19:37:54.440413
3,Gen3_Match315_1752172432,Gen3_Deck10,Gen3_Deck30,Gen3_Deck30,0,1,19.89483880996704,725048,Gen3_Match315_1752172432.txt,,2025-07-10T19:38:08.519983
3,Gen3_Match316_1752172432,Gen3_Deck31,Gen3_Deck10,Gen3_Deck31,1,0,21.934783220291138,725047,Gen3_Match316_1752172432.txt,,2025-07-10T19:38:16.375686
3,Gen3_Match317_1752172432,Gen3_Deck32,Gen3_Deck10,Gen3_Deck10,0,1,20.569119691848755,725048,Gen3_Match317_1752172432.txt,,2025-07-10T19:38:29.089610
3,Gen3_Match310_1752172432,Gen3_Deck25,Gen3_Deck10,Gen3_Deck25,1,0,132.83690333366394,725049,Gen3_Match310_1752172432.txt,,2025-07-10T19:38:34.582076
3,Gen3_Match318_1752172432,Gen3_Deck10,Gen3_Deck33,Gen3_Deck10,1,0,20.47637939453125,725047,Gen3_Match318_1752172432.txt,,2025-07-10T19:38:36.852526
3,Gen3_Match320_1752172432,Gen3_Deck12,Gen3_Deck11,Gen3_Deck11,0,1,24.42600417137146,725049,Gen3_Match320_1752172432.txt,,2025-07-10T19:38:59.008517
3,Gen3_Match319_1752172432,Gen3_Deck34,Gen3_Deck10,Gen3_Deck10,0,1,30.908995389938354,725048,Gen3_Match319_1752172432.txt,,2025-07-10T19:38:59.999094
3,Gen3_Match321_1752172432,Gen3_Deck11,Gen3_Deck13,Gen3_Deck11,1,0,32.71137762069702,725047,Gen3_Match321_1752172432.txt,,2025-07-10T19:39:09.564342
3,Gen3_Match323_1752172432,Gen3_Deck15,Gen3_Deck11,Gen3_Deck11,0,1,31.32078766822815,725048,Gen3_Match323_1752172432.txt,,2025-07-10T19:39:31.320352
3,Gen3_Match324_1752172432,Gen3_Deck16,Gen3_Deck11,Gen3_Deck16,1,0,25.26868176460266,725047,Gen3_Match324_1752172432.txt,,2025-07-10T19:39:34.833450
3,Gen3_Match322_1752172432,Gen3_Deck14,Gen3_Deck11,Gen3_Deck11,0,1,49.241910219192505,725049,Gen3_Match322_1752172432.txt,,2025-07-10T19:39:48.251042
3,Gen3_Match325_1752172432,Gen3_Deck11,Gen3_Deck17,Gen3_Deck11,1,0,28.39168095588684,725048,Gen3_Match325_1752172432.txt,,2025-07-10T19:39:59.712512
3,Gen3_Match326_1752172432,Gen3_Deck18,Gen3_Deck11,Gen3_Deck18,1,0,35.23778033256531,725047,Gen3_Match326_1752172432.txt,,2025-07-10T19:40:10.071686
3,Gen3_Match327_1752172432,Gen3_Deck19,Gen3_Deck11,Gen3_Deck19,1,0,29.78902506828308,725049,Gen3_Match327_1752172432.txt,,2025-07-10T19:40:18.040546
3,Gen3_Match328_1752172432,Gen3_Deck11,Gen3_Deck20,Gen3_Deck11,1,0,40.47252631187439,725048,Gen3_Match328_1752172432.txt,,2025-07-10T19:40:40.185575
3,Gen3_Match329_1752172432,Gen3_Deck11,Gen3_Deck21,Gen3_Deck21,0,1,52.060359477996826,725047,Gen3_Match329_1752172432.txt,,2025-07-10T19:41:02.132605
3,Gen3_Match331_1752172432,Gen3_Deck23,Gen3_Deck11,Gen3_Deck23,1,0,25.398592710494995,725048,Gen3_Match331_1752172432.txt,,2025-07-10T19:41:05.584657
3,Gen3_Match330_1752172432,Gen3_Deck22,Gen3_Deck11,Gen3_Deck22,1,0,52.51547908782959,725049,Gen3_Match330_1752172432.txt,,2025-07-10T19:41:10.556557
3,Gen3_Match333_1752172432,Gen3_Deck25,Gen3_Deck11,Gen3_Deck25,1,0,26.66454839706421,725048,Gen3_Match333_1752172432.txt,,2025-07-10T19:41:32.249717
3,Gen3_Match332_1752172432,Gen3_Deck11,Gen3_Deck24,Gen3_Deck24,0,1,30.54037833213806,725047,Gen3_Match332_1752172432.txt,,2025-07-10T19:41:32.673466
3,Gen3_Match334_1752172432,Gen3_Deck26,Gen3_Deck11,Gen3_Deck11,0,1,45.204978942871094,725049,Gen3_Match334_1752172432.txt,,2025-07-10T19:41:55.762076
3,Gen3_Match335_1752172432,Gen3_Deck11,Gen3_Deck27,Gen3_Deck27,0,1,26.893187522888184,725048,Gen3_Match335_1752172432.txt,,2025-07-10T19:41:59.143479
3,Gen3_Match337_1752172432,Gen3_Deck29,Gen3_Deck11,Gen3_Deck11,0,1,36.07989764213562,725049,Gen3_Match337_1752172432.txt,,2025-07-10T19:42:31.842492
3,Gen3_Match336_1752172432,Gen3_Deck11,Gen3_Deck28,Gen3_Deck11,1,0,68.51030802726746,725047,Gen3_Match336_1752172432.txt,,2025-07-10T19:42:41.184709
3,Gen3_Match339_1752172432,Gen3_Deck31,Gen3_Deck11,Gen3_Deck31,1,0,27.99896502494812,725049,Gen3_Match339_1752172432.txt,,2025-07-10T19:42:59.841946
3,Gen3_Match340_1752172432,Gen3_Deck32,Gen3_Deck11,Gen3_Deck11,0,1,23.63917636871338,725047,Gen3_Match340_1752172432.txt,,2025-07-10T19:43:04.824487
3,Gen3_Match338_1752172432,Gen3_Deck11,Gen3_Deck30,Gen3_Deck30,0,1,78.97411227226257,725048,Gen3_Match338_1752172432.txt,,2025-07-10T19:43:18.118118
3,Gen3_Match341_1752172432,Gen3_Deck33,Gen3_Deck11,Gen3_Deck11,0,1,37.938191652297974,725049,Gen3_Match341_1752172432.txt,,2025-07-10T19:43:37.780651
3,Gen3_Match343_1752172432,Gen3_Deck13,Gen3_Deck12,Gen3_Deck13,1,0,25.762991666793823,725048,Gen3_Match343_1752172432.txt,,2025-07-10T19:43:43.881582
3,Gen3_Match344_1752172432,Gen3_Deck14,Gen3_Deck12,Gen3_Deck14,1,0,26.503463983535767,725049,Gen3_Match344_1752172432.txt,,2025-07-10T19:44:04.284606
3,Gen3_Match345_1752172432,Gen3_Deck12,Gen3_Deck15,Gen3_Deck15,0,1,29.470870971679688,725048,Gen3_Match345_1752172432.txt,,2025-07-10T19:44:13.353197
3,Gen3_Match342_1752172432,Gen3_Deck11,Gen3_Deck34,Gen3_Deck34,0,1,83.54799962043762,725047,Gen3_Match342_1752172432.txt,,2025-07-10T19:44:28.373031
3,Gen3_Match347_1752172432,Gen3_Deck17,Gen3_Deck12,Gen3_Deck12,0,1,36.63236999511719,725048,Gen3_Match347_1752172432.txt,,2025-07-10T19:44:49.986239
3,Gen3_Match349_1752172432,Gen3_Deck12,Gen3_Deck19,Gen3_Deck12,1,0,22.655409336090088,725048,Gen3_Match349_1752172432.txt,,2025-07-10T19:45:12.642218
3,Gen3_Match350_1752172432,Gen3_Deck20,Gen3_Deck12,Gen3_Deck12,0,1,30.219475030899048,725048,Gen3_Match350_1752172432.txt,,2025-07-10T19:45:42.862378
3,Gen3_Match351_1752172432,Gen3_Deck21,Gen3_Deck12,Gen3_Deck12,0,1,18.77744460105896,725048,Gen3_Match351_1752172432.txt,,2025-07-10T19:46:01.640366
3,Gen3_Match348_1752172432,Gen3_Deck12,Gen3_Deck18,Gen3_Deck12,1,0,93.9928686618805,725047,Gen3_Match348_1752172432.txt,,2025-07-10T19:46:02.366753
3,Gen3_Match346_1752172432,Gen3_Deck12,Gen3_Deck16,Gen3_Deck12,1,0,131.85142302513123,725049,Gen3_Match346_1752172432.txt,,2025-07-10T19:46:16.136646
3,Gen3_Match352_1752172432,Gen3_Deck12,Gen3_Deck22,Gen3_Deck22,0,1,37.97869658470154,725048,Gen3_Match352_1752172432.txt,,2025-07-10T19:46:39.619586
3,Gen3_Match353_1752172432,Gen3_Deck12,Gen3_Deck23,Gen3_Deck23,0,1,41.445308446884155,725047,Gen3_Match353_1752172432.txt,,2025-07-10T19:46:43.812737
3,Gen3_Match356_1752172432,Gen3_Deck12,Gen3_Deck26,Gen3_Deck26,0,1,22.01339316368103,725047,Gen3_Match356_1752172432.txt,,2025-07-10T19:47:05.826599
3,Gen3_Match355_1752172432,Gen3_Deck12,Gen3_Deck25,Gen3_Deck25,0,1,29.739405155181885,725048,Gen3_Match355_1752172432.txt,,2025-07-10T19:47:09.359486
3,Gen3_Match357_1752172432,Gen3_Deck27,Gen3_Deck12,Gen3_Deck27,1,0,21.588433027267456,725047,Gen3_Match357_1752172432.txt,,2025-07-10T19:47:27.415625
3,Gen3_Match358_1752172432,Gen3_Deck28,Gen3_Deck12,Gen3_Deck28,1,0,31.400556564331055,725048,Gen3_Match358_1752172432.txt,,2025-07-10T19:47:40.760580
3,Gen3_Match354_1752172432,Gen3_Deck24,Gen3_Deck12,Gen3_Deck24,1,0,84.63802647590637,725049,Gen3_Match354_1752172432.txt,,2025-07-10T19:47:40.775225
3,Gen3_Match359_1752172432,Gen3_Deck12,Gen3_Deck29,Gen3_Deck12,1,0,25.876586198806763,725047,Gen3_Match359_1752172432.txt,,2025-07-10T19:47:53.292697
3,Gen3_Match361_1752172432,Gen3_Deck31,Gen3_Deck12,Gen3_Deck31,1,0,32.55656170845032,725049,Gen3_Match361_1752172432.txt,,2025-07-10T19:48:13.332311
3,Gen3_Match362_1752172432,Gen3_Deck12,Gen3_Deck32,Gen3_Deck12,1,0,26.45397162437439,725047,Gen3_Match362_1752172432.txt,,2025-07-10T19:48:19.747168
3,Gen3_Match363_1752172432,Gen3_Deck12,Gen3_Deck33,Gen3_Deck12,1,0,21.417770624160767,725049,Gen3_Match363_1752172432.txt,,2025-07-10T19:48:34.750580
3,Gen3_Match364_1752172432,Gen3_Deck34,Gen3_Deck12,Gen3_Deck12,0,1,31.795758962631226,725047,Gen3_Match364_1752172432.txt,,2025-07-10T19:48:51.543450
3,Gen3_Match365_1752172432,Gen3_Deck13,Gen3_Deck14,Gen3_Deck13,1,0,18.713451623916626,725049,Gen3_Match365_1752172432.txt,,2025-07-10T19:48:53.464488
3,Gen3_Match366_1752172432,Gen3_Deck13,Gen3_Deck15,Gen3_Deck13,1,0,23.392237901687622,725047,Gen3_Match366_1752172432.txt,,2025-07-10T19:49:14.936164
3,Gen3_Match367_1752172432,Gen3_Deck16,Gen3_Deck13,Gen3_Deck13,0,1,43.23133945465088,725049,Gen3_Match367_1752172432.txt,,2025-07-10T19:49:36.696471
3,Gen3_Match368_1752172432,Gen3_Deck13,Gen3_Deck17,Gen3_Deck17,0,1,22.25969958305359,725047,Gen3_Match368_1752172432.txt,,2025-07-10T19:49:37.196342
3,Gen3_Match360_1752172432,Gen3_Deck12,Gen3_Deck30,Gen3_Deck30,0,1,127.30341696739197,725048,Gen3_Match360_1752172432.txt,,2025-07-10T19:49:48.064699
3,Gen3_Match370_1752172432,Gen3_Deck19,Gen3_Deck13,Gen3_Deck13,0,1,25.66370177268982,725047,Gen3_Match370_1752172432.txt,,2025-07-10T19:50:02.860528
3,Gen3_Match369_1752172432,Gen3_Deck13,Gen3_Deck18,Gen3_Deck13,1,0,43.56205630302429,725049,Gen3_Match369_1752172432.txt,,2025-07-10T19:50:20.259099
3,Gen3_Match371_1752172432,Gen3_Deck20,Gen3_Deck13,Gen3_Deck13,0,1,33.896512269973755,725048,Gen3_Match371_1752172432.txt,,2025-07-10T19:50:21.961700
3,Gen3_Match372_1752172432,Gen3_Deck13,Gen3_Deck21,Gen3_Deck21,0,1,38.982362508773804,725047,Gen3_Match372_1752172432.txt,,2025-07-10T19:50:41.843460
3,Gen3_Match374_1752172432,Gen3_Deck23,Gen3_Deck13,Gen3_Deck13,0,1,23.693418979644775,725048,Gen3_Match374_1752172432.txt,,2025-07-10T19:50:45.655630
3,Gen3_Match373_1752172432,Gen3_Deck13,Gen3_Deck22,Gen3_Deck22,0,1,31.637041330337524,725049,Gen3_Match373_1752172432.txt,,2025-07-10T19:50:51.896637
3,Gen3_Match375_1752172432,Gen3_Deck13,Gen3_Deck24,Gen3_Deck13,1,0,29.908607482910156,725047,Gen3_Match375_1752172432.txt,,2025-07-10T19:51:11.752579
3,Gen3_Match377_1752172432,Gen3_Deck13,Gen3_Deck26,Gen3_Deck26,0,1,34.643447160720825,725049,Gen3_Match377_1752172432.txt,,2025-07-10T19:51:26.540585
3,Gen3_Match376_1752172432,Gen3_Deck13,Gen3_Deck25,Gen3_Deck13,1,0,46.55648946762085,725048,Gen3_Match376_1752172432.txt,,2025-07-10T19:51:32.212662
3,Gen3_Match378_1752172432,Gen3_Deck27,Gen3_Deck13,Gen3_Deck27,1,0,28.863588094711304,725047,Gen3_Match378_1752172432.txt,,2025-07-10T19:51:40.616664
3,Gen3_Match379_1752172432,Gen3_Deck13,Gen3_Deck28,Gen3_Deck13,1,0,26.256544828414917,725049,Gen3_Match379_1752172432.txt,,2025-07-10T19:51:52.797588
3,Gen3_Match381_1752172432,Gen3_Deck13,Gen3_Deck30,Gen3_Deck30,0,1,24.826374769210815,725047,Gen3_Match381_1752172432.txt,,2025-07-10T19:52:05.443530
3,Gen3_Match380_1752172432,Gen3_Deck29,Gen3_Deck13,Gen3_Deck29,1,0,36.43223285675049,725048,Gen3_Match380_1752172432.txt,,2025-07-10T19:52:08.645377
3,Gen3_Match382_1752172432,Gen3_Deck31,Gen3_Deck13,Gen3_Deck13,0,1,27.758506298065186,725049,Gen3_Match382_1752172432.txt,,2025-07-10T19:52:20.556542
3,Gen3_Match383_1752172432,Gen3_Deck13,Gen3_Deck32,Gen3_Deck32,0,1,36.55326271057129,725047,Gen3_Match383_1752172432.txt,,2025-07-10T19:52:41.997328
3,Gen3_Match384_1752172432,Gen3_Deck33,Gen3_Deck13,Gen3_Deck13,0,1,38.69054818153381,725048,Gen3_Match384_1752172432.txt,,2025-07-10T19:52:47.336474
3,Gen3_Match385_1752172432,Gen3_Deck13,Gen3_Deck34,Gen3_Deck13,1,0,37.752785444259644,725049,Gen3_Match385_1752172432.txt,,2025-07-10T19:52:58.309982
3,Gen3_Match386_1752172432,Gen3_Deck14,Gen3_Deck15,Gen3_Deck15,0,1,31.495741367340088,725047,Gen3_Match386_1752172432.txt,,2025-07-10T19:53:13.493578
3,Gen3_Match388_1752172432,Gen3_Deck17,Gen3_Deck14,Gen3_Deck17,1,0,26.863018035888672,725049,Gen3_Match388_1752172432.txt,,2025-07-10T19:53:25.173531
3,Gen3_Match389_1752172432,Gen3_Deck18,Gen3_Deck14,Gen3_Deck18,1,0,25.005133628845215,725047,Gen3_Match389_1752172432.txt,,2025-07-10T19:53:38.499234
3,Gen3_Match390_1752172432,Gen3_Deck14,Gen3_Deck19,Gen3_Deck19,0,1,24.382415533065796,725049,Gen3_Match390_1752172432.txt,,2025-07-10T19:53:49.556414
3,Gen3_Match391_1752172432,Gen3_Deck14,Gen3_Deck20,Gen3_Deck14,1,0,34.96118879318237,725047,Gen3_Match391_1752172432.txt,,2025-07-10T19:54:13.461138
3,Gen3_Match392_1752172432,Gen3_Deck21,Gen3_Deck14,Gen3_Deck21,1,0,24.87544083595276,725049,Gen3_Match392_1752172432.txt,,2025-07-10T19:54:14.432324
3,Gen3_Match394_1752172432,Gen3_Deck14,Gen3_Deck23,Gen3_Deck14,1,0,22.49320697784424,725049,Gen3_Match394_1752172432.txt,,2025-07-10T19:54:36.925936
3,Gen3_Match393_1752172432,Gen3_Deck14,Gen3_Deck22,Gen3_Deck22,0,1,26.986958742141724,725047,Gen3_Match393_1752172432.txt,,2025-07-10T19:54:40.448727
3,Gen3_Match387_1752172432,Gen3_Deck14,Gen3_Deck16,Gen3_Deck14,1,0,131.85152339935303,725048,Gen3_Match387_1752172432.txt,,2025-07-10T19:54:59.188541
3,Gen3_Match395_1752172432,Gen3_Deck24,Gen3_Deck14,Gen3_Deck24,1,0,23.023789882659912,725049,Gen3_Match395_1752172432.txt,,2025-07-10T19:54:59.950162
3,Gen3_Match396_1752172432,Gen3_Deck25,Gen3_Deck14,Gen3_Deck25,1,0,20.347591161727905,725047,Gen3_Match396_1752172432.txt,,2025-07-10T19:55:00.796796
3,Gen3_Match398_1752172432,Gen3_Deck27,Gen3_Deck14,Gen3_Deck27,1,0,25.422770261764526,725049,Gen3_Match398_1752172432.txt,,2025-07-10T19:55:25.373373
3,Gen3_Match397_1752172432,Gen3_Deck14,Gen3_Deck26,Gen3_Deck26,0,1,35.011285066604614,725048,Gen3_Match397_1752172432.txt,,2025-07-10T19:55:34.200326
3,Gen3_Match399_1752172432,Gen3_Deck28,Gen3_Deck14,Gen3_Deck14,0,1,41.537155866622925,725047,Gen3_Match399_1752172432.txt,,2025-07-10T19:55:42.334480
3,Gen3_Match400_1752172432,Gen3_Deck14,Gen3_Deck29,Gen3_Deck29,0,1,28.255544900894165,725049,Gen3_Match400_1752172432.txt,,2025-07-10T19:55:53.629429
3,Gen3_Match401_1752172432,Gen3_Deck14,Gen3_Deck30,Gen3_Deck30,0,1,24.630924701690674,725048,Gen3_Match401_1752172432.txt,,2025-07-10T19:55:58.831726
3,Gen3_Match402_1752172432,Gen3_Deck31,Gen3_Deck14,Gen3_Deck31,1,0,25.945464849472046,725047,Gen3_Match402_1752172432.txt,,2025-07-10T19:56:08.280448
3,Gen3_Match403_1752172432,Gen3_Deck32,Gen3_Deck14,Gen3_Deck14,0,1,29.35129952430725,725049,Gen3_Match403_1752172432.txt,,2025-07-10T19:56:22.981183
3,Gen3_Match404_1752172432,Gen3_Deck14,Gen3_Deck33,Gen3_Deck33,0,1,24.28875422477722,725048,Gen3_Match404_1752172432.txt,,2025-07-10T19:56:23.120963
3,Gen3_Match405_1752172432,Gen3_Deck34,Gen3_Deck14,Gen3_Deck34,1,0,26.570496082305908,725047,Gen3_Match405_1752172432.txt,,2025-07-10T19:56:34.851599
3,Gen3_Match407_1752172432,Gen3_Deck17,Gen3_Deck15,Gen3_Deck15,0,1,31.871176958084106,725048,Gen3_Match407_1752172432.txt,,2025-07-10T19:56:54.992606
3,Gen3_Match408_1752172432,Gen3_Deck18,Gen3_Deck15,Gen3_Deck15,0,1,31.600059986114502,725047,Gen3_Match408_1752172432.txt,,2025-07-10T19:57:06.452272
3,Gen3_Match406_1752172432,Gen3_Deck15,Gen3_Deck16,Gen3_Deck16,0,1,62.739941120147705,725049,Gen3_Match406_1752172432.txt,,2025-07-10T19:57:25.721598
3,Gen3_Match409_1752172432,Gen3_Deck15,Gen3_Deck19,Gen3_Deck15,1,0,30.862090587615967,725048,Gen3_Match409_1752172432.txt,,2025-07-10T19:57:25.855187
3,Gen3_Match410_1752172432,Gen3_Deck20,Gen3_Deck15,Gen3_Deck20,1,0,20.76756477355957,725047,Gen3_Match410_1752172432.txt,,2025-07-10T19:57:27.220322
3,Gen3_Match411_1752172432,Gen3_Deck21,Gen3_Deck15,Gen3_Deck15,0,1,29.935282945632935,725049,Gen3_Match411_1752172432.txt,,2025-07-10T19:57:55.657317
3,Gen3_Match413_1752172432,Gen3_Deck15,Gen3_Deck23,Gen3_Deck15,1,0,33.80767822265625,725047,Gen3_Match413_1752172432.txt,,2025-07-10T19:58:01.028504
3,Gen3_Match415_1752172432,Gen3_Deck25,Gen3_Deck15,Gen3_Deck15,0,1,23.43521499633789,725047,Gen3_Match415_1752172432.txt,,2025-07-10T19:58:24.464195
3,Gen3_Match412_1752172432,Gen3_Deck15,Gen3_Deck22,Gen3_Deck15,1,0,69.0102870464325,725048,Gen3_Match412_1752172432.txt,,2025-07-10T19:58:34.866010
3,Gen3_Match414_1752172432,Gen3_Deck24,Gen3_Deck15,Gen3_Deck15,0,1,47.998844623565674,725049,Gen3_Match414_1752172432.txt,,2025-07-10T19:58:43.656605
3,Gen3_Match416_1752172432,Gen3_Deck15,Gen3_Deck26,Gen3_Deck15,1,0,27.43356943130493,725047,Gen3_Match416_1752172432.txt,,2025-07-10T19:58:51.898330
3,Gen3_Match417_1752172432,Gen3_Deck27,Gen3_Deck15,Gen3_Deck27,1,0,27.764893054962158,725048,Gen3_Match417_1752172432.txt,,2025-07-10T19:59:02.631349
3,Gen3_Match418_1752172432,Gen3_Deck28,Gen3_Deck15,Gen3_Deck15,0,1,24.535338401794434,725049,Gen3_Match418_1752172432.txt,,2025-07-10T19:59:08.192361
3,Gen3_Match419_1752172432,Gen3_Deck15,Gen3_Deck29,Gen3_Deck15,1,0,27.61755108833313,725047,Gen3_Match419_1752172432.txt,,2025-07-10T19:59:19.516352
3,Gen3_Match420_1752172432,Gen3_Deck15,Gen3_Deck30,Gen3_Deck30,0,1,33.395538330078125,725048,Gen3_Match420_1752172432.txt,,2025-07-10T19:59:36.027350
3,Gen3_Match421_1752172432,Gen3_Deck31,Gen3_Deck15,Gen3_Deck15,0,1,35.26772928237915,725049,Gen3_Match421_1752172432.txt,,2025-07-10T19:59:43.460589
3,Gen3_Match422_1752172432,Gen3_Deck32,Gen3_Deck15,Gen3_Deck15,0,1,31.55490493774414,725047,Gen3_Match422_1752172432.txt,,2025-07-10T19:59:51.071742
3,Gen3_Match423_1752172432,Gen3_Deck15,Gen3_Deck33,Gen3_Deck33,0,1,28.04184865951538,725048,Gen3_Match423_1752172432.txt,,2025-07-10T20:00:04.069685
3,Gen3_Match424_1752172432,Gen3_Deck34,Gen3_Deck15,Gen3_Deck34,1,0,26.656708002090454,725049,Gen3_Match424_1752172432.txt,,2025-07-10T20:00:10.117787
3,Gen3_Match425_1752172432,Gen3_Deck16,Gen3_Deck17,Gen3_Deck17,0,1,32.416609048843384,725047,Gen3_Match425_1752172432.txt,,2025-07-10T20:00:23.488852
3,Gen3_Match427_1752172432,Gen3_Deck16,Gen3_Deck19,Gen3_Deck19,0,1,25.529626607894897,725049,Gen3_Match427_1752172432.txt,,2025-07-10T20:00:35.647880
3,Gen3_Match428_1752172432,Gen3_Deck16,Gen3_Deck20,Gen3_Deck20,0,1,23.32652449607849,725047,Gen3_Match428_1752172432.txt,,2025-07-10T20:00:46.815926
3,Gen3_Match429_1752172432,Gen3_Deck21,Gen3_Deck16,Gen3_Deck21,1,0,31.898947954177856,725049,Gen3_Match429_1752172432.txt,,2025-07-10T20:01:07.547336
3,Gen3_Match430_1752172432,Gen3_Deck22,Gen3_Deck16,Gen3_Deck16,0,1,48.69954586029053,725047,Gen3_Match430_1752172432.txt,,2025-07-10T20:01:35.516167
3,Gen3_Match426_1752172432,Gen3_Deck18,Gen3_Deck16,Gen3_Deck16,0,1,98.09455132484436,725048,Gen3_Match426_1752172432.txt,,2025-07-10T20:01:42.164805
3,Gen3_Match431_1752172432,Gen3_Deck16,Gen3_Deck23,Gen3_Deck16,1,0,43.77330994606018,725049,Gen3_Match431_1752172432.txt,,2025-07-10T20:01:51.321137
3,Gen3_Match432_1752172432,Gen3_Deck16,Gen3_Deck24,Gen3_Deck24,0,1,26.51813268661499,725047,Gen3_Match432_1752172432.txt,,2025-07-10T20:02:02.034899
3,Gen3_Match434_1752172432,Gen3_Deck16,Gen3_Deck26,Gen3_Deck26,0,1,21.710930109024048,725049,Gen3_Match434_1752172432.txt,,2025-07-10T20:02:13.032483
3,Gen3_Match435_1752172432,Gen3_Deck16,Gen3_Deck27,Gen3_Deck27,0,1,22.358460187911987,725047,Gen3_Match435_1752172432.txt,,2025-07-10T20:02:24.393832
3,Gen3_Match433_1752172432,Gen3_Deck25,Gen3_Deck16,Gen3_Deck16,0,1,51.95904326438904,725048,Gen3_Match433_1752172432.txt,,2025-07-10T20:02:34.124480
3,Gen3_Match436_1752172432,Gen3_Deck28,Gen3_Deck16,Gen3_Deck16,0,1,23.61556315422058,725049,Gen3_Match436_1752172432.txt,,2025-07-10T20:02:36.648508
3,Gen3_Match437_1752172432,Gen3_Deck29,Gen3_Deck16,Gen3_Deck16,0,1,29.826810598373413,725047,Gen3_Match437_1752172432.txt,,2025-07-10T20:02:54.221121
3,Gen3_Match439_1752172432,Gen3_Deck31,Gen3_Deck16,Gen3_Deck16,0,1,30.76239514350891,725049,Gen3_Match439_1752172432.txt,,2025-07-10T20:03:07.411384
3,Gen3_Match438_1752172432,Gen3_Deck16,Gen3_Deck30,Gen3_Deck30,0,1,44.81437587738037,725048,Gen3_Match438_1752172432.txt,,2025-07-10T20:03:18.939417
3,Gen3_Match440_1752172432,Gen3_Deck32,Gen3_Deck16,Gen3_Deck16,0,1,27.48580026626587,725047,Gen3_Match440_1752172432.txt,,2025-07-10T20:03:21.707397
3,Gen3_Match441_1752172432,Gen3_Deck33,Gen3_Deck16,Gen3_Deck16,0,1,31.3891122341156,725049,Gen3_Match441_1752172432.txt,,2025-07-10T20:03:38.801033
3,Gen3_Match442_1752172432,Gen3_Deck16,Gen3_Deck34,Gen3_Deck16,1,0,31.52151894569397,725048,Gen3_Match442_1752172432.txt,,2025-07-10T20:03:50.461427
3,Gen3_Match444_1752172432,Gen3_Deck17,Gen3_Deck19,Gen3_Deck19,0,1,25.100648403167725,725049,Gen3_Match444_1752172432.txt,,2025-07-10T20:04:03.902160
3,Gen3_Match445_1752172432,Gen3_Deck20,Gen3_Deck17,Gen3_Deck17,0,1,29.370500802993774,725048,Gen3_Match445_1752172432.txt,,2025-07-10T20:04:19.832459
3,Gen3_Match446_1752172432,Gen3_Deck21,Gen3_Deck17,Gen3_Deck17,0,1,24.42187261581421,725049,Gen3_Match446_1752172432.txt,,2025-07-10T20:04:28.324535
3,Gen3_Match443_1752172432,Gen3_Deck17,Gen3_Deck18,Gen3_Deck18,0,1,68.19663190841675,725047,Gen3_Match443_1752172432.txt,,2025-07-10T20:04:29.904574
3,Gen3_Match447_1752172432,Gen3_Deck17,Gen3_Deck22,Gen3_Deck22,0,1,31.567646741867065,725048,Gen3_Match447_1752172432.txt,,2025-07-10T20:04:51.400632
3,Gen3_Match449_1752172432,Gen3_Deck24,Gen3_Deck17,Gen3_Deck24,1,0,26.66967535018921,725047,Gen3_Match449_1752172432.txt,,2025-07-10T20:04:56.574719
3,Gen3_Match448_1752172432,Gen3_Deck17,Gen3_Deck23,Gen3_Deck17,1,0,39.16741061210632,725049,Gen3_Match448_1752172432.txt,,2025-07-10T20:05:07.492471
3,Gen3_Match450_1752172432,Gen3_Deck17,Gen3_Deck25,Gen3_Deck25,0,1,30.717052698135376,725048,Gen3_Match450_1752172432.txt,,2025-07-10T20:05:22.118180
3,Gen3_Match451_1752172432,Gen3_Deck17,Gen3_Deck26,Gen3_Deck17,1,0,28.943986654281616,725047,Gen3_Match451_1752172432.txt,,2025-07-10T20:05:25.519223
3,Gen3_Match452_1752172432,Gen3_Deck27,Gen3_Deck17,Gen3_Deck27,1,0,33.66228675842285,725049,Gen3_Match452_1752172432.txt,,2025-07-10T20:05:41.155244
3,Gen3_Match453_1752172432,Gen3_Deck28,Gen3_Deck17,Gen3_Deck17,0,1,28.397651433944702,725048,Gen3_Match453_1752172432.txt,,2025-07-10T20:05:50.516319
3,Gen3_Match454_1752172432,Gen3_Deck17,Gen3_Deck29,Gen3_Deck17,1,0,28.11714196205139,725047,Gen3_Match454_1752172432.txt,,2025-07-10T20:05:53.636897
3,Gen3_Match455_1752172432,Gen3_Deck17,Gen3_Deck30,Gen3_Deck17,1,0,25.357020378112793,725049,Gen3_Match455_1752172432.txt,,2025-07-10T20:06:06.512694
3,Gen3_Match457_1752172432,Gen3_Deck17,Gen3_Deck32,Gen3_Deck32,0,1,22.823010444641113,725047,Gen3_Match457_1752172432.txt,,2025-07-10T20:06:16.460404
3,Gen3_Match456_1752172432,Gen3_Deck31,Gen3_Deck17,Gen3_Deck17,0,1,45.42954969406128,725048,Gen3_Match456_1752172432.txt,,2025-07-10T20:06:35.946387
3,Gen3_Match458_1752172432,Gen3_Deck17,Gen3_Deck33,Gen3_Deck33,0,1,35.8154296875,725049,Gen3_Match458_1752172432.txt,,2025-07-10T20:06:42.328600
3,Gen3_Match459_1752172432,Gen3_Deck34,Gen3_Deck17,Gen3_Deck17,0,1,28.414574146270752,725047,Gen3_Match459_1752172432.txt,,2025-07-10T20:06:44.875717
3,Gen3_Match460_1752172432,Gen3_Deck19,Gen3_Deck18,Gen3_Deck19,1,0,25.371662616729736,725048,Gen3_Match460_1752172432.txt,,2025-07-10T20:07:01.318532
3,Gen3_Match461_1752172432,Gen3_Deck18,Gen3_Deck20,Gen3_Deck18,1,0,34.089895486831665,725049,Gen3_Match461_1752172432.txt,,2025-07-10T20:07:16.419068
3,Gen3_Match463_1752172432,Gen3_Deck22,Gen3_Deck18,Gen3_Deck18,0,1,22.777372360229492,725048,Gen3_Match463_1752172432.txt,,2025-07-10T20:07:24.096339
3,Gen3_Match462_1752172432,Gen3_Deck18,Gen3_Deck21,Gen3_Deck18,1,0,45.268139362335205,725047,Gen3_Match462_1752172432.txt,,2025-07-10T20:07:30.144484
3,Gen3_Match464_1752172432,Gen3_Deck23,Gen3_Deck18,Gen3_Deck18,0,1,32.4872887134552,725049,Gen3_Match464_1752172432.txt,,2025-07-10T20:07:48.906890
3,Gen3_Match466_1752172432,Gen3_Deck25,Gen3_Deck18,Gen3_Deck25,1,0,21.72985601425171,725047,Gen3_Match466_1752172432.txt,,2025-07-10T20:07:51.874808
3,Gen3_Match465_1752172432,Gen3_Deck18,Gen3_Deck24,Gen3_Deck24,0,1,29.638197422027588,725048,Gen3_Match465_1752172432.txt,,2025-07-10T20:07:53.735031
3,Gen3_Match469_1752172432,Gen3_Deck18,Gen3_Deck28,Gen3_Deck28,0,1,29.716190099716187,725048,Gen3_Match469_1752172432.txt,,2025-07-10T20:08:23.451760
3,Gen3_Match468_1752172432,Gen3_Deck18,Gen3_Deck27,Gen3_Deck27,0,1,34.32492923736572,725047,Gen3_Match468_1752172432.txt,,2025-07-10T20:08:26.200275
3,Gen3_Match467_1752172432,Gen3_Deck26,Gen3_Deck18,Gen3_Deck18,0,1,59.94893789291382,725049,Gen3_Match467_1752172432.txt,,2025-07-10T20:08:48.856353
3,Gen3_Match470_1752172432,Gen3_Deck29,Gen3_Deck18,Gen3_Deck29,1,0,44.694058895111084,725048,Gen3_Match470_1752172432.txt,,2025-07-10T20:09:08.146406
3,Gen3_Match472_1752172432,Gen3_Deck18,Gen3_Deck31,Gen3_Deck31,0,1,24.63972043991089,725049,Gen3_Match472_1752172432.txt,,2025-07-10T20:09:13.496594
3,Gen3_Match473_1752172432,Gen3_Deck32,Gen3_Deck18,Gen3_Deck32,1,0,27.085717916488647,725048,Gen3_Match473_1752172432.txt,,2025-07-10T20:09:35.232602
3,Gen3_Match474_1752172432,Gen3_Deck33,Gen3_Deck18,Gen3_Deck33,1,0,26.31704807281494,725049,Gen3_Match474_1752172432.txt,,2025-07-10T20:09:39.814125
3,Gen3_Match476_1752172432,Gen3_Deck20,Gen3_Deck19,Gen3_Deck20,1,0,22.948792457580566,725049,Gen3_Match476_1752172432.txt,,2025-07-10T20:10:02.763426
3,Gen3_Match471_1752172432,Gen3_Deck30,Gen3_Deck18,Gen3_Deck30,1,0,132.31980657577515,725047,Gen3_Match471_1752172432.txt,,2025-07-10T20:10:38.520631
3,Gen3_Match478_1752172432,Gen3_Deck19,Gen3_Deck22,Gen3_Deck22,0,1,18.79551076889038,725047,Gen3_Match478_1752172432.txt,,2025-07-10T20:10:57.316593
3,Gen3_Match477_1752172432,Gen3_Deck21,Gen3_Deck19,Gen3_Deck21,1,0,59.86054849624634,725049,Gen3_Match477_1752172432.txt,,2025-07-10T20:11:02.624495
3,Gen3_Match480_1752172432,Gen3_Deck24,Gen3_Deck19,Gen3_Deck19,0,1,26.26888084411621,725049,Gen3_Match480_1752172432.txt,,2025-07-10T20:11:28.893873
3,Gen3_Match479_1752172432,Gen3_Deck19,Gen3_Deck23,Gen3_Deck23,0,1,46.41146373748779,725047,Gen3_Match479_1752172432.txt,,2025-07-10T20:11:43.728596
3,Gen3_Match475_1752172432,Gen3_Deck18,Gen3_Deck34,Gen3_Deck18,1,0,132.28153228759766,725048,Gen3_Match475_1752172432.txt,,2025-07-10T20:11:47.514711
3,Gen3_Match481_1752172432,Gen3_Deck25,Gen3_Deck19,Gen3_Deck25,1,0,21.6214382648468,725049,Gen3_Match481_1752172432.txt,,2025-07-10T20:11:50.515768
3,Gen3_Match482_1752172432,Gen3_Deck19,Gen3_Deck26,Gen3_Deck26,0,1,23.408851385116577,725047,Gen3_Match482_1752172432.txt,,2025-07-10T20:12:07.137913
3,Gen3_Match483_1752172432,Gen3_Deck27,Gen3_Deck19,Gen3_Deck19,0,1,30.6183021068573,725048,Gen3_Match483_1752172432.txt,,2025-07-10T20:12:18.133565
3,Gen3_Match484_1752172432,Gen3_Deck28,Gen3_Deck19,Gen3_Deck28,1,0,30.01422882080078,725049,Gen3_Match484_1752172432.txt,,2025-07-10T20:12:20.530496
3,Gen3_Match487_1752172432,Gen3_Deck31,Gen3_Deck19,Gen3_Deck31,1,0,23.243412017822266,725049,Gen3_Match487_1752172432.txt,,2025-07-10T20:12:43.774348
3,Gen3_Match485_1752172432,Gen3_Deck19,Gen3_Deck29,Gen3_Deck19,1,0,39.01954102516174,725047,Gen3_Match485_1752172432.txt,,2025-07-10T20:12:46.158021
3,Gen3_Match486_1752172432,Gen3_Deck19,Gen3_Deck30,Gen3_Deck19,1,0,44.830604553222656,725048,Gen3_Match486_1752172432.txt,,2025-07-10T20:13:02.964705
3,Gen3_Match488_1752172432,Gen3_Deck19,Gen3_Deck32,Gen3_Deck19,1,0,21.944727659225464,725049,Gen3_Match488_1752172432.txt,,2025-07-10T20:13:05.719508
3,Gen3_Match489_1752172432,Gen3_Deck19,Gen3_Deck33,Gen3_Deck19,1,0,27.9709210395813,725047,Gen3_Match489_1752172432.txt,,2025-07-10T20:13:14.129484
3,Gen3_Match490_1752172432,Gen3_Deck34,Gen3_Deck19,Gen3_Deck34,1,0,25.247223138809204,725048,Gen3_Match490_1752172432.txt,,2025-07-10T20:13:28.212362
3,Gen3_Match491_1752172432,Gen3_Deck21,Gen3_Deck20,Gen3_Deck21,1,0,37.36006736755371,725049,Gen3_Match491_1752172432.txt,,2025-07-10T20:13:43.080077
3,Gen3_Match493_1752172432,Gen3_Deck20,Gen3_Deck23,Gen3_Deck23,0,1,29.31408143043518,725048,Gen3_Match493_1752172432.txt,,2025-07-10T20:13:57.527164
3,Gen3_Match492_1752172432,Gen3_Deck20,Gen3_Deck22,Gen3_Deck22,0,1,53.43046164512634,725047,Gen3_Match492_1752172432.txt,,2025-07-10T20:14:07.560557
3,Gen3_Match495_1752172432,Gen3_Deck25,Gen3_Deck20,Gen3_Deck25,1,0,27.058077335357666,725048,Gen3_Match495_1752172432.txt,,2025-07-10T20:14:24.585861
3,Gen3_Match496_1752172432,Gen3_Deck20,Gen3_Deck26,Gen3_Deck26,0,1,37.570542097091675,725047,Gen3_Match496_1752172432.txt,,2025-07-10T20:14:45.131634
3,Gen3_Match497_1752172432,Gen3_Deck27,Gen3_Deck20,Gen3_Deck27,1,0,21.59400510787964,725048,Gen3_Match497_1752172432.txt,,2025-07-10T20:14:46.180404
3,Gen3_Match494_1752172432,Gen3_Deck24,Gen3_Deck20,Gen3_Deck24,1,0,66.39074492454529,725049,Gen3_Match494_1752172432.txt,,2025-07-10T20:14:49.471307
3,Gen3_Match500_1752172432,Gen3_Deck20,Gen3_Deck30,Gen3_Deck30,0,1,23.10623025894165,725049,Gen3_Match500_1752172432.txt,,2025-07-10T20:15:12.577983
3,Gen3_Match498_1752172432,Gen3_Deck28,Gen3_Deck20,Gen3_Deck28,1,0,28.568222999572754,725047,Gen3_Match498_1752172432.txt,,2025-07-10T20:15:13.700404
3,Gen3_Match499_1752172432,Gen3_Deck20,Gen3_Deck29,Gen3_Deck29,0,1,48.520426988601685,725048,Gen3_Match499_1752172432.txt,,2025-07-10T20:15:34.701350
3,Gen3_Match502_1752172432,Gen3_Deck32,Gen3_Deck20,Gen3_Deck20,0,1,22.267526388168335,725047,Gen3_Match502_1752172432.txt,,2025-07-10T20:15:35.968397
3,Gen3_Match501_1752172432,Gen3_Deck31,Gen3_Deck20,Gen3_Deck31,1,0,33.539095640182495,725049,Gen3_Match501_1752172432.txt,,2025-07-10T20:15:46.117502
3,Gen3_Match503_1752172432,Gen3_Deck20,Gen3_Deck33,Gen3_Deck20,1,0,34.41706323623657,725048,Gen3_Match503_1752172432.txt,,2025-07-10T20:16:09.118958
3,Gen3_Match504_1752172432,Gen3_Deck34,Gen3_Deck20,Gen3_Deck34,1,0,33.99306273460388,725047,Gen3_Match504_1752172432.txt,,2025-07-10T20:16:09.961949
3,Gen3_Match507_1752172432,Gen3_Deck24,Gen3_Deck21,Gen3_Deck21,0,1,24.373218059539795,725047,Gen3_Match507_1752172432.txt,,2025-07-10T20:16:34.335640
3,Gen3_Match506_1752172432,Gen3_Deck21,Gen3_Deck23,Gen3_Deck23,0,1,38.45942687988281,725048,Gen3_Match506_1752172432.txt,,2025-07-10T20:16:47.578921
3,Gen3_Match505_1752172432,Gen3_Deck22,Gen3_Deck21,Gen3_Deck21,0,1,65.79906964302063,725049,Gen3_Match505_1752172432.txt,,2025-07-10T20:16:51.917073
3,Gen3_Match508_1752172432,Gen3_Deck21,Gen3_Deck25,Gen3_Deck21,1,0,33.2147490978241,725047,Gen3_Match508_1752172432.txt,,2025-07-10T20:17:07.550913
3,Gen3_Match510_1752172432,Gen3_Deck21,Gen3_Deck27,Gen3_Deck27,0,1,38.09083414077759,725049,Gen3_Match510_1752172432.txt,,2025-07-10T20:17:30.008346
3,Gen3_Match511_1752172432,Gen3_Deck28,Gen3_Deck21,Gen3_Deck21,0,1,28.69709300994873,725047,Gen3_Match511_1752172432.txt,,2025-07-10T20:17:36.248606
3,Gen3_Match512_1752172432,Gen3_Deck21,Gen3_Deck29,Gen3_Deck21,1,0,22.88844656944275,725049,Gen3_Match512_1752172432.txt,,2025-07-10T20:17:52.897262
3,Gen3_Match514_1752172432,Gen3_Deck31,Gen3_Deck21,Gen3_Deck21,0,1,23.015716075897217,725049,Gen3_Match514_1752172432.txt,,2025-07-10T20:18:15.913461
3,Gen3_Match513_1752172432,Gen3_Deck21,Gen3_Deck30,Gen3_Deck30,0,1,45.99769568443298,725047,Gen3_Match513_1752172432.txt,,2025-07-10T20:18:22.246853
3,Gen3_Match515_1752172432,Gen3_Deck32,Gen3_Deck21,Gen3_Deck21,0,1,21.332040786743164,725049,Gen3_Match515_1752172432.txt,,2025-07-10T20:18:37.245966
3,Gen3_Match509_1752172432,Gen3_Deck21,Gen3_Deck26,Gen3_Deck21,1,0,111.56082773208618,725048,Gen3_Match509_1752172432.txt,,2025-07-10T20:18:39.140329
3,Gen3_Match516_1752172432,Gen3_Deck21,Gen3_Deck33,Gen3_Deck33,0,1,36.307941198349,725047,Gen3_Match516_1752172432.txt,,2025-07-10T20:18:58.555369
3,Gen3_Match518_1752172432,Gen3_Deck22,Gen3_Deck23,Gen3_Deck22,1,0,50.45497751235962,725048,Gen3_Match518_1752172432.txt,,2025-07-10T20:19:29.595847
3,Gen3_Match519_1752172432,Gen3_Deck24,Gen3_Deck22,Gen3_Deck22,0,1,31.46827793121338,725047,Gen3_Match519_1752172432.txt,,2025-07-10T20:19:30.024109
3,Gen3_Match520_1752172432,Gen3_Deck25,Gen3_Deck22,Gen3_Deck25,1,0,23.254276990890503,725048,Gen3_Match520_1752172432.txt,,2025-07-10T20:19:52.850568
3,Gen3_Match521_1752172432,Gen3_Deck22,Gen3_Deck26,Gen3_Deck26,0,1,26.41190195083618,725047,Gen3_Match521_1752172432.txt,,2025-07-10T20:19:56.436455
3,Gen3_Match522_1752172432,Gen3_Deck22,Gen3_Deck27,Gen3_Deck27,0,1,24.196913242340088,725048,Gen3_Match522_1752172432.txt,,2025-07-10T20:20:17.047943
3,Gen3_Match524_1752172432,Gen3_Deck22,Gen3_Deck29,Gen3_Deck29,0,1,18.277443170547485,725048,Gen3_Match524_1752172432.txt,,2025-07-10T20:20:35.325848
3,Gen3_Match523_1752172432,Gen3_Deck28,Gen3_Deck22,Gen3_Deck22,0,1,39.008408069610596,725047,Gen3_Match523_1752172432.txt,,2025-07-10T20:20:35.445339
3,Gen3_Match517_1752172432,Gen3_Deck21,Gen3_Deck34,Gen3_Deck21,1,0,133.62735199928284,725049,Gen3_Match517_1752172432.txt,,2025-07-10T20:20:50.873909
3,Gen3_Match526_1752172432,Gen3_Deck31,Gen3_Deck22,Gen3_Deck22,0,1,34.022796630859375,725047,Gen3_Match526_1752172432.txt,,2025-07-10T20:21:09.468638
3,Gen3_Match527_1752172432,Gen3_Deck32,Gen3_Deck22,Gen3_Deck32,1,0,26.249440908432007,725049,Gen3_Match527_1752172432.txt,,2025-07-10T20:21:17.123818
3,Gen3_Match528_1752172432,Gen3_Deck22,Gen3_Deck33,Gen3_Deck33,0,1,31.94329333305359,725047,Gen3_Match528_1752172432.txt,,2025-07-10T20:21:41.412469
3,Gen3_Match529_1752172432,Gen3_Deck34,Gen3_Deck22,Gen3_Deck34,1,0,28.092284679412842,725049,Gen3_Match529_1752172432.txt,,2025-07-10T20:21:45.216581
3,Gen3_Match531_1752172432,Gen3_Deck25,Gen3_Deck23,Gen3_Deck25,1,0,26.279499053955078,725049,Gen3_Match531_1752172432.txt,,2025-07-10T20:22:11.496547
3,Gen3_Match530_1752172432,Gen3_Deck23,Gen3_Deck24,Gen3_Deck23,1,0,34.7154541015625,725047,Gen3_Match530_1752172432.txt,,2025-07-10T20:22:16.128461
3,Gen3_Match533_1752172432,Gen3_Deck23,Gen3_Deck27,Gen3_Deck27,0,1,23.114961624145508,725047,Gen3_Match533_1752172432.txt,,2025-07-10T20:22:39.243905
3,Gen3_Match525_1752172432,Gen3_Deck22,Gen3_Deck30,Gen3_Deck22,1,0,131.2701370716095,725048,Gen3_Match525_1752172432.txt,,2025-07-10T20:22:46.596561
3,Gen3_Match532_1752172432,Gen3_Deck26,Gen3_Deck23,Gen3_Deck23,0,1,50.54503393173218,725049,Gen3_Match532_1752172432.txt,,2025-07-10T20:23:02.042137
3,Gen3_Match534_1752172432,Gen3_Deck23,Gen3_Deck28,Gen3_Deck28,0,1,26.631378650665283,725047,Gen3_Match534_1752172432.txt,,2025-07-10T20:23:05.875756
3,Gen3_Match535_1752172432,Gen3_Deck29,Gen3_Deck23,Gen3_Deck29,1,0,25.815293312072754,725048,Gen3_Match535_1752172432.txt,,2025-07-10T20:23:12.412349
3,Gen3_Match537_1752172432,Gen3_Deck23,Gen3_Deck31,Gen3_Deck31,0,1,25.025463581085205,725047,Gen3_Match537_1752172432.txt,,2025-07-10T20:23:30.901736
3,Gen3_Match538_1752172432,Gen3_Deck32,Gen3_Deck23,Gen3_Deck23,0,1,28.91234302520752,725048,Gen3_Match538_1752172432.txt,,2025-07-10T20:23:41.325259
3,Gen3_Match539_1752172432,Gen3_Deck33,Gen3_Deck23,Gen3_Deck33,1,0,33.892600536346436,725047,Gen3_Match539_1752172432.txt,,2025-07-10T20:24:04.794893
3,Gen3_Match540_1752172432,Gen3_Deck23,Gen3_Deck34,Gen3_Deck34,0,1,32.90684175491333,725048,Gen3_Match540_1752172432.txt,,2025-07-10T20:24:14.232685
3,Gen3_Match541_1752172432,Gen3_Deck25,Gen3_Deck24,Gen3_Deck25,1,0,26.112309455871582,725047,Gen3_Match541_1752172432.txt,,2025-07-10T20:24:30.907686
3,Gen3_Match542_1752172432,Gen3_Deck24,Gen3_Deck26,Gen3_Deck24,1,0,19.883655786514282,725048,Gen3_Match542_1752172432.txt,,2025-07-10T20:24:34.116824
3,Gen3_Match536_1752172432,Gen3_Deck30,Gen3_Deck23,Gen3_Deck30,1,0,97.41002559661865,725049,Gen3_Match536_1752172432.txt,,2025-07-10T20:24:39.452948
3,Gen3_Match545_1752172432,Gen3_Deck24,Gen3_Deck29,Gen3_Deck24,1,0,25.03304362297058,725049,Gen3_Match545_1752172432.txt,,2025-07-10T20:25:04.486495
3,Gen3_Match544_1752172432,Gen3_Deck28,Gen3_Deck24,Gen3_Deck28,1,0,31.471208333969116,725048,Gen3_Match544_1752172432.txt,,2025-07-10T20:25:05.588523
3,Gen3_Match543_1752172432,Gen3_Deck27,Gen3_Deck24,Gen3_Deck24,0,1,44.24034857749939,725047,Gen3_Match543_1752172432.txt,,2025-07-10T20:25:15.148550
3,Gen3_Match547_1752172432,Gen3_Deck31,Gen3_Deck24,Gen3_Deck24,0,1,27.903452396392822,725048,Gen3_Match547_1752172432.txt,,2025-07-10T20:25:33.492446
3,Gen3_Match548_1752172432,Gen3_Deck24,Gen3_Deck32,Gen3_Deck24,1,0,24.819510459899902,725047,Gen3_Match548_1752172432.txt,,2025-07-10T20:25:39.968547
3,Gen3_Match546_1752172432,Gen3_Deck24,Gen3_Deck30,Gen3_Deck24,1,0,47.45310616493225,725049,Gen3_Match546_1752172432.txt,,2025-07-10T20:25:51.940140
3,Gen3_Match549_1752172432,Gen3_Deck24,Gen3_Deck33,Gen3_Deck33,0,1,20.731441497802734,725048,Gen3_Match549_1752172432.txt,,2025-07-10T20:25:54.224345
3,Gen3_Match550_1752172432,Gen3_Deck34,Gen3_Deck24,Gen3_Deck24,0,1,32.435556173324585,725047,Gen3_Match550_1752172432.txt,,2025-07-10T20:26:12.404614
3,Gen3_Match552_1752172432,Gen3_Deck25,Gen3_Deck27,Gen3_Deck27,0,1,25.942383527755737,725048,Gen3_Match552_1752172432.txt,,2025-07-10T20:26:20.167173
3,Gen3_Match553_1752172432,Gen3_Deck25,Gen3_Deck28,Gen3_Deck25,1,0,22.16440987586975,725047,Gen3_Match553_1752172432.txt,,2025-07-10T20:26:34.569462
3,Gen3_Match554_1752172432,Gen3_Deck29,Gen3_Deck25,Gen3_Deck25,0,1,21.609973430633545,725048,Gen3_Match554_1752172432.txt,,2025-07-10T20:26:41.777616
3,Gen3_Match556_1752172432,Gen3_Deck25,Gen3_Deck31,Gen3_Deck25,1,0,21.77478051185608,725048,Gen3_Match556_1752172432.txt,,2025-07-10T20:27:03.552880
3,Gen3_Match555_1752172432,Gen3_Deck25,Gen3_Deck30,Gen3_Deck30,0,1,47.09649968147278,725047,Gen3_Match555_1752172432.txt,,2025-07-10T20:27:21.666518
3,Gen3_Match557_1752172432,Gen3_Deck32,Gen3_Deck25,Gen3_Deck25,0,1,39.74501371383667,725048,Gen3_Match557_1752172432.txt,,2025-07-10T20:27:43.298501
3,Gen3_Match559_1752172432,Gen3_Deck25,Gen3_Deck34,Gen3_Deck34,0,1,19.726728677749634,725048,Gen3_Match559_1752172432.txt,,2025-07-10T20:28:03.025710
3,Gen3_Match551_1752172432,Gen3_Deck26,Gen3_Deck25,Gen3_Deck26,1,0,133.3329656124115,725049,Gen3_Match551_1752172432.txt,,2025-07-10T20:28:05.273646
3,Gen3_Match558_1752172432,Gen3_Deck33,Gen3_Deck25,Gen3_Deck33,1,0,62.36258125305176,725047,Gen3_Match558_1752172432.txt,,2025-07-10T20:28:24.029617
3,Gen3_Match561_1752172432,Gen3_Deck28,Gen3_Deck26,Gen3_Deck28,1,0,26.275747776031494,725049,Gen3_Match561_1752172432.txt,,2025-07-10T20:28:31.549881
3,Gen3_Match560_1752172432,Gen3_Deck26,Gen3_Deck27,Gen3_Deck27,0,1,34.65975999832153,725048,Gen3_Match560_1752172432.txt,,2025-07-10T20:28:37.686008
3,Gen3_Match563_1752172432,Gen3_Deck30,Gen3_Deck26,Gen3_Deck30,1,0,27.218672037124634,725049,Gen3_Match563_1752172432.txt,,2025-07-10T20:28:58.769022
3,Gen3_Match562_1752172432,Gen3_Deck26,Gen3_Deck29,Gen3_Deck29,0,1,34.87979316711426,725047,Gen3_Match562_1752172432.txt,,2025-07-10T20:28:58.909897
3,Gen3_Match564_1752172432,Gen3_Deck26,Gen3_Deck31,Gen3_Deck31,0,1,23.350120067596436,725048,Gen3_Match564_1752172432.txt,,2025-07-10T20:29:01.036615
3,Gen3_Match566_1752172432,Gen3_Deck26,Gen3_Deck33,Gen3_Deck33,0,1,30.849291801452637,725047,Gen3_Match566_1752172432.txt,,2025-07-10T20:29:29.759687
3,Gen3_Match567_1752172432,Gen3_Deck26,Gen3_Deck34,Gen3_Deck26,1,0,37.335445404052734,725048,Gen3_Match567_1752172432.txt,,2025-07-10T20:29:38.372626
3,Gen3_Match565_1752172432,Gen3_Deck32,Gen3_Deck26,Gen3_Deck26,0,1,43.2482476234436,725049,Gen3_Match565_1752172432.txt,,2025-07-10T20:29:42.017807
3,Gen3_Match568_1752172432,Gen3_Deck28,Gen3_Deck27,Gen3_Deck27,0,1,32.98437809944153,725047,Gen3_Match568_1752172432.txt,,2025-07-10T20:30:02.744583
3,Gen3_Match569_1752172432,Gen3_Deck27,Gen3_Deck29,Gen3_Deck29,0,1,34.125317335128784,725048,Gen3_Match569_1752172432.txt,,2025-07-10T20:30:12.498445
3,Gen3_Match571_1752172432,Gen3_Deck31,Gen3_Deck27,Gen3_Deck27,0,1,25.319194078445435,725047,Gen3_Match571_1752172432.txt,,2025-07-10T20:30:28.064268
3,Gen3_Match570_1752172432,Gen3_Deck27,Gen3_Deck30,Gen3_Deck30,0,1,46.32225513458252,725049,Gen3_Match570_1752172432.txt,,2025-07-10T20:30:28.340614
3,Gen3_Match572_1752172432,Gen3_Deck32,Gen3_Deck27,Gen3_Deck27,0,1,28.446120738983154,725048,Gen3_Match572_1752172432.txt,,2025-07-10T20:30:40.945056
3,Gen3_Match574_1752172432,Gen3_Deck34,Gen3_Deck27,Gen3_Deck27,0,1,30.630648612976074,725049,Gen3_Match574_1752172432.txt,,2025-07-10T20:30:58.971774
3,Gen3_Match575_1752172432,Gen3_Deck29,Gen3_Deck28,Gen3_Deck29,1,0,40.69488716125488,725048,Gen3_Match575_1752172432.txt,,2025-07-10T20:31:21.640497
3,Gen3_Match577_1752172432,Gen3_Deck28,Gen3_Deck31,Gen3_Deck31,0,1,25.17769980430603,725048,Gen3_Match577_1752172432.txt,,2025-07-10T20:31:46.818695
3,Gen3_Match576_1752172432,Gen3_Deck30,Gen3_Deck28,Gen3_Deck30,1,0,61.524630308151245,725049,Gen3_Match576_1752172432.txt,,2025-07-10T20:32:00.496967
3,Gen3_Match578_1752172432,Gen3_Deck32,Gen3_Deck28,Gen3_Deck32,1,0,19.2528338432312,725048,Gen3_Match578_1752172432.txt,,2025-07-10T20:32:06.072079
3,Gen3_Match579_1752172432,Gen3_Deck33,Gen3_Deck28,Gen3_Deck28,0,1,24.1578586101532,725049,Gen3_Match579_1752172432.txt,,2025-07-10T20:32:24.655283
3,Gen3_Match580_1752172432,Gen3_Deck28,Gen3_Deck34,Gen3_Deck34,0,1,25.26780939102173,725048,Gen3_Match580_1752172432.txt,,2025-07-10T20:32:31.340398
3,Gen3_Match573_1752172432,Gen3_Deck27,Gen3_Deck33,Gen3_Deck27,1,0,132.62518048286438,725047,Gen3_Match573_1752172432.txt,,2025-07-10T20:32:40.690022
3,Gen3_Match582_1752172432,Gen3_Deck31,Gen3_Deck29,Gen3_Deck29,0,1,25.07990264892578,725048,Gen3_Match582_1752172432.txt,,2025-07-10T20:32:56.420799
3,Gen3_Match581_1752172432,Gen3_Deck29,Gen3_Deck30,Gen3_Deck30,0,1,34.43921136856079,725049,Gen3_Match581_1752172432.txt,,2025-07-10T20:32:59.094979
3,Gen3_Match585_1752172432,Gen3_Deck34,Gen3_Deck29,Gen3_Deck34,1,0,24.8604474067688,725049,Gen3_Match585_1752172432.txt,,2025-07-10T20:33:23.955873
3,Gen3_Match584_1752172432,Gen3_Deck29,Gen3_Deck33,Gen3_Deck33,0,1,32.53836250305176,725048,Gen3_Match584_1752172432.txt,,2025-07-10T20:33:28.959647
3,Gen3_Match583_1752172432,Gen3_Deck29,Gen3_Deck32,Gen3_Deck29,1,0,53.16511654853821,725047,Gen3_Match583_1752172432.txt,,2025-07-10T20:33:33.855664
3,Gen3_Match586_1752172432,Gen3_Deck30,Gen3_Deck31,Gen3_Deck30,1,0,29.007012844085693,725049,Gen3_Match586_1752172432.txt,,2025-07-10T20:33:52.963383
3,Gen3_Match587_1752172432,Gen3_Deck30,Gen3_Deck32,Gen3_Deck30,1,0,25.14704132080078,725048,Gen3_Match587_1752172432.txt,,2025-07-10T20:33:54.107160
3,Gen3_Match588_1752172432,Gen3_Deck33,Gen3_Deck30,Gen3_Deck30,0,1,39.37115478515625,725047,Gen3_Match588_1752172432.txt,,2025-07-10T20:34:13.227338
3,Gen3_Match589_1752172432,Gen3_Deck30,Gen3_Deck34,Gen3_Deck30,1,0,25.460663557052612,725049,Gen3_Match589_1752172432.txt,,2025-07-10T20:34:18.424500
3,Gen3_Match590_1752172432,Gen3_Deck32,Gen3_Deck31,Gen3_Deck31,0,1,24.374256134033203,725048,Gen3_Match590_1752172432.txt,,2025-07-10T20:34:18.481833
3,Gen3_Match591_1752172432,Gen3_Deck31,Gen3_Deck33,Gen3_Deck33,0,1,27.791314363479614,725047,Gen3_Match591_1752172432.txt,,2025-07-10T20:34:41.019127
3,Gen3_Match593_1752172432,Gen3_Deck32,Gen3_Deck33,Gen3_Deck33,0,1,23.368555068969727,725048,Gen3_Match593_1752172432.txt,,2025-07-10T20:34:41.851091
3,Gen3_Match594_1752172432,Gen3_Deck34,Gen3_Deck32,Gen3_Deck34,1,0,22.520366191864014,725047,Gen3_Match594_1752172432.txt,,2025-07-10T20:35:03.539963
3,Gen3_Match595_1752172432,Gen3_Deck33,Gen3_Deck34,Gen3_Deck33,1,0,25.201746940612793,725048,Gen3_Match595_1752172432.txt,,2025-07-10T20:35:07.053435
3,Gen3_Match592_1752172432,Gen3_Deck34,Gen3_Deck31,Gen3_Deck34,1,0,63.81581950187683,725049,Gen3_Match592_1752172432.txt,,2025-07-10T20:35:22.240843
4,Gen4_Match2_1752179722,Gen4_Deck2,Gen4_Deck0,Gen4_Deck2,1,0,32.67083525657654,982849,Gen4_Match2_1752179722.txt,,2025-07-10T20:35:54.963509
4,Gen4_Match3_1752179722,Gen4_Deck0,Gen4_Deck3,Gen4_Deck0,1,0,44.46635389328003,982848,Gen4_Match3_1752179722.txt,,2025-07-10T20:36:06.760157
4,Gen4_Match4_1752179722,Gen4_Deck4,Gen4_Deck0,Gen4_Deck0,0,1,22.94815969467163,982849,Gen4_Match4_1752179722.txt,,2025-07-10T20:36:17.912426
4,Gen4_Match5_1752179722,Gen4_Deck5,Gen4_Deck0,Gen4_Deck0,0,1,27.42382311820984,982848,Gen4_Match5_1752179722.txt,,2025-07-10T20:36:34.184778
4,Gen4_Match6_1752179722,Gen4_Deck0,Gen4_Deck6,Gen4_Deck0,1,0,19.131561517715454,982849,Gen4_Match6_1752179722.txt,,2025-07-10T20:36:37.044454
4,Gen4_Match1_1752179722,Gen4_Deck1,Gen4_Deck0,Gen4_Deck1,1,0,91.0296585559845,982847,Gen4_Match1_1752179722.txt,,2025-07-10T20:36:53.320930
4,Gen4_Match7_1752179722,Gen4_Deck0,Gen4_Deck7,Gen4_Deck0,1,0,26.80808138847351,982848,Gen4_Match7_1752179722.txt,,2025-07-10T20:37:00.993365
4,Gen4_Match8_1752179722,Gen4_Deck8,Gen4_Deck0,Gen4_Deck0,0,1,23.957283973693848,982849,Gen4_Match8_1752179722.txt,,2025-07-10T20:37:01.002180
4,Gen4_Match11_1752179722,Gen4_Deck11,Gen4_Deck0,Gen4_Deck11,1,0,26.51618981361389,982849,Gen4_Match11_1752179722.txt,,2025-07-10T20:37:27.518841
4,Gen4_Match12_1752179722,Gen4_Deck12,Gen4_Deck0,Gen4_Deck0,0,1,23.990087032318115,982849,Gen4_Match12_1752179722.txt,,2025-07-10T20:37:51.509401
4,Gen4_Match13_1752179722,Gen4_Deck0,Gen4_Deck13,Gen4_Deck0,1,0,29.362451553344727,982849,Gen4_Match13_1752179722.txt,,2025-07-10T20:38:20.872311
4,Gen4_Match10_1752179722,Gen4_Deck0,Gen4_Deck10,Gen4_Deck0,1,0,88.40622091293335,982848,Gen4_Match10_1752179722.txt,,2025-07-10T20:38:29.400388
4,Gen4_Match14_1752179722,Gen4_Deck0,Gen4_Deck14,Gen4_Deck14,0,1,25.272921800613403,982849,Gen4_Match14_1752179722.txt,,2025-07-10T20:38:46.145679
4,Gen4_Match9_1752179722,Gen4_Deck9,Gen4_Deck0,Gen4_Deck9,1,0,133.4496967792511,982847,Gen4_Match9_1752179722.txt,,2025-07-10T20:39:06.771514
4,Gen4_Match16_1752179722,Gen4_Deck16,Gen4_Deck0,Gen4_Deck0,0,1,21.36041760444641,982849,Gen4_Match16_1752179722.txt,,2025-07-10T20:39:07.506528
4,Gen4_Match15_1752179722,Gen4_Deck15,Gen4_Deck0,Gen4_Deck0,0,1,46.391223430633545,982848,Gen4_Match15_1752179722.txt,,2025-07-10T20:39:15.792196
4,Gen4_Match17_1752179722,Gen4_Deck0,Gen4_Deck17,Gen4_Deck0,1,0,37.68883657455444,982847,Gen4_Match17_1752179722.txt,,2025-07-10T20:39:44.460977
4,Gen4_Match18_1752179722,Gen4_Deck18,Gen4_Deck0,Gen4_Deck0,0,1,57.95337700843811,982849,Gen4_Match18_1752179722.txt,,2025-07-10T20:40:05.460391
4,Gen4_Match20_1752179722,Gen4_Deck0,Gen4_Deck20,Gen4_Deck0,1,0,21.55002522468567,982847,Gen4_Match20_1752179722.txt,,2025-07-10T20:40:06.011501
4,Gen4_Match19_1752179722,Gen4_Deck19,Gen4_Deck0,Gen4_Deck19,1,0,63.69171857833862,982848,Gen4_Match19_1752179722.txt,,2025-07-10T20:40:19.484518
4,Gen4_Match22_1752179722,Gen4_Deck22,Gen4_Deck0,Gen4_Deck0,0,1,25.486342191696167,982847,Gen4_Match22_1752179722.txt,,2025-07-10T20:40:31.498400
4,Gen4_Match21_1752179722,Gen4_Deck0,Gen4_Deck21,Gen4_Deck21,0,1,37.96277666091919,982849,Gen4_Match21_1752179722.txt,,2025-07-10T20:40:43.423653
4,Gen4_Match23_1752179722,Gen4_Deck23,Gen4_Deck0,Gen4_Deck0,0,1,28.21935796737671,982848,Gen4_Match23_1752179722.txt,,2025-07-10T20:40:47.704337
4,Gen4_Match24_1752179722,Gen4_Deck0,Gen4_Deck24,Gen4_Deck0,1,0,24.22464656829834,982847,Gen4_Match24_1752179722.txt,,2025-07-10T20:40:55.723474
4,Gen4_Match25_1752179722,Gen4_Deck25,Gen4_Deck0,Gen4_Deck25,1,0,28.929208993911743,982849,Gen4_Match25_1752179722.txt,,2025-07-10T20:41:12.353344
4,Gen4_Match27_1752179722,Gen4_Deck27,Gen4_Deck0,Gen4_Deck27,1,0,34.316473722457886,982847,Gen4_Match27_1752179722.txt,,2025-07-10T20:41:30.040427
4,Gen4_Match28_1752179722,Gen4_Deck0,Gen4_Deck28,Gen4_Deck0,1,0,34.58272075653076,982849,Gen4_Match28_1752179722.txt,,2025-07-10T20:41:46.936569
4,Gen4_Match26_1752179722,Gen4_Deck26,Gen4_Deck0,Gen4_Deck0,0,1,67.69628667831421,982848,Gen4_Match26_1752179722.txt,,2025-07-10T20:41:55.401078
4,Gen4_Match29_1752179722,Gen4_Deck29,Gen4_Deck0,Gen4_Deck0,0,1,26.61563777923584,982847,Gen4_Match29_1752179722.txt,,2025-07-10T20:41:56.656525
4,Gen4_Match30_1752179722,Gen4_Deck0,Gen4_Deck30,Gen4_Deck0,1,0,21.52983522415161,982849,Gen4_Match30_1752179722.txt,,2025-07-10T20:42:08.466885
4,Gen4_Match32_1752179722,Gen4_Deck0,Gen4_Deck32,Gen4_Deck0,1,0,25.576698541641235,982847,Gen4_Match32_1752179722.txt,,2025-07-10T20:42:22.233694
4,Gen4_Match31_1752179722,Gen4_Deck0,Gen4_Deck31,Gen4_Deck0,1,0,27.438780784606934,982848,Gen4_Match31_1752179722.txt,,2025-07-10T20:42:22.840299
4,Gen4_Match33_1752179722,Gen4_Deck33,Gen4_Deck0,Gen4_Deck33,1,0,32.05943179130554,982849,Gen4_Match33_1752179722.txt,,2025-07-10T20:42:40.526775
4,Gen4_Match35_1752179722,Gen4_Deck2,Gen4_Deck1,Gen4_Deck1,0,1,41.23494791984558,982848,Gen4_Match35_1752179722.txt,,2025-07-10T20:43:04.075689
4,Gen4_Match36_1752179722,Gen4_Deck1,Gen4_Deck3,Gen4_Deck1,1,0,30.4013614654541,982849,Gen4_Match36_1752179722.txt,,2025-07-10T20:43:10.928595
4,Gen4_Match34_1752179722,Gen4_Deck0,Gen4_Deck34,Gen4_Deck34,0,1,61.434231996536255,982847,Gen4_Match34_1752179722.txt,,2025-07-10T20:43:23.668530
4,Gen4_Match38_1752179722,Gen4_Deck5,Gen4_Deck1,Gen4_Deck1,0,1,21.07920742034912,982849,Gen4_Match38_1752179722.txt,,2025-07-10T20:43:32.008218
4,Gen4_Match37_1752179722,Gen4_Deck1,Gen4_Deck4,Gen4_Deck1,1,0,37.315372705459595,982848,Gen4_Match37_1752179722.txt,,2025-07-10T20:43:41.391517
4,Gen4_Match39_1752179722,Gen4_Deck6,Gen4_Deck1,Gen4_Deck1,0,1,29.13121461868286,982847,Gen4_Match39_1752179722.txt,,2025-07-10T20:43:52.800216
4,Gen4_Match40_1752179722,Gen4_Deck1,Gen4_Deck7,Gen4_Deck7,0,1,25.545416593551636,982849,Gen4_Match40_1752179722.txt,,2025-07-10T20:43:57.554043
4,Gen4_Match41_1752179722,Gen4_Deck8,Gen4_Deck1,Gen4_Deck8,1,0,37.216694355010986,982848,Gen4_Match41_1752179722.txt,,2025-07-10T20:44:18.608748
4,Gen4_Match42_1752179722,Gen4_Deck9,Gen4_Deck1,Gen4_Deck9,1,0,28.15114712715149,982847,Gen4_Match42_1752179722.txt,,2025-07-10T20:44:20.951835
4,Gen4_Match43_1752179722,Gen4_Deck1,Gen4_Deck10,Gen4_Deck1,1,0,31.306376218795776,982849,Gen4_Match43_1752179722.txt,,2025-07-10T20:44:28.860902
4,Gen4_Match45_1752179722,Gen4_Deck12,Gen4_Deck1,Gen4_Deck1,0,1,42.81598877906799,982847,Gen4_Match45_1752179722.txt,,2025-07-10T20:45:03.768351
4,Gen4_Match46_1752179722,Gen4_Deck13,Gen4_Deck1,Gen4_Deck1,0,1,38.81256294250488,982849,Gen4_Match46_1752179722.txt,,2025-07-10T20:45:07.674014
4,Gen4_Match47_1752179722,Gen4_Deck1,Gen4_Deck14,Gen4_Deck1,1,0,31.70356035232544,982847,Gen4_Match47_1752179722.txt,,2025-07-10T20:45:35.472399
4,Gen4_Match48_1752179722,Gen4_Deck15,Gen4_Deck1,Gen4_Deck15,1,0,31.32762837409973,982849,Gen4_Match48_1752179722.txt,,2025-07-10T20:45:39.002142
4,Gen4_Match49_1752179722,Gen4_Deck16,Gen4_Deck1,Gen4_Deck1,0,1,25.279866933822632,982847,Gen4_Match49_1752179722.txt,,2025-07-10T20:46:00.752785
4,Gen4_Match50_1752179722,Gen4_Deck1,Gen4_Deck17,Gen4_Deck1,1,0,35.527737855911255,982849,Gen4_Match50_1752179722.txt,,2025-07-10T20:46:14.530316
4,Gen4_Match51_1752179722,Gen4_Deck1,Gen4_Deck18,Gen4_Deck1,1,0,23.945428133010864,982847,Gen4_Match51_1752179722.txt,,2025-07-10T20:46:24.698675
4,Gen4_Match44_1752179722,Gen4_Deck1,Gen4_Deck11,Gen4_Deck1,1,0,133.3828525543213,982848,Gen4_Match44_1752179722.txt,,2025-07-10T20:46:31.992123
4,Gen4_Match52_1752179722,Gen4_Deck19,Gen4_Deck1,Gen4_Deck1,0,1,30.16185450553894,982849,Gen4_Match52_1752179722.txt,,2025-07-10T20:46:44.692653
4,Gen4_Match53_1752179722,Gen4_Deck20,Gen4_Deck1,Gen4_Deck1,0,1,24.729283094406128,982847,Gen4_Match53_1752179722.txt,,2025-07-10T20:46:49.428511
4,Gen4_Match54_1752179722,Gen4_Deck1,Gen4_Deck21,Gen4_Deck1,1,0,30.027841091156006,982848,Gen4_Match54_1752179722.txt,,2025-07-10T20:47:02.020462
4,Gen4_Match56_1752179722,Gen4_Deck23,Gen4_Deck1,Gen4_Deck1,0,1,25.341687440872192,982847,Gen4_Match56_1752179722.txt,,2025-07-10T20:47:14.770670
4,Gen4_Match55_1752179722,Gen4_Deck22,Gen4_Deck1,Gen4_Deck1,0,1,32.62787413597107,982849,Gen4_Match55_1752179722.txt,,2025-07-10T20:47:17.321139
4,Gen4_Match58_1752179722,Gen4_Deck1,Gen4_Deck25,Gen4_Deck1,1,0,21.875725507736206,982847,Gen4_Match58_1752179722.txt,,2025-07-10T20:47:36.646874
4,Gen4_Match59_1752179722,Gen4_Deck26,Gen4_Deck1,Gen4_Deck1,0,1,29.26256275177002,982849,Gen4_Match59_1752179722.txt,,2025-07-10T20:47:46.584188
4,Gen4_Match60_1752179722,Gen4_Deck1,Gen4_Deck27,Gen4_Deck27,0,1,23.71704602241516,982847,Gen4_Match60_1752179722.txt,,2025-07-10T20:48:00.364501
4,Gen4_Match61_1752179722,Gen4_Deck1,Gen4_Deck28,Gen4_Deck28,0,1,20.483898162841797,982849,Gen4_Match61_1752179722.txt,,2025-07-10T20:48:07.068558
4,Gen4_Match63_1752179722,Gen4_Deck30,Gen4_Deck1,Gen4_Deck1,0,1,24.251262187957764,982849,Gen4_Match63_1752179722.txt,,2025-07-10T20:48:31.320303
4,Gen4_Match62_1752179722,Gen4_Deck29,Gen4_Deck1,Gen4_Deck1,0,1,41.099748373031616,982847,Gen4_Match62_1752179722.txt,,2025-07-10T20:48:41.464776
4,Gen4_Match64_1752179722,Gen4_Deck1,Gen4_Deck31,Gen4_Deck1,1,0,25.942176818847656,982849,Gen4_Match64_1752179722.txt,,2025-07-10T20:48:57.263001
4,Gen4_Match57_1752179722,Gen4_Deck1,Gen4_Deck24,Gen4_Deck1,1,0,122.00609254837036,982848,Gen4_Match57_1752179722.txt,,2025-07-10T20:49:04.027174
4,Gen4_Match65_1752179722,Gen4_Deck1,Gen4_Deck32,Gen4_Deck1,1,0,26.735171794891357,982847,Gen4_Match65_1752179722.txt,,2025-07-10T20:49:08.200449
4,Gen4_Match66_1752179722,Gen4_Deck33,Gen4_Deck1,Gen4_Deck33,1,0,26.140678882598877,982849,Gen4_Match66_1752179722.txt,,2025-07-10T20:49:23.404168
4,Gen4_Match68_1752179722,Gen4_Deck3,Gen4_Deck2,Gen4_Deck3,1,0,30.737205028533936,982847,Gen4_Match68_1752179722.txt,,2025-07-10T20:49:38.938148
4,Gen4_Match69_1752179722,Gen4_Deck2,Gen4_Deck4,Gen4_Deck4,0,1,23.07979989051819,982849,Gen4_Match69_1752179722.txt,,2025-07-10T20:49:46.484462
4,Gen4_Match67_1752179722,Gen4_Deck1,Gen4_Deck34,Gen4_Deck34,0,1,50.394558906555176,982848,Gen4_Match67_1752179722.txt,,2025-07-10T20:49:54.422200
4,Gen4_Match71_1752179722,Gen4_Deck6,Gen4_Deck2,Gen4_Deck2,0,1,23.869328498840332,982849,Gen4_Match71_1752179722.txt,,2025-07-10T20:50:10.354296
4,Gen4_Match70_1752179722,Gen4_Deck5,Gen4_Deck2,Gen4_Deck5,1,0,32.58880639076233,982847,Gen4_Match70_1752179722.txt,,2025-07-10T20:50:11.527437
4,Gen4_Match72_1752179722,Gen4_Deck7,Gen4_Deck2,Gen4_Deck7,1,0,35.97789001464844,982848,Gen4_Match72_1752179722.txt,,2025-07-10T20:50:30.400568
4,Gen4_Match74_1752179722,Gen4_Deck9,Gen4_Deck2,Gen4_Deck2,0,1,28.289703369140625,982847,Gen4_Match74_1752179722.txt,,2025-07-10T20:50:39.817705
4,Gen4_Match73_1752179722,Gen4_Deck2,Gen4_Deck8,Gen4_Deck8,0,1,46.86339282989502,982849,Gen4_Match73_1752179722.txt,,2025-07-10T20:50:57.218223
4,Gen4_Match75_1752179722,Gen4_Deck10,Gen4_Deck2,Gen4_Deck2,0,1,28.959410905838013,982848,Gen4_Match75_1752179722.txt,,2025-07-10T20:50:59.360478
4,Gen4_Match76_1752179722,Gen4_Deck11,Gen4_Deck2,Gen4_Deck2,0,1,27.398131847381592,982847,Gen4_Match76_1752179722.txt,,2025-07-10T20:51:07.216423
4,Gen4_Match77_1752179722,Gen4_Deck2,Gen4_Deck12,Gen4_Deck2,1,0,29.424383640289307,982849,Gen4_Match77_1752179722.txt,,2025-07-10T20:51:26.643095
4,Gen4_Match78_1752179722,Gen4_Deck13,Gen4_Deck2,Gen4_Deck13,1,0,34.399901151657104,982848,Gen4_Match78_1752179722.txt,,2025-07-10T20:51:33.760820
4,Gen4_Match79_1752179722,Gen4_Deck14,Gen4_Deck2,Gen4_Deck2,0,1,32.25991249084473,982847,Gen4_Match79_1752179722.txt,,2025-07-10T20:51:39.476866
4,Gen4_Match80_1752179722,Gen4_Deck2,Gen4_Deck15,Gen4_Deck2,1,0,27.435988187789917,982849,Gen4_Match80_1752179722.txt,,2025-07-10T20:51:54.079535
4,Gen4_Match82_1752179722,Gen4_Deck17,Gen4_Deck2,Gen4_Deck17,1,0,28.85184121131897,982847,Gen4_Match82_1752179722.txt,,2025-07-10T20:52:08.329161
4,Gen4_Match81_1752179722,Gen4_Deck16,Gen4_Deck2,Gen4_Deck16,1,0,44.21119046211243,982848,Gen4_Match81_1752179722.txt,,2025-07-10T20:52:17.972459
4,Gen4_Match83_1752179722,Gen4_Deck18,Gen4_Deck2,Gen4_Deck2,0,1,35.698490381240845,982849,Gen4_Match83_1752179722.txt,,2025-07-10T20:52:29.778456
4,Gen4_Match84_1752179722,Gen4_Deck2,Gen4_Deck19,Gen4_Deck2,1,0,27.782495260238647,982847,Gen4_Match84_1752179722.txt,,2025-07-10T20:52:36.112088
4,Gen4_Match86_1752179722,Gen4_Deck2,Gen4_Deck21,Gen4_Deck2,1,0,29.043094158172607,982849,Gen4_Match86_1752179722.txt,,2025-07-10T20:52:58.821992
4,Gen4_Match85_1752179722,Gen4_Deck20,Gen4_Deck2,Gen4_Deck20,1,0,41.21181917190552,982848,Gen4_Match85_1752179722.txt,,2025-07-10T20:52:59.184740
4,Gen4_Match87_1752179722,Gen4_Deck2,Gen4_Deck22,Gen4_Deck2,1,0,26.58762264251709,982847,Gen4_Match87_1752179722.txt,,2025-07-10T20:53:02.700200
4,Gen4_Match89_1752179722,Gen4_Deck24,Gen4_Deck2,Gen4_Deck24,1,0,22.783204793930054,982848,Gen4_Match89_1752179722.txt,,2025-07-10T20:53:21.968347
4,Gen4_Match88_1752179722,Gen4_Deck2,Gen4_Deck23,Gen4_Deck2,1,0,31.59385657310486,982849,Gen4_Match88_1752179722.txt,,2025-07-10T20:53:30.416285
4,Gen4_Match90_1752179722,Gen4_Deck2,Gen4_Deck25,Gen4_Deck2,1,0,33.10209083557129,982847,Gen4_Match90_1752179722.txt,,2025-07-10T20:53:35.802846
4,Gen4_Match91_1752179722,Gen4_Deck2,Gen4_Deck26,Gen4_Deck2,1,0,34.78823161125183,982848,Gen4_Match91_1752179722.txt,,2025-07-10T20:53:56.757050
4,Gen4_Match92_1752179722,Gen4_Deck27,Gen4_Deck2,Gen4_Deck27,1,0,27.39551591873169,982849,Gen4_Match92_1752179722.txt,,2025-07-10T20:53:57.812256
4,Gen4_Match93_1752179722,Gen4_Deck28,Gen4_Deck2,Gen4_Deck28,1,0,36.45612192153931,982847,Gen4_Match93_1752179722.txt,,2025-07-10T20:54:12.259521
4,Gen4_Match94_1752179722,Gen4_Deck2,Gen4_Deck29,Gen4_Deck2,1,0,37.021872758865356,982848,Gen4_Match94_1752179722.txt,,2025-07-10T20:54:33.779403
4,Gen4_Match96_1752179722,Gen4_Deck31,Gen4_Deck2,Gen4_Deck31,1,0,37.850980043411255,982847,Gen4_Match96_1752179722.txt,,2025-07-10T20:54:50.111041
4,Gen4_Match98_1752179722,Gen4_Deck2,Gen4_Deck33,Gen4_Deck33,0,1,22.621105670928955,982847,Gen4_Match98_1752179722.txt,,2025-07-10T20:55:12.732721
4,Gen4_Match99_1752179722,Gen4_Deck34,Gen4_Deck2,Gen4_Deck34,1,0,23.594483613967896,982847,Gen4_Match99_1752179722.txt,,2025-07-10T20:55:36.327728
4,Gen4_Match97_1752179722,Gen4_Deck2,Gen4_Deck32,Gen4_Deck2,1,0,75.14239859580994,982848,Gen4_Match97_1752179722.txt,,2025-07-10T20:55:48.922336
4,Gen4_Match95_1752179722,Gen4_Deck30,Gen4_Deck2,Gen4_Deck2,0,1,117.04675531387329,982849,Gen4_Match95_1752179722.txt,,2025-07-10T20:55:54.859585
4,Gen4_Match100_1752179722,Gen4_Deck3,Gen4_Deck4,Gen4_Deck3,1,0,33.93211531639099,982847,Gen4_Match100_1752179722.txt,,2025-07-10T20:56:10.260303
4,Gen4_Match102_1752179722,Gen4_Deck3,Gen4_Deck6,Gen4_Deck3,1,0,24.55633306503296,982849,Gen4_Match102_1752179722.txt,,2025-07-10T20:56:19.416359
4,Gen4_Match101_1752179722,Gen4_Deck5,Gen4_Deck3,Gen4_Deck3,0,1,35.51772689819336,982848,Gen4_Match101_1752179722.txt,,2025-07-10T20:56:24.440532
4,Gen4_Match103_1752179722,Gen4_Deck3,Gen4_Deck7,Gen4_Deck7,0,1,38.4155547618866,982847,Gen4_Match103_1752179722.txt,,2025-07-10T20:56:48.676315
4,Gen4_Match104_1752179722,Gen4_Deck8,Gen4_Deck3,Gen4_Deck8,1,0,39.069671869277954,982849,Gen4_Match104_1752179722.txt,,2025-07-10T20:56:58.486465
4,Gen4_Match105_1752179722,Gen4_Deck9,Gen4_Deck3,Gen4_Deck3,0,1,35.60227012634277,982848,Gen4_Match105_1752179722.txt,,2025-07-10T20:57:00.043304
4,Gen4_Match106_1752179722,Gen4_Deck3,Gen4_Deck10,Gen4_Deck3,1,0,31.104599714279175,982847,Gen4_Match106_1752179722.txt,,2025-07-10T20:57:19.781426
4,Gen4_Match107_1752179722,Gen4_Deck3,Gen4_Deck11,Gen4_Deck3,1,0,32.57437753677368,982849,Gen4_Match107_1752179722.txt,,2025-07-10T20:57:31.061289
4,Gen4_Match108_1752179722,Gen4_Deck12,Gen4_Deck3,Gen4_Deck3,0,1,31.14090347290039,982848,Gen4_Match108_1752179722.txt,,2025-07-10T20:57:31.184956
4,Gen4_Match109_1752179722,Gen4_Deck3,Gen4_Deck13,Gen4_Deck3,1,0,30.571266174316406,982847,Gen4_Match109_1752179722.txt,,2025-07-10T20:57:50.353241
4,Gen4_Match110_1752179722,Gen4_Deck3,Gen4_Deck14,Gen4_Deck3,1,0,24.123716115951538,982849,Gen4_Match110_1752179722.txt,,2025-07-10T20:57:55.204749
4,Gen4_Match112_1752179722,Gen4_Deck16,Gen4_Deck3,Gen4_Deck3,0,1,25.438830137252808,982847,Gen4_Match112_1752179722.txt,,2025-07-10T20:58:15.792556
4,Gen4_Match113_1752179722,Gen4_Deck3,Gen4_Deck17,Gen4_Deck3,1,0,29.5752432346344,982849,Gen4_Match113_1752179722.txt,,2025-07-10T20:58:24.780493
4,Gen4_Match111_1752179722,Gen4_Deck15,Gen4_Deck3,Gen4_Deck3,0,1,65.85883259773254,982848,Gen4_Match111_1752179722.txt,,2025-07-10T20:58:37.044438
4,Gen4_Match114_1752179722,Gen4_Deck3,Gen4_Deck18,Gen4_Deck3,1,0,27.505311965942383,982847,Gen4_Match114_1752179722.txt,,2025-07-10T20:58:43.298363
4,Gen4_Match115_1752179722,Gen4_Deck19,Gen4_Deck3,Gen4_Deck19,1,0,35.89400362968445,982849,Gen4_Match115_1752179722.txt,,2025-07-10T20:59:00.674989
4,Gen4_Match117_1752179722,Gen4_Deck3,Gen4_Deck21,Gen4_Deck21,0,1,25.684574127197266,982847,Gen4_Match117_1752179722.txt,,2025-07-10T20:59:08.983374
4,Gen4_Match116_1752179722,Gen4_Deck3,Gen4_Deck20,Gen4_Deck3,1,0,33.02771353721619,982848,Gen4_Match116_1752179722.txt,,2025-07-10T20:59:10.072756
4,Gen4_Match118_1752179722,Gen4_Deck22,Gen4_Deck3,Gen4_Deck3,0,1,22.870285034179688,982849,Gen4_Match118_1752179722.txt,,2025-07-10T20:59:23.545684
4,Gen4_Match119_1752179722,Gen4_Deck23,Gen4_Deck3,Gen4_Deck23,1,0,47.3707389831543,982847,Gen4_Match119_1752179722.txt,,2025-07-10T20:59:56.354570
4,Gen4_Match121_1752179722,Gen4_Deck3,Gen4_Deck25,Gen4_Deck25,0,1,32.98811483383179,982849,Gen4_Match121_1752179722.txt,,2025-07-10T20:59:56.534247
4,Gen4_Match120_1752179722,Gen4_Deck3,Gen4_Deck24,Gen4_Deck24,0,1,51.713035583496094,982848,Gen4_Match120_1752179722.txt,,2025-07-10T21:00:01.786305
4,Gen4_Match122_1752179722,Gen4_Deck26,Gen4_Deck3,Gen4_Deck3,0,1,32.515395402908325,982847,Gen4_Match122_1752179722.txt,,2025-07-10T21:00:28.870456
4,Gen4_Match124_1752179722,Gen4_Deck3,Gen4_Deck28,Gen4_Deck3,1,0,28.389684915542603,982848,Gen4_Match124_1752179722.txt,,2025-07-10T21:00:30.176460
4,Gen4_Match123_1752179722,Gen4_Deck3,Gen4_Deck27,Gen4_Deck27,0,1,48.13576579093933,982849,Gen4_Match123_1752179722.txt,,2025-07-10T21:00:44.670498
4,Gen4_Match125_1752179722,Gen4_Deck29,Gen4_Deck3,Gen4_Deck3,0,1,40.59349513053894,982847,Gen4_Match125_1752179722.txt,,2025-07-10T21:01:09.464417
4,Gen4_Match127_1752179722,Gen4_Deck3,Gen4_Deck31,Gen4_Deck3,1,0,25.566641330718994,982849,Gen4_Match127_1752179722.txt,,2025-07-10T21:01:10.237589
4,Gen4_Match126_1752179722,Gen4_Deck30,Gen4_Deck3,Gen4_Deck30,1,0,62.06139302253723,982848,Gen4_Match126_1752179722.txt,,2025-07-10T21:01:32.238399
4,Gen4_Match129_1752179722,Gen4_Deck33,Gen4_Deck3,Gen4_Deck33,1,0,25.099627017974854,982849,Gen4_Match129_1752179722.txt,,2025-07-10T21:01:35.337666
4,Gen4_Match128_1752179722,Gen4_Deck32,Gen4_Deck3,Gen4_Deck3,0,1,28.41919255256653,982847,Gen4_Match128_1752179722.txt,,2025-07-10T21:01:37.884069
4,Gen4_Match130_1752179722,Gen4_Deck3,Gen4_Deck34,Gen4_Deck3,1,0,26.958699941635132,982848,Gen4_Match130_1752179722.txt,,2025-07-10T21:01:59.197600
4,Gen4_Match132_1752179722,Gen4_Deck6,Gen4_Deck4,Gen4_Deck6,1,0,27.315797328948975,982847,Gen4_Match132_1752179722.txt,,2025-07-10T21:02:05.200296
4,Gen4_Match133_1752179722,Gen4_Deck7,Gen4_Deck4,Gen4_Deck4,0,1,20.86268711090088,982848,Gen4_Match133_1752179722.txt,,2025-07-10T21:02:20.060788
4,Gen4_Match134_1752179722,Gen4_Deck4,Gen4_Deck8,Gen4_Deck8,0,1,23.00360369682312,982847,Gen4_Match134_1752179722.txt,,2025-07-10T21:02:28.204384
4,Gen4_Match135_1752179722,Gen4_Deck4,Gen4_Deck9,Gen4_Deck9,0,1,20.099651098251343,982848,Gen4_Match135_1752179722.txt,,2025-07-10T21:02:40.160888
4,Gen4_Match131_1752179722,Gen4_Deck4,Gen4_Deck5,Gen4_Deck4,1,0,72.17858266830444,982849,Gen4_Match131_1752179722.txt,,2025-07-10T21:02:47.516757
4,Gen4_Match138_1752179722,Gen4_Deck4,Gen4_Deck12,Gen4_Deck12,0,1,20.681000471115112,982849,Gen4_Match138_1752179722.txt,,2025-07-10T21:03:08.198182
4,Gen4_Match137_1752179722,Gen4_Deck4,Gen4_Deck11,Gen4_Deck4,1,0,50.56467366218567,982848,Gen4_Match137_1752179722.txt,,2025-07-10T21:03:30.726172
4,Gen4_Match136_1752179722,Gen4_Deck10,Gen4_Deck4,Gen4_Deck10,1,0,62.63162899017334,982847,Gen4_Match136_1752179722.txt,,2025-07-10T21:03:30.836589
4,Gen4_Match139_1752179722,Gen4_Deck13,Gen4_Deck4,Gen4_Deck4,0,1,28.60998296737671,982849,Gen4_Match139_1752179722.txt,,2025-07-10T21:03:36.808702
4,Gen4_Match142_1752179722,Gen4_Deck4,Gen4_Deck16,Gen4_Deck16,0,1,20.75127387046814,982849,Gen4_Match142_1752179722.txt,,2025-07-10T21:03:57.560379
4,Gen4_Match140_1752179722,Gen4_Deck14,Gen4_Deck4,Gen4_Deck4,0,1,54.32980012893677,982848,Gen4_Match140_1752179722.txt,,2025-07-10T21:04:25.056506
4,Gen4_Match144_1752179722,Gen4_Deck4,Gen4_Deck18,Gen4_Deck18,0,1,22.282480001449585,982848,Gen4_Match144_1752179722.txt,,2025-07-10T21:04:47.339516
4,Gen4_Match145_1752179722,Gen4_Deck4,Gen4_Deck19,Gen4_Deck19,0,1,16.98436713218689,982848,Gen4_Match145_1752179722.txt,,2025-07-10T21:05:04.324348
4,Gen4_Match146_1752179722,Gen4_Deck20,Gen4_Deck4,Gen4_Deck20,1,0,22.81265425682068,982848,Gen4_Match146_1752179722.txt,,2025-07-10T21:05:27.137503
4,Gen4_Match141_1752179722,Gen4_Deck4,Gen4_Deck15,Gen4_Deck4,1,0,134.30337047576904,982847,Gen4_Match141_1752179722.txt,,2025-07-10T21:05:45.140521
4,Gen4_Match147_1752179722,Gen4_Deck21,Gen4_Deck4,Gen4_Deck21,1,0,30.918502807617188,982848,Gen4_Match147_1752179722.txt,,2025-07-10T21:05:58.056528
4,Gen4_Match143_1752179722,Gen4_Deck17,Gen4_Deck4,Gen4_Deck4,0,1,121.46195077896118,982849,Gen4_Match143_1752179722.txt,,2025-07-10T21:05:59.023013
4,Gen4_Match148_1752179722,Gen4_Deck4,Gen4_Deck22,Gen4_Deck4,1,0,25.58640742301941,982847,Gen4_Match148_1752179722.txt,,2025-07-10T21:06:10.727448
4,Gen4_Match149_1752179722,Gen4_Deck23,Gen4_Deck4,Gen4_Deck4,0,1,24.27478051185608,982848,Gen4_Match149_1752179722.txt,,2025-07-10T21:06:22.331785
4,Gen4_Match150_1752179722,Gen4_Deck24,Gen4_Deck4,Gen4_Deck4,0,1,29.20671796798706,982849,Gen4_Match150_1752179722.txt,,2025-07-10T21:06:28.230164
4,Gen4_Match151_1752179722,Gen4_Deck4,Gen4_Deck25,Gen4_Deck4,1,0,33.959481954574585,982847,Gen4_Match151_1752179722.txt,,2025-07-10T21:06:44.687457
4,Gen4_Match153_1752179722,Gen4_Deck27,Gen4_Deck4,Gen4_Deck4,0,1,25.003268480300903,982849,Gen4_Match153_1752179722.txt,,2025-07-10T21:06:53.233841
4,Gen4_Match152_1752179722,Gen4_Deck4,Gen4_Deck26,Gen4_Deck4,1,0,51.341214179992676,982848,Gen4_Match152_1752179722.txt,,2025-07-10T21:07:13.673499
4,Gen4_Match155_1752179722,Gen4_Deck4,Gen4_Deck29,Gen4_Deck29,0,1,26.002131462097168,982849,Gen4_Match155_1752179722.txt,,2025-07-10T21:07:19.236473
4,Gen4_Match154_1752179722,Gen4_Deck28,Gen4_Deck4,Gen4_Deck4,0,1,50.373992919921875,982847,Gen4_Match154_1752179722.txt,,2025-07-10T21:07:35.061999
4,Gen4_Match156_1752179722,Gen4_Deck30,Gen4_Deck4,Gen4_Deck4,0,1,28.882405281066895,982848,Gen4_Match156_1752179722.txt,,2025-07-10T21:07:42.556361
4,Gen4_Match157_1752179722,Gen4_Deck31,Gen4_Deck4,Gen4_Deck31,1,0,27.548725128173828,982849,Gen4_Match157_1752179722.txt,,2025-07-10T21:07:46.785673
4,Gen4_Match159_1752179722,Gen4_Deck4,Gen4_Deck33,Gen4_Deck4,1,0,26.73090887069702,982848,Gen4_Match159_1752179722.txt,,2025-07-10T21:08:09.287701
4,Gen4_Match158_1752179722,Gen4_Deck4,Gen4_Deck32,Gen4_Deck32,0,1,39.19806885719299,982847,Gen4_Match158_1752179722.txt,,2025-07-10T21:08:14.260595
4,Gen4_Match160_1752179722,Gen4_Deck34,Gen4_Deck4,Gen4_Deck34,1,0,27.47832202911377,982849,Gen4_Match160_1752179722.txt,,2025-07-10T21:08:14.264442
4,Gen4_Match161_1752179722,Gen4_Deck6,Gen4_Deck5,Gen4_Deck5,0,1,27.776240587234497,982848,Gen4_Match161_1752179722.txt,,2025-07-10T21:08:37.064386
4,Gen4_Match164_1752179722,Gen4_Deck9,Gen4_Deck5,Gen4_Deck9,1,0,22.294625997543335,982848,Gen4_Match164_1752179722.txt,,2025-07-10T21:08:59.359688
4,Gen4_Match163_1752179722,Gen4_Deck8,Gen4_Deck5,Gen4_Deck8,1,0,47.369251012802124,982849,Gen4_Match163_1752179722.txt,,2025-07-10T21:09:01.634183
4,Gen4_Match162_1752179722,Gen4_Deck5,Gen4_Deck7,Gen4_Deck7,0,1,58.4547164440155,982847,Gen4_Match162_1752179722.txt,,2025-07-10T21:09:12.715811
4,Gen4_Match165_1752179722,Gen4_Deck5,Gen4_Deck10,Gen4_Deck10,0,1,29.056233406066895,982848,Gen4_Match165_1752179722.txt,,2025-07-10T21:09:28.416530
4,Gen4_Match166_1752179722,Gen4_Deck5,Gen4_Deck11,Gen4_Deck11,0,1,34.87372946739197,982849,Gen4_Match166_1752179722.txt,,2025-07-10T21:09:36.508393
4,Gen4_Match168_1752179722,Gen4_Deck13,Gen4_Deck5,Gen4_Deck13,1,0,29.46735644340515,982848,Gen4_Match168_1752179722.txt,,2025-07-10T21:09:57.884410
4,Gen4_Match167_1752179722,Gen4_Deck12,Gen4_Deck5,Gen4_Deck12,1,0,46.728166818618774,982847,Gen4_Match167_1752179722.txt,,2025-07-10T21:09:59.444488
4,Gen4_Match170_1752179722,Gen4_Deck5,Gen4_Deck15,Gen4_Deck15,0,1,30.381932497024536,982848,Gen4_Match170_1752179722.txt,,2025-07-10T21:10:28.266855
4,Gen4_Match171_1752179722,Gen4_Deck16,Gen4_Deck5,Gen4_Deck16,1,0,34.500452280044556,982847,Gen4_Match171_1752179722.txt,,2025-07-10T21:10:33.945462
4,Gen4_Match172_1752179722,Gen4_Deck5,Gen4_Deck17,Gen4_Deck5,1,0,28.162578344345093,982848,Gen4_Match172_1752179722.txt,,2025-07-10T21:10:56.429901
4,Gen4_Match169_1752179722,Gen4_Deck5,Gen4_Deck14,Gen4_Deck14,0,1,87.11083793640137,982849,Gen4_Match169_1752179722.txt,,2025-07-10T21:11:03.619765
4,Gen4_Match173_1752179722,Gen4_Deck5,Gen4_Deck18,Gen4_Deck18,0,1,30.06816816329956,982847,Gen4_Match173_1752179722.txt,,2025-07-10T21:11:04.014154
4,Gen4_Match176_1752179722,Gen4_Deck5,Gen4_Deck21,Gen4_Deck21,0,1,25.585107803344727,982847,Gen4_Match176_1752179722.txt,,2025-07-10T21:11:29.599737
4,Gen4_Match175_1752179722,Gen4_Deck5,Gen4_Deck20,Gen4_Deck20,0,1,29.866767168045044,982849,Gen4_Match175_1752179722.txt,,2025-07-10T21:11:33.487011
4,Gen4_Match174_1752179722,Gen4_Deck19,Gen4_Deck5,Gen4_Deck5,0,1,54.082967042922974,982848,Gen4_Match174_1752179722.txt,,2025-07-10T21:11:50.513396
4,Gen4_Match177_1752179722,Gen4_Deck22,Gen4_Deck5,Gen4_Deck5,0,1,30.73845100402832,982847,Gen4_Match177_1752179722.txt,,2025-07-10T21:12:00.338806
4,Gen4_Match178_1752179722,Gen4_Deck23,Gen4_Deck5,Gen4_Deck5,0,1,32.06586456298828,982849,Gen4_Match178_1752179722.txt,,2025-07-10T21:12:05.553367
4,Gen4_Match179_1752179722,Gen4_Deck5,Gen4_Deck24,Gen4_Deck24,0,1,21.023828983306885,982848,Gen4_Match179_1752179722.txt,,2025-07-10T21:12:11.537733
4,Gen4_Match181_1752179722,Gen4_Deck26,Gen4_Deck5,Gen4_Deck26,1,0,22.81453037261963,982849,Gen4_Match181_1752179722.txt,,2025-07-10T21:12:28.368343
4,Gen4_Match180_1752179722,Gen4_Deck5,Gen4_Deck25,Gen4_Deck25,0,1,32.52702784538269,982847,Gen4_Match180_1752179722.txt,,2025-07-10T21:12:32.866353
4,Gen4_Match184_1752179722,Gen4_Deck29,Gen4_Deck5,Gen4_Deck29,1,0,22.521514892578125,982847,Gen4_Match184_1752179722.txt,,2025-07-10T21:12:55.388391
4,Gen4_Match183_1752179722,Gen4_Deck5,Gen4_Deck28,Gen4_Deck5,1,0,32.60759472846985,982849,Gen4_Match183_1752179722.txt,,2025-07-10T21:13:00.976446
4,Gen4_Match182_1752179722,Gen4_Deck27,Gen4_Deck5,Gen4_Deck5,0,1,58.45371341705322,982848,Gen4_Match182_1752179722.txt,,2025-07-10T21:13:09.991988
4,Gen4_Match185_1752179722,Gen4_Deck30,Gen4_Deck5,Gen4_Deck30,1,0,34.49171233177185,982847,Gen4_Match185_1752179722.txt,,2025-07-10T21:13:29.880567
4,Gen4_Match187_1752179722,Gen4_Deck5,Gen4_Deck32,Gen4_Deck5,1,0,24.83213973045349,982848,Gen4_Match187_1752179722.txt,,2025-07-10T21:13:34.824604
4,Gen4_Match186_1752179722,Gen4_Deck31,Gen4_Deck5,Gen4_Deck31,1,0,45.81155967712402,982849,Gen4_Match186_1752179722.txt,,2025-07-10T21:13:46.788558
4,Gen4_Match188_1752179722,Gen4_Deck33,Gen4_Deck5,Gen4_Deck5,0,1,23.85141158103943,982847,Gen4_Match188_1752179722.txt,,2025-07-10T21:13:53.732414
4,Gen4_Match189_1752179722,Gen4_Deck5,Gen4_Deck34,Gen4_Deck34,0,1,24.099304676055908,982848,Gen4_Match189_1752179722.txt,,2025-07-10T21:13:58.924505
4,Gen4_Match191_1752179722,Gen4_Deck8,Gen4_Deck6,Gen4_Deck8,1,0,25.130496978759766,982847,Gen4_Match191_1752179722.txt,,2025-07-10T21:14:18.863338
4,Gen4_Match190_1752179722,Gen4_Deck6,Gen4_Deck7,Gen4_Deck6,1,0,36.06713080406189,982849,Gen4_Match190_1752179722.txt,,2025-07-10T21:14:22.856215
4,Gen4_Match193_1752179722,Gen4_Deck6,Gen4_Deck10,Gen4_Deck10,0,1,23.008169412612915,982847,Gen4_Match193_1752179722.txt,,2025-07-10T21:14:41.871956
4,Gen4_Match194_1752179722,Gen4_Deck6,Gen4_Deck11,Gen4_Deck11,0,1,24.715774297714233,982849,Gen4_Match194_1752179722.txt,,2025-07-10T21:14:47.572469
4,Gen4_Match195_1752179722,Gen4_Deck12,Gen4_Deck6,Gen4_Deck12,1,0,20.78319025039673,982847,Gen4_Match195_1752179722.txt,,2025-07-10T21:15:02.655633
4,Gen4_Match192_1752179722,Gen4_Deck9,Gen4_Deck6,Gen4_Deck6,0,1,75.64494490623474,982848,Gen4_Match192_1752179722.txt,,2025-07-10T21:15:14.570005
4,Gen4_Match196_1752179722,Gen4_Deck13,Gen4_Deck6,Gen4_Deck13,1,0,28.465697050094604,982849,Gen4_Match196_1752179722.txt,,2025-07-10T21:15:16.038637
4,Gen4_Match199_1752179722,Gen4_Deck16,Gen4_Deck6,Gen4_Deck16,1,0,23.163719177246094,982849,Gen4_Match199_1752179722.txt,,2025-07-10T21:15:39.202876
4,Gen4_Match197_1752179722,Gen4_Deck6,Gen4_Deck14,Gen4_Deck14,0,1,36.97632098197937,982847,Gen4_Match197_1752179722.txt,,2025-07-10T21:15:39.632512
4,Gen4_Match198_1752179722,Gen4_Deck15,Gen4_Deck6,Gen4_Deck15,1,0,29.07522177696228,982848,Gen4_Match198_1752179722.txt,,2025-07-10T21:15:43.645715
4,Gen4_Match200_1752179722,Gen4_Deck6,Gen4_Deck17,Gen4_Deck17,0,1,22.806143045425415,982849,Gen4_Match200_1752179722.txt,,2025-07-10T21:16:02.009487
4,Gen4_Match202_1752179722,Gen4_Deck19,Gen4_Deck6,Gen4_Deck19,1,0,23.42233395576477,982848,Gen4_Match202_1752179722.txt,,2025-07-10T21:16:07.068514
4,Gen4_Match201_1752179722,Gen4_Deck6,Gen4_Deck18,Gen4_Deck6,1,0,43.284780502319336,982847,Gen4_Match201_1752179722.txt,,2025-07-10T21:16:22.917856
4,Gen4_Match203_1752179722,Gen4_Deck20,Gen4_Deck6,Gen4_Deck6,0,1,27.59903311729431,982849,Gen4_Match203_1752179722.txt,,2025-07-10T21:16:29.609003
4,Gen4_Match204_1752179722,Gen4_Deck6,Gen4_Deck21,Gen4_Deck6,1,0,33.379541873931885,982848,Gen4_Match204_1752179722.txt,,2025-07-10T21:16:40.448581
4,Gen4_Match205_1752179722,Gen4_Deck22,Gen4_Deck6,Gen4_Deck6,0,1,25.761305332183838,982847,Gen4_Match205_1752179722.txt,,2025-07-10T21:16:48.679655
4,Gen4_Match206_1752179722,Gen4_Deck23,Gen4_Deck6,Gen4_Deck6,0,1,26.789251804351807,982849,Gen4_Match206_1752179722.txt,,2025-07-10T21:16:56.398737
4,Gen4_Match207_1752179722,Gen4_Deck6,Gen4_Deck24,Gen4_Deck24,0,1,21.64195942878723,982848,Gen4_Match207_1752179722.txt,,2025-07-10T21:17:02.091069
4,Gen4_Match208_1752179722,Gen4_Deck6,Gen4_Deck25,Gen4_Deck6,1,0,22.244950532913208,982847,Gen4_Match208_1752179722.txt,,2025-07-10T21:17:10.925113
4,Gen4_Match210_1752179722,Gen4_Deck6,Gen4_Deck27,Gen4_Deck27,0,1,27.084845542907715,982848,Gen4_Match210_1752179722.txt,,2025-07-10T21:17:29.176426
4,Gen4_Match209_1752179722,Gen4_Deck26,Gen4_Deck6,Gen4_Deck6,0,1,34.22526669502258,982849,Gen4_Match209_1752179722.txt,,2025-07-10T21:17:30.624540
4,Gen4_Match211_1752179722,Gen4_Deck6,Gen4_Deck28,Gen4_Deck28,0,1,26.36682391166687,982847,Gen4_Match211_1752179722.txt,,2025-07-10T21:17:37.292428
4,Gen4_Match212_1752179722,Gen4_Deck29,Gen4_Deck6,Gen4_Deck6,0,1,35.600446701049805,982848,Gen4_Match212_1752179722.txt,,2025-07-10T21:18:04.777448
4,Gen4_Match213_1752179722,Gen4_Deck30,Gen4_Deck6,Gen4_Deck30,1,0,44.56735181808472,982849,Gen4_Match213_1752179722.txt,,2025-07-10T21:18:15.192373
4,Gen4_Match214_1752179722,Gen4_Deck6,Gen4_Deck31,Gen4_Deck31,0,1,40.86931896209717,982847,Gen4_Match214_1752179722.txt,,2025-07-10T21:18:18.162294
4,Gen4_Match215_1752179722,Gen4_Deck6,Gen4_Deck32,Gen4_Deck32,0,1,23.42560839653015,982848,Gen4_Match215_1752179722.txt,,2025-07-10T21:18:28.203548
4,Gen4_Match216_1752179722,Gen4_Deck33,Gen4_Deck6,Gen4_Deck6,0,1,26.474974632263184,982849,Gen4_Match216_1752179722.txt,,2025-07-10T21:18:41.667829
4,Gen4_Match217_1752179722,Gen4_Deck6,Gen4_Deck34,Gen4_Deck34,0,1,42.67211437225342,982847,Gen4_Match217_1752179722.txt,,2025-07-10T21:19:00.835062
4,Gen4_Match219_1752179722,Gen4_Deck9,Gen4_Deck7,Gen4_Deck9,1,0,19.363487005233765,982849,Gen4_Match219_1752179722.txt,,2025-07-10T21:19:01.031829
4,Gen4_Match221_1752179722,Gen4_Deck7,Gen4_Deck11,Gen4_Deck11,0,1,37.37844944000244,982849,Gen4_Match221_1752179722.txt,,2025-07-10T21:19:38.411030
4,Gen4_Match220_1752179722,Gen4_Deck7,Gen4_Deck10,Gen4_Deck10,0,1,74.78485703468323,982847,Gen4_Match220_1752179722.txt,,2025-07-10T21:20:15.620465
4,Gen4_Match222_1752179722,Gen4_Deck7,Gen4_Deck12,Gen4_Deck7,1,0,55.2707257270813,982849,Gen4_Match222_1752179722.txt,,2025-07-10T21:20:33.682363
4,Gen4_Match218_1752179722,Gen4_Deck7,Gen4_Deck8,Gen4_Deck7,1,0,130.51233410835266,982848,Gen4_Match218_1752179722.txt,,2025-07-10T21:20:38.716416
4,Gen4_Match223_1752179722,Gen4_Deck13,Gen4_Deck7,Gen4_Deck13,1,0,38.02757287025452,982847,Gen4_Match223_1752179722.txt,,2025-07-10T21:20:53.648514
4,Gen4_Match224_1752179722,Gen4_Deck7,Gen4_Deck14,Gen4_Deck7,1,0,26.983533143997192,982849,Gen4_Match224_1752179722.txt,,2025-07-10T21:21:00.666345
4,Gen4_Match225_1752179722,Gen4_Deck7,Gen4_Deck15,Gen4_Deck15,0,1,32.18332290649414,982848,Gen4_Match225_1752179722.txt,,2025-07-10T21:21:10.900215
4,Gen4_Match226_1752179722,Gen4_Deck16,Gen4_Deck7,Gen4_Deck16,1,0,27.988638162612915,982847,Gen4_Match226_1752179722.txt,,2025-07-10T21:21:21.637567
4,Gen4_Match227_1752179722,Gen4_Deck17,Gen4_Deck7,Gen4_Deck7,0,1,33.99766302108765,982849,Gen4_Match227_1752179722.txt,,2025-07-10T21:21:34.664443
4,Gen4_Match228_1752179722,Gen4_Deck7,Gen4_Deck18,Gen4_Deck18,0,1,31.453606843948364,982848,Gen4_Match228_1752179722.txt,,2025-07-10T21:21:42.354229
4,Gen4_Match229_1752179722,Gen4_Deck7,Gen4_Deck19,Gen4_Deck19,0,1,28.07808494567871,982847,Gen4_Match229_1752179722.txt,,2025-07-10T21:21:49.716077
4,Gen4_Match230_1752179722,Gen4_Deck20,Gen4_Deck7,Gen4_Deck20,1,0,25.142073154449463,982849,Gen4_Match230_1752179722.txt,,2025-07-10T21:21:59.806953
4,Gen4_Match232_1752179722,Gen4_Deck7,Gen4_Deck22,Gen4_Deck22,0,1,27.772647380828857,982847,Gen4_Match232_1752179722.txt,,2025-07-10T21:22:17.489142
4,Gen4_Match231_1752179722,Gen4_Deck7,Gen4_Deck21,Gen4_Deck21,0,1,36.3137001991272,982848,Gen4_Match231_1752179722.txt,,2025-07-10T21:22:18.668376
4,Gen4_Match233_1752179722,Gen4_Deck23,Gen4_Deck7,Gen4_Deck23,1,0,27.95683741569519,982849,Gen4_Match233_1752179722.txt,,2025-07-10T21:22:27.764201
4,Gen4_Match234_1752179722,Gen4_Deck24,Gen4_Deck7,Gen4_Deck24,1,0,38.299105405807495,982847,Gen4_Match234_1752179722.txt,,2025-07-10T21:22:55.788717
4,Gen4_Match235_1752179722,Gen4_Deck7,Gen4_Deck25,Gen4_Deck25,0,1,43.13813018798828,982848,Gen4_Match235_1752179722.txt,,2025-07-10T21:23:01.807020
4,Gen4_Match237_1752179722,Gen4_Deck27,Gen4_Deck7,Gen4_Deck27,1,0,29.656882762908936,982847,Gen4_Match237_1752179722.txt,,2025-07-10T21:23:25.446037
4,Gen4_Match236_1752179722,Gen4_Deck26,Gen4_Deck7,Gen4_Deck7,0,1,61.88736605644226,982849,Gen4_Match236_1752179722.txt,,2025-07-10T21:23:29.652063
4,Gen4_Match238_1752179722,Gen4_Deck28,Gen4_Deck7,Gen4_Deck7,0,1,35.898396492004395,982848,Gen4_Match238_1752179722.txt,,2025-07-10T21:23:37.705894
4,Gen4_Match240_1752179722,Gen4_Deck30,Gen4_Deck7,Gen4_Deck30,1,0,29.19965124130249,982849,Gen4_Match240_1752179722.txt,,2025-07-10T21:23:58.852157
4,Gen4_Match241_1752179722,Gen4_Deck7,Gen4_Deck31,Gen4_Deck31,0,1,27.506024837493896,982848,Gen4_Match241_1752179722.txt,,2025-07-10T21:24:05.212339
4,Gen4_Match239_1752179722,Gen4_Deck7,Gen4_Deck29,Gen4_Deck29,0,1,54.851123094558716,982847,Gen4_Match239_1752179722.txt,,2025-07-10T21:24:20.297651
4,Gen4_Match242_1752179722,Gen4_Deck7,Gen4_Deck32,Gen4_Deck7,1,0,22.733291149139404,982849,Gen4_Match242_1752179722.txt,,2025-07-10T21:24:21.585870
4,Gen4_Match243_1752179722,Gen4_Deck7,Gen4_Deck33,Gen4_Deck33,0,1,25.835466146469116,982848,Gen4_Match243_1752179722.txt,,2025-07-10T21:24:31.048245
4,Gen4_Match245_1752179722,Gen4_Deck9,Gen4_Deck8,Gen4_Deck8,0,1,30.965957641601562,982849,Gen4_Match245_1752179722.txt,,2025-07-10T21:24:52.552280
4,Gen4_Match246_1752179722,Gen4_Deck8,Gen4_Deck10,Gen4_Deck8,1,0,26.64368462562561,982848,Gen4_Match246_1752179722.txt,,2025-07-10T21:24:57.692356
4,Gen4_Match244_1752179722,Gen4_Deck34,Gen4_Deck7,Gen4_Deck7,0,1,41.82216811180115,982847,Gen4_Match244_1752179722.txt,,2025-07-10T21:25:02.120258
4,Gen4_Match247_1752179722,Gen4_Deck8,Gen4_Deck11,Gen4_Deck8,1,0,41.75662112236023,982849,Gen4_Match247_1752179722.txt,,2025-07-10T21:25:34.309370
4,Gen4_Match248_1752179722,Gen4_Deck12,Gen4_Deck8,Gen4_Deck12,1,0,50.49963641166687,982848,Gen4_Match248_1752179722.txt,,2025-07-10T21:25:48.192443
4,Gen4_Match251_1752179722,Gen4_Deck15,Gen4_Deck8,Gen4_Deck8,0,1,22.95553493499756,982848,Gen4_Match251_1752179722.txt,,2025-07-10T21:26:11.148429
4,Gen4_Match250_1752179722,Gen4_Deck8,Gen4_Deck14,Gen4_Deck8,1,0,55.05445218086243,982849,Gen4_Match250_1752179722.txt,,2025-07-10T21:26:29.364283
4,Gen4_Match252_1752179722,Gen4_Deck16,Gen4_Deck8,Gen4_Deck16,1,0,18.6024968624115,982848,Gen4_Match252_1752179722.txt,,2025-07-10T21:26:29.751324
4,Gen4_Match253_1752179722,Gen4_Deck8,Gen4_Deck17,Gen4_Deck17,0,1,32.40635275840759,982849,Gen4_Match253_1752179722.txt,,2025-07-10T21:27:01.771140
4,Gen4_Match249_1752179722,Gen4_Deck8,Gen4_Deck13,Gen4_Deck13,0,1,125.5251796245575,982847,Gen4_Match249_1752179722.txt,,2025-07-10T21:27:07.645959
4,Gen4_Match256_1752179722,Gen4_Deck8,Gen4_Deck20,Gen4_Deck20,0,1,18.55810046195984,982847,Gen4_Match256_1752179722.txt,,2025-07-10T21:27:26.204523
4,Gen4_Match255_1752179722,Gen4_Deck19,Gen4_Deck8,Gen4_Deck8,0,1,43.925034523010254,982849,Gen4_Match255_1752179722.txt,,2025-07-10T21:27:45.696748
4,Gen4_Match257_1752179722,Gen4_Deck8,Gen4_Deck21,Gen4_Deck8,1,0,26.316362142562866,982847,Gen4_Match257_1752179722.txt,,2025-07-10T21:27:52.521425
4,Gen4_Match258_1752179722,Gen4_Deck22,Gen4_Deck8,Gen4_Deck8,0,1,27.4344162940979,982849,Gen4_Match258_1752179722.txt,,2025-07-10T21:28:13.131674
4,Gen4_Match259_1752179722,Gen4_Deck23,Gen4_Deck8,Gen4_Deck8,0,1,22.768051862716675,982847,Gen4_Match259_1752179722.txt,,2025-07-10T21:28:15.289993
4,Gen4_Match254_1752179722,Gen4_Deck8,Gen4_Deck18,Gen4_Deck8,1,0,132.00482296943665,982848,Gen4_Match254_1752179722.txt,,2025-07-10T21:28:41.756672
4,Gen4_Match260_1752179722,Gen4_Deck8,Gen4_Deck24,Gen4_Deck24,0,1,35.706275939941406,982849,Gen4_Match260_1752179722.txt,,2025-07-10T21:28:48.838540
4,Gen4_Match261_1752179722,Gen4_Deck25,Gen4_Deck8,Gen4_Deck8,0,1,53.66205978393555,982847,Gen4_Match261_1752179722.txt,,2025-07-10T21:29:08.952634
4,Gen4_Match262_1752179722,Gen4_Deck26,Gen4_Deck8,Gen4_Deck8,0,1,36.11932015419006,982848,Gen4_Match262_1752179722.txt,,2025-07-10T21:29:17.876545
4,Gen4_Match263_1752179722,Gen4_Deck8,Gen4_Deck27,Gen4_Deck8,1,0,35.9890775680542,982849,Gen4_Match263_1752179722.txt,,2025-07-10T21:29:24.828136
4,Gen4_Match264_1752179722,Gen4_Deck8,Gen4_Deck28,Gen4_Deck8,1,0,31.32625675201416,982847,Gen4_Match264_1752179722.txt,,2025-07-10T21:29:40.279441
4,Gen4_Match265_1752179722,Gen4_Deck29,Gen4_Deck8,Gen4_Deck8,0,1,27.840792417526245,982848,Gen4_Match265_1752179722.txt,,2025-07-10T21:29:45.717880
4,Gen4_Match266_1752179722,Gen4_Deck30,Gen4_Deck8,Gen4_Deck30,1,0,37.37975287437439,982849,Gen4_Match266_1752179722.txt,,2025-07-10T21:30:02.208409
4,Gen4_Match268_1752179722,Gen4_Deck32,Gen4_Deck8,Gen4_Deck8,0,1,27.537814140319824,982848,Gen4_Match268_1752179722.txt,,2025-07-10T21:30:13.256202
4,Gen4_Match267_1752179722,Gen4_Deck8,Gen4_Deck31,Gen4_Deck8,1,0,42.39711403846741,982847,Gen4_Match267_1752179722.txt,,2025-07-10T21:30:22.677049
4,Gen4_Match269_1752179722,Gen4_Deck33,Gen4_Deck8,Gen4_Deck33,1,0,24.691574573516846,982849,Gen4_Match269_1752179722.txt,,2025-07-10T21:30:26.900478
4,Gen4_Match271_1752179722,Gen4_Deck10,Gen4_Deck9,Gen4_Deck10,1,0,23.307647466659546,982847,Gen4_Match271_1752179722.txt,,2025-07-10T21:30:45.985147
4,Gen4_Match270_1752179722,Gen4_Deck8,Gen4_Deck34,Gen4_Deck8,1,0,41.16532611846924,982848,Gen4_Match270_1752179722.txt,,2025-07-10T21:30:54.422050
4,Gen4_Match272_1752179722,Gen4_Deck9,Gen4_Deck11,Gen4_Deck11,0,1,39.450660943984985,982849,Gen4_Match272_1752179722.txt,,2025-07-10T21:31:06.351659
4,Gen4_Match273_1752179722,Gen4_Deck9,Gen4_Deck12,Gen4_Deck9,1,0,21.034811973571777,982847,Gen4_Match273_1752179722.txt,,2025-07-10T21:31:07.020445
4,Gen4_Match274_1752179722,Gen4_Deck13,Gen4_Deck9,Gen4_Deck9,0,1,30.95903778076172,982848,Gen4_Match274_1752179722.txt,,2025-07-10T21:31:25.381600
4,Gen4_Match275_1752179722,Gen4_Deck14,Gen4_Deck9,Gen4_Deck9,0,1,28.736199855804443,982849,Gen4_Match275_1752179722.txt,,2025-07-10T21:31:35.088334
4,Gen4_Match276_1752179722,Gen4_Deck9,Gen4_Deck15,Gen4_Deck15,0,1,35.92170763015747,982847,Gen4_Match276_1752179722.txt,,2025-07-10T21:31:42.942687
4,Gen4_Match277_1752179722,Gen4_Deck9,Gen4_Deck16,Gen4_Deck16,0,1,27.178401708602905,982848,Gen4_Match277_1752179722.txt,,2025-07-10T21:31:52.560492
4,Gen4_Match278_1752179722,Gen4_Deck17,Gen4_Deck9,Gen4_Deck17,1,0,36.19237995147705,982849,Gen4_Match278_1752179722.txt,,2025-07-10T21:32:11.281240
4,Gen4_Match279_1752179722,Gen4_Deck9,Gen4_Deck18,Gen4_Deck9,1,0,30.811565160751343,982847,Gen4_Match279_1752179722.txt,,2025-07-10T21:32:13.754776
4,Gen4_Match282_1752179722,Gen4_Deck21,Gen4_Deck9,Gen4_Deck9,0,1,31.469372749328613,982847,Gen4_Match282_1752179722.txt,,2025-07-10T21:32:45.224687
4,Gen4_Match281_1752179722,Gen4_Deck20,Gen4_Deck9,Gen4_Deck9,0,1,33.966599464416504,982849,Gen4_Match281_1752179722.txt,,2025-07-10T21:32:45.248340
4,Gen4_Match283_1752179722,Gen4_Deck9,Gen4_Deck22,Gen4_Deck9,1,0,21.953219652175903,982847,Gen4_Match283_1752179722.txt,,2025-07-10T21:33:07.178404
4,Gen4_Match285_1752179722,Gen4_Deck24,Gen4_Deck9,Gen4_Deck24,1,0,28.07903218269348,982847,Gen4_Match285_1752179722.txt,,2025-07-10T21:33:35.258102
4,Gen4_Match284_1752179722,Gen4_Deck23,Gen4_Deck9,Gen4_Deck9,0,1,68.73855590820312,982849,Gen4_Match284_1752179722.txt,,2025-07-10T21:33:53.987403
4,Gen4_Match280_1752179722,Gen4_Deck9,Gen4_Deck19,Gen4_Deck9,1,0,134.18363308906555,982848,Gen4_Match280_1752179722.txt,,2025-07-10T21:34:06.744829
4,Gen4_Match286_1752179722,Gen4_Deck9,Gen4_Deck25,Gen4_Deck9,1,0,31.776702642440796,982847,Gen4_Match286_1752179722.txt,,2025-07-10T21:34:07.035373
4,Gen4_Match287_1752179722,Gen4_Deck9,Gen4_Deck26,Gen4_Deck9,1,0,28.95561146736145,982849,Gen4_Match287_1752179722.txt,,2025-07-10T21:34:22.943506
4,Gen4_Match289_1752179722,Gen4_Deck28,Gen4_Deck9,Gen4_Deck28,1,0,28.583183765411377,982847,Gen4_Match289_1752179722.txt,,2025-07-10T21:34:35.619080
4,Gen4_Match288_1752179722,Gen4_Deck27,Gen4_Deck9,Gen4_Deck9,0,1,29.375415802001953,982848,Gen4_Match288_1752179722.txt,,2025-07-10T21:34:36.120763
4,Gen4_Match292_1752179722,Gen4_Deck31,Gen4_Deck9,Gen4_Deck9,0,1,24.00723147392273,982848,Gen4_Match292_1752179722.txt,,2025-07-10T21:35:00.128495
4,Gen4_Match291_1752179722,Gen4_Deck30,Gen4_Deck9,Gen4_Deck30,1,0,30.64103627204895,982847,Gen4_Match291_1752179722.txt,,2025-07-10T21:35:06.260588
4,Gen4_Match294_1752179722,Gen4_Deck9,Gen4_Deck33,Gen4_Deck9,1,0,28.71414542198181,982847,Gen4_Match294_1752179722.txt,,2025-07-10T21:35:34.975189
4,Gen4_Match293_1752179722,Gen4_Deck9,Gen4_Deck32,Gen4_Deck9,1,0,68.8079285621643,982848,Gen4_Match293_1752179722.txt,,2025-07-10T21:36:08.936958
4,Gen4_Match290_1752179722,Gen4_Deck9,Gen4_Deck29,Gen4_Deck29,0,1,126.86870408058167,982849,Gen4_Match290_1752179722.txt,,2025-07-10T21:36:29.812798
4,Gen4_Match296_1752179722,Gen4_Deck10,Gen4_Deck11,Gen4_Deck10,1,0,36.64382600784302,982848,Gen4_Match296_1752179722.txt,,2025-07-10T21:36:45.581288
4,Gen4_Match297_1752179722,Gen4_Deck12,Gen4_Deck10,Gen4_Deck10,0,1,17.441351413726807,982849,Gen4_Match297_1752179722.txt,,2025-07-10T21:36:47.254619
4,Gen4_Match295_1752179722,Gen4_Deck34,Gen4_Deck9,Gen4_Deck34,1,0,85.02463555335999,982847,Gen4_Match295_1752179722.txt,,2025-07-10T21:37:00.000314
4,Gen4_Match298_1752179722,Gen4_Deck13,Gen4_Deck10,Gen4_Deck10,0,1,24.64906930923462,982848,Gen4_Match298_1752179722.txt,,2025-07-10T21:37:10.230881
4,Gen4_Match299_1752179722,Gen4_Deck10,Gen4_Deck14,Gen4_Deck10,1,0,44.81092929840088,982849,Gen4_Match299_1752179722.txt,,2025-07-10T21:37:32.066264
4,Gen4_Match300_1752179722,Gen4_Deck15,Gen4_Deck10,Gen4_Deck10,0,1,36.2107572555542,982847,Gen4_Match300_1752179722.txt,,2025-07-10T21:37:36.211582
4,Gen4_Match303_1752179722,Gen4_Deck10,Gen4_Deck18,Gen4_Deck10,1,0,23.51407241821289,982847,Gen4_Match303_1752179722.txt,,2025-07-10T21:37:59.726154
4,Gen4_Match301_1752179722,Gen4_Deck16,Gen4_Deck10,Gen4_Deck10,0,1,63.1481249332428,982848,Gen4_Match301_1752179722.txt,,2025-07-10T21:38:13.379522
4,Gen4_Match304_1752179722,Gen4_Deck19,Gen4_Deck10,Gen4_Deck10,0,1,31.041649103164673,982847,Gen4_Match304_1752179722.txt,,2025-07-10T21:38:30.768317
4,Gen4_Match302_1752179722,Gen4_Deck10,Gen4_Deck17,Gen4_Deck10,1,0,58.956023931503296,982849,Gen4_Match302_1752179722.txt,,2025-07-10T21:38:31.022897
4,Gen4_Match305_1752179722,Gen4_Deck10,Gen4_Deck20,Gen4_Deck20,0,1,26.28022575378418,982848,Gen4_Match305_1752179722.txt,,2025-07-10T21:38:39.660173
4,Gen4_Match308_1752179722,Gen4_Deck23,Gen4_Deck10,Gen4_Deck10,0,1,30.295909643173218,982848,Gen4_Match308_1752179722.txt,,2025-07-10T21:39:09.956538
4,Gen4_Match306_1752179722,Gen4_Deck10,Gen4_Deck21,Gen4_Deck21,0,1,53.90910506248474,982847,Gen4_Match306_1752179722.txt,,2025-07-10T21:39:24.677974
4,Gen4_Match309_1752179722,Gen4_Deck10,Gen4_Deck24,Gen4_Deck24,0,1,25.737794876098633,982848,Gen4_Match309_1752179722.txt,,2025-07-10T21:39:35.694802
4,Gen4_Match311_1752179722,Gen4_Deck26,Gen4_Deck10,Gen4_Deck10,0,1,23.36899209022522,982848,Gen4_Match311_1752179722.txt,,2025-07-10T21:39:59.064307
4,Gen4_Match307_1752179722,Gen4_Deck22,Gen4_Deck10,Gen4_Deck10,0,1,96.14671444892883,982849,Gen4_Match307_1752179722.txt,,2025-07-10T21:40:07.170195
4,Gen4_Match310_1752179722,Gen4_Deck10,Gen4_Deck25,Gen4_Deck10,1,0,42.53799772262573,982847,Gen4_Match310_1752179722.txt,,2025-07-10T21:40:07.216489
4,Gen4_Match312_1752179722,Gen4_Deck10,Gen4_Deck27,Gen4_Deck10,1,0,21.859721660614014,982848,Gen4_Match312_1752179722.txt,,2025-07-10T21:40:20.924534
4,Gen4_Match313_1752179722,Gen4_Deck10,Gen4_Deck28,Gen4_Deck28,0,1,22.48226308822632,982849,Gen4_Match313_1752179722.txt,,2025-07-10T21:40:29.652927
4,Gen4_Match314_1752179722,Gen4_Deck29,Gen4_Deck10,Gen4_Deck29,1,0,42.215160608291626,982847,Gen4_Match314_1752179722.txt,,2025-07-10T21:40:49.432191
4,Gen4_Match315_1752179722,Gen4_Deck30,Gen4_Deck10,Gen4_Deck10,0,1,38.73544430732727,982848,Gen4_Match315_1752179722.txt,,2025-07-10T21:40:59.660527
4,Gen4_Match316_1752179722,Gen4_Deck10,Gen4_Deck31,Gen4_Deck10,1,0,38.901381492614746,982849,Gen4_Match316_1752179722.txt,,2025-07-10T21:41:08.554841
4,Gen4_Match317_1752179722,Gen4_Deck10,Gen4_Deck32,Gen4_Deck10,1,0,29.55147099494934,982847,Gen4_Match317_1752179722.txt,,2025-07-10T21:41:18.984156
4,Gen4_Match318_1752179722,Gen4_Deck33,Gen4_Deck10,Gen4_Deck10,0,1,25.721975803375244,982848,Gen4_Match318_1752179722.txt,,2025-07-10T21:41:25.383017
4,Gen4_Match319_1752179722,Gen4_Deck10,Gen4_Deck34,Gen4_Deck34,0,1,27.991943359375,982849,Gen4_Match319_1752179722.txt,,2025-07-10T21:41:36.547268
4,Gen4_Match320_1752179722,Gen4_Deck11,Gen4_Deck12,Gen4_Deck11,1,0,35.60829305648804,982847,Gen4_Match320_1752179722.txt,,2025-07-10T21:41:54.592966
4,Gen4_Match322_1752179722,Gen4_Deck14,Gen4_Deck11,Gen4_Deck11,0,1,25.444696187973022,982849,Gen4_Match322_1752179722.txt,,2025-07-10T21:42:01.992454
4,Gen4_Match323_1752179722,Gen4_Deck11,Gen4_Deck15,Gen4_Deck11,1,0,22.301860094070435,982847,Gen4_Match323_1752179722.txt,,2025-07-10T21:42:16.895340
4,Gen4_Match324_1752179722,Gen4_Deck11,Gen4_Deck16,Gen4_Deck16,0,1,18.510645627975464,982849,Gen4_Match324_1752179722.txt,,2025-07-10T21:42:20.503580
4,Gen4_Match321_1752179722,Gen4_Deck13,Gen4_Deck11,Gen4_Deck13,1,0,80.86968398094177,982848,Gen4_Match321_1752179722.txt,,2025-07-10T21:42:46.253283
4,Gen4_Match325_1752179722,Gen4_Deck17,Gen4_Deck11,Gen4_Deck11,0,1,43.028507471084595,982847,Gen4_Match325_1752179722.txt,,2025-07-10T21:42:59.924408
4,Gen4_Match327_1752179722,Gen4_Deck11,Gen4_Deck19,Gen4_Deck11,1,0,23.787193298339844,982848,Gen4_Match327_1752179722.txt,,2025-07-10T21:43:10.040978
4,Gen4_Match329_1752179722,Gen4_Deck21,Gen4_Deck11,Gen4_Deck21,1,0,27.535933017730713,982848,Gen4_Match329_1752179722.txt,,2025-07-10T21:43:37.577623
4,Gen4_Match328_1752179722,Gen4_Deck20,Gen4_Deck11,Gen4_Deck11,0,1,41.000882387161255,982847,Gen4_Match328_1752179722.txt,,2025-07-10T21:43:40.925801
4,Gen4_Match326_1752179722,Gen4_Deck11,Gen4_Deck18,Gen4_Deck11,1,0,89.7227394580841,982849,Gen4_Match326_1752179722.txt,,2025-07-10T21:43:50.226888
4,Gen4_Match330_1752179722,Gen4_Deck11,Gen4_Deck22,Gen4_Deck11,1,0,27.445469856262207,982848,Gen4_Match330_1752179722.txt,,2025-07-10T21:44:05.023705
4,Gen4_Match331_1752179722,Gen4_Deck11,Gen4_Deck23,Gen4_Deck11,1,0,24.211344718933105,982847,Gen4_Match331_1752179722.txt,,2025-07-10T21:44:05.137620
4,Gen4_Match333_1752179722,Gen4_Deck11,Gen4_Deck25,Gen4_Deck11,1,0,28.61745023727417,982848,Gen4_Match333_1752179722.txt,,2025-07-10T21:44:33.641688
4,Gen4_Match334_1752179722,Gen4_Deck11,Gen4_Deck26,Gen4_Deck26,0,1,40.65039300918579,982847,Gen4_Match334_1752179722.txt,,2025-07-10T21:44:45.788512
4,Gen4_Match335_1752179722,Gen4_Deck27,Gen4_Deck11,Gen4_Deck11,0,1,30.001909017562866,982848,Gen4_Match335_1752179722.txt,,2025-07-10T21:45:03.644143
4,Gen4_Match336_1752179722,Gen4_Deck28,Gen4_Deck11,Gen4_Deck11,0,1,27.09553623199463,982847,Gen4_Match336_1752179722.txt,,2025-07-10T21:45:12.884568
4,Gen4_Match337_1752179722,Gen4_Deck11,Gen4_Deck29,Gen4_Deck11,1,0,27.555951356887817,982848,Gen4_Match337_1752179722.txt,,2025-07-10T21:45:31.200599
4,Gen4_Match332_1752179722,Gen4_Deck24,Gen4_Deck11,Gen4_Deck24,1,0,132.3533775806427,982849,Gen4_Match332_1752179722.txt,,2025-07-10T21:46:02.580800
4,Gen4_Match338_1752179722,Gen4_Deck11,Gen4_Deck30,Gen4_Deck30,0,1,61.08025503158569,982847,Gen4_Match338_1752179722.txt,,2025-07-10T21:46:13.965364
4,Gen4_Match339_1752179722,Gen4_Deck31,Gen4_Deck11,Gen4_Deck31,1,0,42.88332676887512,982848,Gen4_Match339_1752179722.txt,,2025-07-10T21:46:14.084444
4,Gen4_Match340_1752179722,Gen4_Deck11,Gen4_Deck32,Gen4_Deck11,1,0,29.948482513427734,982849,Gen4_Match340_1752179722.txt,,2025-07-10T21:46:32.529776
4,Gen4_Match341_1752179722,Gen4_Deck11,Gen4_Deck33,Gen4_Deck11,1,0,26.5386860370636,982847,Gen4_Match341_1752179722.txt,,2025-07-10T21:46:40.504534
4,Gen4_Match342_1752179722,Gen4_Deck34,Gen4_Deck11,Gen4_Deck34,1,0,37.583627223968506,982848,Gen4_Match342_1752179722.txt,,2025-07-10T21:46:51.668578
4,Gen4_Match343_1752179722,Gen4_Deck13,Gen4_Deck12,Gen4_Deck13,1,0,28.570735931396484,982849,Gen4_Match343_1752179722.txt,,2025-07-10T21:47:01.101012
4,Gen4_Match344_1752179722,Gen4_Deck12,Gen4_Deck14,Gen4_Deck12,1,0,33.911439657211304,982847,Gen4_Match344_1752179722.txt,,2025-07-10T21:47:14.416467
4,Gen4_Match345_1752179722,Gen4_Deck15,Gen4_Deck12,Gen4_Deck12,0,1,35.05299234390259,982848,Gen4_Match345_1752179722.txt,,2025-07-10T21:47:26.722097
4,Gen4_Match346_1752179722,Gen4_Deck16,Gen4_Deck12,Gen4_Deck16,1,0,36.44379639625549,982849,Gen4_Match346_1752179722.txt,,2025-07-10T21:47:37.545328
4,Gen4_Match347_1752179722,Gen4_Deck17,Gen4_Deck12,Gen4_Deck17,1,0,25.451677083969116,982847,Gen4_Match347_1752179722.txt,,2025-07-10T21:47:39.868653
4,Gen4_Match349_1752179722,Gen4_Deck19,Gen4_Deck12,Gen4_Deck19,1,0,29.74059271812439,982849,Gen4_Match349_1752179722.txt,,2025-07-10T21:48:07.286450
4,Gen4_Match350_1752179722,Gen4_Deck12,Gen4_Deck20,Gen4_Deck20,0,1,29.993266105651855,982847,Gen4_Match350_1752179722.txt,,2025-07-10T21:48:09.862410
4,Gen4_Match348_1752179722,Gen4_Deck12,Gen4_Deck18,Gen4_Deck12,1,0,49.06594276428223,982848,Gen4_Match348_1752179722.txt,,2025-07-10T21:48:15.788568
4,Gen4_Match352_1752179722,Gen4_Deck12,Gen4_Deck22,Gen4_Deck22,0,1,25.645697593688965,982847,Gen4_Match352_1752179722.txt,,2025-07-10T21:48:35.508692
4,Gen4_Match351_1752179722,Gen4_Deck12,Gen4_Deck21,Gen4_Deck21,0,1,31.489399909973145,982849,Gen4_Match351_1752179722.txt,,2025-07-10T21:48:38.776339
4,Gen4_Match353_1752179722,Gen4_Deck23,Gen4_Deck12,Gen4_Deck23,1,0,33.407511711120605,982848,Gen4_Match353_1752179722.txt,,2025-07-10T21:48:49.196605
4,Gen4_Match355_1752179722,Gen4_Deck12,Gen4_Deck25,Gen4_Deck25,0,1,23.106475353240967,982849,Gen4_Match355_1752179722.txt,,2025-07-10T21:49:01.883282
4,Gen4_Match356_1752179722,Gen4_Deck26,Gen4_Deck12,Gen4_Deck26,1,0,24.418248653411865,982848,Gen4_Match356_1752179722.txt,,2025-07-10T21:49:13.615315
4,Gen4_Match357_1752179722,Gen4_Deck27,Gen4_Deck12,Gen4_Deck12,0,1,23.800668478012085,982849,Gen4_Match357_1752179722.txt,,2025-07-10T21:49:25.684434
4,Gen4_Match354_1752179722,Gen4_Deck12,Gen4_Deck24,Gen4_Deck12,1,0,55.66352319717407,982847,Gen4_Match354_1752179722.txt,,2025-07-10T21:49:31.172783
4,Gen4_Match358_1752179722,Gen4_Deck12,Gen4_Deck28,Gen4_Deck28,0,1,19.01599359512329,982848,Gen4_Match358_1752179722.txt,,2025-07-10T21:49:32.631766
4,Gen4_Match360_1752179722,Gen4_Deck30,Gen4_Deck12,Gen4_Deck12,0,1,23.96332359313965,982847,Gen4_Match360_1752179722.txt,,2025-07-10T21:49:55.136615
4,Gen4_Match359_1752179722,Gen4_Deck12,Gen4_Deck29,Gen4_Deck29,0,1,32.65777778625488,982849,Gen4_Match359_1752179722.txt,,2025-07-10T21:49:58.342788
4,Gen4_Match361_1752179722,Gen4_Deck12,Gen4_Deck31,Gen4_Deck12,1,0,32.448185205459595,982848,Gen4_Match361_1752179722.txt,,2025-07-10T21:50:05.080469
4,Gen4_Match362_1752179722,Gen4_Deck12,Gen4_Deck32,Gen4_Deck12,1,0,39.843364000320435,982847,Gen4_Match362_1752179722.txt,,2025-07-10T21:50:34.980555
4,Gen4_Match364_1752179722,Gen4_Deck34,Gen4_Deck12,Gen4_Deck12,0,1,40.73866319656372,982848,Gen4_Match364_1752179722.txt,,2025-07-10T21:50:45.819727
4,Gen4_Match365_1752179722,Gen4_Deck13,Gen4_Deck14,Gen4_Deck13,1,0,18.417970180511475,982847,Gen4_Match365_1752179722.txt,,2025-07-10T21:50:53.399045
4,Gen4_Match367_1752179722,Gen4_Deck16,Gen4_Deck13,Gen4_Deck16,1,0,20.37277841567993,982847,Gen4_Match367_1752179722.txt,,2025-07-10T21:51:13.772277
4,Gen4_Match366_1752179722,Gen4_Deck15,Gen4_Deck13,Gen4_Deck15,1,0,37.01804184913635,982848,Gen4_Match366_1752179722.txt,,2025-07-10T21:51:22.838452
4,Gen4_Match368_1752179722,Gen4_Deck13,Gen4_Deck17,Gen4_Deck13,1,0,20.74365234375,982847,Gen4_Match368_1752179722.txt,,2025-07-10T21:51:34.516370
4,Gen4_Match363_1752179722,Gen4_Deck12,Gen4_Deck33,Gen4_Deck33,0,1,106.9919364452362,982849,Gen4_Match363_1752179722.txt,,2025-07-10T21:51:45.335318
4,Gen4_Match370_1752179722,Gen4_Deck19,Gen4_Deck13,Gen4_Deck13,0,1,22.591753482818604,982847,Gen4_Match370_1752179722.txt,,2025-07-10T21:51:57.108594
4,Gen4_Match371_1752179722,Gen4_Deck13,Gen4_Deck20,Gen4_Deck20,0,1,27.111632347106934,982849,Gen4_Match371_1752179722.txt,,2025-07-10T21:52:12.447460
4,Gen4_Match369_1752179722,Gen4_Deck13,Gen4_Deck18,Gen4_Deck18,0,1,55.837475538253784,982848,Gen4_Match369_1752179722.txt,,2025-07-10T21:52:18.676579
4,Gen4_Match373_1752179722,Gen4_Deck22,Gen4_Deck13,Gen4_Deck13,0,1,26.608553647994995,982849,Gen4_Match373_1752179722.txt,,2025-07-10T21:52:39.056525
4,Gen4_Match372_1752179722,Gen4_Deck13,Gen4_Deck21,Gen4_Deck13,1,0,54.99157428741455,982847,Gen4_Match372_1752179722.txt,,2025-07-10T21:52:52.100773
4,Gen4_Match375_1752179722,Gen4_Deck13,Gen4_Deck24,Gen4_Deck24,0,1,29.34154963493347,982849,Gen4_Match375_1752179722.txt,,2025-07-10T21:53:08.398598
4,Gen4_Match376_1752179722,Gen4_Deck25,Gen4_Deck13,Gen4_Deck13,0,1,19.874945640563965,982847,Gen4_Match376_1752179722.txt,,2025-07-10T21:53:11.976202
4,Gen4_Match378_1752179722,Gen4_Deck13,Gen4_Deck27,Gen4_Deck27,0,1,23.657094478607178,982847,Gen4_Match378_1752179722.txt,,2025-07-10T21:53:35.633827
4,Gen4_Match374_1752179722,Gen4_Deck23,Gen4_Deck13,Gen4_Deck13,0,1,82.47245168685913,982848,Gen4_Match374_1752179722.txt,,2025-07-10T21:53:41.149591
4,Gen4_Match377_1752179722,Gen4_Deck26,Gen4_Deck13,Gen4_Deck13,0,1,59.743165731430054,982849,Gen4_Match377_1752179722.txt,,2025-07-10T21:54:08.142377
4,Gen4_Match379_1752179722,Gen4_Deck13,Gen4_Deck28,Gen4_Deck13,1,0,34.53900122642517,982847,Gen4_Match379_1752179722.txt,,2025-07-10T21:54:10.173349
4,Gen4_Match380_1752179722,Gen4_Deck29,Gen4_Deck13,Gen4_Deck29,1,0,33.50963091850281,982848,Gen4_Match380_1752179722.txt,,2025-07-10T21:54:14.659746
4,Gen4_Match381_1752179722,Gen4_Deck30,Gen4_Deck13,Gen4_Deck30,1,0,25.956570863723755,982849,Gen4_Match381_1752179722.txt,,2025-07-10T21:54:34.099404
4,Gen4_Match382_1752179722,Gen4_Deck13,Gen4_Deck31,Gen4_Deck31,0,1,28.646766662597656,982847,Gen4_Match382_1752179722.txt,,2025-07-10T21:54:38.820616
4,Gen4_Match383_1752179722,Gen4_Deck32,Gen4_Deck13,Gen4_Deck32,1,0,31.662058115005493,982848,Gen4_Match383_1752179722.txt,,2025-07-10T21:54:46.322314
4,Gen4_Match385_1752179722,Gen4_Deck13,Gen4_Deck34,Gen4_Deck34,0,1,31.40285301208496,982847,Gen4_Match385_1752179722.txt,,2025-07-10T21:55:10.223970
4,Gen4_Match384_1752179722,Gen4_Deck33,Gen4_Deck13,Gen4_Deck13,0,1,44.440682888031006,982849,Gen4_Match384_1752179722.txt,,2025-07-10T21:55:18.540584
4,Gen4_Match386_1752179722,Gen4_Deck14,Gen4_Deck15,Gen4_Deck15,0,1,49.3996856212616,982848,Gen4_Match386_1752179722.txt,,2025-07-10T21:55:35.722518
4,Gen4_Match387_1752179722,Gen4_Deck14,Gen4_Deck16,Gen4_Deck14,1,0,79.85255002975464,982847,Gen4_Match387_1752179722.txt,,2025-07-10T21:56:30.077132
4,Gen4_Match390_1752179722,Gen4_Deck14,Gen4_Deck19,Gen4_Deck19,0,1,18.78155517578125,982847,Gen4_Match390_1752179722.txt,,2025-07-10T21:56:48.859318
4,Gen4_Match391_1752179722,Gen4_Deck20,Gen4_Deck14,Gen4_Deck20,1,0,20.531187057495117,982847,Gen4_Match391_1752179722.txt,,2025-07-10T21:57:09.391102
4,Gen4_Match388_1752179722,Gen4_Deck17,Gen4_Deck14,Gen4_Deck17,1,0,131.9386110305786,982849,Gen4_Match388_1752179722.txt,,2025-07-10T21:57:30.479805
4,Gen4_Match389_1752179722,Gen4_Deck18,Gen4_Deck14,Gen4_Deck14,0,1,118.59123229980469,982848,Gen4_Match389_1752179722.txt,,2025-07-10T21:57:34.314324
4,Gen4_Match392_1752179722,Gen4_Deck21,Gen4_Deck14,Gen4_Deck21,1,0,39.95712971687317,982847,Gen4_Match392_1752179722.txt,,2025-07-10T21:57:49.348742
4,Gen4_Match394_1752179722,Gen4_Deck14,Gen4_Deck23,Gen4_Deck23,0,1,25.941718101501465,982848,Gen4_Match394_1752179722.txt,,2025-07-10T21:58:00.256494
4,Gen4_Match396_1752179722,Gen4_Deck25,Gen4_Deck14,Gen4_Deck14,0,1,27.068533182144165,982848,Gen4_Match396_1752179722.txt,,2025-07-10T21:58:27.325646
4,Gen4_Match395_1752179722,Gen4_Deck24,Gen4_Deck14,Gen4_Deck14,0,1,40.521151542663574,982847,Gen4_Match395_1752179722.txt,,2025-07-10T21:58:29.870404
4,Gen4_Match398_1752179722,Gen4_Deck27,Gen4_Deck14,Gen4_Deck27,1,0,21.504076957702637,982847,Gen4_Match398_1752179722.txt,,2025-07-10T21:58:51.375035
4,Gen4_Match397_1752179722,Gen4_Deck14,Gen4_Deck26,Gen4_Deck14,1,0,27.550280570983887,982848,Gen4_Match397_1752179722.txt,,2025-07-10T21:58:54.876531
4,Gen4_Match399_1752179722,Gen4_Deck28,Gen4_Deck14,Gen4_Deck14,0,1,23.437018394470215,982847,Gen4_Match399_1752179722.txt,,2025-07-10T21:59:14.812562
4,Gen4_Match400_1752179722,Gen4_Deck14,Gen4_Deck29,Gen4_Deck29,0,1,22.681785106658936,982848,Gen4_Match400_1752179722.txt,,2025-07-10T21:59:17.558859
4,Gen4_Match402_1752179722,Gen4_Deck31,Gen4_Deck14,Gen4_Deck31,1,0,19.167641401290894,982848,Gen4_Match402_1752179722.txt,,2025-07-10T21:59:36.727005
4,Gen4_Match393_1752179722,Gen4_Deck14,Gen4_Deck22,Gen4_Deck14,1,0,133.4981725215912,982849,Gen4_Match393_1752179722.txt,,2025-07-10T21:59:43.978766
4,Gen4_Match404_1752179722,Gen4_Deck14,Gen4_Deck33,Gen4_Deck33,0,1,26.139508962631226,982849,Gen4_Match404_1752179722.txt,,2025-07-10T22:00:10.118850
4,Gen4_Match405_1752179722,Gen4_Deck34,Gen4_Deck14,Gen4_Deck34,1,0,25.558591604232788,982849,Gen4_Match405_1752179722.txt,,2025-07-10T22:00:35.677937
4,Gen4_Match401_1752179722,Gen4_Deck14,Gen4_Deck30,Gen4_Deck14,1,0,95.07641768455505,982847,Gen4_Match401_1752179722.txt,,2025-07-10T22:00:49.889494
4,Gen4_Match406_1752179722,Gen4_Deck16,Gen4_Deck15,Gen4_Deck16,1,0,28.310487031936646,982849,Gen4_Match406_1752179722.txt,,2025-07-10T22:01:03.988905
4,Gen4_Match408_1752179722,Gen4_Deck15,Gen4_Deck18,Gen4_Deck15,1,0,27.941826105117798,982849,Gen4_Match408_1752179722.txt,,2025-07-10T22:01:31.931242
4,Gen4_Match403_1752179722,Gen4_Deck32,Gen4_Deck14,Gen4_Deck32,1,0,130.3250162601471,982848,Gen4_Match403_1752179722.txt,,2025-07-10T22:01:47.052595
4,Gen4_Match409_1752179722,Gen4_Deck19,Gen4_Deck15,Gen4_Deck15,0,1,28.467880964279175,982849,Gen4_Match409_1752179722.txt,,2025-07-10T22:02:00.399656
4,Gen4_Match411_1752179722,Gen4_Deck15,Gen4_Deck21,Gen4_Deck21,0,1,48.81181311607361,982849,Gen4_Match411_1752179722.txt,,2025-07-10T22:02:49.212303
4,Gen4_Match407_1752179722,Gen4_Deck15,Gen4_Deck17,Gen4_Deck15,1,0,131.2830789089203,982847,Gen4_Match407_1752179722.txt,,2025-07-10T22:03:01.173149
4,Gen4_Match410_1752179722,Gen4_Deck15,Gen4_Deck20,Gen4_Deck15,1,0,94.97527742385864,982848,Gen4_Match410_1752179722.txt,,2025-07-10T22:03:22.028413
4,Gen4_Match412_1752179722,Gen4_Deck22,Gen4_Deck15,Gen4_Deck15,0,1,36.00337862968445,982849,Gen4_Match412_1752179722.txt,,2025-07-10T22:03:25.216231
4,Gen4_Match413_1752179722,Gen4_Deck23,Gen4_Deck15,Gen4_Deck23,1,0,32.58442783355713,982847,Gen4_Match413_1752179722.txt,,2025-07-10T22:03:33.758111
4,Gen4_Match414_1752179722,Gen4_Deck15,Gen4_Deck24,Gen4_Deck24,0,1,30.954505681991577,982848,Gen4_Match414_1752179722.txt,,2025-07-10T22:03:52.983428
4,Gen4_Match416_1752179722,Gen4_Deck26,Gen4_Deck15,Gen4_Deck15,0,1,26.189711570739746,982847,Gen4_Match416_1752179722.txt,,2025-07-10T22:03:59.948327
4,Gen4_Match415_1752179722,Gen4_Deck15,Gen4_Deck25,Gen4_Deck25,0,1,45.81955432891846,982849,Gen4_Match415_1752179722.txt,,2025-07-10T22:04:11.036328
4,Gen4_Match417_1752179722,Gen4_Deck15,Gen4_Deck27,Gen4_Deck15,1,0,22.155046463012695,982848,Gen4_Match417_1752179722.txt,,2025-07-10T22:04:15.138974
4,Gen4_Match418_1752179722,Gen4_Deck15,Gen4_Deck28,Gen4_Deck28,0,1,30.210971117019653,982847,Gen4_Match418_1752179722.txt,,2025-07-10T22:04:30.159806
4,Gen4_Match419_1752179722,Gen4_Deck29,Gen4_Deck15,Gen4_Deck15,0,1,36.47315073013306,982849,Gen4_Match419_1752179722.txt,,2025-07-10T22:04:47.509996
4,Gen4_Match420_1752179722,Gen4_Deck30,Gen4_Deck15,Gen4_Deck15,0,1,35.03544855117798,982848,Gen4_Match420_1752179722.txt,,2025-07-10T22:04:50.174979
4,Gen4_Match421_1752179722,Gen4_Deck15,Gen4_Deck31,Gen4_Deck15,1,0,30.3480703830719,982847,Gen4_Match421_1752179722.txt,,2025-07-10T22:05:00.508388
4,Gen4_Match422_1752179722,Gen4_Deck15,Gen4_Deck32,Gen4_Deck15,1,0,28.81177520751953,982849,Gen4_Match422_1752179722.txt,,2025-07-10T22:05:16.322271
4,Gen4_Match423_1752179722,Gen4_Deck33,Gen4_Deck15,Gen4_Deck33,1,0,26.277090787887573,982848,Gen4_Match423_1752179722.txt,,2025-07-10T22:05:16.452537
4,Gen4_Match424_1752179722,Gen4_Deck15,Gen4_Deck34,Gen4_Deck34,0,1,30.535714626312256,982847,Gen4_Match424_1752179722.txt,,2025-07-10T22:05:31.044578
4,Gen4_Match425_1752179722,Gen4_Deck17,Gen4_Deck16,Gen4_Deck16,0,1,33.27774930000305,982849,Gen4_Match425_1752179722.txt,,2025-07-10T22:05:49.600519
4,Gen4_Match427_1752179722,Gen4_Deck16,Gen4_Deck19,Gen4_Deck19,0,1,32.59426021575928,982847,Gen4_Match427_1752179722.txt,,2025-07-10T22:06:03.639376
4,Gen4_Match428_1752179722,Gen4_Deck20,Gen4_Deck16,Gen4_Deck20,1,0,26.81133794784546,982849,Gen4_Match428_1752179722.txt,,2025-07-10T22:06:16.412384
4,Gen4_Match429_1752179722,Gen4_Deck21,Gen4_Deck16,Gen4_Deck16,0,1,43.862929344177246,982847,Gen4_Match429_1752179722.txt,,2025-07-10T22:06:47.502876
4,Gen4_Match430_1752179722,Gen4_Deck16,Gen4_Deck22,Gen4_Deck22,0,1,58.01289987564087,982849,Gen4_Match430_1752179722.txt,,2025-07-10T22:07:14.425858
4,Gen4_Match426_1752179722,Gen4_Deck16,Gen4_Deck18,Gen4_Deck16,1,0,133.8768277168274,982848,Gen4_Match426_1752179722.txt,,2025-07-10T22:07:30.329920
4,Gen4_Match432_1752179722,Gen4_Deck24,Gen4_Deck16,Gen4_Deck24,1,0,20.122004985809326,982849,Gen4_Match432_1752179722.txt,,2025-07-10T22:07:34.548328
4,Gen4_Match433_1752179722,Gen4_Deck16,Gen4_Deck25,Gen4_Deck16,1,0,21.074219226837158,982848,Gen4_Match433_1752179722.txt,,2025-07-10T22:07:51.404626
4,Gen4_Match431_1752179722,Gen4_Deck16,Gen4_Deck23,Gen4_Deck23,0,1,77.40428161621094,982847,Gen4_Match431_1752179722.txt,,2025-07-10T22:08:04.907680
4,Gen4_Match434_1752179722,Gen4_Deck16,Gen4_Deck26,Gen4_Deck16,1,0,32.812731981277466,982849,Gen4_Match434_1752179722.txt,,2025-07-10T22:08:07.361536
4,Gen4_Match435_1752179722,Gen4_Deck27,Gen4_Deck16,Gen4_Deck16,0,1,25.338943243026733,982848,Gen4_Match435_1752179722.txt,,2025-07-10T22:08:16.744049
4,Gen4_Match436_1752179722,Gen4_Deck28,Gen4_Deck16,Gen4_Deck28,1,0,32.50439238548279,982847,Gen4_Match436_1752179722.txt,,2025-07-10T22:08:37.412562
4,Gen4_Match437_1752179722,Gen4_Deck16,Gen4_Deck29,Gen4_Deck29,0,1,50.44391345977783,982849,Gen4_Match437_1752179722.txt,,2025-07-10T22:08:57.805931
4,Gen4_Match438_1752179722,Gen4_Deck16,Gen4_Deck30,Gen4_Deck16,1,0,52.25887060165405,982848,Gen4_Match438_1752179722.txt,,2025-07-10T22:09:09.003458
4,Gen4_Match440_1752179722,Gen4_Deck16,Gen4_Deck32,Gen4_Deck16,1,0,18.162601709365845,982849,Gen4_Match440_1752179722.txt,,2025-07-10T22:09:15.969014
4,Gen4_Match441_1752179722,Gen4_Deck16,Gen4_Deck33,Gen4_Deck16,1,0,26.112666368484497,982848,Gen4_Match441_1752179722.txt,,2025-07-10T22:09:35.116648
4,Gen4_Match442_1752179722,Gen4_Deck34,Gen4_Deck16,Gen4_Deck16,0,1,19.916741371154785,982849,Gen4_Match442_1752179722.txt,,2025-07-10T22:09:35.886211
4,Gen4_Match444_1752179722,Gen4_Deck19,Gen4_Deck17,Gen4_Deck19,1,0,27.034736156463623,982849,Gen4_Match444_1752179722.txt,,2025-07-10T22:10:02.921665
4,Gen4_Match445_1752179722,Gen4_Deck17,Gen4_Deck20,Gen4_Deck20,0,1,24.600311279296875,982849,Gen4_Match445_1752179722.txt,,2025-07-10T22:10:27.522741
4,Gen4_Match439_1752179722,Gen4_Deck31,Gen4_Deck16,Gen4_Deck31,1,0,131.69689440727234,982847,Gen4_Match439_1752179722.txt,,2025-07-10T22:10:49.110045
4,Gen4_Match446_1752179722,Gen4_Deck17,Gen4_Deck21,Gen4_Deck21,0,1,36.68115305900574,982849,Gen4_Match446_1752179722.txt,,2025-07-10T22:11:04.204589
4,Gen4_Match447_1752179722,Gen4_Deck17,Gen4_Deck22,Gen4_Deck22,0,1,34.52956795692444,982847,Gen4_Match447_1752179722.txt,,2025-07-10T22:11:23.640163
4,Gen4_Match443_1752179722,Gen4_Deck17,Gen4_Deck18,Gen4_Deck17,1,0,132.11528038978577,982848,Gen4_Match443_1752179722.txt,,2025-07-10T22:11:47.232492
4,Gen4_Match449_1752179722,Gen4_Deck17,Gen4_Deck24,Gen4_Deck17,1,0,25.379680633544922,982847,Gen4_Match449_1752179722.txt,,2025-07-10T22:11:49.020369
4,Gen4_Match450_1752179722,Gen4_Deck25,Gen4_Deck17,Gen4_Deck25,1,0,28.160605669021606,982848,Gen4_Match450_1752179722.txt,,2025-07-10T22:12:15.393752
4,Gen4_Match451_1752179722,Gen4_Deck26,Gen4_Deck17,Gen4_Deck17,0,1,30.31977105140686,982847,Gen4_Match451_1752179722.txt,,2025-07-10T22:12:19.340650
4,Gen4_Match452_1752179722,Gen4_Deck17,Gen4_Deck27,Gen4_Deck17,1,0,29.56034541130066,982848,Gen4_Match452_1752179722.txt,,2025-07-10T22:12:44.954606
4,Gen4_Match453_1752179722,Gen4_Deck17,Gen4_Deck28,Gen4_Deck17,1,0,32.07182002067566,982847,Gen4_Match453_1752179722.txt,,2025-07-10T22:12:51.412980
4,Gen4_Match448_1752179722,Gen4_Deck23,Gen4_Deck17,Gen4_Deck23,1,0,109.66340708732605,982849,Gen4_Match448_1752179722.txt,,2025-07-10T22:12:53.868505
4,Gen4_Match454_1752179722,Gen4_Deck29,Gen4_Deck17,Gen4_Deck17,0,1,30.729418516159058,982848,Gen4_Match454_1752179722.txt,,2025-07-10T22:13:15.684556
4,Gen4_Match456_1752179722,Gen4_Deck17,Gen4_Deck31,Gen4_Deck17,1,0,28.05938220024109,982849,Gen4_Match456_1752179722.txt,,2025-07-10T22:13:21.928377
4,Gen4_Match455_1752179722,Gen4_Deck30,Gen4_Deck17,Gen4_Deck17,0,1,52.684412240982056,982847,Gen4_Match455_1752179722.txt,,2025-07-10T22:13:44.097970
4,Gen4_Match457_1752179722,Gen4_Deck32,Gen4_Deck17,Gen4_Deck32,1,0,34.167558431625366,982848,Gen4_Match457_1752179722.txt,,2025-07-10T22:13:49.852666
4,Gen4_Match458_1752179722,Gen4_Deck33,Gen4_Deck17,Gen4_Deck33,1,0,28.297446727752686,982849,Gen4_Match458_1752179722.txt,,2025-07-10T22:13:50.226305
4,Gen4_Match459_1752179722,Gen4_Deck34,Gen4_Deck17,Gen4_Deck17,0,1,28.734747886657715,982847,Gen4_Match459_1752179722.txt,,2025-07-10T22:14:12.833478
4,Gen4_Match461_1752179722,Gen4_Deck20,Gen4_Deck18,Gen4_Deck20,1,0,42.147055864334106,982849,Gen4_Match461_1752179722.txt,,2025-07-10T22:14:32.373858
4,Gen4_Match460_1752179722,Gen4_Deck18,Gen4_Deck19,Gen4_Deck19,0,1,61.03027582168579,982848,Gen4_Match460_1752179722.txt,,2025-07-10T22:14:50.883536
4,Gen4_Match462_1752179722,Gen4_Deck21,Gen4_Deck18,Gen4_Deck21,1,0,47.96005606651306,982847,Gen4_Match462_1752179722.txt,,2025-07-10T22:15:00.794211
4,Gen4_Match463_1752179722,Gen4_Deck18,Gen4_Deck22,Gen4_Deck18,1,0,36.87967872619629,982849,Gen4_Match463_1752179722.txt,,2025-07-10T22:15:09.254112
4,Gen4_Match466_1752179722,Gen4_Deck18,Gen4_Deck25,Gen4_Deck25,0,1,22.389735460281372,982849,Gen4_Match466_1752179722.txt,,2025-07-10T22:15:31.644476
4,Gen4_Match464_1752179722,Gen4_Deck18,Gen4_Deck23,Gen4_Deck18,1,0,43.320533990859985,982848,Gen4_Match464_1752179722.txt,,2025-07-10T22:15:34.204605
4,Gen4_Match465_1752179722,Gen4_Deck24,Gen4_Deck18,Gen4_Deck18,0,1,46.72857618331909,982847,Gen4_Match465_1752179722.txt,,2025-07-10T22:15:47.523355
4,Gen4_Match468_1752179722,Gen4_Deck27,Gen4_Deck18,Gen4_Deck27,1,0,22.79524326324463,982848,Gen4_Match468_1752179722.txt,,2025-07-10T22:15:57.000346
4,Gen4_Match469_1752179722,Gen4_Deck28,Gen4_Deck18,Gen4_Deck18,0,1,44.34751653671265,982847,Gen4_Match469_1752179722.txt,,2025-07-10T22:16:31.871430
4,Gen4_Match467_1752179722,Gen4_Deck18,Gen4_Deck26,Gen4_Deck26,0,1,65.25126433372498,982849,Gen4_Match467_1752179722.txt,,2025-07-10T22:16:36.896382
4,Gen4_Match470_1752179722,Gen4_Deck18,Gen4_Deck29,Gen4_Deck29,0,1,69.91573238372803,982848,Gen4_Match470_1752179722.txt,,2025-07-10T22:17:06.916623
4,Gen4_Match471_1752179722,Gen4_Deck18,Gen4_Deck30,Gen4_Deck18,1,0,37.54125356674194,982847,Gen4_Match471_1752179722.txt,,2025-07-10T22:17:09.413215
4,Gen4_Match473_1752179722,Gen4_Deck18,Gen4_Deck32,Gen4_Deck18,1,0,22.570431232452393,982848,Gen4_Match473_1752179722.txt,,2025-07-10T22:17:29.487516
4,Gen4_Match474_1752179722,Gen4_Deck18,Gen4_Deck33,Gen4_Deck18,1,0,25.880500078201294,982847,Gen4_Match474_1752179722.txt,,2025-07-10T22:17:35.294243
4,Gen4_Match475_1752179722,Gen4_Deck34,Gen4_Deck18,Gen4_Deck34,1,0,33.26872277259827,982848,Gen4_Match475_1752179722.txt,,2025-07-10T22:18:02.756750
4,Gen4_Match476_1752179722,Gen4_Deck20,Gen4_Deck19,Gen4_Deck20,1,0,31.301873922348022,982847,Gen4_Match476_1752179722.txt,,2025-07-10T22:18:06.596614
4,Gen4_Match478_1752179722,Gen4_Deck19,Gen4_Deck22,Gen4_Deck22,0,1,27.848753690719604,982847,Gen4_Match478_1752179722.txt,,2025-07-10T22:18:34.445841
4,Gen4_Match477_1752179722,Gen4_Deck21,Gen4_Deck19,Gen4_Deck21,1,0,36.69484996795654,982848,Gen4_Match477_1752179722.txt,,2025-07-10T22:18:39.452083
4,Gen4_Match472_1752179722,Gen4_Deck31,Gen4_Deck18,Gen4_Deck31,1,0,131.90137791633606,982849,Gen4_Match472_1752179722.txt,,2025-07-10T22:18:48.798266
4,Gen4_Match479_1752179722,Gen4_Deck19,Gen4_Deck23,Gen4_Deck23,0,1,38.70016884803772,982847,Gen4_Match479_1752179722.txt,,2025-07-10T22:19:13.146544
4,Gen4_Match480_1752179722,Gen4_Deck24,Gen4_Deck19,Gen4_Deck24,1,0,42.392009258270264,982848,Gen4_Match480_1752179722.txt,,2025-07-10T22:19:21.844551
4,Gen4_Match481_1752179722,Gen4_Deck25,Gen4_Deck19,Gen4_Deck19,0,1,52.329917430877686,982849,Gen4_Match481_1752179722.txt,,2025-07-10T22:19:41.128750
4,Gen4_Match483_1752179722,Gen4_Deck27,Gen4_Deck19,Gen4_Deck19,0,1,31.57932710647583,982848,Gen4_Match483_1752179722.txt,,2025-07-10T22:19:53.424400
4,Gen4_Match484_1752179722,Gen4_Deck28,Gen4_Deck19,Gen4_Deck19,0,1,23.87218427658081,982849,Gen4_Match484_1752179722.txt,,2025-07-10T22:20:05.001404
4,Gen4_Match482_1752179722,Gen4_Deck19,Gen4_Deck26,Gen4_Deck26,0,1,64.6614921092987,982847,Gen4_Match482_1752179722.txt,,2025-07-10T22:20:17.808591
4,Gen4_Match485_1752179722,Gen4_Deck19,Gen4_Deck29,Gen4_Deck29,0,1,31.20752263069153,982848,Gen4_Match485_1752179722.txt,,2025-07-10T22:20:24.632484
4,Gen4_Match486_1752179722,Gen4_Deck19,Gen4_Deck30,Gen4_Deck19,1,0,28.017115592956543,982849,Gen4_Match486_1752179722.txt,,2025-07-10T22:20:33.019002
4,Gen4_Match487_1752179722,Gen4_Deck31,Gen4_Deck19,Gen4_Deck31,1,0,24.70158815383911,982847,Gen4_Match487_1752179722.txt,,2025-07-10T22:20:42.510647
4,Gen4_Match488_1752179722,Gen4_Deck19,Gen4_Deck32,Gen4_Deck32,0,1,26.06032943725586,982848,Gen4_Match488_1752179722.txt,,2025-07-10T22:20:50.693305
4,Gen4_Match489_1752179722,Gen4_Deck19,Gen4_Deck33,Gen4_Deck19,1,0,25.673218250274658,982849,Gen4_Match489_1752179722.txt,,2025-07-10T22:20:58.692695
4,Gen4_Match490_1752179722,Gen4_Deck34,Gen4_Deck19,Gen4_Deck34,1,0,27.110800981521606,982847,Gen4_Match490_1752179722.txt,,2025-07-10T22:21:09.621949
4,Gen4_Match491_1752179722,Gen4_Deck20,Gen4_Deck21,Gen4_Deck20,1,0,33.87335014343262,982848,Gen4_Match491_1752179722.txt,,2025-07-10T22:21:24.567143
4,Gen4_Match492_1752179722,Gen4_Deck22,Gen4_Deck20,Gen4_Deck20,0,1,27.07859706878662,982849,Gen4_Match492_1752179722.txt,,2025-07-10T22:21:25.771757
4,Gen4_Match493_1752179722,Gen4_Deck23,Gen4_Deck20,Gen4_Deck20,0,1,33.13003921508789,982847,Gen4_Match493_1752179722.txt,,2025-07-10T22:21:42.752486
4,Gen4_Match494_1752179722,Gen4_Deck20,Gen4_Deck24,Gen4_Deck24,0,1,30.674102067947388,982848,Gen4_Match494_1752179722.txt,,2025-07-10T22:21:55.241717
4,Gen4_Match495_1752179722,Gen4_Deck20,Gen4_Deck25,Gen4_Deck20,1,0,39.88815498352051,982849,Gen4_Match495_1752179722.txt,,2025-07-10T22:22:05.660448
4,Gen4_Match496_1752179722,Gen4_Deck26,Gen4_Deck20,Gen4_Deck20,0,1,23.43026041984558,982847,Gen4_Match496_1752179722.txt,,2025-07-10T22:22:06.183173
4,Gen4_Match498_1752179722,Gen4_Deck20,Gen4_Deck28,Gen4_Deck20,1,0,26.89634943008423,982849,Gen4_Match498_1752179722.txt,,2025-07-10T22:22:32.557300
4,Gen4_Match499_1752179722,Gen4_Deck29,Gen4_Deck20,Gen4_Deck29,1,0,30.91237711906433,982847,Gen4_Match499_1752179722.txt,,2025-07-10T22:22:37.096058
4,Gen4_Match497_1752179722,Gen4_Deck20,Gen4_Deck27,Gen4_Deck27,0,1,44.490320920944214,982848,Gen4_Match497_1752179722.txt,,2025-07-10T22:22:39.732500
4,Gen4_Match500_1752179722,Gen4_Deck30,Gen4_Deck20,Gen4_Deck20,0,1,28.63467812538147,982849,Gen4_Match500_1752179722.txt,,2025-07-10T22:23:01.192479
4,Gen4_Match501_1752179722,Gen4_Deck20,Gen4_Deck31,Gen4_Deck31,0,1,25.441782236099243,982847,Gen4_Match501_1752179722.txt,,2025-07-10T22:23:02.538307
4,Gen4_Match502_1752179722,Gen4_Deck20,Gen4_Deck32,Gen4_Deck20,1,0,44.209333419799805,982848,Gen4_Match502_1752179722.txt,,2025-07-10T22:23:23.942303
4,Gen4_Match503_1752179722,Gen4_Deck33,Gen4_Deck20,Gen4_Deck33,1,0,23.326475381851196,982849,Gen4_Match503_1752179722.txt,,2025-07-10T22:23:24.519444
4,Gen4_Match505_1752179722,Gen4_Deck21,Gen4_Deck22,Gen4_Deck21,1,0,24.546149969100952,982848,Gen4_Match505_1752179722.txt,,2025-07-10T22:23:48.489004
4,Gen4_Match506_1752179722,Gen4_Deck21,Gen4_Deck23,Gen4_Deck21,1,0,26.913305044174194,982849,Gen4_Match506_1752179722.txt,,2025-07-10T22:23:51.433238
4,Gen4_Match504_1752179722,Gen4_Deck20,Gen4_Deck34,Gen4_Deck20,1,0,56.40161490440369,982847,Gen4_Match504_1752179722.txt,,2025-07-10T22:23:58.940505
4,Gen4_Match508_1752179722,Gen4_Deck21,Gen4_Deck25,Gen4_Deck25,0,1,29.00650715827942,982849,Gen4_Match508_1752179722.txt,,2025-07-10T22:24:20.440210
4,Gen4_Match509_1752179722,Gen4_Deck21,Gen4_Deck26,Gen4_Deck26,0,1,25.382540464401245,982847,Gen4_Match509_1752179722.txt,,2025-07-10T22:24:24.323537
4,Gen4_Match507_1752179722,Gen4_Deck24,Gen4_Deck21,Gen4_Deck24,1,0,54.23520231246948,982848,Gen4_Match507_1752179722.txt,,2025-07-10T22:24:42.724753
4,Gen4_Match511_1752179722,Gen4_Deck28,Gen4_Deck21,Gen4_Deck28,1,0,25.701844215393066,982847,Gen4_Match511_1752179722.txt,,2025-07-10T22:24:50.025868
4,Gen4_Match510_1752179722,Gen4_Deck27,Gen4_Deck21,Gen4_Deck21,0,1,35.483792304992676,982849,Gen4_Match510_1752179722.txt,,2025-07-10T22:24:55.924487
4,Gen4_Match512_1752179722,Gen4_Deck21,Gen4_Deck29,Gen4_Deck21,1,0,26.655385494232178,982848,Gen4_Match512_1752179722.txt,,2025-07-10T22:25:09.380630
4,Gen4_Match513_1752179722,Gen4_Deck21,Gen4_Deck30,Gen4_Deck30,0,1,30.8899142742157,982847,Gen4_Match513_1752179722.txt,,2025-07-10T22:25:20.916281
4,Gen4_Match514_1752179722,Gen4_Deck31,Gen4_Deck21,Gen4_Deck21,0,1,34.90931677818298,982849,Gen4_Match514_1752179722.txt,,2025-07-10T22:25:30.834287
4,Gen4_Match515_1752179722,Gen4_Deck21,Gen4_Deck32,Gen4_Deck32,0,1,28.865429878234863,982848,Gen4_Match515_1752179722.txt,,2025-07-10T22:25:38.246572
4,Gen4_Match516_1752179722,Gen4_Deck21,Gen4_Deck33,Gen4_Deck33,0,1,27.715925931930542,982847,Gen4_Match516_1752179722.txt,,2025-07-10T22:25:48.632683
4,Gen4_Match518_1752179722,Gen4_Deck23,Gen4_Deck22,Gen4_Deck22,0,1,32.122053384780884,982848,Gen4_Match518_1752179722.txt,,2025-07-10T22:26:10.369153
4,Gen4_Match519_1752179722,Gen4_Deck22,Gen4_Deck24,Gen4_Deck22,1,0,33.879252195358276,982847,Gen4_Match519_1752179722.txt,,2025-07-10T22:26:22.512450
4,Gen4_Match520_1752179722,Gen4_Deck22,Gen4_Deck25,Gen4_Deck25,0,1,21.774237394332886,982848,Gen4_Match520_1752179722.txt,,2025-07-10T22:26:32.143837
4,Gen4_Match517_1752179722,Gen4_Deck34,Gen4_Deck21,Gen4_Deck34,1,0,69.7665045261383,982849,Gen4_Match517_1752179722.txt,,2025-07-10T22:26:40.601382
4,Gen4_Match521_1752179722,Gen4_Deck22,Gen4_Deck26,Gen4_Deck26,0,1,24.954071044921875,982847,Gen4_Match521_1752179722.txt,,2025-07-10T22:26:47.467001
4,Gen4_Match522_1752179722,Gen4_Deck27,Gen4_Deck22,Gen4_Deck27,1,0,27.014710903167725,982848,Gen4_Match522_1752179722.txt,,2025-07-10T22:26:59.159064
4,Gen4_Match523_1752179722,Gen4_Deck22,Gen4_Deck28,Gen4_Deck28,0,1,25.094613313674927,982849,Gen4_Match523_1752179722.txt,,2025-07-10T22:27:05.696433
4,Gen4_Match524_1752179722,Gen4_Deck29,Gen4_Deck22,Gen4_Deck29,1,0,29.301010847091675,982847,Gen4_Match524_1752179722.txt,,2025-07-10T22:27:16.768487
4,Gen4_Match525_1752179722,Gen4_Deck30,Gen4_Deck22,Gen4_Deck30,1,0,25.13992428779602,982848,Gen4_Match525_1752179722.txt,,2025-07-10T22:27:24.299459
4,Gen4_Match526_1752179722,Gen4_Deck31,Gen4_Deck22,Gen4_Deck22,0,1,32.16179156303406,982849,Gen4_Match526_1752179722.txt,,2025-07-10T22:27:37.858797
4,Gen4_Match528_1752179722,Gen4_Deck33,Gen4_Deck22,Gen4_Deck33,1,0,26.215863704681396,982848,Gen4_Match528_1752179722.txt,,2025-07-10T22:27:50.515839
4,Gen4_Match527_1752179722,Gen4_Deck22,Gen4_Deck32,Gen4_Deck22,1,0,44.13840842247009,982847,Gen4_Match527_1752179722.txt,,2025-07-10T22:28:00.907393
4,Gen4_Match531_1752179722,Gen4_Deck23,Gen4_Deck25,Gen4_Deck23,1,0,30.005717277526855,982847,Gen4_Match531_1752179722.txt,,2025-07-10T22:28:30.962760
4,Gen4_Match529_1752179722,Gen4_Deck34,Gen4_Deck22,Gen4_Deck22,0,1,71.51722741127014,982849,Gen4_Match529_1752179722.txt,,2025-07-10T22:28:49.376675
4,Gen4_Match530_1752179722,Gen4_Deck24,Gen4_Deck23,Gen4_Deck24,1,0,61.88533401489258,982848,Gen4_Match530_1752179722.txt,,2025-07-10T22:28:52.401653
4,Gen4_Match532_1752179722,Gen4_Deck23,Gen4_Deck26,Gen4_Deck26,0,1,30.732489824295044,982847,Gen4_Match532_1752179722.txt,,2025-07-10T22:29:01.695789
4,Gen4_Match533_1752179722,Gen4_Deck27,Gen4_Deck23,Gen4_Deck27,1,0,28.25935411453247,982849,Gen4_Match533_1752179722.txt,,2025-07-10T22:29:17.636499
4,Gen4_Match534_1752179722,Gen4_Deck28,Gen4_Deck23,Gen4_Deck23,0,1,25.937711238861084,982848,Gen4_Match534_1752179722.txt,,2025-07-10T22:29:18.339789
4,Gen4_Match535_1752179722,Gen4_Deck23,Gen4_Deck29,Gen4_Deck29,0,1,27.176811695098877,982847,Gen4_Match535_1752179722.txt,,2025-07-10T22:29:28.873035
4,Gen4_Match536_1752179722,Gen4_Deck23,Gen4_Deck30,Gen4_Deck23,1,0,29.038769245147705,982849,Gen4_Match536_1752179722.txt,,2025-07-10T22:29:46.675715
4,Gen4_Match538_1752179722,Gen4_Deck23,Gen4_Deck32,Gen4_Deck32,0,1,37.54955577850342,982847,Gen4_Match538_1752179722.txt,,2025-07-10T22:30:06.423117
4,Gen4_Match537_1752179722,Gen4_Deck31,Gen4_Deck23,Gen4_Deck31,1,0,51.28724718093872,982848,Gen4_Match537_1752179722.txt,,2025-07-10T22:30:09.627535
4,Gen4_Match539_1752179722,Gen4_Deck23,Gen4_Deck33,Gen4_Deck23,1,0,23.806799173355103,982849,Gen4_Match539_1752179722.txt,,2025-07-10T22:30:10.483067
4,Gen4_Match541_1752179722,Gen4_Deck24,Gen4_Deck25,Gen4_Deck24,1,0,29.84077525138855,982848,Gen4_Match541_1752179722.txt,,2025-07-10T22:30:39.468812
4,Gen4_Match540_1752179722,Gen4_Deck34,Gen4_Deck23,Gen4_Deck34,1,0,35.902852296829224,982847,Gen4_Match540_1752179722.txt,,2025-07-10T22:30:42.326411
4,Gen4_Match542_1752179722,Gen4_Deck24,Gen4_Deck26,Gen4_Deck24,1,0,38.340731143951416,982849,Gen4_Match542_1752179722.txt,,2025-07-10T22:30:48.824247
4,Gen4_Match543_1752179722,Gen4_Deck27,Gen4_Deck24,Gen4_Deck24,0,1,27.072274446487427,982848,Gen4_Match543_1752179722.txt,,2025-07-10T22:31:06.541585
4,Gen4_Match545_1752179722,Gen4_Deck24,Gen4_Deck29,Gen4_Deck29,0,1,23.85533595085144,982849,Gen4_Match545_1752179722.txt,,2025-07-10T22:31:12.679988
4,Gen4_Match544_1752179722,Gen4_Deck28,Gen4_Deck24,Gen4_Deck24,0,1,33.186087131500244,982847,Gen4_Match544_1752179722.txt,,2025-07-10T22:31:15.513009
4,Gen4_Match548_1752179722,Gen4_Deck24,Gen4_Deck32,Gen4_Deck24,1,0,23.120046138763428,982847,Gen4_Match548_1752179722.txt,,2025-07-10T22:31:38.633528
4,Gen4_Match546_1752179722,Gen4_Deck30,Gen4_Deck24,Gen4_Deck24,0,1,43.474467754364014,982848,Gen4_Match546_1752179722.txt,,2025-07-10T22:31:50.016582
4,Gen4_Match547_1752179722,Gen4_Deck31,Gen4_Deck24,Gen4_Deck24,0,1,48.64019751548767,982849,Gen4_Match547_1752179722.txt,,2025-07-10T22:32:01.320764
4,Gen4_Match551_1752179722,Gen4_Deck25,Gen4_Deck26,Gen4_Deck25,1,0,25.473313570022583,982849,Gen4_Match551_1752179722.txt,,2025-07-10T22:32:26.794863
4,Gen4_Match549_1752179722,Gen4_Deck24,Gen4_Deck33,Gen4_Deck33,0,1,64.37051844596863,982847,Gen4_Match549_1752179722.txt,,2025-07-10T22:32:43.004570
4,Gen4_Match552_1752179722,Gen4_Deck27,Gen4_Deck25,Gen4_Deck27,1,0,17.6927330493927,982849,Gen4_Match552_1752179722.txt,,2025-07-10T22:32:44.488253
4,Gen4_Match550_1752179722,Gen4_Deck34,Gen4_Deck24,Gen4_Deck24,0,1,65.85938286781311,982848,Gen4_Match550_1752179722.txt,,2025-07-10T22:32:55.876578
4,Gen4_Match553_1752179722,Gen4_Deck28,Gen4_Deck25,Gen4_Deck25,0,1,24.336202144622803,982847,Gen4_Match553_1752179722.txt,,2025-07-10T22:33:07.341270
4,Gen4_Match554_1752179722,Gen4_Deck25,Gen4_Deck29,Gen4_Deck25,1,0,33.61953783035278,982849,Gen4_Match554_1752179722.txt,,2025-07-10T22:33:18.108330
4,Gen4_Match556_1752179722,Gen4_Deck31,Gen4_Deck25,Gen4_Deck25,0,1,30.82907509803772,982847,Gen4_Match556_1752179722.txt,,2025-07-10T22:33:38.170856
4,Gen4_Match557_1752179722,Gen4_Deck25,Gen4_Deck32,Gen4_Deck32,0,1,28.063352584838867,982849,Gen4_Match557_1752179722.txt,,2025-07-10T22:33:46.172176
4,Gen4_Match555_1752179722,Gen4_Deck25,Gen4_Deck30,Gen4_Deck25,1,0,51.19686150550842,982848,Gen4_Match555_1752179722.txt,,2025-07-10T22:33:47.073960
4,Gen4_Match558_1752179722,Gen4_Deck25,Gen4_Deck33,Gen4_Deck25,1,0,21.7831609249115,982847,Gen4_Match558_1752179722.txt,,2025-07-10T22:33:59.954482
4,Gen4_Match559_1752179722,Gen4_Deck34,Gen4_Deck25,Gen4_Deck34,1,0,26.1518235206604,982849,Gen4_Match559_1752179722.txt,,2025-07-10T22:34:12.324486
4,Gen4_Match560_1752179722,Gen4_Deck27,Gen4_Deck26,Gen4_Deck27,1,0,40.03007388114929,982848,Gen4_Match560_1752179722.txt,,2025-07-10T22:34:27.104650
4,Gen4_Match561_1752179722,Gen4_Deck28,Gen4_Deck26,Gen4_Deck28,1,0,32.87996530532837,982847,Gen4_Match561_1752179722.txt,,2025-07-10T22:34:32.834971
4,Gen4_Match562_1752179722,Gen4_Deck26,Gen4_Deck29,Gen4_Deck26,1,0,29.196206092834473,982849,Gen4_Match562_1752179722.txt,,2025-07-10T22:34:41.521237
4,Gen4_Match564_1752179722,Gen4_Deck31,Gen4_Deck26,Gen4_Deck31,1,0,30.232949256896973,982847,Gen4_Match564_1752179722.txt,,2025-07-10T22:35:03.068392
4,Gen4_Match565_1752179722,Gen4_Deck32,Gen4_Deck26,Gen4_Deck32,1,0,34.7811393737793,982849,Gen4_Match565_1752179722.txt,,2025-07-10T22:35:16.302895
4,Gen4_Match563_1752179722,Gen4_Deck26,Gen4_Deck30,Gen4_Deck30,0,1,50.20462441444397,982848,Gen4_Match563_1752179722.txt,,2025-07-10T22:35:17.309790
4,Gen4_Match566_1752179722,Gen4_Deck26,Gen4_Deck33,Gen4_Deck33,0,1,38.88903999328613,982847,Gen4_Match566_1752179722.txt,,2025-07-10T22:35:41.957903
4,Gen4_Match568_1752179722,Gen4_Deck27,Gen4_Deck28,Gen4_Deck28,0,1,26.202134370803833,982848,Gen4_Match568_1752179722.txt,,2025-07-10T22:35:43.512373
4,Gen4_Match567_1752179722,Gen4_Deck34,Gen4_Deck26,Gen4_Deck34,1,0,46.58936357498169,982849,Gen4_Match567_1752179722.txt,,2025-07-10T22:36:02.892757
4,Gen4_Match569_1752179722,Gen4_Deck29,Gen4_Deck27,Gen4_Deck27,0,1,25.872480392456055,982847,Gen4_Match569_1752179722.txt,,2025-07-10T22:36:07.830839
4,Gen4_Match570_1752179722,Gen4_Deck30,Gen4_Deck27,Gen4_Deck30,1,0,32.31585478782654,982848,Gen4_Match570_1752179722.txt,,2025-07-10T22:36:15.828667
4,Gen4_Match573_1752179722,Gen4_Deck33,Gen4_Deck27,Gen4_Deck27,0,1,22.53523278236389,982848,Gen4_Match573_1752179722.txt,,2025-07-10T22:36:38.364352
4,Gen4_Match572_1752179722,Gen4_Deck27,Gen4_Deck32,Gen4_Deck27,1,0,30.99804973602295,982847,Gen4_Match572_1752179722.txt,,2025-07-10T22:36:38.829359
4,Gen4_Match574_1752179722,Gen4_Deck27,Gen4_Deck34,Gen4_Deck27,1,0,25.790921688079834,982848,Gen4_Match574_1752179722.txt,,2025-07-10T22:37:04.155718
4,Gen4_Match575_1752179722,Gen4_Deck28,Gen4_Deck29,Gen4_Deck28,1,0,33.99780488014221,982847,Gen4_Match575_1752179722.txt,,2025-07-10T22:37:12.827668
4,Gen4_Match571_1752179722,Gen4_Deck27,Gen4_Deck31,Gen4_Deck31,0,1,84.82234978675842,982849,Gen4_Match571_1752179722.txt,,2025-07-10T22:37:27.715631
4,Gen4_Match576_1752179722,Gen4_Deck28,Gen4_Deck30,Gen4_Deck30,0,1,24.358813762664795,982848,Gen4_Match576_1752179722.txt,,2025-07-10T22:37:28.515041
4,Gen4_Match579_1752179722,Gen4_Deck28,Gen4_Deck33,Gen4_Deck28,1,0,19.54890012741089,982848,Gen4_Match579_1752179722.txt,,2025-07-10T22:37:48.064346
4,Gen4_Match578_1752179722,Gen4_Deck28,Gen4_Deck32,Gen4_Deck28,1,0,23.56050133705139,982849,Gen4_Match578_1752179722.txt,,2025-07-10T22:37:51.276572
4,Gen4_Match577_1752179722,Gen4_Deck31,Gen4_Deck28,Gen4_Deck28,0,1,40.888280153274536,982847,Gen4_Match577_1752179722.txt,,2025-07-10T22:37:53.716463
4,Gen4_Match581_1752179722,Gen4_Deck30,Gen4_Deck29,Gen4_Deck29,0,1,35.19953799247742,982849,Gen4_Match581_1752179722.txt,,2025-07-10T22:38:26.476566
4,Gen4_Match580_1752179722,Gen4_Deck34,Gen4_Deck28,Gen4_Deck34,1,0,48.44833946228027,982848,Gen4_Match580_1752179722.txt,,2025-07-10T22:38:36.513424
4,Gen4_Match582_1752179722,Gen4_Deck29,Gen4_Deck31,Gen4_Deck29,1,0,49.9879584312439,982847,Gen4_Match582_1752179722.txt,,2025-07-10T22:38:43.704936
4,Gen4_Match583_1752179722,Gen4_Deck29,Gen4_Deck32,Gen4_Deck29,1,0,25.460195779800415,982849,Gen4_Match583_1752179722.txt,,2025-07-10T22:38:51.937266
4,Gen4_Match585_1752179722,Gen4_Deck34,Gen4_Deck29,Gen4_Deck29,0,1,26.496004581451416,982847,Gen4_Match585_1752179722.txt,,2025-07-10T22:39:10.201422
4,Gen4_Match584_1752179722,Gen4_Deck29,Gen4_Deck33,Gen4_Deck33,0,1,55.793328046798706,982848,Gen4_Match584_1752179722.txt,,2025-07-10T22:39:32.307403
4,Gen4_Match587_1752179722,Gen4_Deck32,Gen4_Deck30,Gen4_Deck32,1,0,32.64150071144104,982847,Gen4_Match587_1752179722.txt,,2025-07-10T22:39:42.843408
4,Gen4_Match588_1752179722,Gen4_Deck30,Gen4_Deck33,Gen4_Deck33,0,1,29.35316014289856,982848,Gen4_Match588_1752179722.txt,,2025-07-10T22:40:01.661030
4,Gen4_Match586_1752179722,Gen4_Deck31,Gen4_Deck30,Gen4_Deck30,0,1,92.05380082130432,982849,Gen4_Match586_1752179722.txt,,2025-07-10T22:40:23.991597
4,Gen4_Match590_1752179722,Gen4_Deck32,Gen4_Deck31,Gen4_Deck31,0,1,33.64634847640991,982848,Gen4_Match590_1752179722.txt,,2025-07-10T22:40:35.307822
4,Gen4_Match591_1752179722,Gen4_Deck31,Gen4_Deck33,Gen4_Deck33,0,1,21.705077409744263,982849,Gen4_Match591_1752179722.txt,,2025-07-10T22:40:45.697122
4,Gen4_Match589_1752179722,Gen4_Deck30,Gen4_Deck34,Gen4_Deck34,0,1,64.82934021949768,982847,Gen4_Match589_1752179722.txt,,2025-07-10T22:40:47.673347
4,Gen4_Match593_1752179722,Gen4_Deck33,Gen4_Deck32,Gen4_Deck32,0,1,25.314183950424194,982849,Gen4_Match593_1752179722.txt,,2025-07-10T22:41:11.011772
4,Gen4_Match594_1752179722,Gen4_Deck32,Gen4_Deck34,Gen4_Deck34,0,1,24.512445211410522,982847,Gen4_Match594_1752179722.txt,,2025-07-10T22:41:12.186254
4,Gen4_Match592_1752179722,Gen4_Deck34,Gen4_Deck31,Gen4_Deck34,1,0,53.639319896698,982848,Gen4_Match592_1752179722.txt,,2025-07-10T22:41:28.947722
4,Gen4_Match595_1752179722,Gen4_Deck34,Gen4_Deck33,Gen4_Deck34,1,0,18.164543867111206,982849,Gen4_Match595_1752179722.txt,,2025-07-10T22:41:29.177067
5,Gen5_Match2_1752187289,Gen5_Deck2,Gen5_Deck0,Gen5_Deck2,1,0,30.32664203643799,1237316,Gen5_Match2_1752187289.txt,,2025-07-10T22:41:59.561920
5,Gen5_Match1_1752187289,Gen5_Deck1,Gen5_Deck0,Gen5_Deck0,0,1,34.689936876297,1237315,Gen5_Match1_1752187289.txt,,2025-07-10T22:42:03.923254
5,Gen5_Match4_1752187289,Gen5_Deck4,Gen5_Deck0,Gen5_Deck0,0,1,19.869663953781128,1237316,Gen5_Match4_1752187289.txt,,2025-07-10T22:42:19.432338
5,Gen5_Match5_1752187289,Gen5_Deck5,Gen5_Deck0,Gen5_Deck0,0,1,29.32849907875061,1237315,Gen5_Match5_1752187289.txt,,2025-07-10T22:42:33.252495
5,Gen5_Match3_1752187289,Gen5_Deck0,Gen5_Deck3,Gen5_Deck3,0,1,64.6685700416565,1237317,Gen5_Match3_1752187289.txt,,2025-07-10T22:42:33.904936
5,Gen5_Match6_1752187289,Gen5_Deck0,Gen5_Deck6,Gen5_Deck6,0,1,36.1114137172699,1237316,Gen5_Match6_1752187289.txt,,2025-07-10T22:42:55.544348
5,Gen5_Match8_1752187289,Gen5_Deck8,Gen5_Deck0,Gen5_Deck8,1,0,26.40350914001465,1237317,Gen5_Match8_1752187289.txt,,2025-07-10T22:43:00.309059
5,Gen5_Match7_1752187289,Gen5_Deck0,Gen5_Deck7,Gen5_Deck0,1,0,29.419245719909668,1237315,Gen5_Match7_1752187289.txt,,2025-07-10T22:43:02.672250
5,Gen5_Match9_1752187289,Gen5_Deck9,Gen5_Deck0,Gen5_Deck0,0,1,22.329988479614258,1237316,Gen5_Match9_1752187289.txt,,2025-07-10T22:43:17.874747
5,Gen5_Match10_1752187289,Gen5_Deck0,Gen5_Deck10,Gen5_Deck0,1,0,30.182832956314087,1237317,Gen5_Match10_1752187289.txt,,2025-07-10T22:43:30.492441
5,Gen5_Match11_1752187289,Gen5_Deck11,Gen5_Deck0,Gen5_Deck11,1,0,27.967426776885986,1237315,Gen5_Match11_1752187289.txt,,2025-07-10T22:43:30.640186
5,Gen5_Match12_1752187289,Gen5_Deck12,Gen5_Deck0,Gen5_Deck0,0,1,28.06145739555359,1237316,Gen5_Match12_1752187289.txt,,2025-07-10T22:43:45.936695
5,Gen5_Match14_1752187289,Gen5_Deck0,Gen5_Deck14,Gen5_Deck0,1,0,31.22453474998474,1237315,Gen5_Match14_1752187289.txt,,2025-07-10T22:44:01.865185
5,Gen5_Match13_1752187289,Gen5_Deck0,Gen5_Deck13,Gen5_Deck0,1,0,32.207732915878296,1237317,Gen5_Match13_1752187289.txt,,2025-07-10T22:44:02.700678
5,Gen5_Match17_1752187289,Gen5_Deck0,Gen5_Deck17,Gen5_Deck0,1,0,22.979313135147095,1237317,Gen5_Match17_1752187289.txt,,2025-07-10T22:44:25.680504
5,Gen5_Match16_1752187289,Gen5_Deck16,Gen5_Deck0,Gen5_Deck0,0,1,25.19861102104187,1237315,Gen5_Match16_1752187289.txt,,2025-07-10T22:44:27.064212
5,Gen5_Match15_1752187289,Gen5_Deck15,Gen5_Deck0,Gen5_Deck0,0,1,48.56737303733826,1237316,Gen5_Match15_1752187289.txt,,2025-07-10T22:44:34.504656
5,Gen5_Match18_1752187289,Gen5_Deck18,Gen5_Deck0,Gen5_Deck0,0,1,22.19597840309143,1237317,Gen5_Match18_1752187289.txt,,2025-07-10T22:44:47.876917
5,Gen5_Match19_1752187289,Gen5_Deck19,Gen5_Deck0,Gen5_Deck0,0,1,29.539525270462036,1237315,Gen5_Match19_1752187289.txt,,2025-07-10T22:44:56.604170
5,Gen5_Match20_1752187289,Gen5_Deck0,Gen5_Deck20,Gen5_Deck0,1,0,33.61876678466797,1237316,Gen5_Match20_1752187289.txt,,2025-07-10T22:45:08.123897
5,Gen5_Match21_1752187289,Gen5_Deck0,Gen5_Deck21,Gen5_Deck0,1,0,34.34866261482239,1237317,Gen5_Match21_1752187289.txt,,2025-07-10T22:45:22.226085
5,Gen5_Match22_1752187289,Gen5_Deck22,Gen5_Deck0,Gen5_Deck22,1,0,25.973586320877075,1237315,Gen5_Match22_1752187289.txt,,2025-07-10T22:45:22.578226
5,Gen5_Match23_1752187289,Gen5_Deck23,Gen5_Deck0,Gen5_Deck0,0,1,33.05104875564575,1237316,Gen5_Match23_1752187289.txt,,2025-07-10T22:45:41.175441
5,Gen5_Match24_1752187289,Gen5_Deck0,Gen5_Deck24,Gen5_Deck0,1,0,34.773537397384644,1237317,Gen5_Match24_1752187289.txt,,2025-07-10T22:45:57.000081
5,Gen5_Match26_1752187289,Gen5_Deck26,Gen5_Deck0,Gen5_Deck0,0,1,29.44263505935669,1237316,Gen5_Match26_1752187289.txt,,2025-07-10T22:46:10.618559
5,Gen5_Match27_1752187289,Gen5_Deck0,Gen5_Deck27,Gen5_Deck27,0,1,22.88378119468689,1237317,Gen5_Match27_1752187289.txt,,2025-07-10T22:46:19.884284
5,Gen5_Match25_1752187289,Gen5_Deck25,Gen5_Deck0,Gen5_Deck0,0,1,59.62705636024475,1237315,Gen5_Match25_1752187289.txt,,2025-07-10T22:46:22.205914
5,Gen5_Match28_1752187289,Gen5_Deck0,Gen5_Deck28,Gen5_Deck28,0,1,33.97263526916504,1237316,Gen5_Match28_1752187289.txt,,2025-07-10T22:46:44.591659
5,Gen5_Match30_1752187289,Gen5_Deck0,Gen5_Deck30,Gen5_Deck30,0,1,30.393946170806885,1237315,Gen5_Match30_1752187289.txt,,2025-07-10T22:46:52.600414
5,Gen5_Match31_1752187289,Gen5_Deck0,Gen5_Deck31,Gen5_Deck0,1,0,22.268226623535156,1237316,Gen5_Match31_1752187289.txt,,2025-07-10T22:47:06.860298
5,Gen5_Match29_1752187289,Gen5_Deck29,Gen5_Deck0,Gen5_Deck0,0,1,59.82762622833252,1237317,Gen5_Match29_1752187289.txt,,2025-07-10T22:47:19.712432
5,Gen5_Match32_1752187289,Gen5_Deck32,Gen5_Deck0,Gen5_Deck0,0,1,45.660903453826904,1237315,Gen5_Match32_1752187289.txt,,2025-07-10T22:47:38.261883
5,Gen5_Match34_1752187289,Gen5_Deck0,Gen5_Deck34,Gen5_Deck34,0,1,32.42916464805603,1237317,Gen5_Match34_1752187289.txt,,2025-07-10T22:47:52.142056
5,Gen5_Match36_1752187289,Gen5_Deck3,Gen5_Deck1,Gen5_Deck1,0,1,41.022854804992676,1237317,Gen5_Match36_1752187289.txt,,2025-07-10T22:48:33.165407
5,Gen5_Match35_1752187289,Gen5_Deck1,Gen5_Deck2,Gen5_Deck2,0,1,70.75804162025452,1237315,Gen5_Match35_1752187289.txt,,2025-07-10T22:48:49.020535
5,Gen5_Match37_1752187289,Gen5_Deck4,Gen5_Deck1,Gen5_Deck1,0,1,28.566651821136475,1237317,Gen5_Match37_1752187289.txt,,2025-07-10T22:49:01.732573
5,Gen5_Match33_1752187289,Gen5_Deck33,Gen5_Deck0,Gen5_Deck33,1,0,132.10115957260132,1237316,Gen5_Match33_1752187289.txt,,2025-07-10T22:49:18.961985
5,Gen5_Match39_1752187289,Gen5_Deck1,Gen5_Deck6,Gen5_Deck1,1,0,30.78307271003723,1237317,Gen5_Match39_1752187289.txt,,2025-07-10T22:49:32.516101
5,Gen5_Match38_1752187289,Gen5_Deck1,Gen5_Deck5,Gen5_Deck5,0,1,45.1785683631897,1237315,Gen5_Match38_1752187289.txt,,2025-07-10T22:49:34.199674
5,Gen5_Match40_1752187289,Gen5_Deck7,Gen5_Deck1,Gen5_Deck1,0,1,20.11816430091858,1237316,Gen5_Match40_1752187289.txt,,2025-07-10T22:49:39.080569
5,Gen5_Match42_1752187289,Gen5_Deck1,Gen5_Deck9,Gen5_Deck9,0,1,24.162614107131958,1237315,Gen5_Match42_1752187289.txt,,2025-07-10T22:49:58.362787
5,Gen5_Match41_1752187289,Gen5_Deck1,Gen5_Deck8,Gen5_Deck1,1,0,28.364080905914307,1237317,Gen5_Match41_1752187289.txt,,2025-07-10T22:50:00.880605
5,Gen5_Match43_1752187289,Gen5_Deck10,Gen5_Deck1,Gen5_Deck1,0,1,32.361703872680664,1237316,Gen5_Match43_1752187289.txt,,2025-07-10T22:50:11.442706
5,Gen5_Match44_1752187289,Gen5_Deck11,Gen5_Deck1,Gen5_Deck1,0,1,39.3689661026001,1237315,Gen5_Match44_1752187289.txt,,2025-07-10T22:50:37.732316
5,Gen5_Match46_1752187289,Gen5_Deck1,Gen5_Deck13,Gen5_Deck1,1,0,58.13825488090515,1237316,Gen5_Match46_1752187289.txt,,2025-07-10T22:51:09.581649
5,Gen5_Match47_1752187289,Gen5_Deck14,Gen5_Deck1,Gen5_Deck1,0,1,43.78311729431152,1237315,Gen5_Match47_1752187289.txt,,2025-07-10T22:51:21.515920
5,Gen5_Match48_1752187289,Gen5_Deck1,Gen5_Deck15,Gen5_Deck1,1,0,17.370302438735962,1237316,Gen5_Match48_1752187289.txt,,2025-07-10T22:51:26.952381
5,Gen5_Match50_1752187289,Gen5_Deck17,Gen5_Deck1,Gen5_Deck1,0,1,20.224982738494873,1237316,Gen5_Match50_1752187289.txt,,2025-07-10T22:51:47.177829
5,Gen5_Match49_1752187289,Gen5_Deck1,Gen5_Deck16,Gen5_Deck1,1,0,26.83934783935547,1237315,Gen5_Match49_1752187289.txt,,2025-07-10T22:51:48.355738
5,Gen5_Match51_1752187289,Gen5_Deck18,Gen5_Deck1,Gen5_Deck1,0,1,20.129154682159424,1237316,Gen5_Match51_1752187289.txt,,2025-07-10T22:52:07.307443
5,Gen5_Match52_1752187289,Gen5_Deck1,Gen5_Deck19,Gen5_Deck1,1,0,23.972411632537842,1237315,Gen5_Match52_1752187289.txt,,2025-07-10T22:52:12.328618
5,Gen5_Match45_1752187289,Gen5_Deck1,Gen5_Deck12,Gen5_Deck1,1,0,135.09751725196838,1237317,Gen5_Match45_1752187289.txt,,2025-07-10T22:52:15.978635
5,Gen5_Match53_1752187289,Gen5_Deck1,Gen5_Deck20,Gen5_Deck1,1,0,44.83165454864502,1237316,Gen5_Match53_1752187289.txt,,2025-07-10T22:52:52.139603
5,Gen5_Match54_1752187289,Gen5_Deck21,Gen5_Deck1,Gen5_Deck1,0,1,61.30218458175659,1237315,Gen5_Match54_1752187289.txt,,2025-07-10T22:53:13.631306
5,Gen5_Match56_1752187289,Gen5_Deck1,Gen5_Deck23,Gen5_Deck1,1,0,37.87556481361389,1237316,Gen5_Match56_1752187289.txt,,2025-07-10T22:53:30.015756
5,Gen5_Match55_1752187289,Gen5_Deck1,Gen5_Deck22,Gen5_Deck1,1,0,124.77447056770325,1237317,Gen5_Match55_1752187289.txt,,2025-07-10T22:54:20.753881
5,Gen5_Match58_1752187289,Gen5_Deck25,Gen5_Deck1,Gen5_Deck1,0,1,62.50003266334534,1237316,Gen5_Match58_1752187289.txt,,2025-07-10T22:54:32.516301
5,Gen5_Match57_1752187289,Gen5_Deck24,Gen5_Deck1,Gen5_Deck1,0,1,81.49578619003296,1237315,Gen5_Match57_1752187289.txt,,2025-07-10T22:54:35.127642
5,Gen5_Match59_1752187289,Gen5_Deck1,Gen5_Deck26,Gen5_Deck1,1,0,20.997111320495605,1237317,Gen5_Match59_1752187289.txt,,2025-07-10T22:54:41.751513
5,Gen5_Match60_1752187289,Gen5_Deck27,Gen5_Deck1,Gen5_Deck1,0,1,25.59956407546997,1237316,Gen5_Match60_1752187289.txt,,2025-07-10T22:54:58.116308
5,Gen5_Match62_1752187289,Gen5_Deck1,Gen5_Deck29,Gen5_Deck1,1,0,26.50743269920349,1237317,Gen5_Match62_1752187289.txt,,2025-07-10T22:55:08.259455
5,Gen5_Match61_1752187289,Gen5_Deck28,Gen5_Deck1,Gen5_Deck1,0,1,36.21413230895996,1237315,Gen5_Match61_1752187289.txt,,2025-07-10T22:55:11.342296
5,Gen5_Match64_1752187289,Gen5_Deck31,Gen5_Deck1,Gen5_Deck1,0,1,24.001853704452515,1237317,Gen5_Match64_1752187289.txt,,2025-07-10T22:55:32.261805
5,Gen5_Match65_1752187289,Gen5_Deck32,Gen5_Deck1,Gen5_Deck1,0,1,26.801755666732788,1237315,Gen5_Match65_1752187289.txt,,2025-07-10T22:55:38.144501
5,Gen5_Match63_1752187289,Gen5_Deck1,Gen5_Deck30,Gen5_Deck1,1,0,70.41180419921875,1237316,Gen5_Match63_1752187289.txt,,2025-07-10T22:56:08.528644
5,Gen5_Match67_1752187289,Gen5_Deck34,Gen5_Deck1,Gen5_Deck34,1,0,34.647621393203735,1237315,Gen5_Match67_1752187289.txt,,2025-07-10T22:56:12.792611
5,Gen5_Match66_1752187289,Gen5_Deck1,Gen5_Deck33,Gen5_Deck33,0,1,57.706382036209106,1237317,Gen5_Match66_1752187289.txt,,2025-07-10T22:56:29.968733
5,Gen5_Match69_1752187289,Gen5_Deck2,Gen5_Deck4,Gen5_Deck4,0,1,21.721405744552612,1237315,Gen5_Match69_1752187289.txt,,2025-07-10T22:56:34.514431
5,Gen5_Match68_1752187289,Gen5_Deck2,Gen5_Deck3,Gen5_Deck3,0,1,26.69791555404663,1237316,Gen5_Match68_1752187289.txt,,2025-07-10T22:56:35.227064
5,Gen5_Match72_1752187289,Gen5_Deck2,Gen5_Deck7,Gen5_Deck2,1,0,21.717050552368164,1237316,Gen5_Match72_1752187289.txt,,2025-07-10T22:56:56.944615
5,Gen5_Match70_1752187289,Gen5_Deck5,Gen5_Deck2,Gen5_Deck2,0,1,29.268139839172363,1237317,Gen5_Match70_1752187289.txt,,2025-07-10T22:56:59.237361
5,Gen5_Match73_1752187289,Gen5_Deck8,Gen5_Deck2,Gen5_Deck2,0,1,25.613266706466675,1237316,Gen5_Match73_1752187289.txt,,2025-07-10T22:57:22.558387
5,Gen5_Match75_1752187289,Gen5_Deck2,Gen5_Deck10,Gen5_Deck10,0,1,20.908910989761353,1237316,Gen5_Match75_1752187289.txt,,2025-07-10T22:57:43.467838
5,Gen5_Match76_1752187289,Gen5_Deck2,Gen5_Deck11,Gen5_Deck2,1,0,19.269719123840332,1237316,Gen5_Match76_1752187289.txt,,2025-07-10T22:58:02.737988
5,Gen5_Match74_1752187289,Gen5_Deck9,Gen5_Deck2,Gen5_Deck2,0,1,94.52144289016724,1237317,Gen5_Match74_1752187289.txt,,2025-07-10T22:58:33.759359
5,Gen5_Match77_1752187289,Gen5_Deck12,Gen5_Deck2,Gen5_Deck2,0,1,37.185919523239136,1237316,Gen5_Match77_1752187289.txt,,2025-07-10T22:58:39.924374
5,Gen5_Match71_1752187289,Gen5_Deck2,Gen5_Deck6,Gen5_Deck2,1,0,132.70578265190125,1237315,Gen5_Match71_1752187289.txt,,2025-07-10T22:58:47.220785
5,Gen5_Match78_1752187289,Gen5_Deck2,Gen5_Deck13,Gen5_Deck2,1,0,23.704156398773193,1237317,Gen5_Match78_1752187289.txt,,2025-07-10T22:58:57.463926
5,Gen5_Match80_1752187289,Gen5_Deck15,Gen5_Deck2,Gen5_Deck2,0,1,25.72850275039673,1237315,Gen5_Match80_1752187289.txt,,2025-07-10T22:59:12.949871
5,Gen5_Match81_1752187289,Gen5_Deck16,Gen5_Deck2,Gen5_Deck2,0,1,31.512851238250732,1237317,Gen5_Match81_1752187289.txt,,2025-07-10T22:59:28.977235
5,Gen5_Match83_1752187289,Gen5_Deck2,Gen5_Deck18,Gen5_Deck18,0,1,20.26459312438965,1237317,Gen5_Match83_1752187289.txt,,2025-07-10T22:59:49.242326
5,Gen5_Match84_1752187289,Gen5_Deck19,Gen5_Deck2,Gen5_Deck2,0,1,17.690175533294678,1237317,Gen5_Match84_1752187289.txt,,2025-07-10T23:00:06.932964
5,Gen5_Match85_1752187289,Gen5_Deck2,Gen5_Deck20,Gen5_Deck2,1,0,24.013065338134766,1237317,Gen5_Match85_1752187289.txt,,2025-07-10T23:00:30.946513
5,Gen5_Match86_1752187289,Gen5_Deck2,Gen5_Deck21,Gen5_Deck2,1,0,17.82244563102722,1237317,Gen5_Match86_1752187289.txt,,2025-07-10T23:00:48.769442
5,Gen5_Match79_1752187289,Gen5_Deck2,Gen5_Deck14,Gen5_Deck2,1,0,132.0507733821869,1237316,Gen5_Match79_1752187289.txt,,2025-07-10T23:00:51.975635
5,Gen5_Match87_1752187289,Gen5_Deck22,Gen5_Deck2,Gen5_Deck2,0,1,27.336241960525513,1237317,Gen5_Match87_1752187289.txt,,2025-07-10T23:01:16.106206
5,Gen5_Match82_1752187289,Gen5_Deck2,Gen5_Deck17,Gen5_Deck2,1,0,131.34223628044128,1237315,Gen5_Match82_1752187289.txt,,2025-07-10T23:01:24.292733
5,Gen5_Match89_1752187289,Gen5_Deck2,Gen5_Deck24,Gen5_Deck2,1,0,33.829742431640625,1237317,Gen5_Match89_1752187289.txt,,2025-07-10T23:01:49.936462
5,Gen5_Match90_1752187289,Gen5_Deck25,Gen5_Deck2,Gen5_Deck2,0,1,31.647090673446655,1237315,Gen5_Match90_1752187289.txt,,2025-07-10T23:01:55.940326
5,Gen5_Match88_1752187289,Gen5_Deck23,Gen5_Deck2,Gen5_Deck2,0,1,74.17219638824463,1237316,Gen5_Match88_1752187289.txt,,2025-07-10T23:02:06.148386
5,Gen5_Match91_1752187289,Gen5_Deck26,Gen5_Deck2,Gen5_Deck2,0,1,43.78734278678894,1237317,Gen5_Match91_1752187289.txt,,2025-07-10T23:02:33.724292
5,Gen5_Match93_1752187289,Gen5_Deck2,Gen5_Deck28,Gen5_Deck2,1,0,27.788907289505005,1237316,Gen5_Match93_1752187289.txt,,2025-07-10T23:02:33.937749
5,Gen5_Match95_1752187289,Gen5_Deck30,Gen5_Deck2,Gen5_Deck2,0,1,33.663405418395996,1237316,Gen5_Match95_1752187289.txt,,2025-07-10T23:03:07.601680
5,Gen5_Match94_1752187289,Gen5_Deck29,Gen5_Deck2,Gen5_Deck2,0,1,54.34734630584717,1237317,Gen5_Match94_1752187289.txt,,2025-07-10T23:03:28.072463
5,Gen5_Match97_1752187289,Gen5_Deck32,Gen5_Deck2,Gen5_Deck2,0,1,26.38031315803528,1237317,Gen5_Match97_1752187289.txt,,2025-07-10T23:03:54.453316
5,Gen5_Match92_1752187289,Gen5_Deck2,Gen5_Deck27,Gen5_Deck2,1,0,131.28421425819397,1237315,Gen5_Match92_1752187289.txt,,2025-07-10T23:04:07.225209
5,Gen5_Match98_1752187289,Gen5_Deck33,Gen5_Deck2,Gen5_Deck2,0,1,27.786866664886475,1237317,Gen5_Match98_1752187289.txt,,2025-07-10T23:04:22.240670
5,Gen5_Match99_1752187289,Gen5_Deck2,Gen5_Deck34,Gen5_Deck34,0,1,20.85961103439331,1237315,Gen5_Match99_1752187289.txt,,2025-07-10T23:04:28.085251
5,Gen5_Match100_1752187289,Gen5_Deck4,Gen5_Deck3,Gen5_Deck4,1,0,20.93600296974182,1237317,Gen5_Match100_1752187289.txt,,2025-07-10T23:04:43.177094
5,Gen5_Match101_1752187289,Gen5_Deck3,Gen5_Deck5,Gen5_Deck5,0,1,38.976807594299316,1237315,Gen5_Match101_1752187289.txt,,2025-07-10T23:05:07.062605
5,Gen5_Match96_1752187289,Gen5_Deck2,Gen5_Deck31,Gen5_Deck2,1,0,130.68709087371826,1237316,Gen5_Match96_1752187289.txt,,2025-07-10T23:05:18.289368
5,Gen5_Match102_1752187289,Gen5_Deck6,Gen5_Deck3,Gen5_Deck3,0,1,39.22923946380615,1237317,Gen5_Match102_1752187289.txt,,2025-07-10T23:05:22.406780
5,Gen5_Match103_1752187289,Gen5_Deck3,Gen5_Deck7,Gen5_Deck3,1,0,23.436529636383057,1237315,Gen5_Match103_1752187289.txt,,2025-07-10T23:05:30.499695
5,Gen5_Match106_1752187289,Gen5_Deck10,Gen5_Deck3,Gen5_Deck10,1,0,22.783239603042603,1237315,Gen5_Match106_1752187289.txt,,2025-07-10T23:05:53.283436
5,Gen5_Match104_1752187289,Gen5_Deck8,Gen5_Deck3,Gen5_Deck3,0,1,45.43468880653381,1237316,Gen5_Match104_1752187289.txt,,2025-07-10T23:06:03.724625
5,Gen5_Match105_1752187289,Gen5_Deck3,Gen5_Deck9,Gen5_Deck9,0,1,45.20622229576111,1237317,Gen5_Match105_1752187289.txt,,2025-07-10T23:06:07.613491
5,Gen5_Match107_1752187289,Gen5_Deck11,Gen5_Deck3,Gen5_Deck11,1,0,23.301432371139526,1237315,Gen5_Match107_1752187289.txt,,2025-07-10T23:06:16.585338
5,Gen5_Match109_1752187289,Gen5_Deck3,Gen5_Deck13,Gen5_Deck3,1,0,22.854080200195312,1237317,Gen5_Match109_1752187289.txt,,2025-07-10T23:06:30.467972
5,Gen5_Match108_1752187289,Gen5_Deck12,Gen5_Deck3,Gen5_Deck12,1,0,36.119351387023926,1237316,Gen5_Match108_1752187289.txt,,2025-07-10T23:06:39.844512
5,Gen5_Match110_1752187289,Gen5_Deck14,Gen5_Deck3,Gen5_Deck14,1,0,28.530590772628784,1237315,Gen5_Match110_1752187289.txt,,2025-07-10T23:06:45.116396
5,Gen5_Match111_1752187289,Gen5_Deck15,Gen5_Deck3,Gen5_Deck3,0,1,26.02380347251892,1237317,Gen5_Match111_1752187289.txt,,2025-07-10T23:06:56.492180
5,Gen5_Match112_1752187289,Gen5_Deck3,Gen5_Deck16,Gen5_Deck3,1,0,40.95899724960327,1237316,Gen5_Match112_1752187289.txt,,2025-07-10T23:07:20.804032
5,Gen5_Match114_1752187289,Gen5_Deck18,Gen5_Deck3,Gen5_Deck3,0,1,26.602967500686646,1237317,Gen5_Match114_1752187289.txt,,2025-07-10T23:07:23.095617
5,Gen5_Match113_1752187289,Gen5_Deck3,Gen5_Deck17,Gen5_Deck17,0,1,58.738956451416016,1237315,Gen5_Match113_1752187289.txt,,2025-07-10T23:07:43.855897
5,Gen5_Match115_1752187289,Gen5_Deck3,Gen5_Deck19,Gen5_Deck3,1,0,24.298868417739868,1237316,Gen5_Match115_1752187289.txt,,2025-07-10T23:07:45.103353
5,Gen5_Match116_1752187289,Gen5_Deck3,Gen5_Deck20,Gen5_Deck3,1,0,26.88425588607788,1237317,Gen5_Match116_1752187289.txt,,2025-07-10T23:07:49.980300
5,Gen5_Match117_1752187289,Gen5_Deck21,Gen5_Deck3,Gen5_Deck21,1,0,25.247244834899902,1237315,Gen5_Match117_1752187289.txt,,2025-07-10T23:08:09.103712
5,Gen5_Match118_1752187289,Gen5_Deck3,Gen5_Deck22,Gen5_Deck22,0,1,31.73012948036194,1237316,Gen5_Match118_1752187289.txt,,2025-07-10T23:08:16.833983
5,Gen5_Match120_1752187289,Gen5_Deck3,Gen5_Deck24,Gen5_Deck24,0,1,29.850187301635742,1237315,Gen5_Match120_1752187289.txt,,2025-07-10T23:08:38.954413
5,Gen5_Match121_1752187289,Gen5_Deck25,Gen5_Deck3,Gen5_Deck25,1,0,25.902272701263428,1237316,Gen5_Match121_1752187289.txt,,2025-07-10T23:08:42.736829
5,Gen5_Match119_1752187289,Gen5_Deck3,Gen5_Deck23,Gen5_Deck23,0,1,61.9814670085907,1237317,Gen5_Match119_1752187289.txt,,2025-07-10T23:08:51.962233
5,Gen5_Match124_1752187289,Gen5_Deck3,Gen5_Deck28,Gen5_Deck3,1,0,35.60595369338989,1237317,Gen5_Match124_1752187289.txt,,2025-07-10T23:09:27.568678
5,Gen5_Match122_1752187289,Gen5_Deck3,Gen5_Deck26,Gen5_Deck26,0,1,60.51186966896057,1237315,Gen5_Match122_1752187289.txt,,2025-07-10T23:09:39.466975
5,Gen5_Match123_1752187289,Gen5_Deck27,Gen5_Deck3,Gen5_Deck3,0,1,58.66712188720703,1237316,Gen5_Match123_1752187289.txt,,2025-07-10T23:09:41.404675
5,Gen5_Match125_1752187289,Gen5_Deck29,Gen5_Deck3,Gen5_Deck29,1,0,20.30793285369873,1237317,Gen5_Match125_1752187289.txt,,2025-07-10T23:09:47.877078
5,Gen5_Match127_1752187289,Gen5_Deck31,Gen5_Deck3,Gen5_Deck31,1,0,23.57088303565979,1237316,Gen5_Match127_1752187289.txt,,2025-07-10T23:10:04.976019
5,Gen5_Match126_1752187289,Gen5_Deck3,Gen5_Deck30,Gen5_Deck3,1,0,27.60379719734192,1237315,Gen5_Match126_1752187289.txt,,2025-07-10T23:10:07.071350
5,Gen5_Match130_1752187289,Gen5_Deck3,Gen5_Deck34,Gen5_Deck3,1,0,25.70680332183838,1237315,Gen5_Match130_1752187289.txt,,2025-07-10T23:10:32.778632
5,Gen5_Match128_1752187289,Gen5_Deck32,Gen5_Deck3,Gen5_Deck3,0,1,54.50782370567322,1237317,Gen5_Match128_1752187289.txt,,2025-07-10T23:10:42.385592
5,Gen5_Match129_1752187289,Gen5_Deck33,Gen5_Deck3,Gen5_Deck33,1,0,40.34012484550476,1237316,Gen5_Match129_1752187289.txt,,2025-07-10T23:10:45.316662
5,Gen5_Match133_1752187289,Gen5_Deck4,Gen5_Deck7,Gen5_Deck4,1,0,25.038014888763428,1237316,Gen5_Match133_1752187289.txt,,2025-07-10T23:11:10.355134
5,Gen5_Match132_1752187289,Gen5_Deck4,Gen5_Deck6,Gen5_Deck4,1,0,49.13117003440857,1237317,Gen5_Match132_1752187289.txt,,2025-07-10T23:11:31.517382
5,Gen5_Match135_1752187289,Gen5_Deck9,Gen5_Deck4,Gen5_Deck9,1,0,31.44065570831299,1237317,Gen5_Match135_1752187289.txt,,2025-07-10T23:12:02.958558
5,Gen5_Match136_1752187289,Gen5_Deck4,Gen5_Deck10,Gen5_Deck10,0,1,19.65378427505493,1237317,Gen5_Match136_1752187289.txt,,2025-07-10T23:12:22.612806
5,Gen5_Match134_1752187289,Gen5_Deck8,Gen5_Deck4,Gen5_Deck8,1,0,78.8510251045227,1237316,Gen5_Match134_1752187289.txt,,2025-07-10T23:12:29.206857
5,Gen5_Match131_1752187289,Gen5_Deck5,Gen5_Deck4,Gen5_Deck5,1,0,131.02674651145935,1237315,Gen5_Match131_1752187289.txt,,2025-07-10T23:12:43.805989
5,Gen5_Match138_1752187289,Gen5_Deck12,Gen5_Deck4,Gen5_Deck12,1,0,23.024928092956543,1237316,Gen5_Match138_1752187289.txt,,2025-07-10T23:12:52.232326
5,Gen5_Match139_1752187289,Gen5_Deck4,Gen5_Deck13,Gen5_Deck4,1,0,23.573982000350952,1237315,Gen5_Match139_1752187289.txt,,2025-07-10T23:13:07.380474
5,Gen5_Match141_1752187289,Gen5_Deck15,Gen5_Deck4,Gen5_Deck4,0,1,22.931596994400024,1237315,Gen5_Match141_1752187289.txt,,2025-07-10T23:13:30.312602
5,Gen5_Match140_1752187289,Gen5_Deck4,Gen5_Deck14,Gen5_Deck4,1,0,41.930442810058594,1237316,Gen5_Match140_1752187289.txt,,2025-07-10T23:13:34.163262
5,Gen5_Match142_1752187289,Gen5_Deck16,Gen5_Deck4,Gen5_Deck4,0,1,26.407413959503174,1237315,Gen5_Match142_1752187289.txt,,2025-07-10T23:13:56.720539
5,Gen5_Match143_1752187289,Gen5_Deck4,Gen5_Deck17,Gen5_Deck17,0,1,26.73253059387207,1237316,Gen5_Match143_1752187289.txt,,2025-07-10T23:14:00.896311
5,Gen5_Match145_1752187289,Gen5_Deck19,Gen5_Deck4,Gen5_Deck19,1,0,24.673493146896362,1237316,Gen5_Match145_1752187289.txt,,2025-07-10T23:14:25.570264
5,Gen5_Match137_1752187289,Gen5_Deck11,Gen5_Deck4,Gen5_Deck11,1,0,129.57116079330444,1237317,Gen5_Match137_1752187289.txt,,2025-07-10T23:14:32.184506
5,Gen5_Match144_1752187289,Gen5_Deck18,Gen5_Deck4,Gen5_Deck18,1,0,131.92722177505493,1237315,Gen5_Match144_1752187289.txt,,2025-07-10T23:16:08.648357
5,Gen5_Match146_1752187289,Gen5_Deck4,Gen5_Deck20,Gen5_Deck4,1,0,125.6002447605133,1237316,Gen5_Match146_1752187289.txt,,2025-07-10T23:16:31.171101
5,Gen5_Match148_1752187289,Gen5_Deck22,Gen5_Deck4,Gen5_Deck22,1,0,33.22338366508484,1237315,Gen5_Match148_1752187289.txt,,2025-07-10T23:16:41.872426
5,Gen5_Match147_1752187289,Gen5_Deck4,Gen5_Deck21,Gen5_Deck4,1,0,131.75962567329407,1237317,Gen5_Match147_1752187289.txt,,2025-07-10T23:16:43.952096
5,Gen5_Match150_1752187289,Gen5_Deck4,Gen5_Deck24,Gen5_Deck24,0,1,38.123573303222656,1237315,Gen5_Match150_1752187289.txt,,2025-07-10T23:17:19.996591
5,Gen5_Match151_1752187289,Gen5_Deck25,Gen5_Deck4,Gen5_Deck4,0,1,43.34384346008301,1237317,Gen5_Match151_1752187289.txt,,2025-07-10T23:17:27.296506
5,Gen5_Match152_1752187289,Gen5_Deck26,Gen5_Deck4,Gen5_Deck26,1,0,21.0474054813385,1237315,Gen5_Match152_1752187289.txt,,2025-07-10T23:17:41.044471
5,Gen5_Match153_1752187289,Gen5_Deck4,Gen5_Deck27,Gen5_Deck4,1,0,34.32629895210266,1237317,Gen5_Match153_1752187289.txt,,2025-07-10T23:18:01.623335
5,Gen5_Match155_1752187289,Gen5_Deck29,Gen5_Deck4,Gen5_Deck4,0,1,18.153746604919434,1237317,Gen5_Match155_1752187289.txt,,2025-07-10T23:18:19.777561
5,Gen5_Match149_1752187289,Gen5_Deck4,Gen5_Deck23,Gen5_Deck23,0,1,118.3143379688263,1237316,Gen5_Match149_1752187289.txt,,2025-07-10T23:18:29.486070
5,Gen5_Match154_1752187289,Gen5_Deck4,Gen5_Deck28,Gen5_Deck4,1,0,73.95801019668579,1237315,Gen5_Match154_1752187289.txt,,2025-07-10T23:18:55.003081
5,Gen5_Match157_1752187289,Gen5_Deck4,Gen5_Deck31,Gen5_Deck4,1,0,31.520282745361328,1237316,Gen5_Match157_1752187289.txt,,2025-07-10T23:19:01.006907
5,Gen5_Match158_1752187289,Gen5_Deck32,Gen5_Deck4,Gen5_Deck4,0,1,30.285127878189087,1237315,Gen5_Match158_1752187289.txt,,2025-07-10T23:19:25.288748
5,Gen5_Match159_1752187289,Gen5_Deck33,Gen5_Deck4,Gen5_Deck33,1,0,35.3725049495697,1237316,Gen5_Match159_1752187289.txt,,2025-07-10T23:19:36.379933
5,Gen5_Match160_1752187289,Gen5_Deck4,Gen5_Deck34,Gen5_Deck4,1,0,19.834404706954956,1237315,Gen5_Match160_1752187289.txt,,2025-07-10T23:19:45.123633
5,Gen5_Match161_1752187289,Gen5_Deck6,Gen5_Deck5,Gen5_Deck5,0,1,20.521396160125732,1237316,Gen5_Match161_1752187289.txt,,2025-07-10T23:19:56.901834
5,Gen5_Match162_1752187289,Gen5_Deck5,Gen5_Deck7,Gen5_Deck5,1,0,22.60961389541626,1237315,Gen5_Match162_1752187289.txt,,2025-07-10T23:20:07.733732
5,Gen5_Match156_1752187289,Gen5_Deck4,Gen5_Deck30,Gen5_Deck4,1,0,129.06796264648438,1237317,Gen5_Match156_1752187289.txt,,2025-07-10T23:20:28.846035
5,Gen5_Match163_1752187289,Gen5_Deck8,Gen5_Deck5,Gen5_Deck8,1,0,35.68935012817383,1237316,Gen5_Match163_1752187289.txt,,2025-07-10T23:20:32.591748
5,Gen5_Match164_1752187289,Gen5_Deck9,Gen5_Deck5,Gen5_Deck5,0,1,30.35120463371277,1237315,Gen5_Match164_1752187289.txt,,2025-07-10T23:20:38.085445
5,Gen5_Match165_1752187289,Gen5_Deck5,Gen5_Deck10,Gen5_Deck10,0,1,40.38113617897034,1237317,Gen5_Match165_1752187289.txt,,2025-07-10T23:21:09.227666
5,Gen5_Match168_1752187289,Gen5_Deck13,Gen5_Deck5,Gen5_Deck5,0,1,22.8044912815094,1237317,Gen5_Match168_1752187289.txt,,2025-07-10T23:21:32.032669
5,Gen5_Match167_1752187289,Gen5_Deck12,Gen5_Deck5,Gen5_Deck5,0,1,66.04269433021545,1237315,Gen5_Match167_1752187289.txt,,2025-07-10T23:21:44.128700
5,Gen5_Match166_1752187289,Gen5_Deck5,Gen5_Deck11,Gen5_Deck11,0,1,75.10348081588745,1237316,Gen5_Match166_1752187289.txt,,2025-07-10T23:21:47.695842
5,Gen5_Match170_1752187289,Gen5_Deck15,Gen5_Deck5,Gen5_Deck5,0,1,23.792789936065674,1237315,Gen5_Match170_1752187289.txt,,2025-07-10T23:22:07.921972
5,Gen5_Match169_1752187289,Gen5_Deck5,Gen5_Deck14,Gen5_Deck5,1,0,36.36729073524475,1237317,Gen5_Match169_1752187289.txt,,2025-07-10T23:22:08.400473
5,Gen5_Match172_1752187289,Gen5_Deck5,Gen5_Deck17,Gen5_Deck5,1,0,24.117023944854736,1237315,Gen5_Match172_1752187289.txt,,2025-07-10T23:22:32.039494
5,Gen5_Match173_1752187289,Gen5_Deck5,Gen5_Deck18,Gen5_Deck18,0,1,30.487582683563232,1237317,Gen5_Match173_1752187289.txt,,2025-07-10T23:22:38.888528
5,Gen5_Match171_1752187289,Gen5_Deck16,Gen5_Deck5,Gen5_Deck16,1,0,66.0403733253479,1237316,Gen5_Match171_1752187289.txt,,2025-07-10T23:22:53.736807
5,Gen5_Match174_1752187289,Gen5_Deck19,Gen5_Deck5,Gen5_Deck5,0,1,25.97967505455017,1237315,Gen5_Match174_1752187289.txt,,2025-07-10T23:22:58.019643
5,Gen5_Match175_1752187289,Gen5_Deck5,Gen5_Deck20,Gen5_Deck5,1,0,34.40684413909912,1237317,Gen5_Match175_1752187289.txt,,2025-07-10T23:23:13.295871
5,Gen5_Match176_1752187289,Gen5_Deck5,Gen5_Deck21,Gen5_Deck5,1,0,23.682272911071777,1237316,Gen5_Match176_1752187289.txt,,2025-07-10T23:23:17.419566
5,Gen5_Match177_1752187289,Gen5_Deck22,Gen5_Deck5,Gen5_Deck22,1,0,26.796326398849487,1237315,Gen5_Match177_1752187289.txt,,2025-07-10T23:23:24.816426
5,Gen5_Match178_1752187289,Gen5_Deck23,Gen5_Deck5,Gen5_Deck5,0,1,30.11042356491089,1237317,Gen5_Match178_1752187289.txt,,2025-07-10T23:23:43.406780
5,Gen5_Match179_1752187289,Gen5_Deck5,Gen5_Deck24,Gen5_Deck5,1,0,28.848539113998413,1237316,Gen5_Match179_1752187289.txt,,2025-07-10T23:23:46.268622
5,Gen5_Match181_1752187289,Gen5_Deck26,Gen5_Deck5,Gen5_Deck5,0,1,27.28431797027588,1237317,Gen5_Match181_1752187289.txt,,2025-07-10T23:24:10.691680
5,Gen5_Match180_1752187289,Gen5_Deck5,Gen5_Deck25,Gen5_Deck5,1,0,46.454259157180786,1237315,Gen5_Match180_1752187289.txt,,2025-07-10T23:24:11.271206
5,Gen5_Match182_1752187289,Gen5_Deck5,Gen5_Deck27,Gen5_Deck5,1,0,36.04232144355774,1237316,Gen5_Match182_1752187289.txt,,2025-07-10T23:24:22.311441
5,Gen5_Match183_1752187289,Gen5_Deck5,Gen5_Deck28,Gen5_Deck28,0,1,27.101898193359375,1237317,Gen5_Match183_1752187289.txt,,2025-07-10T23:24:37.794049
5,Gen5_Match184_1752187289,Gen5_Deck29,Gen5_Deck5,Gen5_Deck29,1,0,32.050819873809814,1237315,Gen5_Match184_1752187289.txt,,2025-07-10T23:24:43.322545
5,Gen5_Match185_1752187289,Gen5_Deck30,Gen5_Deck5,Gen5_Deck30,1,0,27.782008171081543,1237316,Gen5_Match185_1752187289.txt,,2025-07-10T23:24:50.093906
5,Gen5_Match186_1752187289,Gen5_Deck5,Gen5_Deck31,Gen5_Deck5,1,0,30.3529314994812,1237317,Gen5_Match186_1752187289.txt,,2025-07-10T23:25:08.147451
5,Gen5_Match187_1752187289,Gen5_Deck5,Gen5_Deck32,Gen5_Deck5,1,0,28.57635474205017,1237315,Gen5_Match187_1752187289.txt,,2025-07-10T23:25:11.899422
5,Gen5_Match189_1752187289,Gen5_Deck5,Gen5_Deck34,Gen5_Deck5,1,0,22.17973494529724,1237317,Gen5_Match189_1752187289.txt,,2025-07-10T23:25:30.327668
5,Gen5_Match188_1752187289,Gen5_Deck33,Gen5_Deck5,Gen5_Deck5,0,1,40.60294222831726,1237316,Gen5_Match188_1752187289.txt,,2025-07-10T23:25:30.697353
5,Gen5_Match190_1752187289,Gen5_Deck7,Gen5_Deck6,Gen5_Deck6,0,1,28.220443964004517,1237315,Gen5_Match190_1752187289.txt,,2025-07-10T23:25:40.120349
5,Gen5_Match192_1752187289,Gen5_Deck6,Gen5_Deck9,Gen5_Deck6,1,0,33.592997789382935,1237316,Gen5_Match192_1752187289.txt,,2025-07-10T23:26:04.290859
5,Gen5_Match193_1752187289,Gen5_Deck10,Gen5_Deck6,Gen5_Deck10,1,0,29.315556049346924,1237315,Gen5_Match193_1752187289.txt,,2025-07-10T23:26:09.436398
5,Gen5_Match191_1752187289,Gen5_Deck6,Gen5_Deck8,Gen5_Deck8,0,1,42.55559492111206,1237317,Gen5_Match191_1752187289.txt,,2025-07-10T23:26:12.883870
5,Gen5_Match196_1752187289,Gen5_Deck6,Gen5_Deck13,Gen5_Deck6,1,0,24.121008157730103,1237317,Gen5_Match196_1752187289.txt,,2025-07-10T23:26:37.005372
5,Gen5_Match195_1752187289,Gen5_Deck6,Gen5_Deck12,Gen5_Deck6,1,0,27.708651542663574,1237315,Gen5_Match195_1752187289.txt,,2025-07-10T23:26:37.145543
5,Gen5_Match194_1752187289,Gen5_Deck11,Gen5_Deck6,Gen5_Deck6,0,1,38.939581632614136,1237316,Gen5_Match194_1752187289.txt,,2025-07-10T23:26:43.230917
5,Gen5_Match197_1752187289,Gen5_Deck14,Gen5_Deck6,Gen5_Deck14,1,0,23.257550477981567,1237317,Gen5_Match197_1752187289.txt,,2025-07-10T23:27:00.263415
5,Gen5_Match198_1752187289,Gen5_Deck6,Gen5_Deck15,Gen5_Deck6,1,0,31.669468641281128,1237315,Gen5_Match198_1752187289.txt,,2025-07-10T23:27:08.815519
5,Gen5_Match199_1752187289,Gen5_Deck6,Gen5_Deck16,Gen5_Deck6,1,0,49.98521113395691,1237316,Gen5_Match199_1752187289.txt,,2025-07-10T23:27:33.216585
5,Gen5_Match200_1752187289,Gen5_Deck17,Gen5_Deck6,Gen5_Deck17,1,0,35.35582613945007,1237317,Gen5_Match200_1752187289.txt,,2025-07-10T23:27:35.619775
5,Gen5_Match201_1752187289,Gen5_Deck18,Gen5_Deck6,Gen5_Deck18,1,0,30.44838237762451,1237315,Gen5_Match201_1752187289.txt,,2025-07-10T23:27:39.264421
5,Gen5_Match203_1752187289,Gen5_Deck6,Gen5_Deck20,Gen5_Deck20,0,1,26.309518575668335,1237317,Gen5_Match203_1752187289.txt,,2025-07-10T23:28:01.929792
5,Gen5_Match204_1752187289,Gen5_Deck21,Gen5_Deck6,Gen5_Deck6,0,1,32.767658948898315,1237315,Gen5_Match204_1752187289.txt,,2025-07-10T23:28:12.032553
5,Gen5_Match202_1752187289,Gen5_Deck6,Gen5_Deck19,Gen5_Deck19,0,1,45.627349615097046,1237316,Gen5_Match202_1752187289.txt,,2025-07-10T23:28:18.844398
5,Gen5_Match205_1752187289,Gen5_Deck6,Gen5_Deck22,Gen5_Deck6,1,0,29.248786449432373,1237317,Gen5_Match205_1752187289.txt,,2025-07-10T23:28:31.179111
5,Gen5_Match207_1752187289,Gen5_Deck24,Gen5_Deck6,Gen5_Deck24,1,0,24.8055260181427,1237316,Gen5_Match207_1752187289.txt,,2025-07-10T23:28:43.650503
5,Gen5_Match206_1752187289,Gen5_Deck6,Gen5_Deck23,Gen5_Deck23,0,1,38.33327913284302,1237315,Gen5_Match206_1752187289.txt,,2025-07-10T23:28:50.366370
5,Gen5_Match208_1752187289,Gen5_Deck25,Gen5_Deck6,Gen5_Deck6,0,1,30.840686559677124,1237317,Gen5_Match208_1752187289.txt,,2025-07-10T23:29:02.020293
5,Gen5_Match209_1752187289,Gen5_Deck6,Gen5_Deck26,Gen5_Deck6,1,0,39.67355227470398,1237316,Gen5_Match209_1752187289.txt,,2025-07-10T23:29:23.324583
5,Gen5_Match211_1752187289,Gen5_Deck28,Gen5_Deck6,Gen5_Deck28,1,0,21.77338194847107,1237317,Gen5_Match211_1752187289.txt,,2025-07-10T23:29:23.794113
5,Gen5_Match212_1752187289,Gen5_Deck6,Gen5_Deck29,Gen5_Deck29,0,1,27.1716046333313,1237316,Gen5_Match212_1752187289.txt,,2025-07-10T23:29:50.496622
5,Gen5_Match210_1752187289,Gen5_Deck27,Gen5_Deck6,Gen5_Deck6,0,1,64.46185731887817,1237315,Gen5_Match210_1752187289.txt,,2025-07-10T23:29:54.828919
5,Gen5_Match213_1752187289,Gen5_Deck6,Gen5_Deck30,Gen5_Deck30,0,1,31.488308429718018,1237317,Gen5_Match213_1752187289.txt,,2025-07-10T23:29:55.282904
5,Gen5_Match216_1752187289,Gen5_Deck6,Gen5_Deck33,Gen5_Deck6,1,0,28.38887619972229,1237317,Gen5_Match216_1752187289.txt,,2025-07-10T23:30:23.672204
5,Gen5_Match214_1752187289,Gen5_Deck31,Gen5_Deck6,Gen5_Deck31,1,0,43.29529571533203,1237316,Gen5_Match214_1752187289.txt,,2025-07-10T23:30:33.792433
5,Gen5_Match215_1752187289,Gen5_Deck32,Gen5_Deck6,Gen5_Deck6,0,1,46.46316909790039,1237315,Gen5_Match215_1752187289.txt,,2025-07-10T23:30:41.292596
5,Gen5_Match217_1752187289,Gen5_Deck34,Gen5_Deck6,Gen5_Deck34,1,0,27.20522451400757,1237317,Gen5_Match217_1752187289.txt,,2025-07-10T23:30:50.877861
5,Gen5_Match219_1752187289,Gen5_Deck9,Gen5_Deck7,Gen5_Deck9,1,0,28.442219495773315,1237315,Gen5_Match219_1752187289.txt,,2025-07-10T23:31:09.735258
5,Gen5_Match220_1752187289,Gen5_Deck7,Gen5_Deck10,Gen5_Deck10,0,1,27.0256609916687,1237317,Gen5_Match220_1752187289.txt,,2025-07-10T23:31:17.903955
5,Gen5_Match218_1752187289,Gen5_Deck8,Gen5_Deck7,Gen5_Deck8,1,0,50.27944850921631,1237316,Gen5_Match218_1752187289.txt,,2025-07-10T23:31:24.072433
5,Gen5_Match221_1752187289,Gen5_Deck7,Gen5_Deck11,Gen5_Deck11,0,1,25.714619159698486,1237315,Gen5_Match221_1752187289.txt,,2025-07-10T23:31:35.450358
5,Gen5_Match222_1752187289,Gen5_Deck12,Gen5_Deck7,Gen5_Deck12,1,0,20.215742826461792,1237317,Gen5_Match222_1752187289.txt,,2025-07-10T23:31:38.120134
5,Gen5_Match223_1752187289,Gen5_Deck7,Gen5_Deck13,Gen5_Deck13,0,1,27.506643533706665,1237316,Gen5_Match223_1752187289.txt,,2025-07-10T23:31:51.579526
5,Gen5_Match225_1752187289,Gen5_Deck15,Gen5_Deck7,Gen5_Deck7,0,1,23.574713468551636,1237317,Gen5_Match225_1752187289.txt,,2025-07-10T23:32:01.695454
5,Gen5_Match224_1752187289,Gen5_Deck7,Gen5_Deck14,Gen5_Deck14,0,1,27.99429750442505,1237315,Gen5_Match224_1752187289.txt,,2025-07-10T23:32:03.445121
5,Gen5_Match226_1752187289,Gen5_Deck16,Gen5_Deck7,Gen5_Deck16,1,0,29.79792594909668,1237316,Gen5_Match226_1752187289.txt,,2025-07-10T23:32:21.377910
5,Gen5_Match228_1752187289,Gen5_Deck18,Gen5_Deck7,Gen5_Deck18,1,0,24.819686889648438,1237315,Gen5_Match228_1752187289.txt,,2025-07-10T23:32:28.265241
5,Gen5_Match227_1752187289,Gen5_Deck7,Gen5_Deck17,Gen5_Deck17,0,1,32.34890174865723,1237317,Gen5_Match227_1752187289.txt,,2025-07-10T23:32:34.044912
5,Gen5_Match231_1752187289,Gen5_Deck7,Gen5_Deck21,Gen5_Deck21,0,1,30.892936944961548,1237317,Gen5_Match231_1752187289.txt,,2025-07-10T23:33:04.938383
5,Gen5_Match230_1752187289,Gen5_Deck7,Gen5_Deck20,Gen5_Deck20,0,1,39.71648144721985,1237315,Gen5_Match230_1752187289.txt,,2025-07-10T23:33:07.982276
5,Gen5_Match229_1752187289,Gen5_Deck19,Gen5_Deck7,Gen5_Deck19,1,0,54.86347150802612,1237316,Gen5_Match229_1752187289.txt,,2025-07-10T23:33:16.241962
5,Gen5_Match232_1752187289,Gen5_Deck22,Gen5_Deck7,Gen5_Deck22,1,0,23.545954704284668,1237317,Gen5_Match232_1752187289.txt,,2025-07-10T23:33:28.484818
5,Gen5_Match233_1752187289,Gen5_Deck23,Gen5_Deck7,Gen5_Deck23,1,0,25.022688627243042,1237315,Gen5_Match233_1752187289.txt,,2025-07-10T23:33:33.005446
5,Gen5_Match234_1752187289,Gen5_Deck7,Gen5_Deck24,Gen5_Deck24,0,1,32.24996209144592,1237316,Gen5_Match234_1752187289.txt,,2025-07-10T23:33:48.492465
5,Gen5_Match235_1752187289,Gen5_Deck25,Gen5_Deck7,Gen5_Deck25,1,0,23.90497612953186,1237317,Gen5_Match235_1752187289.txt,,2025-07-10T23:33:52.390257
5,Gen5_Match236_1752187289,Gen5_Deck26,Gen5_Deck7,Gen5_Deck26,1,0,29.254997491836548,1237315,Gen5_Match236_1752187289.txt,,2025-07-10T23:34:02.260897
5,Gen5_Match237_1752187289,Gen5_Deck7,Gen5_Deck27,Gen5_Deck27,0,1,29.25145649909973,1237316,Gen5_Match237_1752187289.txt,,2025-07-10T23:34:17.744408
5,Gen5_Match238_1752187289,Gen5_Deck7,Gen5_Deck28,Gen5_Deck7,1,0,27.120204210281372,1237317,Gen5_Match238_1752187289.txt,,2025-07-10T23:34:19.510998
5,Gen5_Match239_1752187289,Gen5_Deck29,Gen5_Deck7,Gen5_Deck29,1,0,35.740418434143066,1237315,Gen5_Match239_1752187289.txt,,2025-07-10T23:34:38.001765
5,Gen5_Match241_1752187289,Gen5_Deck7,Gen5_Deck31,Gen5_Deck7,1,0,24.880900382995605,1237317,Gen5_Match241_1752187289.txt,,2025-07-10T23:34:44.392415
5,Gen5_Match240_1752187289,Gen5_Deck30,Gen5_Deck7,Gen5_Deck30,1,0,33.61937665939331,1237316,Gen5_Match240_1752187289.txt,,2025-07-10T23:34:51.364282
5,Gen5_Match242_1752187289,Gen5_Deck32,Gen5_Deck7,Gen5_Deck32,1,0,30.688242197036743,1237315,Gen5_Match242_1752187289.txt,,2025-07-10T23:35:08.690481
5,Gen5_Match244_1752187289,Gen5_Deck7,Gen5_Deck34,Gen5_Deck34,0,1,25.873965740203857,1237316,Gen5_Match244_1752187289.txt,,2025-07-10T23:35:17.238666
5,Gen5_Match243_1752187289,Gen5_Deck33,Gen5_Deck7,Gen5_Deck33,1,0,37.413822650909424,1237317,Gen5_Match243_1752187289.txt,,2025-07-10T23:35:21.806761
5,Gen5_Match247_1752187289,Gen5_Deck11,Gen5_Deck8,Gen5_Deck11,1,0,23.333996295928955,1237317,Gen5_Match247_1752187289.txt,,2025-07-10T23:35:45.141342
5,Gen5_Match246_1752187289,Gen5_Deck10,Gen5_Deck8,Gen5_Deck10,1,0,30.74929642677307,1237316,Gen5_Match246_1752187289.txt,,2025-07-10T23:35:47.988435
5,Gen5_Match248_1752187289,Gen5_Deck8,Gen5_Deck12,Gen5_Deck12,0,1,22.933802604675293,1237317,Gen5_Match248_1752187289.txt,,2025-07-10T23:36:08.075635
5,Gen5_Match249_1752187289,Gen5_Deck8,Gen5_Deck13,Gen5_Deck8,1,0,25.371561288833618,1237316,Gen5_Match249_1752187289.txt,,2025-07-10T23:36:13.360495
5,Gen5_Match245_1752187289,Gen5_Deck8,Gen5_Deck9,Gen5_Deck9,0,1,67.1615240573883,1237315,Gen5_Match245_1752187289.txt,,2025-07-10T23:36:15.852490
5,Gen5_Match251_1752187289,Gen5_Deck8,Gen5_Deck15,Gen5_Deck8,1,0,35.742878913879395,1237316,Gen5_Match251_1752187289.txt,,2025-07-10T23:36:49.103906
5,Gen5_Match250_1752187289,Gen5_Deck14,Gen5_Deck8,Gen5_Deck8,0,1,45.59327530860901,1237317,Gen5_Match250_1752187289.txt,,2025-07-10T23:36:53.669488
5,Gen5_Match252_1752187289,Gen5_Deck8,Gen5_Deck16,Gen5_Deck8,1,0,49.05952763557434,1237315,Gen5_Match252_1752187289.txt,,2025-07-10T23:37:04.912537
5,Gen5_Match253_1752187289,Gen5_Deck17,Gen5_Deck8,Gen5_Deck17,1,0,22.32429313659668,1237316,Gen5_Match253_1752187289.txt,,2025-07-10T23:37:11.428656
5,Gen5_Match254_1752187289,Gen5_Deck18,Gen5_Deck8,Gen5_Deck18,1,0,27.35458207130432,1237317,Gen5_Match254_1752187289.txt,,2025-07-10T23:37:21.024562
5,Gen5_Match255_1752187289,Gen5_Deck8,Gen5_Deck19,Gen5_Deck8,1,0,29.099274158477783,1237315,Gen5_Match255_1752187289.txt,,2025-07-10T23:37:34.012274
5,Gen5_Match258_1752187289,Gen5_Deck8,Gen5_Deck22,Gen5_Deck8,1,0,27.213499546051025,1237315,Gen5_Match258_1752187289.txt,,2025-07-10T23:38:01.226274
5,Gen5_Match256_1752187289,Gen5_Deck20,Gen5_Deck8,Gen5_Deck8,0,1,55.42742466926575,1237316,Gen5_Match256_1752187289.txt,,2025-07-10T23:38:06.856618
5,Gen5_Match257_1752187289,Gen5_Deck21,Gen5_Deck8,Gen5_Deck21,1,0,63.555519104003906,1237317,Gen5_Match257_1752187289.txt,,2025-07-10T23:38:24.580644
5,Gen5_Match259_1752187289,Gen5_Deck8,Gen5_Deck23,Gen5_Deck8,1,0,35.05288338661194,1237315,Gen5_Match259_1752187289.txt,,2025-07-10T23:38:36.279688
5,Gen5_Match261_1752187289,Gen5_Deck25,Gen5_Deck8,Gen5_Deck25,1,0,23.919349670410156,1237317,Gen5_Match261_1752187289.txt,,2025-07-10T23:38:48.500503
5,Gen5_Match263_1752187289,Gen5_Deck27,Gen5_Deck8,Gen5_Deck27,1,0,21.879921674728394,1237317,Gen5_Match263_1752187289.txt,,2025-07-10T23:39:10.380981
5,Gen5_Match262_1752187289,Gen5_Deck8,Gen5_Deck26,Gen5_Deck8,1,0,43.208295583724976,1237315,Gen5_Match262_1752187289.txt,,2025-07-10T23:39:19.488570
5,Gen5_Match265_1752187289,Gen5_Deck29,Gen5_Deck8,Gen5_Deck8,0,1,30.851628065109253,1237315,Gen5_Match265_1752187289.txt,,2025-07-10T23:39:50.340728
5,Gen5_Match264_1752187289,Gen5_Deck28,Gen5_Deck8,Gen5_Deck8,0,1,46.58536744117737,1237317,Gen5_Match264_1752187289.txt,,2025-07-10T23:39:56.967022
5,Gen5_Match260_1752187289,Gen5_Deck24,Gen5_Deck8,Gen5_Deck24,1,0,130.65023851394653,1237316,Gen5_Match260_1752187289.txt,,2025-07-10T23:40:17.507438
5,Gen5_Match267_1752187289,Gen5_Deck31,Gen5_Deck8,Gen5_Deck31,1,0,26.632951498031616,1237317,Gen5_Match267_1752187289.txt,,2025-07-10T23:40:23.600461
5,Gen5_Match266_1752187289,Gen5_Deck8,Gen5_Deck30,Gen5_Deck30,0,1,44.1739239692688,1237315,Gen5_Match266_1752187289.txt,,2025-07-10T23:40:34.515205
5,Gen5_Match270_1752187289,Gen5_Deck8,Gen5_Deck34,Gen5_Deck34,0,1,25.372804641723633,1237315,Gen5_Match270_1752187289.txt,,2025-07-10T23:40:59.888528
5,Gen5_Match269_1752187289,Gen5_Deck33,Gen5_Deck8,Gen5_Deck8,0,1,39.71623635292053,1237317,Gen5_Match269_1752187289.txt,,2025-07-10T23:41:03.317213
5,Gen5_Match268_1752187289,Gen5_Deck8,Gen5_Deck32,Gen5_Deck8,1,0,60.93236207962036,1237316,Gen5_Match268_1752187289.txt,,2025-07-10T23:41:18.440415
5,Gen5_Match272_1752187289,Gen5_Deck11,Gen5_Deck9,Gen5_Deck11,1,0,27.66303849220276,1237317,Gen5_Match272_1752187289.txt,,2025-07-10T23:41:30.980759
5,Gen5_Match271_1752187289,Gen5_Deck9,Gen5_Deck10,Gen5_Deck10,0,1,40.87621593475342,1237315,Gen5_Match271_1752187289.txt,,2025-07-10T23:41:40.765281
5,Gen5_Match273_1752187289,Gen5_Deck12,Gen5_Deck9,Gen5_Deck12,1,0,38.313679218292236,1237316,Gen5_Match273_1752187289.txt,,2025-07-10T23:41:56.754594
5,Gen5_Match274_1752187289,Gen5_Deck9,Gen5_Deck13,Gen5_Deck9,1,0,36.35127353668213,1237317,Gen5_Match274_1752187289.txt,,2025-07-10T23:42:07.332565
5,Gen5_Match275_1752187289,Gen5_Deck9,Gen5_Deck14,Gen5_Deck9,1,0,28.98184061050415,1237315,Gen5_Match275_1752187289.txt,,2025-07-10T23:42:09.747591
5,Gen5_Match276_1752187289,Gen5_Deck15,Gen5_Deck9,Gen5_Deck9,0,1,27.295986890792847,1237316,Gen5_Match276_1752187289.txt,,2025-07-10T23:42:24.051123
5,Gen5_Match278_1752187289,Gen5_Deck9,Gen5_Deck17,Gen5_Deck9,1,0,25.383444786071777,1237315,Gen5_Match278_1752187289.txt,,2025-07-10T23:42:35.131529
5,Gen5_Match277_1752187289,Gen5_Deck16,Gen5_Deck9,Gen5_Deck16,1,0,28.725903272628784,1237317,Gen5_Match277_1752187289.txt,,2025-07-10T23:42:36.058992
5,Gen5_Match279_1752187289,Gen5_Deck18,Gen5_Deck9,Gen5_Deck18,1,0,30.171295166015625,1237316,Gen5_Match279_1752187289.txt,,2025-07-10T23:42:54.223851
5,Gen5_Match280_1752187289,Gen5_Deck19,Gen5_Deck9,Gen5_Deck9,0,1,26.488325357437134,1237315,Gen5_Match280_1752187289.txt,,2025-07-10T23:43:01.620307
5,Gen5_Match281_1752187289,Gen5_Deck9,Gen5_Deck20,Gen5_Deck9,1,0,25.583922624588013,1237317,Gen5_Match281_1752187289.txt,,2025-07-10T23:43:01.643392
5,Gen5_Match282_1752187289,Gen5_Deck9,Gen5_Deck21,Gen5_Deck9,1,0,25.026652574539185,1237316,Gen5_Match282_1752187289.txt,,2025-07-10T23:43:19.251010
5,Gen5_Match283_1752187289,Gen5_Deck22,Gen5_Deck9,Gen5_Deck22,1,0,30.43514060974121,1237315,Gen5_Match283_1752187289.txt,,2025-07-10T23:43:32.055878
5,Gen5_Match284_1752187289,Gen5_Deck9,Gen5_Deck23,Gen5_Deck23,0,1,37.290125370025635,1237317,Gen5_Match284_1752187289.txt,,2025-07-10T23:43:38.933973
5,Gen5_Match286_1752187289,Gen5_Deck25,Gen5_Deck9,Gen5_Deck25,1,0,27.054405689239502,1237315,Gen5_Match286_1752187289.txt,,2025-07-10T23:43:59.110750
5,Gen5_Match285_1752187289,Gen5_Deck9,Gen5_Deck24,Gen5_Deck9,1,0,60.97597050666809,1237316,Gen5_Match285_1752187289.txt,,2025-07-10T23:44:20.227531
5,Gen5_Match288_1752187289,Gen5_Deck9,Gen5_Deck27,Gen5_Deck9,1,0,29.011680364608765,1237315,Gen5_Match288_1752187289.txt,,2025-07-10T23:44:28.122959
5,Gen5_Match287_1752187289,Gen5_Deck26,Gen5_Deck9,Gen5_Deck9,0,1,55.16596460342407,1237317,Gen5_Match287_1752187289.txt,,2025-07-10T23:44:34.100395
5,Gen5_Match289_1752187289,Gen5_Deck9,Gen5_Deck28,Gen5_Deck9,1,0,28.30050277709961,1237316,Gen5_Match289_1752187289.txt,,2025-07-10T23:44:48.528581
5,Gen5_Match291_1752187289,Gen5_Deck9,Gen5_Deck30,Gen5_Deck9,1,0,24.448484659194946,1237317,Gen5_Match291_1752187289.txt,,2025-07-10T23:44:58.549312
5,Gen5_Match292_1752187289,Gen5_Deck9,Gen5_Deck31,Gen5_Deck9,1,0,32.34323859214783,1237316,Gen5_Match292_1752187289.txt,,2025-07-10T23:45:20.872306
5,Gen5_Match290_1752187289,Gen5_Deck29,Gen5_Deck9,Gen5_Deck29,1,0,53.153849363327026,1237315,Gen5_Match290_1752187289.txt,,2025-07-10T23:45:21.277390
5,Gen5_Match293_1752187289,Gen5_Deck32,Gen5_Deck9,Gen5_Deck9,0,1,43.67362332344055,1237317,Gen5_Match293_1752187289.txt,,2025-07-10T23:45:42.223509
5,Gen5_Match294_1752187289,Gen5_Deck33,Gen5_Deck9,Gen5_Deck9,0,1,23.665706396102905,1237316,Gen5_Match294_1752187289.txt,,2025-07-10T23:45:44.538440
5,Gen5_Match296_1752187289,Gen5_Deck11,Gen5_Deck10,Gen5_Deck10,0,1,24.149927377700806,1237317,Gen5_Match296_1752187289.txt,,2025-07-10T23:46:06.373933
5,Gen5_Match297_1752187289,Gen5_Deck12,Gen5_Deck10,Gen5_Deck12,1,0,22.321118593215942,1237316,Gen5_Match297_1752187289.txt,,2025-07-10T23:46:06.859979
5,Gen5_Match295_1752187289,Gen5_Deck9,Gen5_Deck34,Gen5_Deck34,0,1,46.02871561050415,1237315,Gen5_Match295_1752187289.txt,,2025-07-10T23:46:07.306600
5,Gen5_Match300_1752187289,Gen5_Deck15,Gen5_Deck10,Gen5_Deck10,0,1,22.957274198532104,1237315,Gen5_Match300_1752187289.txt,,2025-07-10T23:46:30.264297
5,Gen5_Match298_1752187289,Gen5_Deck13,Gen5_Deck10,Gen5_Deck10,0,1,24.958098888397217,1237317,Gen5_Match298_1752187289.txt,,2025-07-10T23:46:31.332516
5,Gen5_Match302_1752187289,Gen5_Deck10,Gen5_Deck17,Gen5_Deck10,1,0,21.051905870437622,1237317,Gen5_Match302_1752187289.txt,,2025-07-10T23:46:52.384836
5,Gen5_Match301_1752187289,Gen5_Deck16,Gen5_Deck10,Gen5_Deck10,0,1,23.968100786209106,1237315,Gen5_Match301_1752187289.txt,,2025-07-10T23:46:54.232827
5,Gen5_Match299_1752187289,Gen5_Deck10,Gen5_Deck14,Gen5_Deck10,1,0,57.245341777801514,1237316,Gen5_Match299_1752187289.txt,,2025-07-10T23:47:04.105752
5,Gen5_Match303_1752187289,Gen5_Deck10,Gen5_Deck18,Gen5_Deck10,1,0,25.423141717910767,1237317,Gen5_Match303_1752187289.txt,,2025-07-10T23:47:17.808403
5,Gen5_Match305_1752187289,Gen5_Deck10,Gen5_Deck20,Gen5_Deck10,1,0,23.930044889450073,1237316,Gen5_Match305_1752187289.txt,,2025-07-10T23:47:28.036199
5,Gen5_Match304_1752187289,Gen5_Deck19,Gen5_Deck10,Gen5_Deck19,1,0,34.48082089424133,1237315,Gen5_Match304_1752187289.txt,,2025-07-10T23:47:28.714083
5,Gen5_Match307_1752187289,Gen5_Deck22,Gen5_Deck10,Gen5_Deck22,1,0,27.195547819137573,1237316,Gen5_Match307_1752187289.txt,,2025-07-10T23:47:55.232150
5,Gen5_Match308_1752187289,Gen5_Deck23,Gen5_Deck10,Gen5_Deck10,0,1,30.021665573120117,1237315,Gen5_Match308_1752187289.txt,,2025-07-10T23:47:58.736187
5,Gen5_Match306_1752187289,Gen5_Deck10,Gen5_Deck21,Gen5_Deck10,1,0,48.28525900840759,1237317,Gen5_Match306_1752187289.txt,,2025-07-10T23:48:06.094211
5,Gen5_Match310_1752187289,Gen5_Deck10,Gen5_Deck25,Gen5_Deck10,1,0,29.701261043548584,1237315,Gen5_Match310_1752187289.txt,,2025-07-10T23:48:28.437889
5,Gen5_Match311_1752187289,Gen5_Deck26,Gen5_Deck10,Gen5_Deck26,1,0,33.12195587158203,1237317,Gen5_Match311_1752187289.txt,,2025-07-10T23:48:39.216694
5,Gen5_Match312_1752187289,Gen5_Deck10,Gen5_Deck27,Gen5_Deck10,1,0,28.307953596115112,1237315,Gen5_Match312_1752187289.txt,,2025-07-10T23:48:56.746294
5,Gen5_Match309_1752187289,Gen5_Deck10,Gen5_Deck24,Gen5_Deck10,1,0,62.20245337486267,1237316,Gen5_Match309_1752187289.txt,,2025-07-10T23:48:57.435100
5,Gen5_Match314_1752187289,Gen5_Deck29,Gen5_Deck10,Gen5_Deck10,0,1,22.474104404449463,1237315,Gen5_Match314_1752187289.txt,,2025-07-10T23:49:19.220793
5,Gen5_Match315_1752187289,Gen5_Deck30,Gen5_Deck10,Gen5_Deck30,1,0,31.051057815551758,1237316,Gen5_Match315_1752187289.txt,,2025-07-10T23:49:28.486668
5,Gen5_Match313_1752187289,Gen5_Deck10,Gen5_Deck28,Gen5_Deck10,1,0,52.163268089294434,1237317,Gen5_Match313_1752187289.txt,,2025-07-10T23:49:31.380513
5,Gen5_Match316_1752187289,Gen5_Deck10,Gen5_Deck31,Gen5_Deck10,1,0,27.505343437194824,1237315,Gen5_Match316_1752187289.txt,,2025-07-10T23:49:46.726608
5,Gen5_Match318_1752187289,Gen5_Deck33,Gen5_Deck10,Gen5_Deck10,0,1,25.915294647216797,1237317,Gen5_Match318_1752187289.txt,,2025-07-10T23:49:57.296283
5,Gen5_Match317_1752187289,Gen5_Deck10,Gen5_Deck32,Gen5_Deck10,1,0,30.28924012184143,1237316,Gen5_Match317_1752187289.txt,,2025-07-10T23:49:58.776393
5,Gen5_Match319_1752187289,Gen5_Deck10,Gen5_Deck34,Gen5_Deck10,1,0,25.163731575012207,1237315,Gen5_Match319_1752187289.txt,,2025-07-10T23:50:11.890867
5,Gen5_Match321_1752187289,Gen5_Deck11,Gen5_Deck13,Gen5_Deck11,1,0,30.35857915878296,1237316,Gen5_Match321_1752187289.txt,,2025-07-10T23:50:29.135458
5,Gen5_Match322_1752187289,Gen5_Deck11,Gen5_Deck14,Gen5_Deck14,0,1,20.35504674911499,1237315,Gen5_Match322_1752187289.txt,,2025-07-10T23:50:32.246380
5,Gen5_Match323_1752187289,Gen5_Deck11,Gen5_Deck15,Gen5_Deck11,1,0,25.539458513259888,1237316,Gen5_Match323_1752187289.txt,,2025-07-10T23:50:54.675431
5,Gen5_Match320_1752187289,Gen5_Deck12,Gen5_Deck11,Gen5_Deck11,0,1,61.35578465461731,1237317,Gen5_Match320_1752187289.txt,,2025-07-10T23:50:58.652542
5,Gen5_Match324_1752187289,Gen5_Deck16,Gen5_Deck11,Gen5_Deck11,0,1,29.49773859977722,1237315,Gen5_Match324_1752187289.txt,,2025-07-10T23:51:01.744601
5,Gen5_Match325_1752187289,Gen5_Deck11,Gen5_Deck17,Gen5_Deck17,0,1,21.93666696548462,1237316,Gen5_Match325_1752187289.txt,,2025-07-10T23:51:16.612564
5,Gen5_Match326_1752187289,Gen5_Deck18,Gen5_Deck11,Gen5_Deck11,0,1,30.49938130378723,1237317,Gen5_Match326_1752187289.txt,,2025-07-10T23:51:29.152358
5,Gen5_Match327_1752187289,Gen5_Deck11,Gen5_Deck19,Gen5_Deck19,0,1,31.345317125320435,1237315,Gen5_Match327_1752187289.txt,,2025-07-10T23:51:33.090425
5,Gen5_Match329_1752187289,Gen5_Deck11,Gen5_Deck21,Gen5_Deck11,1,0,26.32351541519165,1237317,Gen5_Match329_1752187289.txt,,2025-07-10T23:51:55.476377
5,Gen5_Match330_1752187289,Gen5_Deck22,Gen5_Deck11,Gen5_Deck22,1,0,35.49913692474365,1237315,Gen5_Match330_1752187289.txt,,2025-07-10T23:52:08.590037
5,Gen5_Match332_1752187289,Gen5_Deck11,Gen5_Deck24,Gen5_Deck11,1,0,22.99127173423767,1237315,Gen5_Match332_1752187289.txt,,2025-07-10T23:52:31.581730
5,Gen5_Match328_1752187289,Gen5_Deck20,Gen5_Deck11,Gen5_Deck11,0,1,79.75128507614136,1237316,Gen5_Match328_1752187289.txt,,2025-07-10T23:52:36.364379
5,Gen5_Match331_1752187289,Gen5_Deck23,Gen5_Deck11,Gen5_Deck11,0,1,44.99956488609314,1237317,Gen5_Match331_1752187289.txt,,2025-07-10T23:52:40.476463
5,Gen5_Match333_1752187289,Gen5_Deck11,Gen5_Deck25,Gen5_Deck11,1,0,24.634716033935547,1237315,Gen5_Match333_1752187289.txt,,2025-07-10T23:52:56.216852
5,Gen5_Match334_1752187289,Gen5_Deck26,Gen5_Deck11,Gen5_Deck11,0,1,42.85500168800354,1237316,Gen5_Match334_1752187289.txt,,2025-07-10T23:53:19.219941
5,Gen5_Match336_1752187289,Gen5_Deck11,Gen5_Deck28,Gen5_Deck11,1,0,23.859916925430298,1237315,Gen5_Match336_1752187289.txt,,2025-07-10T23:53:20.077207
5,Gen5_Match335_1752187289,Gen5_Deck27,Gen5_Deck11,Gen5_Deck11,0,1,44.716084241867065,1237317,Gen5_Match335_1752187289.txt,,2025-07-10T23:53:25.193134
5,Gen5_Match338_1752187289,Gen5_Deck30,Gen5_Deck11,Gen5_Deck11,0,1,22.934666395187378,1237315,Gen5_Match338_1752187289.txt,,2025-07-10T23:53:43.012370
5,Gen5_Match337_1752187289,Gen5_Deck29,Gen5_Deck11,Gen5_Deck29,1,0,30.25601887702942,1237316,Gen5_Match337_1752187289.txt,,2025-07-10T23:53:49.476410
5,Gen5_Match340_1752187289,Gen5_Deck11,Gen5_Deck32,Gen5_Deck11,1,0,32.6425883769989,1237315,Gen5_Match340_1752187289.txt,,2025-07-10T23:54:15.655449
5,Gen5_Match342_1752187289,Gen5_Deck11,Gen5_Deck34,Gen5_Deck11,1,0,17.57344079017639,1237315,Gen5_Match342_1752187289.txt,,2025-07-10T23:54:33.229340
5,Gen5_Match339_1752187289,Gen5_Deck11,Gen5_Deck31,Gen5_Deck11,1,0,70.35094261169434,1237317,Gen5_Match339_1752187289.txt,,2025-07-10T23:54:35.544625
5,Gen5_Match343_1752187289,Gen5_Deck12,Gen5_Deck13,Gen5_Deck12,1,0,22.30275011062622,1237315,Gen5_Match343_1752187289.txt,,2025-07-10T23:54:55.532550
5,Gen5_Match344_1752187289,Gen5_Deck12,Gen5_Deck14,Gen5_Deck12,1,0,26.963273286819458,1237317,Gen5_Match344_1752187289.txt,,2025-07-10T23:55:02.508376
5,Gen5_Match345_1752187289,Gen5_Deck15,Gen5_Deck12,Gen5_Deck12,0,1,18.41660451889038,1237315,Gen5_Match345_1752187289.txt,,2025-07-10T23:55:13.949668
5,Gen5_Match347_1752187289,Gen5_Deck12,Gen5_Deck17,Gen5_Deck17,0,1,27.819893836975098,1237315,Gen5_Match347_1752187289.txt,,2025-07-10T23:55:41.770040
5,Gen5_Match341_1752187289,Gen5_Deck33,Gen5_Deck11,Gen5_Deck33,1,0,132.49077033996582,1237316,Gen5_Match341_1752187289.txt,,2025-07-10T23:56:01.967692
5,Gen5_Match346_1752187289,Gen5_Deck16,Gen5_Deck12,Gen5_Deck12,0,1,72.25540685653687,1237317,Gen5_Match346_1752187289.txt,,2025-07-10T23:56:14.764290
5,Gen5_Match348_1752187289,Gen5_Deck18,Gen5_Deck12,Gen5_Deck12,0,1,43.323330879211426,1237315,Gen5_Match348_1752187289.txt,,2025-07-10T23:56:25.093928
5,Gen5_Match349_1752187289,Gen5_Deck19,Gen5_Deck12,Gen5_Deck12,0,1,25.221395015716553,1237316,Gen5_Match349_1752187289.txt,,2025-07-10T23:56:27.189523
5,Gen5_Match351_1752187289,Gen5_Deck12,Gen5_Deck21,Gen5_Deck12,1,0,23.421154260635376,1237315,Gen5_Match351_1752187289.txt,,2025-07-10T23:56:48.515555
5,Gen5_Match353_1752187289,Gen5_Deck23,Gen5_Deck12,Gen5_Deck12,0,1,20.533782720565796,1237315,Gen5_Match353_1752187289.txt,,2025-07-10T23:57:09.049806
5,Gen5_Match350_1752187289,Gen5_Deck12,Gen5_Deck20,Gen5_Deck12,1,0,66.24089479446411,1237317,Gen5_Match350_1752187289.txt,,2025-07-10T23:57:21.005663
5,Gen5_Match354_1752187289,Gen5_Deck12,Gen5_Deck24,Gen5_Deck12,1,0,19.09011149406433,1237315,Gen5_Match354_1752187289.txt,,2025-07-10T23:57:28.140346
5,Gen5_Match355_1752187289,Gen5_Deck25,Gen5_Deck12,Gen5_Deck12,0,1,26.21604824066162,1237317,Gen5_Match355_1752187289.txt,,2025-07-10T23:57:47.222170
5,Gen5_Match356_1752187289,Gen5_Deck26,Gen5_Deck12,Gen5_Deck12,0,1,27.087798833847046,1237315,Gen5_Match356_1752187289.txt,,2025-07-10T23:57:55.228570
5,Gen5_Match358_1752187289,Gen5_Deck12,Gen5_Deck28,Gen5_Deck12,1,0,18.600467681884766,1237315,Gen5_Match358_1752187289.txt,,2025-07-10T23:58:13.829444
5,Gen5_Match357_1752187289,Gen5_Deck12,Gen5_Deck27,Gen5_Deck12,1,0,41.52768039703369,1237317,Gen5_Match357_1752187289.txt,,2025-07-10T23:58:28.750308
5,Gen5_Match359_1752187289,Gen5_Deck29,Gen5_Deck12,Gen5_Deck12,0,1,27.181609630584717,1237315,Gen5_Match359_1752187289.txt,,2025-07-10T23:58:41.011490
5,Gen5_Match352_1752187289,Gen5_Deck22,Gen5_Deck12,Gen5_Deck22,1,0,133.87031769752502,1237316,Gen5_Match352_1752187289.txt,,2025-07-10T23:58:41.060350
5,Gen5_Match362_1752187289,Gen5_Deck32,Gen5_Deck12,Gen5_Deck12,0,1,20.327561140060425,1237316,Gen5_Match362_1752187289.txt,,2025-07-10T23:59:01.388322
5,Gen5_Match361_1752187289,Gen5_Deck12,Gen5_Deck31,Gen5_Deck12,1,0,21.342144012451172,1237315,Gen5_Match361_1752187289.txt,,2025-07-10T23:59:02.354033
5,Gen5_Match360_1752187289,Gen5_Deck30,Gen5_Deck12,Gen5_Deck30,1,0,36.2819664478302,1237317,Gen5_Match360_1752187289.txt,,2025-07-10T23:59:05.032726
5,Gen5_Match363_1752187289,Gen5_Deck33,Gen5_Deck12,Gen5_Deck12,0,1,22.122045516967773,1237316,Gen5_Match363_1752187289.txt,,2025-07-10T23:59:23.510759
5,Gen5_Match364_1752187289,Gen5_Deck12,Gen5_Deck34,Gen5_Deck12,1,0,26.886089324951172,1237315,Gen5_Match364_1752187289.txt,,2025-07-10T23:59:29.240567
5,Gen5_Match365_1752187289,Gen5_Deck14,Gen5_Deck13,Gen5_Deck14,1,0,28.931217193603516,1237317,Gen5_Match365_1752187289.txt,,2025-07-10T23:59:33.976250
5,Gen5_Match366_1752187289,Gen5_Deck13,Gen5_Deck15,Gen5_Deck15,0,1,25.553279638290405,1237316,Gen5_Match366_1752187289.txt,,2025-07-10T23:59:49.064497
5,Gen5_Match367_1752187289,Gen5_Deck13,Gen5_Deck16,Gen5_Deck16,0,1,25.58902859687805,1237315,Gen5_Match367_1752187289.txt,,2025-07-10T23:59:54.830066
5,Gen5_Match368_1752187289,Gen5_Deck17,Gen5_Deck13,Gen5_Deck13,0,1,31.8147189617157,1237317,Gen5_Match368_1752187289.txt,,2025-07-11T00:00:05.791515
5,Gen5_Match370_1752187289,Gen5_Deck13,Gen5_Deck19,Gen5_Deck19,0,1,25.32140612602234,1237315,Gen5_Match370_1752187289.txt,,2025-07-11T00:00:20.151924
5,Gen5_Match369_1752187289,Gen5_Deck18,Gen5_Deck13,Gen5_Deck13,0,1,35.467472076416016,1237316,Gen5_Match369_1752187289.txt,,2025-07-11T00:00:24.532392
5,Gen5_Match371_1752187289,Gen5_Deck20,Gen5_Deck13,Gen5_Deck20,1,0,29.231035232543945,1237317,Gen5_Match371_1752187289.txt,,2025-07-11T00:00:35.023086
5,Gen5_Match372_1752187289,Gen5_Deck21,Gen5_Deck13,Gen5_Deck21,1,0,27.798932552337646,1237315,Gen5_Match372_1752187289.txt,,2025-07-11T00:00:47.951293
5,Gen5_Match373_1752187289,Gen5_Deck13,Gen5_Deck22,Gen5_Deck22,0,1,28.771655082702637,1237316,Gen5_Match373_1752187289.txt,,2025-07-11T00:00:53.304474
5,Gen5_Match374_1752187289,Gen5_Deck13,Gen5_Deck23,Gen5_Deck23,0,1,29.571085691452026,1237317,Gen5_Match374_1752187289.txt,,2025-07-11T00:01:04.594613
5,Gen5_Match375_1752187289,Gen5_Deck24,Gen5_Deck13,Gen5_Deck24,1,0,33.85607433319092,1237315,Gen5_Match375_1752187289.txt,,2025-07-11T00:01:21.807786
5,Gen5_Match378_1752187289,Gen5_Deck27,Gen5_Deck13,Gen5_Deck27,1,0,24.979268074035645,1237315,Gen5_Match378_1752187289.txt,,2025-07-11T00:01:46.787494
5,Gen5_Match376_1752187289,Gen5_Deck13,Gen5_Deck25,Gen5_Deck25,0,1,54.559436321258545,1237316,Gen5_Match376_1752187289.txt,,2025-07-11T00:01:47.864361
5,Gen5_Match377_1752187289,Gen5_Deck13,Gen5_Deck26,Gen5_Deck26,0,1,43.969663858413696,1237317,Gen5_Match377_1752187289.txt,,2025-07-11T00:01:48.564726
5,Gen5_Match381_1752187289,Gen5_Deck13,Gen5_Deck30,Gen5_Deck30,0,1,26.907793283462524,1237317,Gen5_Match381_1752187289.txt,,2025-07-11T00:02:15.472945
5,Gen5_Match380_1752187289,Gen5_Deck13,Gen5_Deck29,Gen5_Deck29,0,1,33.079620599746704,1237316,Gen5_Match380_1752187289.txt,,2025-07-11T00:02:20.944450
5,Gen5_Match379_1752187289,Gen5_Deck28,Gen5_Deck13,Gen5_Deck28,1,0,40.59243988990784,1237315,Gen5_Match379_1752187289.txt,,2025-07-11T00:02:27.380452
5,Gen5_Match382_1752187289,Gen5_Deck31,Gen5_Deck13,Gen5_Deck31,1,0,25.249496936798096,1237317,Gen5_Match382_1752187289.txt,,2025-07-11T00:02:40.722879
5,Gen5_Match384_1752187289,Gen5_Deck13,Gen5_Deck33,Gen5_Deck33,0,1,34.227500915527344,1237315,Gen5_Match384_1752187289.txt,,2025-07-11T00:03:01.608474
5,Gen5_Match385_1752187289,Gen5_Deck34,Gen5_Deck13,Gen5_Deck34,1,0,27.17473030090332,1237317,Gen5_Match385_1752187289.txt,,2025-07-11T00:03:07.898044
5,Gen5_Match383_1752187289,Gen5_Deck13,Gen5_Deck32,Gen5_Deck13,1,0,57.239381551742554,1237316,Gen5_Match383_1752187289.txt,,2025-07-11T00:03:18.184348
5,Gen5_Match387_1752187289,Gen5_Deck16,Gen5_Deck14,Gen5_Deck16,1,0,34.17318034172058,1237317,Gen5_Match387_1752187289.txt,,2025-07-11T00:03:42.071681
5,Gen5_Match386_1752187289,Gen5_Deck15,Gen5_Deck14,Gen5_Deck14,0,1,50.33736753463745,1237315,Gen5_Match386_1752187289.txt,,2025-07-11T00:03:51.946310
5,Gen5_Match389_1752187289,Gen5_Deck14,Gen5_Deck18,Gen5_Deck14,1,0,22.484164714813232,1237317,Gen5_Match389_1752187289.txt,,2025-07-11T00:04:04.556281
5,Gen5_Match390_1752187289,Gen5_Deck19,Gen5_Deck14,Gen5_Deck14,0,1,21.99349021911621,1237315,Gen5_Match390_1752187289.txt,,2025-07-11T00:04:13.940218
5,Gen5_Match392_1752187289,Gen5_Deck14,Gen5_Deck21,Gen5_Deck14,1,0,21.225053310394287,1237315,Gen5_Match392_1752187289.txt,,2025-07-11T00:04:35.165718
5,Gen5_Match388_1752187289,Gen5_Deck14,Gen5_Deck17,Gen5_Deck14,1,0,82.93755984306335,1237316,Gen5_Match388_1752187289.txt,,2025-07-11T00:04:41.122481
5,Gen5_Match391_1752187289,Gen5_Deck14,Gen5_Deck20,Gen5_Deck20,0,1,74.88908696174622,1237317,Gen5_Match391_1752187289.txt,,2025-07-11T00:05:19.445940
5,Gen5_Match394_1752187289,Gen5_Deck23,Gen5_Deck14,Gen5_Deck23,1,0,54.61242699623108,1237316,Gen5_Match394_1752187289.txt,,2025-07-11T00:05:35.735356
5,Gen5_Match395_1752187289,Gen5_Deck14,Gen5_Deck24,Gen5_Deck24,0,1,37.845847606658936,1237317,Gen5_Match395_1752187289.txt,,2025-07-11T00:05:57.292251
5,Gen5_Match397_1752187289,Gen5_Deck26,Gen5_Deck14,Gen5_Deck14,0,1,19.107492685317993,1237317,Gen5_Match397_1752187289.txt,,2025-07-11T00:06:16.400160
5,Gen5_Match398_1752187289,Gen5_Deck14,Gen5_Deck27,Gen5_Deck27,0,1,25.992350578308105,1237317,Gen5_Match398_1752187289.txt,,2025-07-11T00:06:42.393070
5,Gen5_Match396_1752187289,Gen5_Deck14,Gen5_Deck25,Gen5_Deck14,1,0,70.33908557891846,1237316,Gen5_Match396_1752187289.txt,,2025-07-11T00:06:46.075001
5,Gen5_Match393_1752187289,Gen5_Deck22,Gen5_Deck14,Gen5_Deck22,1,0,131.0866847038269,1237315,Gen5_Match393_1752187289.txt,,2025-07-11T00:06:46.252926
5,Gen5_Match400_1752187289,Gen5_Deck29,Gen5_Deck14,Gen5_Deck29,1,0,28.43988800048828,1237316,Gen5_Match400_1752187289.txt,,2025-07-11T00:07:14.515384
5,Gen5_Match399_1752187289,Gen5_Deck14,Gen5_Deck28,Gen5_Deck28,0,1,32.19330859184265,1237317,Gen5_Match399_1752187289.txt,,2025-07-11T00:07:14.587082
5,Gen5_Match401_1752187289,Gen5_Deck30,Gen5_Deck14,Gen5_Deck14,0,1,28.62056040763855,1237315,Gen5_Match401_1752187289.txt,,2025-07-11T00:07:14.874053
5,Gen5_Match403_1752187289,Gen5_Deck14,Gen5_Deck32,Gen5_Deck32,0,1,28.24096918106079,1237317,Gen5_Match403_1752187289.txt,,2025-07-11T00:07:42.828576
5,Gen5_Match404_1752187289,Gen5_Deck33,Gen5_Deck14,Gen5_Deck33,1,0,42.510000228881836,1237315,Gen5_Match404_1752187289.txt,,2025-07-11T00:07:57.384577
5,Gen5_Match405_1752187289,Gen5_Deck14,Gen5_Deck34,Gen5_Deck34,0,1,35.32623529434204,1237317,Gen5_Match405_1752187289.txt,,2025-07-11T00:08:18.155324
5,Gen5_Match406_1752187289,Gen5_Deck15,Gen5_Deck16,Gen5_Deck16,0,1,23.08691930770874,1237315,Gen5_Match406_1752187289.txt,,2025-07-11T00:08:20.472046
5,Gen5_Match402_1752187289,Gen5_Deck14,Gen5_Deck31,Gen5_Deck31,0,1,88.16262531280518,1237316,Gen5_Match402_1752187289.txt,,2025-07-11T00:08:42.678527
5,Gen5_Match408_1752187289,Gen5_Deck15,Gen5_Deck18,Gen5_Deck15,1,0,22.36954951286316,1237315,Gen5_Match408_1752187289.txt,,2025-07-11T00:08:42.842078
5,Gen5_Match407_1752187289,Gen5_Deck15,Gen5_Deck17,Gen5_Deck17,0,1,42.14047908782959,1237317,Gen5_Match407_1752187289.txt,,2025-07-11T00:09:00.296317
5,Gen5_Match409_1752187289,Gen5_Deck19,Gen5_Deck15,Gen5_Deck15,0,1,30.55338430404663,1237316,Gen5_Match409_1752187289.txt,,2025-07-11T00:09:13.232440
5,Gen5_Match410_1752187289,Gen5_Deck15,Gen5_Deck20,Gen5_Deck15,1,0,40.245887994766235,1237315,Gen5_Match410_1752187289.txt,,2025-07-11T00:09:23.088466
5,Gen5_Match411_1752187289,Gen5_Deck15,Gen5_Deck21,Gen5_Deck21,0,1,24.391642332077026,1237317,Gen5_Match411_1752187289.txt,,2025-07-11T00:09:24.688419
5,Gen5_Match412_1752187289,Gen5_Deck22,Gen5_Deck15,Gen5_Deck22,1,0,30.53284764289856,1237316,Gen5_Match412_1752187289.txt,,2025-07-11T00:09:43.765827
5,Gen5_Match413_1752187289,Gen5_Deck23,Gen5_Deck15,Gen5_Deck23,1,0,35.33927321434021,1237315,Gen5_Match413_1752187289.txt,,2025-07-11T00:09:58.428224
5,Gen5_Match414_1752187289,Gen5_Deck15,Gen5_Deck24,Gen5_Deck15,1,0,42.51147437095642,1237317,Gen5_Match414_1752187289.txt,,2025-07-11T00:10:07.200544
5,Gen5_Match415_1752187289,Gen5_Deck25,Gen5_Deck15,Gen5_Deck25,1,0,35.26288819313049,1237316,Gen5_Match415_1752187289.txt,,2025-07-11T00:10:19.029250
5,Gen5_Match416_1752187289,Gen5_Deck26,Gen5_Deck15,Gen5_Deck26,1,0,24.4559965133667,1237315,Gen5_Match416_1752187289.txt,,2025-07-11T00:10:22.884711
5,Gen5_Match417_1752187289,Gen5_Deck15,Gen5_Deck27,Gen5_Deck27,0,1,25.74743390083313,1237317,Gen5_Match417_1752187289.txt,,2025-07-11T00:10:32.948484
5,Gen5_Match419_1752187289,Gen5_Deck29,Gen5_Deck15,Gen5_Deck29,1,0,22.39135718345642,1237315,Gen5_Match419_1752187289.txt,,2025-07-11T00:10:45.276540
5,Gen5_Match420_1752187289,Gen5_Deck30,Gen5_Deck15,Gen5_Deck15,0,1,26.454631328582764,1237317,Gen5_Match420_1752187289.txt,,2025-07-11T00:10:59.403632
5,Gen5_Match421_1752187289,Gen5_Deck15,Gen5_Deck31,Gen5_Deck15,1,0,27.034184217453003,1237315,Gen5_Match421_1752187289.txt,,2025-07-11T00:11:12.311232
5,Gen5_Match422_1752187289,Gen5_Deck32,Gen5_Deck15,Gen5_Deck15,0,1,29.650264263153076,1237317,Gen5_Match422_1752187289.txt,,2025-07-11T00:11:29.054454
5,Gen5_Match423_1752187289,Gen5_Deck33,Gen5_Deck15,Gen5_Deck33,1,0,36.3968243598938,1237315,Gen5_Match423_1752187289.txt,,2025-07-11T00:11:48.708627
5,Gen5_Match424_1752187289,Gen5_Deck15,Gen5_Deck34,Gen5_Deck15,1,0,31.133804321289062,1237317,Gen5_Match424_1752187289.txt,,2025-07-11T00:12:00.188788
5,Gen5_Match426_1752187289,Gen5_Deck18,Gen5_Deck16,Gen5_Deck16,0,1,22.172889471054077,1237317,Gen5_Match426_1752187289.txt,,2025-07-11T00:12:22.362170
5,Gen5_Match425_1752187289,Gen5_Deck16,Gen5_Deck17,Gen5_Deck16,1,0,36.627453088760376,1237315,Gen5_Match425_1752187289.txt,,2025-07-11T00:12:25.336668
5,Gen5_Match418_1752187289,Gen5_Deck15,Gen5_Deck28,Gen5_Deck15,1,0,133.6787393093109,1237316,Gen5_Match418_1752187289.txt,,2025-07-11T00:12:32.708524
5,Gen5_Match427_1752187289,Gen5_Deck19,Gen5_Deck16,Gen5_Deck19,1,0,36.289767026901245,1237317,Gen5_Match427_1752187289.txt,,2025-07-11T00:12:58.652461
5,Gen5_Match428_1752187289,Gen5_Deck20,Gen5_Deck16,Gen5_Deck20,1,0,42.903817892074585,1237315,Gen5_Match428_1752187289.txt,,2025-07-11T00:13:08.241019
5,Gen5_Match429_1752187289,Gen5_Deck16,Gen5_Deck21,Gen5_Deck16,1,0,44.33433437347412,1237316,Gen5_Match429_1752187289.txt,,2025-07-11T00:13:17.043518
5,Gen5_Match432_1752187289,Gen5_Deck16,Gen5_Deck24,Gen5_Deck24,0,1,26.944549798965454,1237316,Gen5_Match432_1752187289.txt,,2025-07-11T00:13:43.988572
5,Gen5_Match431_1752187289,Gen5_Deck23,Gen5_Deck16,Gen5_Deck23,1,0,61.758962631225586,1237315,Gen5_Match431_1752187289.txt,,2025-07-11T00:14:10.000569
5,Gen5_Match433_1752187289,Gen5_Deck16,Gen5_Deck25,Gen5_Deck25,0,1,40.43991303443909,1237316,Gen5_Match433_1752187289.txt,,2025-07-11T00:14:24.428989
5,Gen5_Match430_1752187289,Gen5_Deck22,Gen5_Deck16,Gen5_Deck16,0,1,95.45945000648499,1237317,Gen5_Match430_1752187289.txt,,2025-07-11T00:14:34.112499
5,Gen5_Match434_1752187289,Gen5_Deck26,Gen5_Deck16,Gen5_Deck26,1,0,33.279343366622925,1237315,Gen5_Match434_1752187289.txt,,2025-07-11T00:14:43.280396
5,Gen5_Match435_1752187289,Gen5_Deck16,Gen5_Deck27,Gen5_Deck27,0,1,29.135131120681763,1237316,Gen5_Match435_1752187289.txt,,2025-07-11T00:14:53.564604
5,Gen5_Match436_1752187289,Gen5_Deck16,Gen5_Deck28,Gen5_Deck28,0,1,41.52338767051697,1237317,Gen5_Match436_1752187289.txt,,2025-07-11T00:15:15.636323
5,Gen5_Match438_1752187289,Gen5_Deck30,Gen5_Deck16,Gen5_Deck30,1,0,27.59147834777832,1237316,Gen5_Match438_1752187289.txt,,2025-07-11T00:15:21.156534
